"Date","AMZN.Open","AMZN.High","AMZN.Low","AMZN.Close","AMZN.Volume","AMZN.Adjusted","SMA20","SMA50","SMA200","EMA12","EMA26","RSI","MACD","Signal"
"2020-01-02",93.75,94.9004974365234,93.2074966430664,94.9004974365234,80580000,94.9004974365234,NA,NA,NA,NA,NA,NA,NA,NA
"2020-01-03",93.2249984741211,94.3099975585938,93.2249984741211,93.7484970092773,75288000,93.7484970092773,NA,NA,NA,NA,NA,NA,NA,NA
"2020-01-06",93,95.1845016479492,93,95.1439971923828,81236000,95.1439971923828,NA,NA,NA,NA,NA,NA,NA,NA
"2020-01-07",95.2249984741211,95.6945037841797,94.6019973754883,95.3430023193359,80898000,95.3430023193359,NA,NA,NA,NA,NA,NA,NA,NA
"2020-01-08",94.9020004272461,95.5500030517578,94.3219985961914,94.598503112793,70160000,94.598503112793,NA,NA,NA,NA,NA,NA,NA,NA
"2020-01-09",95.494499206543,95.890998840332,94.7900009155273,95.0524978637695,63346000,95.0524978637695,NA,NA,NA,NA,NA,NA,NA,NA
"2020-01-10",95.2685012817383,95.3470001220703,94,94.1579971313477,57074000,94.1579971313477,NA,NA,NA,NA,NA,NA,NA,NA
"2020-01-13",94.5654983520508,94.9000015258789,94.0400009155273,94.5650024414062,55616000,94.5650024414062,NA,NA,NA,NA,NA,NA,NA,NA
"2020-01-14",94.2939987182617,94.3554992675781,92.9274978637695,93.4720001220703,68818000,93.4720001220703,NA,NA,NA,NA,NA,NA,NA,NA
"2020-01-15",93.6125030517578,93.943000793457,92.7545013427734,93.1009979248047,57932000,93.1009979248047,NA,NA,NA,NA,NA,NA,NA,NA
"2020-01-16",94.1494979858398,94.2795028686523,93.3010025024414,93.8970031738281,53190000,93.8970031738281,NA,NA,NA,NA,NA,NA,NA,NA
"2020-01-17",94.2945022583008,94.3320007324219,92.8625030517578,93.2360000610352,79946000,93.2360000610352,NA,NA,NA,94.2679996490478,NA,NA,NA,NA
"2020-01-21",93.25,94.7135009765625,93,94.5999984741211,74156000,94.5999984741211,NA,NA,NA,94.3190763913668,NA,NA,NA,NA
"2020-01-22",94.8044967651367,95.125,94.1669998168945,94.3730010986328,64326000,94.3730010986328,NA,NA,NA,94.3273725001769,NA,NA,NA,NA
"2020-01-23",94.255500793457,94.4990005493164,93.6380004882812,94.2289962768555,49692000,94.2289962768555,NA,NA,NA,94.312237696589,NA,46.6094427875494,NA,NA
"2020-01-24",94.5684967041016,94.7494964599609,92.3720016479492,93.0820007324219,75324000,93.0820007324219,NA,NA,NA,94.1229704713326,NA,41.4402462218762,NA,NA
"2020-01-27",91,92.0500030517578,90.7669982910156,91.4169998168945,70570000,91.4169998168945,NA,NA,NA,93.7066672937267,NA,35.3171364110353,NA,NA
"2020-01-28",92.0250015258789,92.9055023193359,91.5009994506836,92.6624984741211,56160000,92.6624984741211,NA,NA,NA,93.5460259368643,NA,42.1974776990817,NA,NA
"2020-01-29",93.1999969482422,93.7375030517578,92.7509994506836,92.9000015258789,41760000,92.9000015258789,NA,NA,NA,93.4466375659435,NA,43.4331222690084,NA,NA
"2020-01-30",92.9000015258789,93.6435012817383,92.5305023193359,93.5339965820312,126548000,93.5339965820312,93.9006744384766,NA,NA,93.4600774145723,NA,46.708107021743,NA,NA
"2020-01-31",102.573501586914,102.786003112793,100.113502502441,100.435997009277,311346000,100.435997009277,94.1774494171142,NA,NA,94.5332958137577,NA,68.255341203608,NA,NA
"2020-02-03",100.529998779297,102.425003051758,100.012496948242,100.209999084473,117834000,100.209999084473,94.500524520874,NA,NA,95.4066347784831,NA,67.2958678116012,NA,NA
"2020-02-04",101.494003295898,102.98999786377,100.768501281738,102.483497619629,105786000,102.483497619629,94.8674995422363,NA,NA,96.4953829078902,NA,71.6181395270634,NA,NA
"2020-02-05",103.551002502441,103.551002502441,101.599998474121,101.993499755859,87524000,101.993499755859,95.2000244140625,NA,NA,97.3412470383469,NA,69.4865938181649,NA,NA
"2020-02-06",102.051002502441,102.815002441406,101.23999786377,102.511497497559,63660000,102.511497497559,95.5956741333008,NA,NA,98.136670185918,NA,70.4866145600882,NA,NA
"2020-02-07",102.099502563477,104.926498413086,101.904998779297,103.963996887207,101906000,103.963996887207,96.0412490844727,NA,NA,99.0331819861163,95.7543067932129,73.14443360798,3.4242587124403,NA
"2020-02-10",104.250503540039,106.779998779297,104.248001098633,106.695503234863,101124000,106.695503234863,96.6681243896484,NA,NA,100.21200063977,96.5647657888907,77.2868575521788,3.77698306528544,NA
"2020-02-11",107.544998168945,109.297500610352,106.800003051758,107.540000915527,114920000,107.540000915527,97.3168743133545,NA,NA,101.339385297578,97.3777461686415,78.3963595737248,4.06832082771362,NA
"2020-02-12",108.160003662109,109.012496948242,107.764503479004,108,66686000,108,98.043274307251,NA,NA,102.364095251797,98.1645797857792,78.9981585414541,4.27803539238125,NA
"2020-02-13",107.249496459961,108.513999938965,107.099998474121,107.493499755859,60636000,107.493499755859,98.7628993988037,NA,NA,103.153234406268,98.855610894674,76.4721479784186,4.34737439048669,NA
"2020-02-14",107.783996582031,107.952003479004,106.294502258301,106.743499755859,52124000,106.743499755859,99.4052242279052,NA,NA,103.70558292159,99.4398989584655,72.7620172456299,4.28971067730681,NA
"2020-02-18",106.250999450684,108.303497314453,106.205497741699,107.783500671387,58912000,107.783500671387,100.132599258423,NA,NA,104.332954883097,100.057943529793,74.6021139043854,4.27253569531061,NA
"2020-02-19",108.389999389648,109.254997253418,108.055999755859,108.511001586914,51224000,108.511001586914,100.828149414062,NA,NA,104.975731299069,100.684095978469,75.8320701275034,4.26247589442339,NA
"2020-02-20",108.653503417969,108.839500427246,106.372497558594,107.654998779297,62626000,107.654998779297,101.492249298096,NA,NA,105.387926296027,101.2004591489,71.4477051922442,4.13779461313073,4.09527658538654
"2020-02-21",107.107498168945,107.227500915527,104.400001525879,104.798500061035,92926000,104.798500061035,102.020724487305,NA,NA,105.297245336798,101.466980697947,59.1563754847953,3.77488776398338,4.03119882110591
"2020-02-24",100.158996582031,101.964996337891,99.3984985351562,100.464500427246,130940000,100.464500427246,102.389849472046,NA,NA,104.553746119943,101.392722900118,46.1764862369997,3.11760363999671,3.84847978488407
"2020-02-25",101.320999145508,101.730003356934,97.9209976196289,98.6370010375977,124382000,98.6370010375977,102.750849533081,NA,NA,103.643477645736,101.188595354746,41.9924652428658,2.42604641598627,3.56399311110451
"2020-02-26",98.5139999389648,100.733497619629,98.0224990844727,98.9794998168945,104492000,98.9794998168945,103.06669960022,NA,NA,102.925942595145,101.024958648238,43.0342388434903,1.88169732741608,3.22753395436682
"2020-02-27",96.7190017700195,98.75,94.1380004882812,94.2149963378906,162880000,94.2149963378906,103.13244934082,NA,NA,101.585797017106,100.52051699562,33.9106061034433,1.05976377094508,2.79397991768247
"2020-02-28",90.7314987182617,94.4879989624023,90.5565032958984,94.1875,189620000,94.1875,103.165124511719,NA,NA,100.447597476013,100.051404625574,33.8659830538877,0.395989293625232,2.31438179287103
"2020-03-02",95.3245010375977,97.7255020141602,93.5,97.6975021362305,135234000,97.6975021362305,103.028199768066,NA,NA,100.024505885277,99.8770414782152,43.9969832696479,0.147645950339981,1.88103462436482
"2020-03-03",98.7685012817383,99.8164978027344,94.4045028686523,95.4495010375977,150690000,95.4495010375977,102.790174865723,NA,NA,99.3206589856342,99.5490755196509,39.7925889579419,-0.229451185583007,1.45893746237525
"2020-03-04",97.328498840332,98.9000015258789,96.0999984741211,98.7914962768555,95458000,98.7914962768555,102.605574798584,NA,NA,99.2392493381298,99.4929585387031,47.7816809034272,-0.255002167288731,1.11614953644246
"2020-03-05",96.6500015258789,98.036003112793,95.5,96.2014999389648,94964000,96.2014999389648,102.315974807739,NA,NA,98.7719032767198,99.2491467905744,43.0176738503433,-0.480854021709243,0.796748824812116
"2020-03-06",93.75,95.5435028076172,93.4749984741211,95.0544967651367,105472000,95.0544967651367,101.943124771118,NA,NA,98.1999945826301,98.9384319738753,41.0649860852883,-0.746360515840983,0.488126956681496
"2020-03-09",88.693000793457,93.1384963989258,88.0644989013672,90.0305023193359,156264000,90.0305023193359,101.246450042725,NA,NA,96.9431496190464,98.2785853327983,33.8228690195367,-1.35882675684614,0.118736213975968
"2020-03-10",93.5439987182617,94.7135009765625,90.9085006713867,94.5910034179688,142666000,94.5910034179688,100.64122505188,NA,NA,96.5812809727267,98.005431116885,43.5542257411307,-1.4531339007731,-0.195637808973845
"2020-03-11",92.8925018310547,93.5660018920898,90.0749969482422,91.0429992675781,112496000,91.0429992675781,99.8163749694824,NA,NA,95.7292376334731,97.4896954243437,38.7768027707437,-1.80578858432977,-0.51766796404503
"2020-03-12",86.0989990234375,88.25,83.75,83.8304977416992,226924000,83.8304977416992,98.6078998565674,NA,NA,93.8986622655079,96.4779030034071,31.268288811059,-2.67340049649313,-0.94881447053465
"2020-03-13",87.75,89.3154983520508,84.0309982299805,89.25,176194000,89.25,97.6957248687744,97.4651095581055,NA,93.1834834554297,95.9425027809325,40.5789492647598,-2.87570080572374,-1.33419173757247
"2020-03-16",82.0755004882812,87.9725036621094,81.3014984130859,84.4574966430664,178346000,84.4574966430664,96.5814247131348,97.2562495422363,NA,91.8410239458354,95.091761585535,35.9421802870927,-3.41852710003233,-1.75105881006444
"2020-03-17",88.7734985351562,92.8889999389648,84.4619979858398,90.3919982910156,218342000,90.3919982910156,95.7118495941162,97.1891195678711,NA,91.6180969220169,94.7436309711262,44.4124748243506,-3.29893842686034,-2.06063473342362
"2020-03-18",87.5,92.0830001831055,87.25,91.5,192904000,91.5,94.8612995147705,97.1162396240234,NA,91.5999281647836,94.503362010302,45.8520980744498,-3.07230746478832,-2.26296927969656
"2020-03-19",93,97.25,91.6324996948242,94.046501159668,207998000,94.046501159668,94.1808746337891,97.0903096008301,NA,91.9763240101504,94.4695204658106,49.1139086568154,-2.63915434667895,-2.33820629309304
"2020-03-20",96.3154983520508,97.8499984741211,91.0364990234375,92.3044967651367,196358000,92.3044967651367,93.5561744689942,97.0444294738769,NA,92.0268121263021,94.3091483398348,47.0269494372705,-2.42005813190935,-2.3545766608563
"2020-03-23",91.3874969482422,95.9700012207031,90.5999984741211,95.1415023803711,156170000,95.1415023803711,93.2900245666504,97.046209564209,NA,92.5059952423127,94.3708041946893,50.7009848698004,-1.97604435851729,-2.2788702003885
"2020-03-24",97.5749969482422,97.75,95.0169982910156,97.004997253418,142942000,97.004997253418,93.2084243774414,97.1031495666504,NA,93.1981493978674,94.565929606447,53.006554967834,-1.44637737319547,-2.11237163494989
"2020-03-25",96.0345001220703,97.5130004882812,94.2890014648438,94.2919998168945,129582000,94.2919998168945,92.9740493774414,97.0976895141601,NA,93.3664340777177,94.5456385109246,49.3854200654732,-1.24723303134775,-1.93934391422947
"2020-03-26",95.0999984741211,97.8245010375977,94.4645004272461,97.7744979858398,124426000,97.7744979858398,93.1520244598389,97.1837394714355,NA,94.0445977558903,94.7848132868442,53.7528532138327,-0.780943175689774,-1.70766376652153
"2020-03-27",96.5429992675781,96.989501953125,94.9960021972656,95.004997253418,107758000,95.004997253418,93.1928993225098,97.2218194580078,NA,94.1923515247407,94.8011232102942,50.053860474858,-0.642156616860956,-1.49456233658941
"2020-03-30",96.1415023803711,98.6815032958984,95.6169967651367,98.1975021362305,122522000,98.1975021362305,93.2178993225098,97.3078294372558,NA,94.808528541893,95.0527068344376,53.9848139911259,-0.25688725831855,-1.24702732093524
"2020-03-31",98.2174987792969,99.6510009765625,97.2005004882812,97.4860000610352,102472000,97.4860000610352,93.3197242736817,97.3928294372558,NA,95.2204472371457,95.2329507771485,52.9839623627728,-0.0131294262130988,-1.00024774199081
"2020-04-01",96.6484985351562,97.2480010986328,94.6500015258789,95.3850021362305,82438000,95.3850021362305,93.1493995666504,97.408529510498,NA,95.2457633754664,95.2442138407842,50.0341220264601,0.00162690689513578,-0.799872812213623
"2020-04-02",95.0820007324219,96.3765029907227,94.5,95.9414978027344,86720000,95.9414978027344,93.1363994598389,97.4398994445801,NA,95.3527994411999,95.2958645046324,50.8152202569711,0.0597454431664257,-0.627949161137613
"2020-04-03",95.557502746582,96.3164978027344,94.4574966430664,95.3294982910156,72198000,95.3294982910156,93.1501495361328,97.4619094848633,NA,95.3492146488639,95.2983558962163,49.8915162951466,0.0533679224256067,-0.491685744424969
"2020-04-06",96.8000030517578,99.9260025024414,96.5009994506836,99.8795013427734,115464000,99.8795013427734,93.6425994873047,97.5978594970703,NA,96.0461818325423,95.6377000033687,56.2577862200891,0.427113815115976,-0.30792583251678
"2020-04-07",100.855499267578,101.786003112793,99.8809967041016,100.580001831055,102280000,100.580001831055,93.942049407959,97.7811195373535,NA,96.7436926015442,96.0037964350492,57.1601937756372,0.770694695386998,-0.0922017269360247
"2020-04-08",101.050003051758,102.199996948242,100.557502746582,102.150001525879,79546000,102.150001525879,94.497399520874,97.9708695983887,NA,97.5754324360573,96.4590708862218,59.1921818211957,1.15734221735593,0.157707061922366
"2020-04-09",102.214996337891,102.650001525879,100.883003234863,102.138000488281,92930000,102.138000488281,95.4127746582031,98.1556295776367,NA,98.2773659825532,96.8797323382261,59.1690786088917,1.44264812731694,0.41469527500128
"2020-04-13",102,109,101.900001525879,108.443496704102,134334000,108.443496704102,96.3724494934082,98.4538195800781,NA,99.8413860935607,97.7363074764392,66.5552743801175,2.1538348147939,0.762523182959804
"2020-04-14",110.023498535156,114.599998474121,109.310501098633,114.166000366211,161744000,114.166000366211,97.8578746795655,98.7284196472168,NA,102.045172904738,98.9533217645704,71.5799493606327,3.12455517918175,1.23492958220419
"2020-04-15",112.884002685547,116.668502807617,112.25,115.384002685547,137332000,115.384002685547,99.107474899292,99.0318997192383,NA,104.097300563324,100.170409240198,72.5260727959578,3.92021092147996,1.77198585005935
"2020-04-16",117.300003051758,123.050003051758,116.75,120.40950012207,240764000,120.40950012207,100.552949905396,99.3904197692871,NA,106.606869726208,101.669601157374,76.0664227436139,4.85618957154303,2.38882659435609
"2020-04-17",118.616500854492,120,115.801002502441,118.75,158600000,118.75,101.788124847412,99.7255497741699,NA,108.475043614484,102.934815886457,72.7333708102933,5.38226806966584,2.98751488941804
"2020-04-20",119.497497558594,122.249000549316,119.30249786377,119.68049621582,115414000,119.68049621582,103.156924819946,100.068929748535,NA,110.198959399305,104.175236651595,73.4362181397377,5.78229811740669,3.54647153501577
"2020-04-21",120.830497741699,121.415496826172,113.983001708984,116.40599822998,149534000,116.40599822998,104.220149612427,100.317769775391,NA,111.153888450178,105.081218990735,66.9007687622423,5.77902456572961,3.99298214115854
"2020-04-22",118.449996948242,119.699996948242,117.550003051758,118.174499511719,84244000,118.174499511719,105.278624725342,100.547349700928,NA,112.233982459646,106.051091621919,68.5297307322625,5.83010579444965,4.36040687181676
"2020-04-23",119.999000549316,121.210998535156,119.103996276855,119.972503662109,101332000,119.972503662109,106.562649917603,100.795999755859,NA,113.424524183101,107.0823073286,70.1387843515819,5.92274953045198,4.6728754035438
"2020-04-24",120.849998474121,121.021499633789,119.099998474121,120.511001586914,76498000,120.511001586914,107.699475097656,101.046219787598,NA,114.514751475996,108.077025421808,70.6232377575081,5.95660921371779,4.9296221655786
"2020-04-27",122.160003662109,122.244003295898,118.150001525879,118.800003051758,112912000,118.800003051758,108.889225387573,101.272349853516,NA,115.17402094919,108.871320061064,66.9089217663392,5.78912874813233,5.10152348208935
"2020-04-28",118.605003356934,118.675003051758,115.300003051758,115.704002380371,105388000,115.704002380371,109.76455039978,101.451559906006,NA,115.255556553987,109.377444677309,60.6890990511976,5.37415359631068,5.15604950493361
"2020-04-29",116.500503540039,119.594497680664,115.5,118.635498046875,91832000,118.635498046875,110.822025299072,101.668599853516,NA,115.775547552893,110.063226408388,64.0927786202254,5.19003606464317,5.16284681687552
"2020-04-30",120.991996765137,123.75,119.800498962402,123.699996948242,190692000,123.699996948242,112.237775039673,101.972379760742,NA,116.994693613716,111.073357559488,69.074548153086,5.33101383115793,5.19648021973201
"2020-05-01",116.839996337891,118.122001647949,112.90950012207,114.302001953125,195452000,114.302001953125,113.155800247192,102.105319824219,NA,116.58043335824,111.312516403461,54.0803096624109,4.73254681951958,5.10369353968952
"2020-05-04",112.819000244141,116.348999023438,112.819000244141,115.799499511719,97318000,115.799499511719,114.179300308228,102.325339813232,NA,116.460289689545,111.644885522591,55.7293740798314,4.31314353936885,4.94558353962539
"2020-05-05",117,117.550003051758,115.356498718262,115.889999389648,64850000,115.889999389648,114.979825210571,102.63384979248,NA,116.37255272033,111.959338401633,55.8326043385149,3.94180099820325,4.74482703134096
"2020-05-06",116.47200012207,117.872497558594,116,117.563003540039,62356000,117.563003540039,115.82897529602,103.012369842529,NA,116.555699000285,112.374424708181,57.791990055238,3.72084155532901,4.54002993613857
"2020-05-07",118.738998413086,118.800003051758,117.155502319336,118.380500793457,67928000,118.380500793457,116.640500259399,103.400389862061,NA,116.836437737696,112.819319233016,58.7548540738668,3.56066543566249,4.34415703604335
"2020-05-08",118.607002258301,119.361999511719,117.849998474121,118.980499267578,64132000,118.980499267578,117.482625198364,103.895699920654,NA,117.166293357678,113.27570293928,59.485371317257,3.43462041500922,4.16224971183653
"2020-05-11",118.735000610352,120.983497619629,118.605499267578,120.449996948242,65184000,120.449996948242,118.082950210571,104.420949859619,NA,117.671478525457,113.807132125129,61.2935621958652,3.39552216822314,4.00890420311385
"2020-05-12",120.592498779297,120.949996948242,117.75,117.847503662109,61498000,117.847503662109,118.267025375366,104.823949890137,NA,117.698559315711,114.106418905646,56.4854519678257,3.14806164676433,3.83673569184395
"2020-05-13",118.339996337891,120.38500213623,116.889999389648,118.396003723145,95658000,118.396003723145,118.417625427246,105.282879943848,NA,117.805858455316,114.424165929165,57.2466565311588,2.95540063472706,3.66046868042057
"2020-05-14",118.050498962402,119.568496704102,117.660499572754,119.442497253418,72962000,119.442497253418,118.369275283813,105.695899963379,NA,118.05764903964,114.795894175406,58.7300138545789,2.84135150273765,3.49664524488399
"2020-05-15",118.426002502441,120.550003051758,117.818496704102,120.488998413086,84700000,120.488998413086,118.456225204468,106.181649932861,NA,118.431702789401,115.217605600419,60.2165187018173,2.78958859822889,3.35523391555297
"2020-05-18",120.217498779297,121.650001525879,119.200500488281,121.313003540039,87144000,121.313003540039,118.537850570679,106.706820068359,NA,118.87497982796,115.669116558909,61.3955998575704,2.77158101006008,3.23850333445439
"2020-05-19",121.491500854492,124.25,121.448501586914,122.466499328613,86410000,122.466499328613,118.84087562561,107.355540008545,NA,119.427521289599,116.172626393702,63.0466691043829,2.80177439121185,3.15115754580588
"2020-05-20",123.893501281738,125.000503540039,123.363502502441,124.897003173828,79962000,124.897003173828,119.177000808716,107.961660003662,NA,120.268980041019,116.818876525563,66.3157134743973,2.95337844196835,3.11160172503837
"2020-05-21",125,126.272499084473,122.126998901367,122.33699798584,102288000,122.33699798584,119.295225524902,108.587539978027,NA,120.587136647915,117.227626263362,60.2681010777736,2.86580091369031,3.06244156276876
"2020-05-22",122.750503540039,123.492500305176,121.506500244141,121.84400177002,57342000,121.84400177002,119.361875534058,109.347810058594,NA,120.780500512854,117.569580004596,59.1494222144186,2.7310810399533,2.99616945820567
"2020-05-26",122.900001525879,123.099998474121,120.703002929688,121.093002319336,71364000,121.093002319336,119.476525497437,109.98467010498,NA,120.828577713851,117.830574250132,57.4015008551457,2.54433408544286,2.90580238365311
"2020-05-27",120.249496459961,120.679000854492,116.5,120.519500732422,101138000,120.519500732422,119.717300415039,110.705910186768,NA,120.781027409016,118.029753989561,56.0395981483233,2.33099987626708,2.7908418821759
"2020-05-28",119.216499328613,121.848503112793,118.911499023438,120.055000305176,63804000,120.055000305176,119.788275527954,111.299170227051,NA,120.669330931502,118.179772235162,54.9033892987242,2.10658613505041,2.6539907327508
"2020-05-29",120.796997070312,122.118499755859,119.910003662109,122.118499755859,70198000,122.118499755859,119.709200668335,111.911540222168,NA,120.892279981403,118.471529829288,58.8909182935428,2.04331804915798,2.53185619603224
"2020-06-01",122.400001525879,123.846496582031,122.208503723145,123.552001953125,58578000,123.552001953125,120.171700668335,112.501650238037,NA,121.301467977053,118.84786109772,61.4416075831717,2.06449393087111,2.43838374300002
"2020-06-02",123.349998474121,123.676498413086,122.265502929688,123.620498657227,50598000,123.620498657227,120.56275062561,113.127970275879,NA,121.658241927849,119.201389805832,61.5643261508102,2.06109352082133,2.36292569856428
"2020-06-03",123.400497436523,124.400001525879,123.058502197266,123.919998168945,53420000,123.919998168945,120.964250564575,113.70354019165,NA,122.006204426479,119.550916351248,62.1318402898802,2.05375931039926,2.30109242093128
"2020-06-04",123.87149810791,125.376998901367,122.500503540039,123.029998779297,58974000,123.029998779297,121.237600326538,114.224040222168,NA,122.163711249989,119.808626160733,59.3284506315342,1.96570577989701,2.23401509272442
"2020-06-05",122.22550201416,124.432502746582,121.856498718262,124.150001525879,66128000,124.150001525879,121.526075363159,114.821200256348,NA,122.469294369357,120.130209521114,61.6721289820266,1.94712458886708,2.17663699195295
"2020-06-08",125.01000213623,126.5,124.366996765137,126.203002929688,79414000,126.203002929688,121.887200546265,115.389770355225,NA,123.043711070946,120.580046069897,65.5867346168816,2.0431780226897,2.1499451981003
"2020-06-09",126.47200012207,131.321502685547,126.25,130.042999267578,103520000,130.042999267578,122.366850662231,116.090530395508,NA,124.120524639659,121.281005566022,71.458585976494,2.34127270002848,2.18821069848594
"2020-06-10",132.25,136.117492675781,131.313003540039,132.372497558594,98920000,132.372497558594,123.093100357056,116.774030303955,NA,125.39005893488,122.102597565471,74.3210657957472,2.69237627614396,2.28904381401754
"2020-06-11",130.175003051758,133.569000244141,126.811500549316,127.898002624512,116002000,127.898002624512,123.568200302124,117.382270355225,NA,125.775896425592,122.531886829104,61.5516030812508,2.64748195791087,2.36073144279621
"2020-06-12",130.060501098633,131.074005126953,125.167503356934,127.250999450684,108722000,127.250999450684,123.958625411987,118.019590301514,NA,126.00283535253,122.881450726999,59.9476921852089,2.54015932190232,2.39661701861743
"2020-06-15",126.330001831055,129.199996948242,125.400001525879,128.634002685547,77302000,128.634002685547,124.36587562561,118.67344039917,NA,126.40763032684,123.307565686891,62.2142676413437,2.51409118546744,2.42011185198743
"2020-06-16",131,131,128.800003051758,130.76350402832,71712000,130.76350402832,124.838400650024,119.382120513916,NA,127.077764742452,123.859857415886,65.4558465390231,2.59802279261585,2.45569404011312
"2020-06-17",132.375,132.75,131.591003417969,132.04899597168,59186000,132.04899597168,125.317525482178,120.025510406494,NA,127.842569546949,124.466460271871,67.2806239248127,2.71246508312653,2.5070482487158
"2020-06-18",132.350494384766,132.981994628906,131.80549621582,132.699005126953,49756000,132.699005126953,125.707625579834,120.667890472412,NA,128.589713482334,125.076278409284,68.1954927012454,2.809033909334,2.56744538083944
"2020-06-19",133.904006958008,134.871505737305,132.949996948242,133.750503540039,115540000,133.750503540039,126.278300857544,121.299900512695,NA,129.383681183519,125.718813604155,69.6727646300645,2.915130579345,2.63698242054055
"2020-06-22",134.225006103516,135.75,133.449996948242,135.690994262695,64176000,135.690994262695,126.970650482178,121.970960388184,NA,130.354037041854,126.457493652936,72.2357458131194,3.08130682995547,2.72584730242354
"2020-06-23",136.300994873047,139.155502319336,135.901992797852,138.220504760742,84634000,138.220504760742,127.827025604248,122.566500549316,NA,131.56426284476,127.32882780907,75.1802949793199,3.32637558090263,2.84595295811935
"2020-06-24",139,139.800003051758,136.050003051758,136.720001220703,90532000,136.720001220703,128.637050628662,123.017580566406,NA,132.357453364136,128.024470284005,70.4099266613049,3.38449600339554,2.95366156717459
"2020-06-25",136.977493286133,137.811492919922,135.606994628906,137.72900390625,59374000,137.72900390625,129.520750808716,123.46448059082,NA,133.18384575523,128.743324626394,71.709865386996,3.44912727842208,3.05275470942409
"2020-06-26",138.753005981445,139.128494262695,134.399993896484,134.643493652344,130016000,134.643493652344,130.14700050354,123.749160461426,NA,133.408406970171,129.180374183872,62.6464358426413,3.27296836923632,3.09679744138654
"2020-06-29",134.500503540039,134.839996337891,131.503997802734,134.018997192383,84468000,134.018997192383,130.670350265503,124.054540405273,NA,133.502343927434,129.538790703021,60.9668768068804,3.05974233888011,3.08938642088525
"2020-06-30",134.253494262695,138.481506347656,133.751495361328,137.940994262695,75394000,137.940994262695,131.386375045776,124.419750366211,NA,134.185213209782,130.161176151885,66.9582213010314,3.09158012923991,3.08982516255618
"2020-07-01",137.899505615234,144.75,137.699996948242,143.934997558594,127268000,143.934997558594,132.387125015259,124.970330352783,NA,135.685180032676,131.181459219049,73.6220818660883,3.43319920394145,3.15849997083324
"2020-07-02",145.600494384766,147.77799987793,143.554992675781,144.514999389648,131868000,144.514999389648,133.461375045776,125.497140350342,NA,137.043613779903,132.169128861316,74.1650412289366,3.68806616233492,3.26441320913357
"2020-07-06",146.748504638672,152.994003295898,146.5,152.852005004883,137612000,152.852005004883,134.896475219727,126.154730377197,NA,139.475673968361,133.701193760839,80.4077877387536,4.31894439016847,3.47531944534055
"2020-07-07",152.927505493164,153.477493286133,149.5,150.005996704102,105150000,150.005996704102,136.086624908447,126.744630279541,NA,141.095723620014,134.908956941822,73.8476166900023,4.58588281937427,3.6974321201473
"2020-07-08",151.130493164062,154.198501586914,150.621505737305,154.05549621582,100752000,154.05549621582,137.287249755859,127.449740142822,NA,143.089534788599,136.327219110266,76.7537755368606,4.96035620946957,3.95001693801175
"2020-07-09",155.799499511719,159.694000244141,153.699996948242,159.131500244141,127774000,159.131500244141,138.625199890137,128.318290100098,NA,145.557529474067,138.016425120183,79.7860259867328,5.46391804259374,4.25279715892815
"2020-07-10",159.587997436523,160.75,156.785003662109,160,109720000,160,140.230299758911,129.14558013916,NA,147.779448016518,139.644838074243,80.2604666983818,5.82521348762666,4.56728042466785
"2020-07-13",162.552993774414,167.214492797852,153.419494628906,155.199996948242,154408000,155.199996948242,141.627749633789,129.77558013916,NA,148.921070929091,140.79707206491,70.4226424684734,5.77000554417511,4.8078254485693
"2020-07-14",154.449996948242,156.369003295898,147.5,154.199996948242,144638000,154.199996948242,142.906049346924,130.573540039063,NA,149.733213393576,141.789881315527,68.537818376605,5.60218543407383,4.96669744567021
"2020-07-15",154.011505126953,154.917495727539,148.658996582031,150.443496704102,115778000,150.443496704102,143.890048980713,131.26641998291,NA,149.842487749042,142.430889862829,61.8419099438303,5.20364500520261,5.01408695757669
"2020-07-16",148.552993774414,151.600006103516,145.911499023438,149.994995117188,127884000,149.994995117188,144.787348937988,131.948519897461,NA,149.865950421064,142.991193955744,61.0747146636836,4.80781807266222,4.97283318059379
"2020-07-17",150.449996948242,151.199996948242,147.422500610352,148.098495483398,95226000,148.098495483398,145.557323455811,132.559229736328,NA,149.594034276808,143.369512587422,57.8089024074074,4.34159367431057,4.84658527933715
"2020-07-20",150.009994506836,160.067993164062,149.70100402832,159.841995239258,151964000,159.841995239258,146.861898040772,133.388459625244,NA,151.170643655646,144.589696487558,68.8989664280394,4.55146343616137,4.78756091070199
"2020-07-21",161.624496459961,162.029006958008,155.285995483398,156.914505004883,122426000,156.914505004883,147.923073577881,134.14713973999,NA,152.054314632452,145.502645266619,64.3575109184681,4.50278368054904,4.7306054646714
"2020-07-22",156.25,157.5,153.263000488281,154.995498657227,82084000,154.995498657227,148.761823272705,134.83804977417,NA,152.506804482417,146.20581959185,61.4960034165312,4.30966763714169,4.64641789916546
"2020-07-23",154.913497924805,154.913497924805,148.5,149.327499389648,113138000,149.327499389648,149.392198181152,135.467649688721,NA,152.017680621991,146.437055132427,53.8764014127602,3.81093807473614,4.4793219342796
"2020-07-24",146.5,151.578994750977,144.399993896484,150.445495605469,112648000,150.445495605469,150.028022766113,136.108639526367,NA,151.775806004065,146.733976648949,55.0592282049791,3.43603401901806,4.27066435122729
"2020-07-27",153.100006103516,154.899993896484,150.788497924805,152.760498046875,83410000,152.760498046875,150.93387298584,136.774999542236,NA,151.927297087574,147.180385641388,57.4902154298987,3.22523373308199,4.06157822759823
"2020-07-28",152.713500976562,153.854507446289,149.787994384766,150.016494750977,62534000,150.016494750977,151.73374786377,137.365549468994,NA,151.633327497328,147.390467797654,53.7769485475402,2.87865271280601,3.82499312463979
"2020-07-29",151.549499511719,151.957992553711,149.838500976562,151.676498413086,59482000,151.676498413086,152.420523071289,137.972819366455,NA,151.639969176676,147.707951546945,55.6434531207096,2.66202163698748,3.59239882710932
"2020-07-30",150.699996948242,154.600006103516,150.25,152.593994140625,122566000,152.593994140625,152.853472900391,138.575369262695,NA,151.786742248052,148.069880627958,56.6845542597946,2.5102077507803,3.37596061184352
"2020-07-31",162.199996948242,162.341003417969,157.550003051758,158.233993530273,161710000,158.233993530273,153.539422607422,139.242109069824,NA,152.778627060702,148.822777879982,62.5097812907138,2.65809390005498,3.23238726948581
"2020-08-03",159.025497436523,159.199996948242,155.199996948242,155.594497680664,101494000,155.594497680664,153.676547241211,139.907259063721,NA,153.211837925311,149.324386754106,58.5418587498529,2.60335987691458,3.10658179097157
"2020-08-04",155.060501098633,158.361999511719,155.060501098633,156.941497802734,93886000,156.941497802734,154.023322296143,140.609208984375,NA,153.785631752607,149.888617202153,59.9393979951786,2.59994029112871,3.00525349100299
"2020-08-05",157.188507080078,160.679504394531,156.365005493164,160.251495361328,78330000,160.251495361328,154.333122253418,141.392378845215,NA,154.780380000103,150.656237806536,63.2203959306056,2.73745199907527,2.95169319261745
"2020-08-06",159.718002319336,162.373504638672,158.271499633789,161.25,78812000,161.25,154.439047241211,142.206988830566,NA,155.775706153933,151.440960931978,64.1736275055871,2.86233341051121,2.9338212361962
"2020-08-07",161.200500488281,162.040496826172,157.033493041992,158.373001098633,78722000,158.373001098633,154.357697296143,142.973348846436,NA,156.175289991579,151.954445388767,59.3969104398021,2.77770393094672,2.90259777514631
"2020-08-10",158.515502929688,158.625503540039,155.07600402832,157.408004760742,63346000,157.408004760742,154.468097686768,143.679138946533,NA,156.364938417604,152.358412749654,57.8417158072334,2.62967144094193,2.84801250830543
"2020-08-11",155.660003662109,157.960998535156,153.649993896484,154.033493041992,74362000,154.033493041992,154.459772491455,144.288768768311,NA,156.006254513664,152.482492771309,52.6502359446313,2.31092873569425,2.74059575378319
"2020-08-12",155.399993896484,158.719497680664,155.070999145508,158.111999511719,70442000,158.111999511719,154.843197631836,144.9785987854,NA,156.330215282595,152.899493270598,57.6031265468894,2.24377592012381,2.64123178705132
"2020-08-13",159.149505615234,160.876007080078,157.75,158.050994873047,62980000,158.050994873047,155.245997619629,145.661218719482,NA,156.594950604203,153.281085981891,57.506231358704,2.16195272957811,2.54537597555668
"2020-08-14",158.908996582031,158.912002563477,156,157.401000976562,55034000,157.401000976562,155.711122894287,146.348638763428,NA,156.718958353797,153.586264870385,56.417302336316,2.0396963791363,2.4442400562726
"2020-08-17",158.656005859375,159.748504638672,157.708999633789,159.120498657227,53824000,159.120498657227,155.675048065186,147.048048706055,NA,157.088426092786,153.996208113855,58.6480851484559,2.00798319439477,2.35698868389704
"2020-08-18",160.600006103516,166,160.291000366211,165.624496459961,106920000,165.624496459961,156.11054763794,147.83647857666,NA,158.401667687736,154.857562806159,65.782453413936,2.28862240716876,2.34331542855138
"2020-08-19",165.150497436523,165.794998168945,162.800003051758,163.024002075195,83702000,163.024002075195,156.511972808838,148.496098632812,NA,159.112796055038,155.462484233495,61.2335223216349,2.34803389354052,2.34425912154921
"2020-08-20",162.600006103516,165.630996704102,161.899993896484,164.868499755859,66650000,164.868499755859,157.289022827148,149.146018676758,NA,159.998288932087,156.15922612404,63.1784703203748,2.45842842804376,2.36709298284812
"2020-08-21",164.75,165.720001220703,163.769500732422,164.235992431641,71518000,164.235992431641,157.978547668457,149.8727784729,NA,160.650243316634,156.757505109789,62.0292057965658,2.48328665611177,2.39033171750085
"2020-08-24",165.507507324219,169.016006469727,162.878005981445,165.373001098633,93326000,165.373001098633,158.609172821045,150.635218505859,NA,161.376821436941,157.395689997851,63.3208791823088,2.52937767174215,2.41814090834911
"2020-08-25",164.749496459961,167.869995117188,163.350006103516,167.324493408203,79856000,167.324493408203,159.474572753906,151.409028320312,NA,162.291847894059,158.131156917136,65.4907143887128,2.63116457125669,2.46074564093063
"2020-08-26",167.55549621582,172.587005615234,167.228500366211,172.092498779297,130174000,172.092498779297,160.495372772217,152.235608215332,NA,163.799640337941,159.165330388408,70.1387587617389,2.91163278976945,2.55092307069839
"2020-08-27",172.502502441406,172.649993896484,168.899993896484,170,85296000,170,161.365673065186,152.994628295898,NA,164.753541824412,159.967898507785,65.941131676805,2.99162729601914,2.63906391576254
"2020-08-28",171.149993896484,171.668502807617,169.324996948242,170.089996337891,57940000,170.089996337891,161.958473205566,153.742448120117,NA,165.574534826486,160.717683532237,66.0352811964456,3.02197691473962,2.71564651555796
"2020-08-31",170.449493408203,174.75,170.25,172.548004150391,83718000,172.548004150391,162.806148529053,154.518398132324,NA,166.647376260933,161.594003578026,68.5892158345655,3.12720309603953,2.79795783165427
"2020-09-01",174.47900390625,175.693496704102,173.350006103516,174.955993652344,68644000,174.955993652344,163.706873321533,155.303698120117,NA,167.925625090381,162.583780620568,70.897888046792,3.2855949402965,2.89548525338272
"2020-09-02",177.350006103516,177.612503051758,174.334503173828,176.572494506836,78630000,176.572494506836,164.522923278809,156.070737915039,NA,169.255912692912,163.619981649181,72.3662379000505,3.44452492105483,3.00529318691714
"2020-09-03",174.25,174.420501708984,165.149993896484,168.399993896484,163222000,168.399993896484,164.880422973633,156.704337768555,NA,169.124232878077,163.974056630462,56.7709074955949,3.14084822529042,3.03240419459179
"2020-09-04",165.899993896484,169.074996948242,155.556503295898,164.731002807617,175636000,164.731002807617,165.198323059082,157.244377746582,NA,168.448351328776,164.030126717659,51.4139753173606,2.69354459423259,2.96463227451995
"2020-09-08",157.199996948242,162.542495727539,156.5,157.492004394531,121884000,157.492004394531,165.202523040772,157.701347961426,NA,166.762759492738,163.54582136039,42.8272592642596,1.96699500212767,2.7651048200415
"2020-09-09",160.149505615234,165.158996582031,159.25,163.43049621582,103774000,163.43049621582,165.672373199463,158.289577941895,NA,166.250103603981,163.537278757089,50.178270420856,1.65884186621565,2.54385222927633
"2020-09-10",165.360992431641,167.494506835938,158.527496337891,158.755493164062,106614000,158.755493164062,165.70454788208,158.705867919922,NA,165.097086613224,163.183072416865,45.2461863659165,1.17292447556712,2.26966667853449
"2020-09-11",160.434494018555,160.867004394531,154.199005126953,155.811004638672,101880000,155.811004638672,165.592548370361,158.943388061523,NA,163.668458617139,162.636993322184,42.4181856126705,0.634213209360279,1.94257598469964
"2020-09-14",158.647003173828,159.369506835938,154.800003051758,155.148498535156,90592000,155.148498535156,165.479923248291,159.156058044434,NA,162.357695527604,162.082290004626,41.7853566389724,0.169917097648065,1.58804420728933
"2020-09-15",156.807998657227,158.751007080078,155.445999145508,157.806503295898,80430000,157.806503295898,165.414223480225,159.255148010254,NA,161.657512107341,161.765565063239,45.3105914305913,-0.0667960179630667,1.25707616223885
"2020-09-16",158.999496459961,159.361999511719,153.707504272461,153.904998779297,90244000,153.904998779297,164.828248596191,159.333128051758,NA,160.46481774918,161.183300894058,41.3522271902871,-0.445755323840735,0.916509865022933
"2020-09-17",150.462493896484,151.471496582031,148.627502441406,150.436492919922,128982000,150.436492919922,164.198873138428,159.26074798584,NA,158.921998544679,160.387241044122,38.1605046219268,-0.91356549929037,0.550494792160272
"2020-09-18",151.587005615234,151.889999389648,145.276992797852,147.745498657227,177852000,147.745498657227,163.342723083496,159.033027954102,NA,157.202537023533,159.45081568213,35.8486823198244,-1.41001389612146,0.158393054503925
"2020-09-21",145.324996948242,148.100006103516,143.550003051758,148.023498535156,122358000,148.023498535156,162.532098388672,158.793497924805,NA,155.79037725609,158.604347745317,36.2781644850987,-1.7742076615361,-0.22812708870408
"2020-09-22",151.692001342773,156.699493408203,150.009994506836,156.449493408203,138976000,156.449493408203,162.08592300415,158.818487854004,NA,155.891779741031,158.444728905531,47.7057560517929,-1.61125534571886,-0.504752740107037
"2020-09-23",156.021499633789,156.350006103516,149.619003295898,149.99299621582,113054000,149.99299621582,161.219348144531,158.734347839355,NA,154.984274583306,157.818674632219,41.5559661891411,-1.79598520613496,-0.762999233312622
"2020-09-24",148.889495849609,153.464996337891,148.25,150.989501953125,110588000,150.989501953125,160.164198303223,158.745267944336,NA,154.369694178663,157.312809989323,42.7819647336895,-1.87086850133824,-0.984573086917746
"2020-09-25",152.74299621582,155.076995849609,149.949996948242,154.756500244141,92304000,154.756500244141,159.40202331543,158.840498046875,NA,154.429202804121,157.123453711902,47.2838436673901,-1.71473503422432,-1.13060547637906
"2020-09-28",157.442504882812,158.751998901367,155.858505249023,158.702499389648,84484000,158.702499389648,158.832648468017,159.052578125,NA,155.086633048048,157.240420058402,51.581379707755,-1.36974132322575,-1.1784326457484
"2020-09-29",158.769500732422,159.412994384766,156.626998901367,157.244003295898,69916000,157.244003295898,158.067448425293,159.000618286133,NA,155.418536163102,157.240685483402,49.9601936139134,-1.15882814597112,-1.17451174579294
"2020-09-30",157.057006835938,160.643997192383,156.699493408203,157.436492919922,97922000,157.436492919922,157.191473388672,159.011058044434,NA,155.728991048767,157.255189737959,50.182732829193,-0.970523574919979,-1.13371411161835
"2020-10-01",160.399993896484,161.199996948242,158.600006103516,161.063003540039,99438000,161.063003540039,156.415998840332,159.13240814209,NA,156.549608355116,157.537250019594,54.3057818220191,-0.626925799679234,-1.03235644923053
"2020-10-02",157.681503295898,159.789993286133,156.149993896484,156.25,112262000,156.25,155.808499145508,159.270858154297,NA,156.503514762021,157.441898166291,48.5614188528194,-0.596018858511482,-0.945088931086719
"2020-10-05",157.292007446289,160.126495361328,157.042495727539,159.960006713867,75506000,159.960006713867,155.56994934082,159.461148376465,NA,157.035282754613,157.628424725371,52.7135908650909,-0.376291250636418,-0.831329394996659
"2020-10-06",158.25,159.100006103516,154.5,154.998001098633,101738000,154.998001098633,155.445249176025,159.5058984375,NA,156.721854807539,157.433578530797,47.2231349365787,-0.452078730535288,-0.755479262104385
"2020-10-07",156.75,160,156.619506835938,159.78450012207,86188000,159.78450012207,155.262949371338,159.701258544922,NA,157.193031009775,157.607720870892,52.3760890212471,-0.263115194373487,-0.657006448558205
"2020-10-08",161.249496459961,161.664505004883,158.749496459961,159.527496337891,63482000,159.527496337891,155.301549530029,159.858278503418,NA,157.552179521793,157.74992646104,52.0820486457536,-0.125354695043922,-0.550676097855349
"2020-10-09",160.5,164.449493408203,159.891494750977,164.332504272461,98158000,164.332504272461,155.727624511719,160.093048706055,NA,158.595306406511,158.237524817441,56.948390048754,0.226104136475969,-0.395320050989085
"2020-10-12",167.496994018555,174.811996459961,166.977493286133,172.146499633789,167284000,172.146499633789,156.57752456665,160.371298828125,NA,160.680105364554,159.267819248282,63.4491678754509,0.886736644563491,-0.13890871187857
"2020-10-13",173.399505615234,174.619003295898,171.210998535156,172.181503295898,114894000,172.181503295898,157.29627456665,160.70303894043,NA,162.449551200145,160.224388436994,63.4757740211574,1.38877906469639,0.166628843436422
"2020-10-14",172.350006103516,173.244003295898,167,168.185501098633,116254000,168.185501098633,158.010299682617,160.927919006348,NA,163.332005030682,160.814100486005,58.2618369110814,1.56572373757502,0.446447822264141
"2020-10-15",164.600494384766,167.794006347656,164,166.932495117188,104468000,166.932495117188,158.83509979248,161.061539001465,127.475924377441,163.885926582452,161.267314903129,56.6894052036272,1.62377086819832,0.681912431450976
"2020-10-16",168.161499023438,169.983001708984,158,163.635498046875,129488000,163.635498046875,159.629599761963,161.109248962402,127.819599380493,163.84739911544,161.44273587674,52.6619160778264,1.48948370184705,0.843426685530191
"2020-10-19",164.980499267578,166.449996948242,159.636993408203,160.360504150391,104472000,160.360504150391,160.246450042725,161.148999023437,128.152659416199,163.310953736202,161.362570563677,48.9423369985515,1.20745670183515,0.916232688791183
"2020-10-20",161.113998413086,163.300003051758,159.600494384766,160.850494384766,90194000,160.850494384766,160.466500091553,161.217848815918,128.481191902161,162.932421528289,161.324638994869,49.516856980801,0.996613129548529,0.932308776942652
"2020-10-21",160.625,161.694000244141,158,159.246994018555,91854000,159.246994018555,160.92919998169,161.322118835449,128.800711860657,162.365432680637,161.170739366994,47.6281096107724,0.741259436009045,0.894098908755931
"2020-10-22",159.493499755859,159.9375,156.09700012207,158.820007324219,84240000,158.820007324219,161.320725250244,161.336278991699,129.121819381714,161.819982625804,160.996611067529,47.1127748382103,0.511421670813483,0.817563461167441
"2020-10-23",159.550003051758,160.266494750977,157,160.220001220703,69334000,160.220001220703,161.593900299072,161.379659118652,129.447656898499,161.573831640404,160.939084412209,49.0589869223838,0.394402161857221,0.732931201305397
"2020-10-26",159.936996459961,164.149002075195,157.664993286133,160.352005004883,118024000,160.352005004883,161.676375579834,161.438679199219,129.778626937866,161.385858311862,160.895597048703,49.2486278602099,0.304707693778949,0.647286499800108
"2020-10-27",161.246994018555,164.582992553711,160.565002441406,164.316497802734,85820000,164.316497802734,162.030000305176,161.542599182129,130.127384414673,161.836725925842,161.148997104557,54.7027211857788,0.426765809059892,0.603182361652065
"2020-10-28",162.464996337891,163.20100402832,158.123504638672,158.139007568359,111766000,158.139007568359,162.065126037598,161.392889404297,130.450719451904,161.267846178537,160.926034916691,46.3450179085005,0.212402711608184,0.525026431643289
"2020-10-29",160.063507080078,162.862503051758,158.199996948242,160.550506591797,131930000,160.550506591797,162.039501190186,161.343419494629,130.787966995239,161.157486242116,160.898218003736,49.5832822136476,0.161138042171527,0.452248753748936
"2020-10-30",157.887496948242,158.350006103516,150.949996948242,151.807495117188,167728000,151.807495117188,161.817375946045,161.082199401855,131.077519454956,159.71902606905,160.224831123251,40.1274026937103,-0.315684560660667,0.298662090867016
"2020-11-02",153.087005615234,153.985504150391,147.505996704102,150.223999023438,145148000,150.223999023438,161.330575561524,160.801959533691,131.362459449768,158.258252677417,159.484028745487,38.6883154938896,-0.768588602703024,0.0852119521530077
"2020-11-03",150.926498413086,153.744995117188,149.04899597168,152.420501708984,97958000,152.420501708984,161.201700592041,160.542909545898,131.651561965942,157.360137143812,158.960804520561,41.805942292965,-1.00695726948297,-0.133221892174187
"2020-11-04",157.999496459961,162.242492675781,156.98649597168,162.057998657227,136780000,162.057998657227,161.315375518799,160.437579650879,131.989986953735,158.082885068953,159.190226308462,53.0794940396001,-0.695608810407222,-0.245699275820794
"2020-11-05",165.998504638672,168.339996337891,164.444000244141,166.100006103516,115786000,166.100006103516,161.64400100708,160.317729797363,132.349342002869,159.31628830504,159.702061848836,56.8546400858292,-0.241558273782183,-0.244871075413072
"2020-11-06",165.231994628906,166.100006103516,161.600006103516,165.568496704102,92946000,165.568496704102,161.705800628662,160.229099731445,132.711774482727,160.27816652028,160.136612578856,56.2141458723582,0.0883957385787504,-0.178217712614708
"2020-11-09",161.551498413086,164.449996948242,155.605499267578,157.186996459961,143808000,157.186996459961,160.957825469971,159.971039733887,133.040624465942,159.802601895615,159.918122495975,47.186708636936,-0.072237341557202,-0.157021638403206
"2020-11-10",154.751007080078,155.699996948242,150.973999023438,151.751007080078,131820000,151.751007080078,159.93630065918,159.55509979248,133.336067008972,158.563895000917,159.313150983686,42.4277652387785,-0.470303912854886,-0.219678093293542
"2020-11-11",153.089004516602,156.957504272461,152.5,156.869506835938,87338000,156.869506835938,159.370500946045,159.193370056152,133.655914535522,158.303219898613,159.132140306075,47.769293437849,-0.520900684090531,-0.27992261145294
"2020-11-12",157.997497558594,158.794006347656,154.302505493164,155.514007568359,87240000,155.514007568359,158.799576568604,158.772200317383,133.965814590454,157.874110309343,158.864130473652,46.5378898658436,-0.623186720222435,-0.348575433206839
"2020-11-13",156.100006103516,157.085998535156,154.269500732422,156.440505981445,75124000,156.440505981445,158.439826965332,158.533010559082,134.245837135315,157.653555797359,158.684602733488,47.5334425251799,-0.649746048683231,-0.408809556302117
"2020-11-16",154.660003662109,157.134994506836,153.634506225586,156.552993774414,76174000,156.552993774414,158.249451446533,158.369450378418,134.527552108765,157.48423856306,158.526705773557,47.6608778921592,-0.657597220235162,-0.458567089088726
"2020-11-17",159.177001953125,159.462493896484,156.763000488281,156.783004760742,68894000,156.783004760742,158.046076965332,158.355270385742,134.79904964447,157.376356439626,158.397542735571,47.9393265022606,-0.644698319373049,-0.495793335145591
"2020-11-18",156.699996948242,157,155.255004882812,155.272994995117,58336000,155.272994995117,157.84737701416,158.192120361328,135.065447120667,157.05276237124,158.166094754796,46.2015611645117,-0.70390078561533,-0.537414825239539
"2020-11-19",155.265502929688,156.25,154.046005249023,155.850997924805,60206000,155.850997924805,157.69892654419,158.134030456543,135.332144622803,156.867875533327,157.994606100723,46.9936287543725,-0.713144958048428,-0.572560851801317
"2020-11-20",155.850997924805,156.644500732422,154.902496337891,154.970001220703,67488000,154.970001220703,157.43642654419,158.117210388184,135.58717464447,156.575894869846,157.770561294795,45.8847355294155,-0.757217579214142,-0.609492197283882
"2020-11-23",155.835006713867,156.987503051758,153.272994995117,154.919494628906,94178000,154.919494628906,157.164801025391,158.112630310059,135.82829460144,156.321064063548,157.559371171396,45.8179864606998,-0.785930470934204,-0.644779852013946
"2020-11-24",155.024993896484,156.712493896484,154.313003540039,155.90299987793,72042000,155.90299987793,156.74412612915,158.074560241699,136.070109596252,156.25674649653,157.43667700151,47.4219509443831,-0.749463547791185,-0.665716591169394
"2020-11-25",157.093505859375,159.899993896484,157.013000488281,159.253494262695,75808000,159.253494262695,156.799850463867,158.181530151367,136.326377067566,156.717784614401,157.571256057894,52.5728552592119,-0.541641581621322,-0.640901589259779
"2020-11-27",160.563003540039,160.809494018555,159.502502441406,159.766998291016,47858000,159.766998291016,156.760675048828,158.368140258789,136.587744560242,157.186894410804,157.733903630718,53.3275293670471,-0.346792418955688,-0.582079755198961
"2020-11-30",160.42399597168,161.419494628906,156.277496337891,158.401992797852,81278000,158.401992797852,157.090399932861,158.581270141602,136.846037025452,157.373832624196,157.783391717172,51.0041853864729,-0.259570470959758,-0.517577898351121
"2020-12-01",159.425003051758,162.447494506836,157.858993530273,161.003997802734,90740000,161.003997802734,157.629399871826,158.840880126953,137.112139511108,157.93231957474,158.021955130917,55.0265094566895,-0.0567234825712859,-0.425407015195154
"2020-12-02",161.082504272461,161.600006103516,158.662994384766,160.176498413086,62586000,160.176498413086,158.017199707031,158.915420227051,137.370466995239,158.277577857562,158.181550929597,53.5216639362776,0.0607067811647433,-0.328184255923174
"2020-12-03",160.272994995117,161.432006835938,159.065505981445,159.336502075195,57840000,159.336502075195,157.88112487793,159.102290344238,137.628874511719,158.44048927566,158.267102866308,51.9680233866023,0.109553031686316,-0.240636798401276
"2020-12-04",159.910507202148,159.910507202148,157.938003540039,158.128997802734,58272000,158.128997802734,157.482574462891,159.24508026123,137.895527000427,158.392567510594,158.256872861598,49.733100992479,0.0857432897176436,-0.175360780777492
"2020-12-07",157.824005126953,159.037994384766,157.084503173828,157.899993896484,55026000,157.899993896484,157.09914932251,159.307950134277,138.182704467773,158.316786954577,158.230437382701,49.3000762251555,0.0545720363948732,-0.129374217343019
"2020-12-08",157.945007324219,159.206497192383,156.001007080078,158.864501953125,65726000,158.864501953125,157.183024597168,159.311190185547,138.483841972351,158.401050800508,158.277405128658,51.2262736054057,0.0781195975185556,-0.0878754543707043
"2020-12-09",158.394500732422,158.721496582031,154.399993896484,155.210006713867,82016000,155.210006713867,157.355974578857,159.270510253906,138.764994506836,157.910120941025,158.050190431266,44.3508199503059,-0.0886234239008021,-0.0880250482767238
"2020-12-10",154.449493408203,157.104995727539,153.800003051758,155.074493408203,60604000,155.074493408203,157.266223907471,159.223270263672,139.069291992187,157.47387055136,157.829768429558,44.1143761351203,-0.225494773096135,-0.115518993240606
"2020-12-11",154.832992553711,155.933502197266,153.641006469727,155.820999145508,61294000,155.820999145508,157.281573486328,159.118430175781,139.377459487915,157.219582642767,157.680970704814,45.8277000360736,-0.29260858807767,-0.150936912208019
"2020-12-14",157.149993896484,159.523498535156,156.300003051758,157.848495483398,83116000,157.848495483398,157.351972961426,159.150400085449,139.678214454651,157.316338464403,157.693379947672,50.2856269938997,-0.239097851408987,-0.168569100048212
"2020-12-15",159.050506591797,159.425003051758,156.524505615234,158.255996704102,66390000,158.255996704102,157.43712310791,159.116319885254,139.992246932983,157.46090127051,157.735055262963,51.1556358100047,-0.173806635434071,-0.169616607125384
"2020-12-16",158.800506591797,162.350006103516,158.184005737305,162.048004150391,88552000,162.048004150391,157.700373077393,159.257319946289,140.308529472351,158.166609405876,158.054532958328,58.4435760954669,0.0709099862248985,-0.121511288455328
"2020-12-17",162.5,163.175506591797,161.050003051758,161.804000854492,69486000,161.804000854492,158.026923370361,159.297709960938,140.636541976929,158.726208090279,158.332271321007,57.845479998225,0.248803838905021,-0.047448262983258
"2020-12-18",162.199493408203,162.470993041992,158.580001831055,160.082504272461,119914000,160.082504272461,158.238498687744,159.308810119629,140.961682014465,158.934869041384,158.4619182063,53.6721891643744,0.298463403976013,0.0217340704085962
"2020-12-21",160.000503540039,161.348495483398,158.300003051758,160.309005737305,76736000,160.309005737305,158.505448913574,159.228340148926,141.313074531555,159.14627468691,158.598739504893,54.1409847148653,0.345232997265188,0.0864338557799145
"2020-12-22",160.141998291016,161.100006103516,159.003997802734,160.32600402832,47388000,160.32600402832,158.775774383545,158.991930236816,141.641749534607,159.327771508666,158.726685025146,54.1784587382941,0.378692772058953,0.144885639035722
"2020-12-23",160.25,160.506500244141,159.20849609375,159.26350402832,41876000,159.26350402832,158.943799591064,158.733570251465,141.982852058411,159.317884203997,158.766449395752,51.3536732448791,0.347324519974901,0.185373415223558
"2020-12-24",159.695007324219,160.100006103516,158.449996948242,158.634506225586,29038000,158.634506225586,158.912850189209,158.542550354004,142.35687210083,159.212749130395,158.756675827592,49.7015824272371,0.287278188728912,0.205754369924629
"2020-12-28",159.699996948242,165.199996948242,158.634506225586,164.197998046875,113736000,164.197998046875,159.134400177002,158.487860412598,142.731612091064,159.979710502161,159.159736732724,61.4996336004239,0.515189196885091,0.267641335316721
"2020-12-29",165.496994018555,167.532501220703,164.061004638672,166.100006103516,97458000,166.100006103516,159.519300842285,158.53715057373,143.139824638367,160.921294440831,159.67383076019,64.560167509825,0.781257438806704,0.370364556014718
"2020-12-30",167.050003051758,167.104995727539,164.123504638672,164.292495727539,64186000,164.292495727539,159.683725738525,158.615790405273,143.509327125549,161.439940792633,160.015954091105,59.7030151379476,0.889902953500044,0.474272235511783
"2020-12-31",163.75,164.14599609375,162.059997558594,162.846496582031,59144000,162.846496582031,159.817225646973,158.655710449219,143.866059608459,161.656333991002,160.225623905247,56.0688029224241,0.892934632353426,0.558004714880111
"2021-01-04",163.5,163.600006103516,157.20100402832,159.331497192383,88228000,159.331497192383,159.816975402832,158.657400512695,144.192484588623,161.298666791214,160.159392296887,48.3622155176223,0.711337922795852,0.58867135646326
"2021-01-05",158.300506591797,161.169006347656,158.253005981445,160.925506591797,53110000,160.925506591797,159.956800842285,158.699510498047,144.535589637756,161.241257529765,160.216141503917,51.6104173586234,0.639833175499938,0.598903720270595
"2021-01-06",157.324005126953,159.875503540039,156.557998657227,156.919006347656,87896000,156.919006347656,159.907751464844,158.633490600586,144.844477157593,160.576295809441,159.97190927012,44.10134600506,0.377807917701412,0.554684559756758
"2021-01-07",157.850006103516,160.427001953125,157.75,158.108001708984,70290000,158.108001708984,159.869926452637,158.588610534668,145.149992179871,160.196558255524,159.833842043369,46.5851129584773,0.226933299930687,0.489134307791544
"2021-01-08",159,159.531997680664,157.110000610352,159.134994506836,70754000,159.134994506836,160.066175842285,158.48498046875,145.47420715332,160.033240755726,159.782075559182,48.7052049896313,0.157192348181412,0.422745915869518
"2021-01-11",157.400497436523,157.819000244141,155.5,155.710494995117,73668000,155.710494995117,160.097975921631,158.436410217285,145.763887138367,159.368202946402,159.480476998881,42.6292507675266,-0.0703998725058663,0.324116758194441
"2021-01-12",156,157.106994628906,154.300003051758,156.04150390625,70292000,156.04150390625,160.109001159668,158.346230163574,146.069069671631,158.856403094071,159.225738251278,43.364701478174,-0.231956944438749,0.212902017667803
"2021-01-13",156.421997070312,159.497497558594,156.10400390625,158.294494628906,66424000,158.294494628906,160.131301116943,158.475970153809,146.369554634094,158.769955637891,159.156757242214,48.2293459242234,-0.243031845473951,0.121715245039452
"2021-01-14",158.376007080078,158.899993896484,156.029495239258,156.373504638672,61418000,156.373504638672,160.037176513672,158.598960266113,146.663992156982,158.401270868781,158.950590382692,44.7035565270232,-0.345591364328224,0.028253923165917
"2021-01-15",156.151000976562,157.127502441406,154.758499145508,155.212493896484,84880000,155.212493896484,159.695401000976,158.654800109863,146.963129615784,157.91068979612,158.673694346677,42.6730941411722,-0.480863922465868,-0.0735696459604401
"2021-01-19",155.350006103516,157.25,154.800003051758,156.037994384766,66102000,156.037994384766,159.40710067749,158.534400024414,147.263612098694,157.622582809758,158.478457312461,44.5998624536079,-0.54005731581297,-0.166867179930946
"2021-01-20",159.099502563477,163.990005493164,158.75,163.169006347656,106196000,163.169006347656,159.56142578125,158.475780029297,147.602809638977,158.475878738665,158.825905389142,57.7959140757526,-0.220383853389361,-0.177570514622629
"2021-01-21",164.649993896484,167.427505493164,164.478500366211,165.349502563477,98722000,165.349502563477,159.813450622558,158.471400146484,147.930159645081,159.533359327098,159.309134809463,60.8655131945013,0.1407480606197,-0.113906799574163
"2021-01-22",165.21549987793,166.095504760742,164.158004760742,164.61149597168,56438000,164.61149597168,160.027725219727,158.619890136719,148.250317115784,160.314611118572,159.701902302961,59.2936140693632,0.383657806685767,-0.0143938783221773
"2021-01-25",166.425003051758,168.19450378418,162.157501220703,164.699996948242,74996000,164.699996948242,160.299549865723,158.878869934082,148.563067092895,160.989285861598,160.072131535945,59.4289279574084,0.572963149083461,0.10307752715895
"2021-01-26",164.817993164062,166.899993896484,164.143493652344,166.306503295898,59104000,166.306503295898,160.683149719238,159.067609863281,148.883909606934,161.807319313029,160.533936851497,61.904483954579,0.793216989819401,0.24110541969104
"2021-01-27",167.074493408203,167.32600402832,160.35400390625,161.628997802734,93204000,161.628997802734,160.554699707031,159.189909667969,149.149837112427,161.779885234522,160.615052477514,51.9626961088853,0.725232622372451,0.337930860227323
"2021-01-28",161.751998901367,165.083999633789,161.434494018555,161.880996704102,62984000,161.880996704102,160.34374923706,159.298719482422,149.388412094116,161.795440845227,160.708826123928,52.4061639366066,0.676138795550885,0.405572447292035
"2021-01-29",161.5,161.849502563477,159.227493286133,160.309997558594,85872000,160.309997558594,160.144624328613,159.373859558105,149.613042068481,161.566911108822,160.679283267237,49.3476401133084,0.552422081761761,0.43494237418598
"2021-02-01",162.11799621582,167.513000488281,161.751495361328,167.143997192383,83204000,167.143997192383,160.359499359131,159.581079406738,149.846714553833,162.424924352446,161.158150965396,60.2230308763259,0.786043634443656,0.505162626237516
"2021-02-02",169,171.386993408203,168.056503295898,169,141972000,169,160.842924499512,159.855619506836,150.097964553833,163.43647445207,161.739028671663,62.5732872119294,1.04949670734895,0.614029442459803
"2021-02-03",171.250503540039,171.699996948242,165.430999755859,165.626495361328,141776000,165.626495361328,161.077973937988,160.051129455566,150.327694549561,163.773400745802,162.026989167194,56.0865053886978,1.07785226867754,0.70679400770335
"2021-02-04",166.5,167.350006103516,163.887496948242,166.550003051758,73414000,166.550003051758,161.559523773193,160.282729492187,150.578414573669,164.200570331334,162.362027232717,57.388796303849,1.13237259348928,0.791909724860536
"2021-02-05",165.949996948242,168.850006103516,165.135498046875,167.607498168945,72416000,167.607498168945,162.034498596191,160.536489562988,150.825579566956,164.724713075582,162.7505806354,58.8921371189537,1.2129802747701,0.87612383484245
"2021-02-08",167.925003051758,168.25,165.199996948242,166.147003173828,65148000,166.147003173828,162.385099029541,160.741369628906,151.056452064514,164.94352693685,163.002167490099,55.9559334518908,1.19100222815716,0.939099513505391
"2021-02-09",165.624496459961,166.899993896484,164.891998291016,165.25,44070000,165.25,162.862074279785,160.861299743652,151.28014705658,164.990676638873,163.168673601943,54.1695978112586,1.11663776919269,0.97460716464285
"2021-02-10",165.699996948242,165.897506713867,162.699996948242,164.328994750977,63032000,164.328994750977,163.276448822022,160.952539672851,151.507792015076,164.888879425351,163.254623316686,52.3226301382883,1.00104736727371,0.979895205169022
"2021-02-11",164.600006103516,164.600006103516,162.40299987793,163.106506347656,46028000,163.106506347656,163.517049407959,161.046629943848,151.744804534912,164.614668182628,163.243651689351,49.891022954313,0.839858995488907,0.951887963232999
"2021-02-12",162.5,164.012496948242,161.665496826172,163.885498046875,46706000,163.885498046875,163.892649078369,161.10425994873,151.971054534912,164.502488161743,163.291195863982,51.4396900335823,0.741798901864854,0.90987015095937
"2021-02-16",162.702499389648,165.414993286133,162.679504394531,163.447494506836,51494000,163.447494506836,164.304399108887,161.169679870605,152.169792022705,164.340181445604,163.302773541231,50.4947201382005,0.635266555415281,0.854949431850553
"2021-02-17",163.179992675781,166.045501708984,162.975006103516,165.432006835938,65950000,165.432006835938,164.774099731445,161.29158996582,152.425442047119,164.508154582578,163.460494526024,54.5671229945975,0.640925539588144,0.812144653398071
"2021-02-18",164.121002197266,166.899993896484,163.697006225586,166.411499023438,60548000,166.411499023438,164.936224365234,161.457239990234,152.678502044678,164.800976804249,163.679087451758,56.4704577246791,0.685420092424094,0.786799741203276
"2021-02-19",166.411499023438,166.675003051758,162.287506103516,162.494995117188,86104000,162.494995117188,164.79349899292,161.549140014648,152.911527023315,164.446210390855,163.591376908457,47.840260175339,0.522541895882811,0.733948172139183
"2021-02-22",160.406494140625,161.615997314453,158.613006591797,159.037002563477,70314000,159.037002563477,164.51477432251,161.552590026855,153.118897018433,163.614024571258,163.254015845866,41.770405497499,0.220520593951323,0.631262656501611
"2021-02-23",156.351501464844,160.23649597168,154.679992675781,159.725006103516,93544000,159.725006103516,164.266024780274,161.642890014648,153.325619544983,163.015714037759,162.992607716803,43.3115060712311,0.0141762999442019,0.507845385190129
"2021-02-24",158.337493896484,158.561492919922,156.268997192383,157.976501464844,60226000,157.976501464844,163.849524688721,161.700930175781,153.520599555969,162.240450565003,162.621044290732,40.3861391080085,-0.234037192042635,0.359468869743576
"2021-02-25",156.837005615234,158.912994384766,152.388000488281,152.858001708984,90676000,152.858001708984,163.410974884033,161.641670227051,153.682639579773,160.796996894846,161.897855951343,33.2963370872837,-0.679971362207155,0.15158082335343
"2021-02-26",154.759994506836,156.121994018555,151.835006713867,154.646499633789,85518000,154.646499633789,163.049250030518,161.577630310059,153.866634559631,159.850766546991,161.360718446339,37.4296723864518,-0.935761760288434,-0.0658876933749427
"2021-03-01",156.394500732422,157.477996826172,154.899505615234,157.307006835938,54582000,157.307006835938,162.899100494385,161.558650512695,154.061189575195,159.459418899137,161.060443512235,43.0800342936979,-0.994052033003667,-0.251520561300688
"2021-03-02",157.173492431641,158.175994873047,154.356002807617,154.726501464844,51916000,154.726501464844,162.278225708008,161.412220458984,154.237609596252,158.7312777554,160.591262619836,39.3667171073743,-1.15821049918468,-0.432858548877485
"2021-03-03",154.059005737305,155.389007568359,149.75,150.25,79774000,150.25,161.340725708008,161.181140441894,154.386414604187,157.426465793031,159.825243166515,33.9067414236074,-1.5008751596173,-0.646461871025448
"2021-03-04",150.600006103516,152.906494140625,147.271499633789,148.878494262695,109632000,148.878494262695,160.503325653076,160.957060241699,154.5242420578,156.111393249902,159.014372877343,32.4229997877105,-1.8256083238967,-0.882291161599698
"2021-03-05",150.25,150.449996948242,144.050003051758,150.022994995117,107772000,150.022994995117,159.676975250244,160.751340026855,154.662024536133,155.17471659532,158.348344886067,34.979952189344,-2.00420679674971,-1.1066742886297
"2021-03-08",150.75,153.229507446289,147.565505981445,147.597503662109,83700000,147.597503662109,158.676475524902,160.496770019531,154.775527038574,154.008991528672,157.551986276885,32.19934814763,-2.24877821723328,-1.33509507435042
"2021-03-09",150.899505615234,154.548004150391,150.257507324219,153.142501831055,80600000,153.142501831055,158.026250457764,160.374349975586,154.9295545578,153.875685421346,157.225357799416,43.2965991340023,-2.13049117836523,-1.49417429515338
"2021-03-10",154.922500610352,155.822998046875,151.502502441406,152.88200378418,60250000,152.88200378418,157.407850646973,160.259299926758,155.084744567871,153.722811323321,156.903627872361,42.9410156350222,-2.02724219457076,-1.60078787503686
"2021-03-11",155.200500488281,156.589004516602,154.146499633789,155.679504394531,55528000,155.679504394531,156.975376129151,160.088930053711,155.257677078247,154.023841026584,156.812952059189,47.8904496844371,-1.77862287265169,-1.63635487455982
"2021-03-12",153.75,154.949005126953,152.274993896484,154.474502563477,48438000,154.474502563477,156.543775939942,159.85641998291,155.427452087402,154.093173570721,156.639733578025,46.0379846937374,-1.62574332140019,-1.6342325639279
"2021-03-15",153.728500366211,154.111999511719,151.604507446289,154.083999633789,58272000,154.083999633789,156.053701019287,159.652250061035,155.597597084045,154.091762195809,156.450419952526,45.4247664456157,-1.50760717512499,-1.60890748616731
"2021-03-16",155.248504638672,156.445495605469,153.792999267578,154.593002319336,50776000,154.593002319336,155.610976409912,159.487180175781,155.759969596863,154.168876060967,156.312833461179,46.4264479812483,-1.371581176503,-1.56144222423445
"2021-03-17",153.660995483398,158.652496337891,153.511001586914,156.786499023438,62372000,156.786499023438,155.178701019287,159.436280212402,155.926142082214,154.571587285962,156.347919799124,50.6316268843731,-1.13614080407578,-1.47638194020272
"2021-03-18",155.050003051758,155.831497192383,151.25,151.399505615234,72992000,151.399505615234,154.428101348877,159.245760192871,156.065037117004,154.083574721235,155.981370600317,41.9274679562517,-1.21668111504494,-1.42444177517116
"2021-03-19",151.461502075195,153.864501953125,150.831497192383,153.748001098633,92508000,153.748001098633,153.990751647949,159.182340087891,156.214177131653,154.031948010065,155.815935822415,46.2645144318845,-1.14493283561349,-1.36853998725963
"2021-03-22",153.392501831055,156.328994750977,153.002502441406,155.543502807617,58044000,155.543502807617,153.816076660156,159.131050109863,156.376744651794,154.264494901996,155.795755599096,49.3773012915042,-0.982864193707733,-1.29140482854925
"2021-03-23",156.350006103516,159.100006103516,156.042495727539,156.875,76346000,156.875,153.673576354981,159.085850219726,156.540369644165,154.66611107092,155.875699628793,51.6156721084526,-0.775995591842349,-1.18832298120787
"2021-03-24",157.552001953125,158.015502929688,154.257507324219,154.353500366211,59180000,154.353500366211,153.492426300049,159.058710327148,156.681122131348,154.618017116349,155.762944127861,47.3461907427039,-0.73504453701877,-1.09766729237005
"2021-03-25",153.649505615234,155.488998413086,151.856994628906,152.313003540039,71270000,152.313003540039,153.465176391602,158.984140319824,156.79247215271,154.263399643071,155.507392973207,44.1626503667457,-0.799957678121987,-1.03812536952044
"2021-03-26",152.203002929688,152.832992553711,149.800003051758,152.601501464844,66258000,152.601501464844,153.362926483154,158.870280456543,156.893617172241,154.007723000267,155.292141750366,44.7285219054655,-0.827098355152844,-0.995919966646918
"2021-03-29",152.772003173828,154.5625,151.422500610352,153.786499023438,54920000,153.786499023438,153.186901092529,158.818540344238,157.023059654236,153.973688542293,155.180612659482,47.0999428000244,-0.777754447868684,-0.952286862891271
"2021-03-30",153.500503540039,153.649993896484,151.699996948242,152.764495849609,46752000,152.764495849609,153.088800811768,158.769580383301,157.15062713623,153.787658897265,155.001641043936,45.294944619112,-0.783205996075276,-0.918470689528072
"2021-03-31",153.203002929688,155.966506958008,153.125,154.703994750977,61878000,154.703994750977,153.311500549316,158.742900390625,157.280977096558,153.92863364399,154.979593170383,49.2683031454458,-0.678127684357943,-0.870402088494046
"2021-04-01",155.897003173828,158.121994018555,155.777496337891,158.050003051758,58806000,158.050003051758,153.77007598877,158.640520324707,157.417409591675,154.562690475954,155.207030939374,55.3002504833355,-0.415149017103311,-0.779351474215899
"2021-04-05",158.649993896484,161.798004150391,158.061996459961,161.336502075195,66698000,161.336502075195,154.335751342774,158.560260314941,157.563847122192,155.604815337376,155.661065838324,60.2939868558799,-0.0361365256270729,-0.630708484498134
"2021-04-06",161.1875,162.365493774414,160.852005004883,161.190994262695,50756000,161.190994262695,155.015425872803,158.491850280762,157.706307067871,156.464227479733,156.070690166055,59.9745207442362,0.252153247518061,-0.454136138094895
"2021-04-07",161.690002441406,165.18049621582,161.182495117188,163.969497680664,66924000,163.969497680664,155.556775665283,158.47724029541,157.857402038574,157.618884433722,156.655787018989,63.907135887911,0.614785724204547,-0.240351765635007
"2021-04-08",165.544998168945,166.225006103516,164.600006103516,164.964996337891,56242000,164.964996337891,156.160925292969,158.45041015625,158.00377204895,158.749055495902,157.271284005574,65.2254557051635,0.939632113816247,-0.00435498974475604
"2021-04-09",165.235000610352,168.610000610352,164.445007324219,168.610000610352,86830000,168.610000610352,156.80745010376,158.590030212402,158.155719528198,160.266123975048,158.111188939262,69.6033670259411,1.36292380712808,0.269100769629811
"2021-04-12",167.760498046875,169.751998901367,167.557495117188,168.969497680664,65636000,168.969497680664,157.532199859619,158.731800231934,158.316967010498,161.605104545143,158.915508105291,70.0044592164171,1.69246945871977,0.553774507447803
"2021-04-13",170.042495727539,171.600006103516,169.781494140625,170,66316000,170,158.32799987793,158.925600280762,158.478321990967,162.896626922813,159.736581578973,71.178475126452,1.97828531987041,0.838676669932324
"2021-04-14",170.201995849609,170.206497192383,166.300003051758,166.649993896484,62904000,166.649993896484,158.930849456787,158.915720214844,158.638354492187,163.474067995686,160.248686195085,62.6006456774516,2.01273525367542,1.07348838668094
"2021-04-15",168.550003051758,169.850006103516,167.600006103516,168.954498291016,64672000,168.954498291016,159.539249420166,158.914810180664,158.813031997681,164.317211118044,160.893561165154,65.6659292041959,2.12789742988873,1.2843701953225
"2021-04-16",169,170.339996337891,167.779495239258,169.97200012207,63720000,169.97200012207,160.467874145508,159.001720275879,158.973187026978,165.187178657125,161.566038124926,66.9537946365118,2.24127581156581,1.47575131857116
"2021-04-19",169.516494750977,171.796493530273,168.007995605469,168.600494384766,54508000,168.600494384766,161.210498809815,159.042730102539,159.096514511108,165.712304153685,162.087108958988,63.4964570010712,2.23657218515405,1.62791549188774
"2021-04-20",168.679992675781,169.149505615234,165.800003051758,166.734497070312,52460000,166.734497070312,161.770048522949,159.025270080566,159.207611999512,165.869564602397,162.431359930197,59.0302457793938,2.11671236002531,1.72567486551525
"2021-04-21",165.800003051758,168.143005371094,165.190505981445,168.100997924805,44224000,168.100997924805,162.33134841919,159.064349975586,159.283856964111,166.212862036614,162.851333114983,61.183473733054,2.06417034317865,1.79337396104793
"2021-04-22",168.583999633789,168.643493652344,165.072494506836,165.451995849609,51612000,165.451995849609,162.886273193359,159.068389892578,159.361086959839,166.095805700151,163.043974799029,55.134180353108,1.8717839189603,1.80905595263041
"2021-04-23",165.955001831055,168.75,165.425003051758,167.044006347656,63856000,167.044006347656,163.62282333374,159.122690124512,159.426029510498,166.241682722844,163.340273432261,57.8325191941124,1.77629755945439,1.8025042739952
"2021-04-26",167.399993896484,171.422500610352,166.546997070312,170.449996948242,97614000,170.449996948242,164.51524810791,159.269559936523,159.482621994019,166.889115680598,163.86691961863,62.9644612742222,1.84429906231316,1.81086323165879
"2021-04-27",172.173492431641,173,169.900497436523,170.871505737305,76542000,170.871505737305,165.369498443604,159.409280090332,159.536979522705,167.501791073937,164.385777849643,63.5555911020177,1.89554915580628,1.82780041648829
"2021-04-28",171.740005493164,174.494003295898,171.25,172.925003051758,92638000,172.925003051758,166.377523803711,159.59883026123,159.625604553223,168.336131378217,165.0183130498,66.3716513191049,2.01057583676585,1.8643555005438
"2021-04-29",175.255004882812,175.722503662109,171.75,173.565505981445,153648000,173.565505981445,167.320599365234,159.761500244141,159.722432098389,169.140650547945,165.651438452144,67.2223972466491,2.10635786106328,1.9127559726477
"2021-04-30",176.255996704102,177.699996948242,173.125,173.371002197266,140186000,173.371002197266,168.08664932251,159.900690307617,159.837069625854,169.79147387861,166.223257988819,66.6708005899212,2.1466405682111,1.95953289176038
"2021-05-03",174.23649597168,174.332504272461,168.634994506836,169.324493408203,117510000,169.324493408203,168.48604888916,160.037280273437,159.93371711731,169.719630729316,166.452979130996,56.3173129226193,1.96250713887764,1.96012774118383
"2021-05-04",167.809494018555,168.399002075195,163.606506347656,165.593505859375,108788000,165.593505859375,168.706174468994,160.168410339355,160.021192169189,169.084842287787,166.389314444209,48.7934552933192,1.62001259070124,1.89210471108731
"2021-05-05",166.942993164062,167.735000610352,163.218002319336,163.526992797852,74226000,163.526992797852,168.684049224854,160.244450073242,160.039617156982,168.229788520105,166.177290618553,45.1921442699717,1.23512538561168,1.76070884599219
"2021-05-06",163.5,165.720001220703,162.360000610352,165.318496704102,88954000,165.318496704102,168.701724243164,160.391289978027,160.081637115479,167.781897471489,166.11367625452,48.725328106293,1.00426482309199,1.60942004141215
"2021-05-07",165.954498291016,166.544494628906,164.453506469727,164.580505371094,94206000,164.580505371094,168.500249481201,160.625740051269,160.129562149048,167.28937560989,166.000108040933,47.3706049933119,0.776666704722295,1.44286937407418
"2021-05-10",164.115997314453,164.149993896484,159.5,159.524505615234,116772000,159.524505615234,168.02799987793,160.723300170898,160.180547180176,166.094780226096,165.520433787177,39.307356071184,0.346994280873947,1.22369435543413
"2021-05-11",156.813995361328,161.899993896484,156.368499755859,161.195495605469,92396000,161.195495605469,167.587774658203,160.801069946289,160.234297180176,165.341044130615,165.20006799594,42.7742768111526,0.0853366081418283,0.996022805975671
"2021-05-12",159.25,160.397003173828,156.654998779297,157.59700012207,98728000,157.59700012207,167.135124969482,160.858479919433,160.258479690552,164.149652744685,164.63687778306,37.7705563939632,-0.295939187462668,0.737630407288003
"2021-05-13",159.273498535156,160.192001342773,156.649993896484,158.073501586914,67018000,158.073501586914,166.591075134277,161.014949951172,160.298764724731,163.214860258874,164.150701768531,38.791611697587,-0.570111184158284,0.476082088998746
"2021-05-14",159.27799987793,161.442993164062,159.149993896484,161.145004272461,66500000,161.145004272461,166.149725341797,161.260280151367,160.346107254028,162.896420876349,163.928057509563,45.0503865884434,-0.629322794942244,0.255001112210548
"2021-05-17",162.296493530273,164.637496948242,161.729507446289,163.519500732422,74478000,163.519500732422,165.89567565918,161.530210266113,160.400734786987,162.992279315745,163.897794044589,49.3612720642554,-0.552487441410054,0.0935034014864273
"2021-05-18",164.628997802734,165.600006103516,161.518493652344,161.613998413086,56568000,161.613998413086,165.639650726318,161.810540161133,160.417634811401,162.780236099951,163.728623997811,46.2271115113052,-0.57924379665758,-0.0410460381423742
"2021-05-19",159.75,161.737503051758,159.199996948242,161.589996337891,53594000,161.589996337891,165.314100646973,161.979490051269,160.447612304688,162.597122290404,163.570207134114,46.1873299569902,-0.594903473413222,-0.151817525196544
"2021-05-20",162.220001220703,162.983993530273,161.809005737305,162.384002685547,52664000,162.384002685547,165.16070098877,162.169530029297,160.474824829102,162.564334658887,163.482340137923,47.7880478055585,-0.56153189284045,-0.233760398725325
"2021-05-21",162.5,162.834503173828,159.850494384766,160.154006958008,82098000,160.154006958008,164.816201019287,162.259020080566,160.474337387085,162.193515012598,163.235796939411,43.8434751773833,-0.638513087420423,-0.314710936464345
"2021-05-24",160.774993896484,162.897506713867,160.524993896484,162.249496459961,48456000,162.249496459961,164.406175994873,162.414519958496,160.479334869385,162.202127542962,163.162737644637,48.1726563336646,-0.588743554773941,-0.369517460126264
"2021-05-25",163.33349609375,163.990997314453,160.688003540039,162.952499389648,65222000,162.952499389648,164.01022567749,162.591889953613,160.50223236084,162.317569365529,163.147164440564,49.5770539402859,-0.508494939449178,-0.397312955990847
"2021-05-26",163.729507446289,164.786499023438,162.925506591797,163.257995605469,47680000,163.257995605469,163.526875305176,162.765189819336,160.531482315063,162.46225032552,163.155374156483,50.2084762619918,-0.424824394873069,-0.402815243767291
"2021-05-27",162.800003051758,163.018005371094,161.501998901367,161.505493164062,51224000,161.505493164062,162.923874664307,162.859569702148,160.568842315674,162.315056916065,163.033160749637,46.6031508118268,-0.440464890866565,-0.410345173187146
"2021-05-28",162.100006103516,162.399505615234,160.985000610352,161.153503417969,46596000,161.153503417969,162.312999725342,163.054649658203,160.584049835205,162.136356377896,162.893926873217,45.8903876868033,-0.465069821731634,-0.421290102896044
"2021-06-01",162.175003051758,162.54899597168,160.453002929688,160.932495117188,48600000,160.932495117188,161.893399810791,163.198339538574,160.598457336426,161.951146953172,162.74863563203,45.4206594847192,-0.490012512707627,-0.43503458485836
"2021-06-02",161.154998779297,161.75,160.399993896484,161.699493408203,40290000,161.699493408203,161.698699188233,163.321459350586,160.619949798584,161.912431023177,162.670921393228,47.4316933795107,-0.466272867673501,-0.441282241421388
"2021-06-03",160.211502075195,160.72200012207,159.201507568359,159.350494384766,47966000,159.350494384766,161.489874267578,163.370969238281,160.621099777222,161.518286924959,162.424963837045,42.2921557206183,-0.558212783716794,-0.46466834988047
"2021-06-04",160.600006103516,161.050003051758,159.940505981445,160.311004638672,44994000,160.311004638672,161.239499664307,163.49011932373,160.594532318115,161.332551188608,162.268374266795,44.9203094620978,-0.576713165714693,-0.487077313047314
"2021-06-07",159.866500854492,160.399993896484,158.610000610352,159.900497436523,44316000,159.900497436523,161.005499267578,163.64186920166,160.578914794922,161.112235226748,162.092975983071,43.9980506575624,-0.605048275765829,-0.510671505591017
"2021-06-08",161.130493164062,163.976501464844,160.900497436523,163.205505371094,68334000,163.205505371094,161.189549255371,163.853949279785,160.570599822998,161.434276787417,162.175385567369,52.4605828224787,-0.456979816856751,-0.499933167844164
"2021-06-09",163.643493652344,164.878997802734,163.535003662109,164.057495117188,49110000,164.057495117188,161.332649230957,164.05936920166,160.569707336426,161.837848838151,162.314801089578,54.3746194008552,-0.29384396754063,-0.458715327783457
"2021-06-10",164.100494384766,167.550003051758,164.057495117188,167.482498168945,69530000,167.482498168945,161.826924133301,164.353729248047,160.580254821777,162.706256427504,162.697593465828,61.1468786209388,0.00532457886541771,-0.365907346453682
"2021-06-11",167.482498168945,168.328994750977,166.672500610352,167.341506958008,56348000,167.341506958008,162.290324401856,164.606479492187,160.580339889526,163.419371893735,163.041587057841,60.7471468030509,0.231710720382194,-0.246383733086507
"2021-06-14",167.341506958008,169.25,166.774993896484,169.193496704102,51394000,169.193496704102,162.692749023438,164.829349365234,160.56584487915,164.307698787638,163.497284068675,64.0698018729533,0.495674728530848,-0.0979720407630359
"2021-06-15",169.199996948242,169.849502563477,168.155502319336,169.156494140625,48524000,169.156494140625,162.974598693848,164.985749206543,160.561627349854,165.053667303482,163.916484814746,63.9533208844642,0.69375724474674,0.0603738163389193
"2021-06-16",169.600006103516,171.317504882812,168.026504516602,170.762496948242,84056000,170.762496948242,163.432023620606,165.177179260254,160.564989852905,165.931948787291,164.423596824634,66.7765466577185,0.917357357329807,0.231770524537097
"2021-06-17",170.158996582031,174.860000610352,170.050003051758,174.462005615234,102730000,174.462005615234,164.075624084473,165.387029418945,160.574559860229,167.244265222359,165.167182660975,72.1815473231242,1.25756371690853,0.436929163011383
"2021-06-18",173.999496459961,175.350006103516,173.685501098633,174.345001220703,104954000,174.345001220703,164.673674011231,165.574629516601,160.571504898071,168.336686145181,165.847021072807,71.7837881898704,1.50118166504896,0.649779663418897
"2021-06-21",173.820999145508,174.100006103516,171.699996948242,172.697998046875,65542000,172.697998046875,165.300873565674,165.656389465332,160.552132415771,169.00765720698,166.354500848664,66.2495969882815,1.59488101901768,0.838799934538654
"2021-06-22",172.90299987793,176.188995361328,172.804504394531,175.272003173828,66902000,175.272003173828,165.951998901367,165.782439575195,160.586492462158,169.971402740342,167.015056576453,70.1259359704446,1.77010757262765,1.02506146215645
"2021-06-23",175.25,176.050003051758,174.160003662109,175.190994262695,56266000,175.190994262695,166.56392364502,165.886259460449,160.638792419434,170.774416820704,167.620681590249,69.8540152945783,1.88147142735282,1.19634345519573
"2021-06-24",175.38200378418,176.24299621582,171.542495727539,172.453994750977,76640000,172.453994750977,167.023723602295,166.002339477539,160.713602371216,171.032813425361,167.97870478734,61.2170257439904,1.81815227227018,1.32070521861062
"2021-06-25",173.199996948242,173.240997314453,169.708999633789,170.072998046875,78820000,170.072998046875,167.452098846436,166.024709472656,160.746814880371,170.885149520979,168.13383762138,54.8620773914085,1.63638202667722,1.38384058022394
"2021-06-28",170.800003051758,172.399993896484,170.675506591797,172.19450378418,44856000,172.19450378418,168.004148864746,166.069159545898,160.814009933472,171.086588638394,168.434627707513,58.9510307441045,1.57447489686402,1.42196744355195
"2021-06-29",171.940994262695,172.801498413086,171.151504516602,172.406997680664,41968000,172.406997680664,168.57787399292,166.145289611816,160.896989898682,171.289728491051,168.728877335154,59.3482558641436,1.51773140220122,1.44112023528181
"2021-06-30",172.052993774414,173.580001831055,171.75,172.007995605469,48080000,172.007995605469,169.093299102783,166.250759582519,160.981287384033,171.400231124038,168.971774984807,58.2092143220023,1.43719632432693,1.44033545309083
"2021-07-01",171.730499267578,172.850006103516,170.470993041992,171.648498535156,40742000,171.648498535156,169.708199310303,166.321709594726,161.050497360229,171.438426110364,169.170050803351,57.1450345795966,1.34088468747333,1.42044529996733
"2021-07-02",172.582000732422,175.585998535156,171.845993041992,175.54899597168,63388000,175.54899597168,170.470098876953,166.523649597168,161.158717346191,172.070821473644,169.642565260264,64.6881828113216,1.43139559912557,1.42263535979898
"2021-07-06",176.505493164062,184.274002075195,176.449996948242,183.787002563477,134896000,183.787002563477,171.664424133301,166.858509521484,161.325469894409,173.87331087208,170.690301356799,74.7835523444152,1.86478639382519,1.51106556660422
"2021-07-07",185.869003295898,186.710006713867,183.945495605469,184.828994750977,106562000,184.828994750977,172.745598602295,167.146089477539,161.510887374878,175.558800699602,171.73761197859,75.7287472181059,2.22501563692927,1.65385558066923
"2021-07-08",182.177993774414,187.999496459961,181.055999755859,186.570495605469,103612000,186.570495605469,173.871248626709,167.460069274902,161.70362236023,177.252907608197,172.836344099099,77.2627273474741,2.55534420848749,1.83415330623288
"2021-07-09",186.126007080078,187.399993896484,184.669998168945,185.966995239258,74964000,185.966995239258,174.795473480225,167.720909118652,161.851209869385,178.593536474514,173.808984924296,75.482352312004,2.75276422119484,2.01787548922527
"2021-07-12",187.199996948242,187.864501953125,184.839492797852,185.927505493164,51432000,185.927505493164,175.724773406983,167.968149108887,162.030882415771,179.72183940046,174.706653114583,75.3599826563228,2.87063268425636,2.18842692823149
"2021-07-13",185.104995727539,188.654006958008,183.565994262695,183.86799621582,76918000,183.86799621582,176.458498382568,168.178088989258,162.195274887085,180.359709679746,175.385271122082,69.0708970927063,2.83629208190579,2.31799995896635
"2021-07-14",185.442504882812,185.882995605469,183.04150390625,184.083999633789,65932000,184.083999633789,177.204873657227,168.473279113769,162.341912384033,180.932677364984,176.029621382208,69.3597129914847,2.78535847789481,2.41147166275204
"2021-07-15",184.710006713867,184.770004272461,181.046005249023,181.559997558594,63706000,181.559997558594,177.744748687744,168.792608947754,162.456199874878,181.029188164001,176.439278876755,62.0664113440368,2.6014101375077,2.44945935770317
"2021-07-16",181.665496826172,182.302993774414,178.522994995117,178.681503295898,80874000,178.681503295898,177.955723571777,169.095699157715,162.563387374878,180.6680058766,176.60536957447,54.9676235495591,2.30040361282311,2.41964820872716
"2021-07-19",176.628997802734,177.510498046875,174.957992553711,177.479507446289,75692000,177.479507446289,178.112448883057,169.338919372558,162.66360244751,180.177467656552,176.670120527938,52.278722572769,1.98525201552691,2.33276897008711
"2021-07-20",178.365997314453,179.600006103516,175.899993896484,178.65950012207,65114000,178.65950012207,178.410523986816,169.620499267578,162.75158493042,179.943934189709,176.817481979355,54.6253398292441,1.76818048495855,2.2198512730614
"2021-07-21",178.819000244141,179.322494506836,177.182006835938,179.259994506836,46380000,179.259994506836,178.609923553467,170.01520904541,162.866634902954,179.838712700036,176.998408833242,55.8160580022184,1.60470587589845,2.09682219362881
"2021-07-22",179.36149597168,182.001007080078,179.113494873047,181.901504516602,65308000,181.901504516602,178.945449066162,170.429329223633,162.976342391968,180.1560652872,177.361601106084,60.701457001279,1.57557451200776,1.9925726573046
"2021-07-23",182,183.30549621582,181.102005004883,182.832000732422,48726000,182.832000732422,179.464349365234,170.93402923584,163.115512390137,180.567747663388,177.76681589322,62.283485016395,1.57562127447375,1.90918238073843
"2021-07-26",183.658493041992,185.60400390625,182.362503051758,184.990997314453,58002000,184.990997314453,180.210249328613,171.47237915039,163.241544876099,181.248247609706,178.301940442941,65.7306755678451,1.65242574446782,1.85783105348431
"2021-07-27",184.925003051758,184.925003051758,179.307495117188,181.31950378418,82638000,181.31950378418,180.666499328613,171.875869140625,163.35050491333,181.259210098086,178.525463653403,56.3060465402376,1.53129216904921,1.79252327659729
"2021-07-28",181.688995361328,182.921005249023,180.050003051758,181.516006469727,59988000,181.516006469727,181.121949768067,172.235799255371,163.436422424316,181.298717232185,178.746985343501,56.6641871117236,1.42756639155628,1.71953189958909
"2021-07-29",181.387496948242,181.897506713867,179.000503540039,179.996002197266,110400000,179.996002197266,181.521350097656,172.603439331055,163.475669937134,181.098299534505,178.839505110447,53.04245128974,1.26302878251843,1.62823127617496
"2021-07-30",167.397506713867,168.406997680664,165.348999023438,166.379501342773,199312000,166.379501342773,181.257900238037,172.699229431152,163.446659927368,178.833869043469,177.916541868397,32.8108291982592,0.515594090037563,1.40570383894748
"2021-08-02",167.654998779297,167.945999145508,165.850006103516,166.574005126953,67078000,166.574005126953,180.809150695801,172.78302947998,163.43860244751,176.947736133236,177.076353961623,33.2027631053215,-0.0726341069880565,1.11003624976037
"2021-08-03",167.035995483398,169.550003051758,164.988494873047,168.311996459961,83146000,168.311996459961,180.035400390625,172.946189270019,163.445499954224,175.619160798886,176.427142294833,36.7530029994873,-0.457968930085029,0.796435213791291
"2021-08-04",168.967498779297,169.444000244141,167.27799987793,167.735992431641,43678000,167.735992431641,179.180750274658,173.055919189453,163.466002426147,174.406365665464,175.783353416078,36.0687868278616,-0.783343657891911,0.48047943945465
"2021-08-05",167.811004638672,169.449996948242,167.046005249023,168.799499511719,48670000,168.799499511719,178.292200469971,173.172859191894,163.508197402954,173.54377087258,175.266030904644,38.3508473823531,-0.982654780949177,0.187852595373885
"2021-08-06",168.75,168.75,166.451995849609,167.246994018555,52752000,167.246994018555,177.356200408936,173.252639160156,163.540179901123,172.575035971961,174.672028172341,36.3130793695977,-1.20053120257564,-0.0898241642160197
"2021-08-09",167.18049621582,167.744003295898,166.425994873047,167.093505859375,42964000,167.093505859375,176.414500427246,173.364399414062,163.579412460327,171.731723646948,174.110656149159,36.1088024608543,-1.36633366091801,-0.345126063556417
"2021-08-10",167.250503540039,167.899993896484,165.75,166.033996582031,48252000,166.033996582031,175.522800445557,173.462009277344,163.615482406616,170.855150252345,173.512385070112,34.6593909859067,-1.53143812569547,-0.582388475984228
"2021-08-11",166.572494506836,166.884994506836,163.889495849609,164.605499267578,58944000,164.605499267578,174.548875427246,173.535469360351,163.637409896851,169.893665485458,172.852615751406,32.7506048049786,-1.71183424276538,-0.808277629340458
"2021-08-12",164.5,165.725494384766,163.483505249023,165.175003051758,46282000,165.175003051758,173.729625701904,173.604979553223,163.661524887085,169.167717418735,172.28390369958,34.3039832084059,-1.80875068066682,-1.00837223960573
"2021-08-13",165.283493041992,165.303497314453,164.149993896484,164.698501586914,41134000,164.698501586914,173.030475616455,173.711939697265,163.663434906006,168.480145752301,171.722022061605,33.6045610040885,-1.88786287884564,-1.18427036745371
"2021-08-16",164.149993896484,165,160.556503295898,164.949493408203,66394000,164.949493408203,172.403974914551,173.804709472656,163.697487335205,167.936968468593,171.220353272464,34.3636959703735,-1.91763697546269,-1.33094368905551
"2021-08-17",163.875,164.024505615234,161.283996582031,162.098007202148,67758000,162.098007202148,171.575900268555,173.848659667969,163.705224838257,167.038666735294,170.544623933922,30.1465830353668,-2.05574184501202,-1.47590332024681
"2021-08-18",162.099502563477,162.705001831055,160,160.061004638672,56086000,160.061004638672,170.615950775147,173.78576965332,163.746492385864,165.965180258891,169.768059541681,27.5459553219546,-2.24004403010627,-1.6287314622187
"2021-08-19",159.70100402832,161.649993896484,159.123001098633,159.387496948242,75658000,159.387496948242,169.490250396729,173.692369689941,163.792309875488,164.953228980329,168.999128979204,26.725047773317,-2.39403600676122,-1.78179237112721
"2021-08-20",160.193496704102,160.390502929688,158.787994384766,159.997497558594,67168000,159.997497558594,168.348525238037,173.542669677734,163.830194854736,164.190808761601,168.332341466567,28.7948099869808,-2.46033095534899,-1.91750008797156
"2021-08-23",160.595001220703,164.044998168945,160.500503540039,163.293502807617,65362000,163.293502807617,167.263650512695,173.461709594726,163.836372375488,164.052761691757,167.959094158496,38.8462902895865,-2.32576419056701,-1.99915290849065
"2021-08-24",164,165.774505615234,163.72900390625,165.289001464844,51036000,165.289001464844,166.462125396729,173.383619689941,163.832317352295,164.242952426078,167.761309514522,44.0003768630924,-2.09723988124878,-2.01877030304228
"2021-08-25",165.493499755859,166.050003051758,164.307495117188,164.958999633789,33606000,164.958999633789,165.634275054932,173.299669799805,163.829269866943,164.353113534957,167.553731004838,43.3497011411368,-1.91020364075859,-1.99705697058554
"2021-08-26",164.949996948242,166.600006103516,164.800003051758,165.800003051758,41976000,165.800003051758,164.924475097656,173.200419921875,163.872334899902,164.575711922157,167.423825230536,45.5592245330913,-1.70113978966682,-1.9378735344018
"2021-08-27",166.661499023438,167.615997314453,165.6875,167.481506347656,48048000,167.481506347656,164.9795753479,173.060809936523,163.95098739624,165.022757218388,167.428097905878,49.7770021377351,-1.43664099250694,-1.83762702602283
"2021-08-30",167.871505737305,172.25,167.761001586914,171.078506469727,63844000,171.078506469727,165.204800415039,172.995480041504,164.022032394409,165.954410949363,167.698498540237,57.383200066789,-1.04001383796286,-1.67810438841083
"2021-08-31",171.240005493164,173.628997802734,169.779495239258,173.539505004883,87128000,173.539505004883,165.466175842285,173.012310180664,164.112159881592,167.121348496366,168.131165685767,61.661362328322,-0.600612733089601,-1.46260605734659
"2021-09-01",174.820007324219,176.350006103516,173.761993408203,173.949996948242,72598000,173.949996948242,165.776876068115,172.985870056152,164.199707336426,168.171909796655,168.562190223728,62.3404556256195,-0.231534976233516,-1.21639184112397
"2021-09-02",174.738006591797,175.598007202148,172.75,173.156005859375,58474000,173.156005859375,165.994701385498,172.945170288086,164.282722396851,168.938693806304,168.902472863405,60.1221422978583,0.0214448860839545,-0.968824495682387
"2021-09-03",172.600006103516,174.133499145508,171.822006225586,173.902496337891,51514000,173.902496337891,166.327476501465,172.974140319824,164.368319854736,169.70235573424,169.272844972627,61.5089184312416,0.253738726777653,-0.724311851190379
"2021-09-07",173.899993896484,176.404495239258,173.84700012207,175.464492797852,54758000,175.464492797852,166.746025848389,173.081970214844,164.46927734375,170.588838359411,169.731485552273,64.3060303598459,0.505123020840137,-0.478424876784276
"2021-09-08",175.582504272461,177.281494140625,174.783493041992,176.274993896484,61068000,176.274993896484,167.258075714111,173.16358001709,164.571397323608,171.463631518961,170.216189874066,65.6989171116648,0.732857224578698,-0.236168456511681
"2021-09-09",176.300994873047,177.499496459961,174.018493652344,174.207992553711,54384000,174.207992553711,167.738200378418,173.199599914551,164.667587280273,171.885840908923,170.511878961447,59.3392438994718,0.805786644217221,-0.0277774363659007
"2021-09-10",175.091506958008,175.422500610352,173.145492553711,173.457504272461,47946000,173.457504272461,168.152325439453,173.22859008789,164.760277328491,172.127635272544,170.73007342893,57.1751709303385,0.818579770713779,0.141494005050035
"2021-09-13",174.139999389648,174.897994995117,171.899993896484,172.858505249023,51380000,172.858505249023,168.560325622559,173.252790222168,164.845054855347,172.240076807387,170.887735045233,55.4373724517724,0.791362681350871,0.271467740310202
"2021-09-14",173.777496337891,174.34049987793,171.885498046875,172.5,38738000,172.5,168.937850952148,173.191810302734,164.911287384033,172.280064990866,171.007162078919,54.3721927626959,0.744356491547893,0.36604549055774
"2021-09-15",172.126007080078,174.27099609375,170.100494384766,173.789505004883,59150000,173.789505004883,169.522425842285,172.991860351562,164.981399917603,172.512286531484,171.213261554917,57.5329052116068,0.758717499316108,0.444579892309414
"2021-09-16",172.998001098633,174.627502441406,172.307006835938,174.412002563477,51672000,174.412002563477,170.239975738525,172.783520507812,165.061449966431,172.804550536406,171.450205333329,59.0090950087959,0.789935013751708,0.513650916597873
"2021-09-17",174.420501708984,174.870498657227,172.606506347656,173.126007080078,92332000,173.126007080078,170.926901245117,172.514630737305,165.122060012817,172.854005389278,171.574338796051,54.7732086079558,0.745837986150577,0.560088330508414
"2021-09-20",169.800003051758,170.949996948242,165.250503540039,167.786499023438,93382000,167.786499023438,171.316351318359,172.151020812988,165.160110015869,172.074389025303,171.293758072154,41.4642134246693,0.45572644440468,0.539215953287667
"2021-09-21",168.75,168.985000610352,166.619506835938,167.181503295898,55618000,167.181503295898,171.510751342774,171.776100769043,165.199335021973,171.321637374625,170.989146607246,40.2702336247215,0.194451387106609,0.470263040051455
"2021-09-22",167.550003051758,169.449996948242,167.052505493164,169.002502441406,48228000,169.002502441406,171.696426391602,171.478790893555,165.253702545166,170.964847384899,170.841987780146,45.3694263512158,0.0719141742314688,0.390593266887458
"2021-09-23",169.002502441406,171.447998046875,169.002502441406,170.800003051758,47588000,170.800003051758,171.9884765625,171.213110961914,165.318202590942,170.939486718262,170.838877800266,49.9147464676233,0.0588911138329262,0.324252836276552
"2021-09-24",170.100494384766,171.462997436523,169.669998168945,171.276000976562,42324000,171.276000976562,172.26227645874,171.007431030273,165.38026008606,170.991258142616,170.871257294806,51.0755934499022,0.0702288083492819,0.273448030691098
"2021-09-27",168.574996948242,170.778503417969,166.980499267578,170.289993286133,72690000,170.289993286133,172.402700805664,170.839600830078,165.455660018921,170.883371241619,170.828200701571,48.5646040532499,0.0322959205919959,0.225217608671277
"2021-09-28",167.885498046875,168.459503173828,164.505004882812,165.798004150391,88616000,165.798004150391,172.138675689697,170.60597076416,165.509277572632,170.101007073737,170.455593549632,39.1271867536126,-0.208022786762529,0.138569529584516
"2021-09-29",166.105499267578,167.565002441406,164.893493652344,165.055999755859,51246000,165.055999755859,171.714500427246,170.333900756836,165.555452575684,169.324852101756,170.055623638982,37.8197973298158,-0.429725005023851,0.0249106226628427
"2021-09-30",165.800003051758,166.392501831055,163.699493408203,164.251998901367,56848000,164.251998901367,171.229600524902,170.033740844726,165.587470092773,168.54441314785,169.62572551027,36.4005156517046,-0.637469557855641,-0.107565413440854
"2021-10-01",164.450500488281,165.45849609375,162.796997070312,164.162994384766,56712000,164.162994384766,170.779949951172,169.67897064209,165.617005081177,167.87034872276,169.221078760233,36.2383874810516,-0.79820436518202,-0.245693203789087
"2021-10-04",163.969497680664,163.999496459961,158.8125,159.488998413086,90462000,159.488998413086,170.059275054932,169.212110595703,165.60421005249,166.58091021358,168.500183919703,28.9469289121771,-1.13903359716102,-0.424361282463474
"2021-10-05",160.225006103516,163.036499023438,160.123001098633,161.050003051758,65384000,161.050003051758,169.338550567627,168.733290710449,165.600440063477,165.730001419453,167.948318670226,33.7418904907911,-1.32083325890765,-0.603655677752309
"2021-10-06",160.676498413086,163.216995239258,159.930999755859,163.100494384766,50660000,163.100494384766,168.679825592041,168.368910522461,165.615530014038,165.325461875655,167.589220575006,39.5159538054948,-1.3507782252249,-0.753080187246828
"2021-10-07",164.576995849609,166.287506103516,164.15299987793,165.121505737305,48182000,165.121505737305,168.225501251221,168.041020507812,165.639592514038,165.294084008217,167.406426883325,44.6369883654109,-1.26180512566606,-0.854825174930674
"2021-10-08",165.850006103516,166.071502685547,164.410003662109,164.430999755859,39964000,164.430999755859,167.774176025391,167.729720458984,165.660117492676,165.161301815546,167.186024873883,43.2884229740398,-1.21105999132647,-0.926072138209833
"2021-10-11",163.75,164.629501342773,161.904998779297,162.315002441406,40684000,162.315002441406,167.24700088501,167.648430480957,165.675374984741,164.72340960414,166.825208397403,39.3637297390589,-1.2598808138494,-0.992833873337747
"2021-10-12",162.850006103516,163.376495361328,161.813995361328,162.366500854492,36392000,162.366500854492,166.740325927734,167.564280395508,165.694034957886,164.36080825804,166.494933764595,39.5074768316601,-1.28179606327964,-1.05062631132613
"2021-10-13",163.485504150391,164.419006347656,163.054504394531,164.214004516602,48402000,164.214004516602,166.26155090332,167.48232055664,165.694114990234,164.33822306705,166.325976042521,44.5830527957259,-1.19509473070124,-1.07951999520115
"2021-10-14",165.122497558594,165.630004882812,164.539001464844,164.99299621582,42190000,164.99299621582,165.790600585938,167.427460632324,165.688579940796,164.43895739763,166.227236796099,46.6169058879619,-1.07580408177199,-1.07877681251532
"2021-10-15",165.570999145508,170.52099609375,165.199996948242,170.45100402832,103598000,170.45100402832,165.65685043335,167.460490722656,165.7193724823,165.363887648505,166.54010844293,58.1940426116973,-0.706268781389718,-1.0042752062902
"2021-10-18",169.417999267578,172.45849609375,169.255004882812,172.337005615234,63482000,172.337005615234,165.884375762939,167.56229095459,165.766825027466,166.436675028002,166.969508233471,61.3159628030128,-0.319120066356215,-0.867244178303401
"2021-10-19",171.714492797852,172.734497070312,171.100006103516,172.207504272461,47722000,172.207504272461,166.135675811768,167.664570922851,165.831205062866,167.324494911765,167.357507940063,60.9792322864911,-0.0197260515554687,-0.697740552953814
"2021-10-20",172.632995605469,173.143005371094,170.018493652344,170.753005981445,42796000,170.753005981445,166.223200988769,167.75895111084,165.880342559814,167.851958153254,167.609026313499,57.1809772290426,0.144939592513915,-0.529204523860269
"2021-10-21",170.712493896484,172.014007568359,170.149993896484,171.750503540039,37628000,171.750503540039,166.270726013184,167.901851196289,165.954500045776,168.451734366606,167.915802404354,59.0641463869453,0.319167079320759,-0.359530203224063
"2021-10-22",171.050003051758,171.492004394531,166.565002441406,166.777496337891,62782000,166.777496337891,166.04580078125,167.933901062012,165.997847518921,168.194159285265,167.831483436468,47.7816405189136,0.2160952411141,-0.24440511435643
"2021-10-25",166.75,167.389999389648,164.884994506836,166.018493652344,44520000,166.018493652344,165.832225799561,167.96030090332,166.032265014648,167.859441495585,167.697187896903,46.3271005354511,0.0967539174131504,-0.176173308002514
"2021-10-26",167.475494384766,170.805999755859,167.199005126953,168.803497314453,53966000,168.803497314453,165.982500457764,168.037380981445,166.097730026245,168.004680852334,167.779136742647,52.0901999003629,0.134429175203366,-0.114052811361338
"2021-10-27",169.399993896484,171.850006103516,168.572494506836,169.624496459961,54044000,169.624496459961,166.210925292969,168.187910766601,166.165644989014,168.253883253507,167.915830055041,53.669517558094,0.201323007101517,-0.0509776476687672
"2021-10-28",170.104995727539,173.949996948242,169.300003051758,172.328506469727,114174000,172.328506469727,166.614750671387,168.433260803223,166.235815048218,168.880748363695,168.242694974647,58.5194922193163,0.379245820535457,0.0350670459720775
"2021-10-29",165.001007080078,168.740997314453,163.666000366211,168.621505737305,129722000,168.621505737305,166.837676239014,168.617940979004,166.297055053711,168.840864882712,168.27075503114,50.6859326627887,0.338805071306569,0.0958146510389759
"2021-11-01",168.089996337891,168.792999267578,164.600997924805,165.905502319336,72178000,165.905502319336,167.158501434326,168.736101074219,166.350520095825,168.389270642192,168.095551126562,45.8438519384975,0.174733664074744,0.11159845364613
"2021-11-02",165.750503540039,166.555999755859,164.177505493164,165.637496948242,52552000,165.637496948242,167.38787612915,168.782980957031,166.398517608643,167.965920843123,167.913473039279,45.3831320955991,0.031235018187914,0.0955257665544865
"2021-11-03",165.449996948242,169.746002197266,164.876007080078,169.199996948242,67944000,169.199996948242,167.692851257324,168.861200866699,166.428672561645,168.155778705449,168.00877110661,52.2523027552311,0.0874999548362343,0.093920604210836
"2021-11-04",168.5,174.931503295898,168.25,173.850006103516,107060000,173.850006103516,168.129276275635,169.039020996094,166.471175079346,169.031813689767,168.441455180455,59.4255215741231,0.350482907357819,0.145233064840233
"2021-11-05",173.850006103516,178.3125,173.848999023438,175.949493408203,99940000,175.949493408203,168.705200958252,169.242010803223,166.527865066528,170.096072107988,168.997606160288,62.1876237895375,0.649989057630873,0.246184263398361
"2021-11-08",176.162002563477,178.949996948242,174.393005371094,174.449005126953,61480000,174.449005126953,169.311901092529,169.381360778808,166.576610107422,170.765754110906,169.401413491152,59.091516685247,0.805389159178937,0.358025242554476
"2021-11-09",175.762496948242,179.688507080078,175.071502685547,178.811492919922,85898000,178.811492919922,170.134150695801,169.536020507812,166.639135055542,172.003560081524,170.098456411802,64.6084517834659,1.12000056315016,0.510420306673613
"2021-11-10",178.193496704102,180.272506713867,173.154495239258,174.102493286133,80548000,174.102493286133,170.628575134277,169.547280273437,166.701502532959,172.326472882233,170.395051735826,55.8524500173026,1.13349602980308,0.635035451299507
"2021-11-11",175.649993896484,177.162002563477,173.373504638672,173.625,45288000,173.625,171.060175323486,169.540780334473,166.760222549438,172.526246284966,170.634307162802,55.037929755526,1.10876830903588,0.729782022846781
"2021-11-12",174.25,177.036499023438,172.352493286133,176.257507324219,53788000,176.257507324219,171.350500488281,169.602810363769,166.839960098267,173.100286444851,171.050840508092,58.6207823505967,1.1981501702484,0.823455652327105
"2021-11-15",176.850006103516,179.694000244141,176.290496826172,177.283996582031,58594000,177.283996582031,171.597850036621,169.670440368652,166.890660095215,173.743934158263,171.512555772828,59.960582123705,1.30100002030789,0.918964525923261
"2021-11-16",176.949996948242,178.824996948242,176.257507324219,177.035003662109,44342000,177.035003662109,171.839225006104,169.701850585937,166.930835113525,174.250252543471,171.921625986849,59.4576807038397,1.35446983080503,1.00606558689961
"2021-11-17",178.235992431641,179.362503051758,177.267501831055,177.449996948242,51206000,177.449996948242,172.174074554443,169.725350646973,166.98995262146,174.742520913435,172.331134946952,60.0589584942822,1.39927469706811,1.08470740893331
"2021-11-18",178.317504882812,185.210006713867,178.050003051758,184.802993774414,114070000,184.802993774414,172.826699066162,169.937250671387,167.081217575073,176.290285968971,173.254976341579,68.8688368454337,1.75193214733822,1.21815235661429
"2021-11-19",185.634506225586,188.107498168945,183.785995483398,183.828506469727,98734000,183.828506469727,173.679249572754,170.144670715332,167.162322616577,177.450012199856,174.038200795516,66.7669536499305,1.96038076051404,1.36659803739424
"2021-11-22",183.819000244141,185.673004150391,178.375,178.628494262695,96844000,178.628494262695,174.309749603272,170.260070495605,167.224730072021,177.631317132601,174.378222533826,56.8042049362122,1.86553948738866,1.46638632739313
"2021-11-23",179.251998901367,181.052505493164,176.385498046875,179.001998901367,73804000,179.001998901367,174.819674682617,170.390110473633,167.293490066528,177.842191250872,174.720724486977,57.2970964498153,1.78654637168023,1.53041833625055
"2021-11-24",178.133499145508,180.682006835938,176.842498779297,179.020492553711,46560000,179.020492553711,175.289474487305,170.494730224609,167.366947555542,178.023468374386,175.039225825253,57.3230630136492,1.70489930760538,1.56531453052151
"2021-11-26",180.104995727539,181.675003051758,175.207504272461,175.227996826172,59826000,175.227996826172,175.434449005127,170.511050109863,167.427555007935,177.593395828507,175.053208862359,50.5365076221205,1.45109420310352,1.54247046503791
"2021-11-29",177.38200378418,179.800003051758,176.574996948242,178.078506469727,65312000,178.078506469727,175.907299041748,170.610100097656,167.498520050049,177.668028234848,175.277304981423,54.8620806051791,1.36396623263864,1.50676961855806
"2021-11-30",178.175003051758,179.288497924805,174.600494384766,175.353500366211,80022000,175.353500366211,176.379698944092,170.761440124512,167.558050079346,177.311947024289,175.282949084,50.3307866771438,1.15755579814942,1.43692685447633
"2021-12-01",177.25,177.994003295898,172.080001831055,172.186004638672,74916000,172.186004638672,176.707124328613,170.861530151367,167.591820068359,176.523340503425,175.053545791753,45.6146385231627,0.839625787083453,1.31746664099776
"2021-12-02",173,174.634994506836,171.1875,171.86799621582,64726000,171.86799621582,176.840524291992,170.918840026855,167.619102554321,175.807133689947,174.817579156499,45.1571423760837,0.566049786424694,1.16718327008314
"2021-12-03",172.75,173.493499755859,166.929992675781,169.489501953125,80712000,169.489501953125,176.622499084473,170.892630004883,167.654075088501,174.835190345821,174.422906771064,41.781795067709,0.236370086010518,0.981020633268619
"2021-12-06",169.649993896484,173.695495605469,166.934494018555,171.368499755859,68860000,171.368499755859,176.393449401855,170.894479980469,167.715732574463,174.30185333198,174.196654399567,45.262640254233,0.0603909028998428,0.796894687194864
"2021-12-07",174.600006103516,177.499496459961,173.334503173828,176.164505004883,66410000,176.164505004883,176.479224395752,171.011970214844,167.79793006897,174.588415127812,174.342421111072,52.9888246323834,0.141098199263157,0.665735389608522
"2021-12-08",176.150497436523,177.179992675781,174.750503540039,176.158004760742,45254000,176.158004760742,176.346549987793,171.219170227051,167.888837585449,174.829890455955,174.476908788825,52.9779099589652,0.202308528721451,0.573050017431108
"2021-12-09",175.75,176.969497680664,174.139495849609,174.171005249023,46062000,174.171005249023,176.349975585937,171.401470336914,167.995402603149,174.728523501042,174.454249267358,49.6137162599983,0.157218431098971,0.489883700164681
"2021-12-10",175.417007446289,175.927001953125,170.5,172.212005615234,60690000,172.212005615234,176.279325866699,171.560670471191,168.083230133057,174.341366903225,174.288157144979,46.4799060475166,0.0305297612403832,0.398012912379821
"2021-12-13",172,172.100006103516,169.130004882812,169.567504882812,62170000,169.567504882812,175.944825744629,171.668760681152,168.144532623291,173.606926592393,173.938479199633,42.5708056682285,-0.19061487070956,0.280287355761945
"2021-12-14",167.550003051758,169.498992919922,166.440002441406,169.091506958008,55976000,169.091506958008,175.535201263428,171.860810852051,168.216357650757,172.912246648641,173.579444218772,41.8879224301669,-0.384375911061208,0.147354702397314
"2021-12-15",168.598007202148,173.600006103516,165.195007324219,173.315002441406,75794000,173.315002441406,175.349201202392,172.106110839844,168.331682662964,172.974209078297,173.559855938967,49.6114870303975,-0.337432211787392,0.0503973195603732
"2021-12-16",173.368499755859,174.166000366211,168.160507202148,168.871002197266,60876000,168.871002197266,174.920251464844,172.221520996094,168.431645202637,172.342946481216,173.212533439582,43.1177565344696,-0.502034662907147,-0.0600890769331309
"2021-12-17",167.710494995117,170.898498535156,165.613494873047,170.017501831055,85542000,170.017501831055,174.180976867676,172.319440917969,168.531617736816,171.985185765806,172.975864431543,45.1137543894167,-0.572726529792078,-0.16261656750492
"2021-12-20",166.850006103516,167.874496459961,165.600006103516,167.078994750977,57372000,167.078994750977,173.343501281738,172.372400817871,168.629025192261,171.23038714814,172.539059270019,41.1301086133906,-0.75847876267322,-0.28178900653858
"2021-12-21",167.850494384766,170.716506958008,165.647506713867,170.417007446289,55956000,170.417007446289,172.932926940918,172.534440917969,168.715397720337,171.105251809394,172.381870246039,46.8694490808256,-0.740575812771649,-0.373546367785194
"2021-12-22",169.270004272461,172.050003051758,168.500503540039,171.037002563477,55036000,171.037002563477,172.534677124023,172.707850952148,168.806172714233,171.094751925407,172.282250417701,47.8857222178008,-0.68927500622713,-0.436692095473581
"2021-12-23",170.427993774414,171.975006103516,170.149993896484,171.068496704102,36788000,171.068496704102,172.137077331543,172.844940795898,168.883117675781,171.090712660591,172.192342735213,47.9401969149467,-0.639767167995442,-0.477307109977953
"2021-12-27",171.037002563477,172.942993164062,169.21549987793,169.669494628906,58688000,169.669494628906,171.85915222168,172.93847076416,168.959092636108,170.872063732639,172.005465097708,45.6571232487844,-0.658933345184987,-0.51363235701936
"2021-12-28",170.182495117188,172.175994873047,169.135498046875,170.660995483398,54638000,170.660995483398,171.488276672363,172.942670593262,169.041977615356,170.839591694294,171.905874755908,47.5630955055107,-0.620271449784593,-0.534960175572407
"2021-12-29",170.839996337891,171.212005615234,168.600494384766,169.20100402832,35754000,169.20100402832,171.180651855469,172.879950561523,169.115017623901,170.587501284144,171.705513961271,45.0571065459,-0.651122175016039,-0.558192575461133
"2021-12-30",169.699996948242,170.888000488281,168.524002075195,168.644500732422,37584000,168.644500732422,171.003576660156,172.808690490723,169.174307632446,170.288578122341,171.478772240616,44.1032528344556,-0.694076650260211,-0.585369390420949
"2021-12-31",168.955993652344,169.350006103516,166.558502197266,166.716995239258,47830000,166.716995239258,170.746026611328,172.727970275879,169.250895080566,169.739103832636,171.126048018293,40.8755423705401,-0.810481046993516,-0.630391721735462
"2022-01-03",167.550003051758,170.703506469727,166.160507202148,170.404495239258,63520000,170.404495239258,170.791776275635,172.701050109863,169.33417755127,169.841471741347,171.072599664291,48.6222957540651,-0.719652314490749,-0.64824384028652
"2022-01-04",170.438003540039,171.399993896484,166.349502563477,167.522003173828,70726000,167.522003173828,170.599451446533,172.715940246582,169.394070053101,169.484630423267,170.809592516849,43.7920561699012,-0.775695365850748,-0.673734145399365
"2022-01-05",166.882995605469,167.126495361328,164.356994628906,164.356994628906,64302000,164.356994628906,170.009075927734,172.682710266113,169.431480026245,168.695763377981,170.331622302927,39.1885962253113,-0.960396491754811,-0.731066614670455
"2022-01-06",163.450500488281,164.800003051758,161.936996459961,163.253997802734,51958000,163.253997802734,169.363875579834,172.571720275879,169.475982513428,167.858568674097,169.807353821431,37.7011947628565,-1.14764473002978,-0.814382237742321
"2022-01-07",163.839004516602,165.243499755859,162.031005859375,162.554000854492,46606000,162.554000854492,168.783025360107,172.430310363769,169.5271875,167.042481317234,169.270068416473,36.7479419699127,-1.31599586393366,-0.914704962980589
"2022-01-10",160.585494995117,161.661499023438,156.304504394531,161.485992431641,87798000,161.485992431641,168.246724700928,172.213460083008,169.571609954834,166.187636873297,168.693470195374,35.2821535924048,-1.48543587322917,-1.0288511450303
"2022-01-11",161.5,166.350006103516,160.701507568359,165.361999511719,62806000,165.361999511719,168.036449432373,172.148269958496,169.629487457275,166.060615740746,168.446694589178,44.0106292620471,-1.41651865253304,-1.10638464653085
"2022-01-12",166.574996948242,166.878005981445,164.417007446289,165.207000732422,50030000,165.207000732422,167.842224121094,172.134299926758,169.691699981689,165.92929035485,168.206717266455,43.7564821684126,-1.35394528150552,-1.15589677352579
"2022-01-13",165.250503540039,166.221496582031,161.091003417969,161.214004516602,52188000,161.214004516602,167.237174224854,172.045830078125,169.724250030518,165.203861764351,167.688738544244,37.714358637516,-1.48183879338881,-1.22108517749839
"2022-01-14",160.149993896484,162.25,159.800506591797,162.138000488281,45974000,162.138000488281,166.900524139404,171.904590148926,169.7446900177,164.732190798801,167.27757276232,39.7863964762283,-1.52165166046236,-1.28119847409119
"2022-01-18",159.104995727539,159.734497070312,157.664505004883,158.917495727539,67292000,158.917495727539,166.345523834229,171.605939941406,169.732594985962,163.8376223263,166.658307796781,35.3698617044831,-1.69249616642035,-1.36345801255702
"2022-01-19",158.761993408203,159.25,156.25,156.29899597168,53242000,156.29899597168,165.806523895264,171.212929992676,169.708134994507,162.677833656358,165.890951365292,32.2365152850164,-1.93688545546934,-1.47814350113948
"2022-01-20",156.766006469727,158,151.350997924805,151.667495727539,71974000,151.667495727539,164.869048309326,170.757299804687,169.646624984741,160.983935513463,164.837362058792,27.5821817352319,-2.3377142761813,-1.65005765614785
"2022-01-21",149.949996948242,150.899993896484,142.070495605469,142.643005371094,163972000,142.643005371094,163.449348449707,170.033930053711,169.535015029907,158.162253953098,163.193335637481,21.1687519361496,-3.08289653173005,-1.93662543126429
"2022-01-24",139,144.945007324219,135.352005004883,144.544006347656,155624000,144.544006347656,162.123123931885,169.442760314941,169.414685058594,156.067138936876,161.811903838235,25.1185968301797,-3.55027335139769,-2.25935501529097
"2022-01-25",142.242492675781,143.600006103516,138.145004272461,139.985992431641,90824000,139.985992431641,160.638948822022,168.769980163574,169.269767532349,153.593116397609,160.195169659968,22.2410939082251,-4.12125613798001,-2.63173523982878
"2022-01-26",144.75,145.184997558594,137.318496704102,138.872497558594,95602000,138.872497558594,159.049523925781,168.022279968262,169.114130020142,151.328405806992,158.615712467274,21.5903976672024,-4.59431575026706,-3.02425134191644
"2022-01-27",140.800003051758,144.243499755859,139.350006103516,139.637496948242,77516000,139.637496948242,157.571348571777,167.269349975586,168.9790675354,149.529804444107,157.209918725123,23.2516992285259,-4.8852606395941,-3.39645320145197
"2022-01-28",140.860504150391,143.998001098633,137.929504394531,143.977996826172,74392000,143.977996826172,156.338023376465,166.608209838867,168.854185028076,148.675680195194,156.229776362238,32.0488023100828,-4.83524737917376,-3.68421203699633
"2022-01-31",144.75,150.360504150391,144.300506591797,149.573501586914,78308000,149.573501586914,155.480848693848,166.05067993164,168.7521925354,148.813806563151,155.736718971473,41.3774709546577,-4.44526663592456,-3.83642295678197
"2022-02-01",150,151.707992553711,147.627502441406,151.193496704102,59220000,151.193496704102,154.52029876709,165.378489990234,168.665157546997,149.179912738682,155.400183988705,43.7837370005944,-4.00274381301597,-3.86968712802877
"2022-02-02",155.050506591797,155.074996948242,148.863494873047,150.612503051758,87330000,150.612503051758,153.674823760986,164.714169921875,168.584547576904,149.400311248386,155.045540956339,43.1004498391096,-3.64101390670925,-3.82395248376487
"2022-02-03",141.737503051758,144.247497558594,138.332992553711,138.845504760742,225532000,138.845504760742,152.399249267578,163.918510131836,168.438270111084,147.776494865671,153.845538275183,32.1552948324752,-3.94489400053727,-3.84814078711935
"2022-02-04",155.606506347656,161.199996948242,150.608001708984,157.639495849609,253456000,157.639495849609,152.118524169922,163.491260070801,168.399207611084,149.293879632431,154.126572169585,52.7805406525856,-3.1355349497015,-3.70561961963578
"2022-02-07",158.520004272461,162.690994262695,157.25,157.935501098633,102624000,157.935501098633,151.887599182129,163.069560241699,168.353665084839,150.623359858001,154.408715053218,53.0227749380548,-2.45151654420103,-3.45479900454883
"2022-02-08",156.750503540039,161.792495727539,155.550506591797,161.413497924805,76040000,161.413497924805,151.883974456787,162.793270263672,168.308482589722,152.283381099047,154.927587858521,55.8863096067434,-1.70673718994994,-3.10518664162905
"2022-02-09",162.873504638672,163.834503173828,160.25,161.189498901367,68786000,161.189498901367,151.67534942627,162.455490112305,168.260072555542,153.653553068635,155.391433120954,55.6510269605465,-1.11838858643285,-2.70782703058981
"2022-02-10",158.350006103516,160.716506958008,157.75,159.003494262695,68268000,159.003494262695,151.365174102783,162.128489990234,168.190465011597,154.476620944644,155.658993205528,53.2930233800781,-0.75959135834972,-2.31817989614179
"2022-02-11",158.134506225586,159,152.733993530273,153.293502807617,77100000,153.293502807617,150.969149017334,161.750639953613,168.089104995728,154.294602769717,155.483771694571,47.6174881705127,-0.764818676504886,-2.00750765221441
"2022-02-14",151.751007080078,158.448501586914,151.649993896484,155.167007446289,83230000,155.167007446289,150.620599365234,161.416620178223,167.998085021973,154.428818873805,155.46030767618,49.5171838489495,-0.663506214411724,-1.73870736465387
"2022-02-15",157.605499267578,158.00700378418,154.637496948242,156.510498046875,56440000,156.510498046875,150.500249481201,161.157040100098,167.934015045166,154.749077208123,155.538099555491,50.8925232277631,-0.507285578017369,-1.49242300732657
"2022-02-16",155.790496826172,158.833999633789,154.734497070312,158.100494384766,52704000,158.100494384766,150.590324401856,160.891679992676,167.896549987793,155.264679850684,155.727906579882,52.540443347504,-0.297459035680336,-1.25343021299733
"2022-02-17",158.14599609375,160.348999023438,154.5,154.652496337891,64032000,154.652496337891,150.739574432373,160.461439819336,167.852177505493,155.170497771793,155.648246561956,48.7221397239672,-0.306941324888921,-1.06413243537564
"2022-02-18",155.499496459961,155.499496459961,150.893005371094,152.601501464844,63604000,152.601501464844,151.237499237061,159.990309753418,167.788592529297,154.775267570724,155.422561739948,46.5548169390106,-0.416473748713142,-0.934600698043144
"2022-02-22",150.478500366211,152.982498168945,148.485504150391,150.197494506836,66128000,150.197494506836,151.52017364502,159.510839538574,167.716677474976,154.070994791664,155.03551972268,44.0797216896655,-0.622131581679941,-0.872106874770504
"2022-02-23",151.650497436523,151.763000488281,144.651000976562,144.826995849609,64244000,144.826995849609,151.762223815918,158.963139343262,167.643189926147,152.648841108271,154.27933276912,39.0810247051301,-1.05684386338947,-0.909054272494296
"2022-02-24",139.837493896484,151.748992919922,139.5,151.358001708984,100786000,151.358001708984,152.386499023438,158.598949279785,167.594002456665,152.450250431458,154.062937875776,46.9584503974472,-1.04677183659772,-0.93659778531498
"2022-02-25",150.550003051758,153.990005493164,149.213500976562,153.788497924805,62396000,153.788497924805,153.094049072266,158.292889099121,167.574959945679,152.656134661203,154.042608990519,49.5718414189514,-0.900058976150619,-0.929290023482108
"2022-02-28",152.425003051758,154.449996948242,150.850006103516,153.563003540039,57684000,153.563003540039,153.573299407959,157.897849121094,167.552407455444,152.795652950255,154.007082660854,49.3290037799359,-0.78660649216159,-0.900753317218005
"2022-03-01",152.732498168945,154.098999023438,149.977005004883,151.141998291016,44874000,151.141998291016,153.651724243164,157.543269042969,167.502392425537,152.541244541141,153.794854189014,46.6847641950639,-0.815118070421317,-0.883626267858667
"2022-03-02",150.848999023438,152.999496459961,148.75,152.052505493164,47334000,152.052505493164,153.694674682617,157.183969116211,167.445057449341,152.466053918376,153.665791322655,47.8176711750659,-0.780744623740048,-0.863049939034943
"2022-03-03",153.531494140625,153.929000854492,146.856002807617,147.898498535156,65198000,147.898498535156,153.558974456787,156.800359191894,167.376479949951,151.763353090188,153.238584449507,43.2973174009115,-0.96270228847285,-0.882980408922525
"2022-03-04",147.158996582031,147.850006103516,143.807006835938,145.641006469727,60934000,145.641006469727,153.898749542236,156.304839172363,167.29673500061,150.821453610117,152.675800895449,41.0274413956903,-1.21456529093422,-0.949297385324864
"2022-03-07",145.443496704102,146.094497680664,137.41650390625,137.453002929688,86934000,137.453002929688,152.88942489624,155.633159179687,167.172080001831,148.764768890051,151.548186231318,34.0540187462122,-1.83665500095066,-1.12676890845002
"2022-03-08",136.683502197266,140.699493408203,133.572494506836,136.014495849609,91662000,136.014495849609,151.793374633789,154.932079162598,167.051382446289,146.803188422291,150.39754249934,32.9930261086255,-2.38990213358379,-1.37939555347678
"2022-03-09",139.5,140.25,136.828002929688,139.279006958008,82656000,139.279006958008,150.686650085449,154.32426940918,166.936529998779,145.64562204317,149.573947274056,37.7341849663401,-2.62634322519296,-1.62878508782001
"2022-03-10",145.684997558594,148.674499511719,143.977996826172,146.817504882812,135062000,146.817504882812,149.968050384522,153.847399597168,166.855855026245,145.825911710807,149.369766356186,47.051112065976,-2.37253811921221,-1.77753569409845
"2022-03-11",149.574493408203,149.675003051758,145.369003295898,145.524505615234,68900000,145.524505615234,149.294100952148,153.373869628906,166.767187576294,145.779541542258,149.084932227227,45.7856459856656,-2.21711921895044,-1.86545239906885
"2022-03-14",145.981002807617,147.449996948242,140.884002685547,141.852996826172,74086000,141.852996826172,148.722075653076,152.838039550781,166.668925094605,145.175457739783,148.54923330863,42.306159194398,-2.27114976880269,-1.94659187301562
"2022-03-15",142.850006103516,147.985000610352,142,147.366500854492,75584000,147.366500854492,148.332050323486,152.451029663086,166.599990081787,145.512541295892,148.461623497212,48.6207008104329,-1.98642728797574,-1.95455895600764
"2022-03-16",148.5,153.149993896484,147.353500366211,153.10400390625,84958000,153.10400390625,148.161725616455,152.105019836426,166.560847625732,146.680458620562,148.805503527512,54.23419641633,-1.4280687585968,-1.84926091652548
"2022-03-17",152.640502929688,157.498504638672,152.139999389648,157.238998413086,72934000,157.238998413086,148.118650817871,151.899359741211,166.538545150757,148.304849357874,149.430206852369,57.8116532975589,-0.75309906758475,-1.63002854673733
"2022-03-18",156.813003540039,161.593994140625,156.011001586914,161.250503540039,102962000,161.250503540039,148.448551177979,151.837229919433,166.548045196533,150.296488462822,150.305784384789,60.9969438387604,-0.00618467346730212,-1.30525977208332
"2022-03-21",161.121002197266,163.083999633789,159.552993774414,161.491500854492,66538000,161.491500854492,148.893051147461,151.801979980469,166.553947677612,152.018798061541,151.134355975137,61.1865395220565,0.585202537634033,-0.927167310139853
"2022-03-22",161.80549621582,166.167007446289,161.699005126953,164.889007568359,64086000,164.889007568359,149.627626800537,151.848680114746,166.578890228271,153.998830293359,152.153219056117,63.8541422097141,1.21299519569251,-0.49913480897338
"2022-03-23",163.705001831055,166.369995117188,162.686996459961,163.408004760742,55812000,163.408004760742,150.556677246094,151.887120361328,166.57990272522,155.446395596033,152.986906886089,61.8583409555231,1.60764653655985,-0.0777785398667346
"2022-03-24",163.749496459961,164.118499755859,160.050003051758,163.649505615234,56798000,163.649505615234,151.171252441406,151.852870483398,166.57786277771,156.708412522064,153.776729014174,62.0665492568105,1.9064545895108,0.319068086008772
"2022-03-25",164,165.368499755859,162.25,164.773498535156,49032000,164.773498535156,151.720502471924,151.844200439453,166.564317779541,157.949194985617,154.591304534247,63.0767959303753,2.17210823175782,0.689676115158581
"2022-03-28",164.975006103516,169.037506103516,164.899993896484,168.990493774414,59854000,168.990493774414,152.491876983642,151.999730224609,166.572562713623,159.647856337739,155.657911144629,66.6639008173576,2.56327812943784,1.06439651801443
"2022-03-29",170.384002685547,170.831497192383,167.868499755859,169.315002441406,66154000,169.315002441406,153.400527191162,152.143270263672,166.57317024231,161.135109584457,156.669547536983,66.9301478774908,2.85030634075205,1.42157848256196
"2022-03-30",168.509506225586,168.950500488281,165.5,166.300994873047,56168000,166.300994873047,154.112951660156,152.290940246582,166.558892745972,161.929861167317,157.382988080395,61.9788793309077,2.88904991726255,1.71507276950208
"2022-03-31",166.445007324219,166.494995117188,162.953506469727,162.997497558594,59966000,162.997497558594,154.867901611328,152.42491027832,166.520067749023,162.094112919821,157.798877671373,57.0015574987412,2.72196818623358,1.91645185284838
"2022-04-01",164.149505615234,165.826995849609,162.31950378418,163.559997558594,57090000,163.559997558594,155.763851165771,152.662760314941,166.46555770874,162.319633633479,158.225627292649,57.6255641021928,2.58744832356266,2.05065114699123
"2022-04-04",164.125,168.394500732422,163.205505371094,168.346496582031,49882000,168.346496582031,157.308525848389,153.17683013916,166.435565185547,163.246843317871,158.975321314084,62.5994374922582,2.68690886640695,2.17790269087438
"2022-04-05",167.741500854492,168.110504150391,163.266006469727,164.054992675781,53728000,164.054992675781,158.710550689697,153.567049865723,166.392350158691,163.371173988319,159.351593266803,56.2269163712817,2.52246032757668,2.24681421821484
"2022-04-06",161.650497436523,162.199996948242,157.254501342773,158.755996704102,79056000,158.755996704102,159.684400177002,153.942449951172,166.309770126343,162.661146713824,159.307475002899,49.5231635449731,2.10515652882215,2.2184826803363
"2022-04-07",158.399993896484,160.078994750977,154.511505126953,157.78450012207,68136000,157.78450012207,160.232749938965,154.320690002441,166.22273765564,161.910893392016,159.194662048763,48.3842004134136,1.70623267658332,2.1160326795857
"2022-04-08",156.75,157.368499755859,154.231002807617,154.460494995117,46002000,154.460494995117,160.679549407959,154.617149963379,166.13277015686,160.764678254031,158.843983007753,44.604277950919,1.20917091721697,1.93466032711196
"2022-04-11",152.712997436523,154.136505126953,150.53450012207,151.121994018555,52112000,151.121994018555,161.142999267578,154.760029907226,166.038015136719,159.28118837165,158.271983823368,41.1289082511407,0.637639412802882,1.67525614425014
"2022-04-12",153.692504882812,155.098999023438,150.382995605469,150.787506103516,55178000,150.787506103516,161.314049530029,154.784309997558,165.930980148315,157.974468022707,157.717578066342,40.7860224839225,0.162879724324094,1.37278086026493
"2022-04-13",150.018493652344,156.024993896484,149.600006103516,155.541000366211,53390000,155.541000366211,161.435899353027,154.871260070801,165.846650161743,157.600088383246,157.556350088554,47.4862908437612,0.0277604137612242,1.10377677096419
"2022-04-14",155.389999389648,155.897003173828,151.47200012207,151.706497192383,51598000,151.706497192383,161.159274291992,154.893139953613,165.745142669678,156.69338204619,157.123027651801,43.2362171256219,-0.273445345365175,0.828332347698318
"2022-04-18",151.523498535156,154.039505004883,150.250503540039,152.785003662109,46514000,152.785003662109,160.735999298096,155.171929931641,165.650825195313,156.092093064024,156.801692541453,44.7344557960019,-0.452545802234783,0.572156717711698
"2022-04-19",152.029495239258,158.649002075195,151.550506591797,158.115493774414,54926000,158.115493774414,160.567198944092,155.181449890137,165.563657684326,156.403385481007,156.899011151302,51.5421890996538,-0.315888332665981,0.394547707636162
"2022-04-20",157.602493286133,157.602493286133,153.603500366211,153.998001098633,59630000,153.998001098633,160.022648620605,155.102699890137,165.414712677002,156.033326345257,156.684121517771,46.7515398074561,-0.415354897618125,0.232567186585305
"2022-04-21",154.714004516602,156.738006591797,147.589492797852,148.296005249023,63970000,148.296005249023,159.267048645019,154.840350036621,165.232047729492,154.842969253529,156.062779571938,41.0600065489575,-0.781615143440939,0.0297307205800559
"2022-04-22",148.25,149.615005493164,143.697494506836,144.350006103516,73078000,144.350006103516,158.302073669434,154.503560180664,165.020945281982,153.22866723045,155.195166722425,37.6445393480026,-1.2671138757127,-0.229638198678495
"2022-04-25",144.022994995117,146.221496582031,142.306503295898,146.074005126953,61874000,146.074005126953,157.367098999023,154.244970397949,164.821480331421,152.127949983758,154.51952512276,39.9930751651034,-1.54774947509221,-0.493260453961238
"2022-04-26",144.800003051758,144.856002807617,138.929504394531,139.391006469727,77530000,139.391006469727,155.887124633789,153.966920471191,164.588797836304,150.168420212369,153.398894111425,34.5592458277585,-2.10593037046899,-0.815794437262788
"2022-04-27",140.191497802734,141.948501586914,135.783493041992,138.167007446289,71336000,138.167007446289,154.329724884033,153.626920471191,164.360292892456,148.322049017587,152.270606210303,33.6572708831114,-2.59311845600912,-1.17125924101206
"2022-04-28",142.177993774414,145.9375,140.300003051758,144.596496582031,117316000,144.596496582031,153.244499969482,153.388640441894,164.162855377197,147.748887104425,151.702153645246,42.1921455313574,-2.60593962961547,-1.45819531873274
"2022-04-29",129.848999023438,130.761001586914,121.625,124.28150177002,272662000,124.28150177002,151.308700180054,152.7122605896,163.876462898254,144.138520129901,149.670994247081,29.3459007983907,-3.69642370922408,-1.90584099683101
"2022-05-02",122.401000976562,124.667999267578,118.375,124.5,148788000,124.5,149.355700302124,152.109210662842,163.605555381775,141.117209340685,147.806476154705,29.5941963460187,-4.52569264084084,-2.42981132563297
"2022-05-03",124.053497314453,126.220497131348,122.824996948242,124.25350189209,79134000,124.25350189209,147.151050567627,151.542250671387,163.339425354004,138.522792810132,146.061811394511,29.4683796792802,-5.16152614595219,-2.97615428969682
"2022-05-04",123.599998474121,126,119.182998657227,125.928497314453,110746000,125.928497314453,145.244725799561,151.056870727539,163.075770339966,136.58520888772,144.570454795988,31.5964928113922,-5.52342864213637,-3.48560916018473
"2022-05-05",123,123.499000549316,115.07250213623,116.406997680664,144392000,116.406997680664,143.127275848389,150.48847076416,162.761505355835,133.480868702019,142.484272787446,26.6702640062096,-6.31887569714998,-4.05226246757778
"2022-05-06",114.849998474121,119.050498962402,113.081497192383,114.772499084473,124260000,114.772499084473,140.976675796509,149.75676071167,162.425860328674,130.602657991627,140.431548809448,25.9230823181846,-6.99906175011811,-4.64162232408585
"2022-05-09",111.3125,114,107.957000732422,108.789001464844,128124000,108.789001464844,138.693101119995,148.856770782471,162.055645332336,127.246710833661,138.087656413551,23.3447259732863,-7.85077092439286,-5.28345204414725
"2022-05-10",111.25,112.642501831055,107.170997619629,108.859001159668,105434000,108.859001159668,136.579951477051,147.962690734863,161.674985351562,124.417832422277,135.92257083919,23.4406616579349,-8.46418541518291,-5.91959871835438
"2022-05-11",108.103500366211,110.15599822998,104.428497314453,105.372001647949,109704000,105.372001647949,134.309176254273,147.047290802002,161.295247840881,121.487704610842,133.659565713913,21.9658817782198,-9.10661428387646,-6.5570018314588
"2022-05-12",102.75,110.780502319336,102.405502319336,106.93049621582,132026000,106.93049621582,131.878651046753,146.144850616455,160.922320289612,119.248134088531,131.67963463998,24.2595126349755,-9.44071616346537,-7.13374469786011
"2022-05-13",109.069000244141,113.18399810791,107.800003051758,113.055000305176,93684000,113.055000305176,129.946076202393,145.447980651855,160.587615280151,118.295344275707,130.300032096661,32.6386635045902,-9.21311194462968,-7.54961814721403
"2022-05-16",113.099998474121,113.992500305176,110.353996276855,110.810501098633,74566000,110.810501098633,127.847351074219,144.751370544433,160.309770278931,117.143829940773,128.856363133844,31.2732079812877,-9.08960404299589,-7.8576153263704
"2022-05-17",113.275001525879,115.800003051758,111.276496887207,115.368499755859,76448000,115.368499755859,125.710001373291,144.309680480957,160.053742752075,116.870702220017,127.857262142882,37.0341035497145,-8.59283214635694,-8.00465869036771
"2022-05-18",111.439498901367,112.852996826172,106.249000549316,107.112503051758,108380000,107.112503051758,123.365726470947,143.731640625,159.747745285034,115.369440809515,126.320613321317,31.8296432269113,-8.66934716659895,-8.13759638561396
"2022-05-19",106.280502319336,110.033996582031,106.193000793457,107.319000244141,88142000,107.319000244141,121.316876220703,143.092440490723,159.445660324097,114.130911491765,124.913086426712,32.0867170840498,-8.63174167205639,-8.23642544290244
"2022-05-20",109.568496704102,109.898002624512,105.009498596191,107.591003417969,99500000,107.591003417969,119.478926086426,142.307910461426,159.139617843628,113.124771788104,123.629969166805,32.4480807993953,-8.49729030064427,-8.28859841445081
"2022-05-23",108.460998535156,108.819000244141,103.949996948242,107.556999206543,107798000,107.556999206543,117.553075790405,141.548560333252,158.841167869568,112.268191390941,122.439378799378,32.4248528296733,-8.30712104894197,-8.29230294134904
"2022-05-24",104.025001525879,105.400001525879,101.26000213623,104.099998474121,102934000,104.099998474121,115.788525390625,140.793500366211,158.526200332642,111.011546326815,121.080906182692,30.0682729388788,-8.31622439353426,-8.29708723178608
"2022-05-25",103.655502319336,108.175003051758,103.650001525879,106.775001525879,93120000,106.775001525879,114.218925094605,139.981670379639,158.229905357361,110.359770203594,120.021209541447,34.061748874004,-8.04977668094279,-8.24762512161743
"2022-05-26",107.970001220703,112.665496826172,107.453498840332,111.077499389648,93002000,111.077499389648,112.542975234985,139.141140289307,157.962265357971,110.470190078372,119.358712493166,39.9968973794128,-7.44689870486237,-8.08747983826641
"2022-05-27",113.550003051758,115.186996459961,112.627998352051,115.146499633789,93660000,115.146499633789,112.086225128174,138.299290313721,157.712122840881,111.189622317667,119.046696725804,45.0356920989375,-6.5999936363078,-7.78998259787469
"2022-05-31",116.279998779297,121.994499206543,115.675003051758,120.209503173828,144634000,120.209503173828,111.871700286865,137.478470306396,157.489677848816,112.577296295538,119.132830536769,50.5950958734226,-5.5027100520441,-7.33252808870857
"2022-06-01",122.255996704102,125.179000854492,120.622497558594,121.68399810791,127528000,121.68399810791,111.743225097656,136.682320251465,157.273350372314,113.978327343595,119.321805912409,52.1141538746375,-4.47820792516058,-6.76166405599898
"2022-06-02",121.68399810791,125.610000610352,120.044998168945,125.511001586914,100560000,125.511001586914,111.722350311279,135.894760131836,157.090415344238,115.75258491949,119.780264851261,55.9038567243835,-3.36255720988146,-6.08184268677547
"2022-06-03",124.199996948242,124.400001525879,121.046501159668,122.349998474121,97604000,122.349998474121,112.019500350952,135.073600006103,156.901860313416,116.767571620203,119.970615489992,52.2272600900215,-2.66985699515421,-5.39944554845122
"2022-06-06",125.25,128.990005493164,123.809997558594,124.790000915527,135269000,124.790000915527,112.520375442505,134.296409912109,156.728872833252,118.001791511791,120.327607002994,54.7036414455693,-1.93290263899742,-4.70613696656046
"2022-06-07",122.01000213623,124.099998474121,120.629997253418,123,85156700,123,113.230925369263,133.460939941406,156.543885345459,118.770746663823,120.52556203981,52.5515030622308,-1.45596946099019,-4.05610346544641
"2022-06-08",122.610000610352,123.75,120.75,121.180000305176,64926600,121.180000305176,113.846975326538,132.504730072021,156.333317832947,119.141401070185,120.574038948355,50.3811768786722,-1.1881810468203,-3.48251898172119
"2022-06-09",119.98999786377,121.300003051758,116.099998474121,116.150001525879,67029800,116.150001525879,114.385875320435,131.441430053711,156.087622833252,118.681185755676,120.246332472616,44.8662372320653,-1.30161700964657,-3.04633858730626
"2022-06-10",113.419998168945,114.5,109.050003051758,109.650001525879,87266000,109.650001525879,114.521850585938,130.308410186767,155.811077842712,117.291772797246,119.461419069154,38.9350296248222,-1.81618993714794,-2.8003088572746
"2022-06-13",104.190002441406,106.540000915527,101.860000610352,103.669998168945,99277700,103.669998168945,114.052600479126,129.121860198975,155.500427818298,115.196115162123,118.291684187657,34.426002684335,-2.61689487878419,-2.76362606157652
"2022-06-14",104.190002441406,104.879997253418,101.430000305176,102.309997558594,69728800,102.309997558594,113.627575302124,127.896860198974,155.174570274353,113.213635530811,117.107855548467,33.4764818682733,-3.32532774972123,-2.87596639920546
"2022-06-15",103.860000610352,109.059997558594,103.529998779297,107.669998168945,85011100,107.669998168945,113.242650222778,126.683330230713,154.857527732849,112.36076824437,116.408755001836,40.4479612186285,-3.47739030230363,-2.99625117982509
"2022-06-16",104.470001220703,104.580001831055,102.01000213623,103.660003662109,82186300,103.660003662109,113.070025253296,125.475430450439,154.508130226135,111.022189077868,115.464403050745,37.2987109106329,-3.84725842381457,-3.16645262862299
"2022-06-17",102.800003051758,106.980003356934,102.51000213623,106.220001220703,99772100,106.220001220703,113.015075302124,124.424710540771,154.169480247498,110.283390945997,114.779632544816,40.4845283208657,-3.91728175036975,-3.31661845297234
"2022-06-21",108.199996948242,111.629997253418,103.559997558594,108.680000305176,70901200,108.680000305176,113.069525146484,123.442620544433,153.847100219727,110.036715462793,114.327807934472,43.4575567374374,-3.75332349076304,-3.40395946053048
"2022-06-22",107.430000305176,112.129997253418,107.019996643066,108.949996948242,60040100,108.949996948242,113.139175033569,122.532410583496,153.522337722778,109.869527999016,113.929451565122,43.7894474786361,-3.56354174476571,-3.43587591737753
"2022-06-23",110.389999389648,113,107.930000305176,112.440002441406,64345300,112.440002441406,113.556175231934,121.758770751953,153.207215270996,110.264985605538,113.819122000402,48.0354492635737,-3.12261800337205,-3.37322433457643
"2022-06-24",112.379997253418,116.709999084473,111.430000305176,116.459999084473,69867600,116.459999084473,114.040425109863,121.072220611572,152.908140296936,111.218064602297,114.014742525148,52.4874471281512,-2.45290903694705,-3.18916127505055
"2022-06-27",117.089996337891,117.980003356934,112.699996948242,113.220001220703,62133200,113.220001220703,114.147550201416,120.225800628662,152.603200340271,111.526054851283,113.955872798893,48.8545234932507,-2.13224460304791,-2.97777794065002
"2022-06-28",113.5,114.849998474121,107.040000915527,107.400001525879,74942900,107.400001525879,113.76022529602,119.339670715332,152.272912826538,110.891277416605,113.470252704596,43.0855870439291,-2.27282060850316,-2.83678647422065
"2022-06-29",107.379997253418,110.98999786377,106.910003662109,108.919998168945,66375300,108.919998168945,113.195750045776,118.462370605469,151.953220291138,110.588003686196,113.133196813066,44.9150690109335,-2.24973146571269,-2.71937547251906
"2022-06-30",108.110000610352,108.180000305176,102.519996643066,106.209999084473,97679400,106.209999084473,112.422050094604,117.42426071167,151.62177028656,109.9144645167,112.620367351689,42.3041123788983,-2.40267626417771,-2.65603563085079
"2022-07-01",106.290000915527,109.75,105.849998474121,109.559997558594,73021200,109.559997558594,111.624499893188,116.535500640869,151.300622749329,109.85993113853,112.393673292941,46.4483140678124,-2.25434588992145,-2.57569768266492
"2022-07-05",107.599998474121,114.080001831055,106.319999694824,113.5,76583700,113.5,111.181999969482,115.839580535889,150.996062736511,110.419941732602,112.47562341939,50.9140193792921,-1.82766863102646,-2.42609187233723
"2022-07-06",113.209999084473,115.480003356934,112.01000213623,114.330001831055,66958900,114.330001831055,110.659000015259,115.239180450439,150.702082710266,111.021489440056,112.612984783217,51.8254051149908,-1.41324319413439,-2.22352213669666
"2022-07-07",113.849998474121,116.98999786377,113.48999786377,116.330001831055,57872300,116.330001831055,110.325500106812,114.644300384521,150.444800224304,111.838183654056,112.888319379353,54.0398351427106,-0.930243032290945,-1.96486631581552
"2022-07-08",114.599998474121,116.580001831055,113.690002441406,115.540000915527,45719700,115.540000915527,110.043500137329,114.167280273437,150.186592712402,112.407694001975,113.084740233884,53.0034286224502,-0.598706978951657,-1.69163444844275
"2022-07-11",114.080001831055,114.300003051758,110.870002746582,111.75,53487600,111.75,109.823500061035,113.638940124512,149.900330200195,112.306510309363,112.98587058693,48.225003424389,-0.601278968810548,-1.47356335251631
"2022-07-12",112.160003662109,113.230003356934,108.339996337891,109.220001220703,54280300,109.220001220703,109.802000045776,112.931410217285,149.59243019104,111.831662757262,112.706917300543,45.2897447419461,-0.776575710031335,-1.33416582401931
"2022-07-13",107.029998779297,111.779998779297,106.01000213623,110.400001525879,61353800,110.400001525879,110.138500213623,112.653780212402,149.288050193787,111.611407183203,112.536034650568,46.912717028944,-0.821627908105993,-1.23165824083665
"2022-07-14",110.23999786377,111.180000305176,107.580001831055,110.629997253418,51163100,110.629997253418,110.554500198364,112.376380157471,148.989750213623,111.460421040159,112.394846695223,47.2412351385053,-0.831377667695155,-1.15160212620835
"2022-07-15",112.5,115.589996337891,111.589996337891,113.550003051758,84317800,113.550003051758,110.848500442505,112.162310180664,148.72851020813,111.78189519579,112.480413832744,51.3568885257149,-0.621013573077212,-1.04548441558212
"2022-07-18",115,117.23999786377,113.150001525879,113.76000213623,59115400,113.76000213623,111.353500366211,111.918940277099,148.472030220032,112.086219340473,112.575198151521,51.6490129621314,-0.434357495325199,-0.923259031530738
"2022-07-19",115.699996948242,118.949996948242,114.029998779297,118.209999084473,60990000,118.209999084473,111.953000259399,111.955000305176,148.241820220947,113.028339301088,112.992590813221,57.4767504528765,0.0316379044056347,-0.732279644343463
"2022-07-20",118.620002746582,123.480003356934,118.319999694824,122.769996643066,71268300,122.769996643066,112.657500076294,112.114950256348,148.034855232239,114.527055815239,113.716843096913,62.4687774811878,0.712482598232755,-0.44332719582822
"2022-07-21",123.199996948242,124.849998474121,121.26000213623,124.629997253418,60239900,124.629997253418,113.441500091553,112.431770172119,147.86056022644,116.081354498035,114.525224886284,64.3092902203835,1.35876582062722,-0.0829085925371324
"2022-07-22",125.01000213623,125.5,121.349998474121,122.419998168945,51463800,122.419998168945,113.94049987793,112.702990112305,147.667410202026,117.056530447406,115.110022907222,60.5121849167713,1.69099743968693,0.271872613907679
"2022-07-25",122.699996948242,123.639999389648,120.029998779297,121.139999389648,50221300,121.139999389648,114.174499893188,113.018350067139,147.457607727051,117.68475643852,115.556687831846,58.3627857152052,1.84157978789667,0.585814048705478
"2022-07-26",115.790000915527,118.150001525879,114.529998779297,114.809997558594,67075100,114.809997558594,114.253999710083,113.175940093994,147.206050186157,117.242485841609,115.501377441235,49.0785719756495,1.50743518297825,0.770138275560032
"2022-07-27",117.309997558594,121.900001525879,117.160003662109,120.970001220703,61582000,120.970001220703,114.932499694824,113.334240112305,146.988745193481,117.815949746085,115.906460684158,56.3548161192896,1.64743971186341,0.945598562820707
"2022-07-28",121.569999694824,122.839996337891,118.080001831055,122.279998779297,82245500,122.279998779297,115.600499725342,113.563630065918,146.788570175171,118.502726520425,116.378574617132,57.7378489375969,1.82520872959775,1.12152059617612
"2022-07-29",134.899993896484,137.649993896484,132.410003662109,134.949996948242,148892900,134.949996948242,117.03749961853,113.955260009765,146.65148765564,121.033075817012,117.754235530547,68.2252712947033,2.78447757882507,1.45411199270591
"2022-08-01",134.960006713867,138.830001831055,133.509994506836,135.389999389648,76846900,135.389999389648,118.328999710083,114.520809936523,146.507367630005,123.241833289725,119.060588408999,68.5174511461831,3.51186310818719,1.86566221580216
"2022-08-02",134.720001220703,137.440002441406,134.089996337891,134.160003662109,61922400,134.160003662109,119.361999893188,115.057630004883,146.353202667236,124.921551808554,120.179063612933,66.6718240820681,3.94618501180437,2.2817667750026
"2022-08-03",136.210006713867,140.490005493164,136.050003051758,139.520004272461,71827800,139.520004272461,120.621500015259,115.696210021973,146.198547668457,127.167467572232,121.611725884009,70.4120936694685,4.56842598675171,2.73909861735243
"2022-08-04",140.580001831055,143.559997558594,139.550003051758,142.570007324219,70585000,142.570007324219,121.933500289917,116.396470184326,146.049712677002,129.537089072537,123.164191175877,72.3159784318738,5.174310678954,3.22614102967274
"2022-08-05",140.100006103516,142.860000610352,139.600006103516,140.800003051758,50686900,140.800003051758,123.196500396728,117.130470275879,145.892675170898,131.269845069341,124.470547611127,69.5202407846463,5.46257535514014,3.67342789476622
"2022-08-08",142.050003051758,144.229995727539,138.289993286133,139.410003662109,52229000,139.410003662109,124.579500579834,117.783170318603,145.735960159302,132.522177160536,125.577173985274,67.3192099000975,5.53046621042463,4.0448355578979
"2022-08-09",138.050003051758,138.949996948242,136.210006713867,137.830001831055,40434700,137.830001831055,126.010000610352,118.318220367431,145.566357650757,133.338765571385,126.484790862739,64.8075093306523,5.41881333075334,4.31963111246899
"2022-08-10",142.899993896484,144.600006103516,141.009994506836,142.690002441406,54773800,142.690002441406,127.624500656128,118.869090423584,145.445920181274,134.777417397542,127.685176905603,68.678600738466,5.55447442202452,4.5665997743801
"2022-08-11",143.860000610352,144.490005493164,139.759994506836,140.639999389648,44867300,140.639999389648,129.125000762939,119.2777003479,145.319027709961,135.679353088635,128.644793385903,65.4102253266853,5.46820397280299,4.74692061406468
"2022-08-12",142.050003051758,143.570007324219,140.119995117188,143.550003051758,47643500,143.550003051758,130.625000762939,119.715020446777,145.192760238647,136.890222313731,129.748882990781,67.755984024671,5.50396979021177,4.89833044929409
"2022-08-15",142.800003051758,143.759994506836,141.490005493164,143.179992675781,39014600,143.179992675781,132.096000289917,120.068400268555,145.060537719727,137.857879292508,130.743780004485,67.132573757088,5.44125256878683,5.00691487319264
"2022-08-16",143.910003662109,146.570007324219,142,144.779998779297,59102900,144.779998779297,133.424500274658,120.517000274658,144.922795181274,138.922820752014,131.78349991373,68.4829782825782,5.41746185444862,5.08902426944384
"2022-08-17",142.690002441406,143.380004882812,140.779998779297,142.100006103516,48149800,142.100006103516,134.391000747681,120.863200378418,144.790187683105,139.411618498399,132.547685557418,63.7576990829967,5.17846306566205,5.10691202868748
"2022-08-18",141.320007324219,142.770004272461,140.380004882812,142.300003051758,37458700,142.300003051758,135.274501037598,121.249200439453,144.672160186768,139.855985352762,133.270079445888,63.9575625577313,4.94177382819689,5.07388438858936
"2022-08-19",140.470001220703,141.110000610352,137.910003662109,138.229995727539,47792800,138.229995727539,136.065000915527,121.5902003479,144.535122680664,139.605833102728,133.637480651936,57.0612709444977,4.46607674858548,4.95232286058859
"2022-08-22",135.720001220703,136.320007324219,132.850006103516,133.220001220703,50461500,133.220001220703,136.66900100708,121.931600341797,144.355222702026,138.62339742857,133.606556249622,49.925040277044,3.7549363742108,4.71284556331303
"2022-08-23",133.410003662109,134.990005493164,132.949996948242,133.619995117188,36252100,133.619995117188,137.60950088501,122.411000213623,144.154072647095,137.853643226819,133.607551721294,50.4577661891321,3.17803256688833,4.40588296402809
"2022-08-24",132.75,135.470001220703,132.100006103516,133.800003051758,38627000,133.800003051758,138.251000976562,123.013600311279,143.943325195312,137.230006276809,133.621807375402,50.7118917384328,2.70030691268086,4.06476775375865
"2022-08-25",135.259994506836,137.419998168945,134.279998779297,137.279998779297,37496300,137.279998779297,139.001000976562,123.713000335693,143.757480163574,137.237697431038,133.892784516432,55.4676533028182,2.49820251829642,3.7514547066662
"2022-08-26",136.550003051758,137.830001831055,130.5,130.75,53322700,130.75,138.79100112915,124.174600372314,143.517172698975,136.239590133956,133.659985663363,46.4171022896186,1.92997512141735,3.38715878961643
"2022-08-29",129.899993896484,131.949996948242,128.770004272461,129.789993286133,48101600,129.789993286133,138.511000823975,124.697200164795,143.295610198975,135.24734446506,133.373319561346,45.2481890330066,1.40509729372986,2.99074649043912
"2022-08-30",131.25,132.070007324219,126.849998474121,128.729995727539,49203000,128.729995727539,138.239500427246,125.147400054932,143.071135177612,134.244675428518,133.02936964773,43.9326405911184,0.913562008153534,2.575309593982
"2022-08-31",129.449996948242,130.589996337891,126.73999786377,126.769996643066,53648700,126.769996643066,137.602000045776,125.509199981689,142.823697624207,133.094724846141,132.565712388126,41.5283549791315,0.399056776058693,2.14005903039734
"2022-09-01",126,128.020004272461,123.660003662109,127.819999694824,56636100,127.819999694824,136.864499664307,125.886600036621,142.57637763977,132.283228669015,132.214178114548,43.3179856009299,0.0522262857525879,1.72249248146839
"2022-09-02",129.5,131.380004882812,126.389999389648,127.51000213623,57429800,127.51000213623,136.19999961853,126.188000030517,142.328752632141,131.54888612551,131.865720634672,42.9005082463132,-0.240270562840417,1.32993987260663
"2022-09-06",127.919998168945,128.619995117188,124.73999786377,126.110000610352,43888600,126.110000610352,135.534999465942,126.381000061035,142.072052650452,130.712134507793,131.439371003241,40.9796816122712,-0.55328665216301,0.9532945676527
"2022-09-07",126.120002746582,129.820007324219,125.400001525879,129.479995727539,47900300,129.479995727539,135.117499160767,126.706199951172,141.795437660217,130.522574695446,131.29423209393,47.1176155107662,-0.58773137721041,0.645089378680078
"2022-09-08",127.720001220703,130.279998779297,127.099998474121,129.820007324219,43988500,129.820007324219,134.473999404907,127.154600067139,141.52539516449,130.414487407565,131.185030259136,47.708497727027,-0.587371020953487,0.398597298753365
"2022-09-09",130.910003662109,133.690002441406,130.759994506836,133.270004272461,49387600,133.270004272461,134.105499649048,127.641600189209,141.298602714539,130.853797694472,131.339472778642,53.3983483348149,-0.369786077174428,0.244920623567807
"2022-09-12",134.100006103516,136.490005493164,134,136.449996948242,53826900,136.449996948242,133.750499343872,128.246400146484,141.085842704773,131.714751425821,131.718030124538,57.9411070892171,-0.00248917988958652,0.195438662876328
"2022-09-13",131.009994506836,131.399993896484,126.269996643066,126.819999694824,72694000,126.819999694824,132.932499694824,128.591600189209,140.824840240479,130.961712697976,131.355213055671,43.9644151788323,-0.299569654329668,0.096436999435129
"2022-09-14",127.360000610352,128.839996337891,126.330001831055,128.550003051758,45316800,128.550003051758,132.120999908447,128.892600250244,140.591450271606,130.590680444711,131.147419722047,46.4629065749245,-0.424514091482653,-0.00775321874842735
"2022-09-15",127.379997253418,130.369995117188,125.5,126.279998779297,52887200,126.279998779297,131.329999542236,129.131600189209,140.332457733154,129.927498650032,130.786870022584,43.7089998261812,-0.65707771154988,-0.137618117308718
"2022-09-16",122.779998779297,123.870002746582,120.699996948242,123.529998779297,115667800,123.529998779297,130.391499328613,129.275600128174,140.07334022522,128.943267900688,130.249324004563,40.5716950474539,-1.00273541828823,-0.310641577504619
"2022-09-19",122.160003662109,124.709999084473,121.800003051758,124.660003662109,47279700,124.660003662109,129.712999725342,129.458000183105,139.835710220337,128.284304171676,129.835300275492,42.4011918254953,-1.19458737379223,-0.487430736762142
"2022-09-20",123.349998474121,124.400001525879,121.139999389648,122.190002441406,47698400,122.190002441406,129.161499786377,129.666800231933,139.587320251465,127.346719290096,129.268981917412,39.5361300314575,-1.48702542466368,-0.68734967434245
"2022-09-21",122.48999786377,123.76000213623,118.449996948242,118.540000915527,58498900,118.540000915527,128.407500076294,129.85320022583,139.332572746277,125.991839540162,128.474242583939,35.6975156709584,-1.93221846951516,-0.936323433376991
"2022-09-22",117.080001831055,118.790000915527,116.26000213623,117.309997558594,55229200,117.309997558594,127.582999801636,129.991400146484,139.062280235291,124.656171542998,127.64726147095,34.4825131694206,-2.34324645392657,-1.21770803748691
"2022-09-23",116,116.050003051758,112.059997558594,113.779998779297,65126700,113.779998779297,126.407999801636,130.054400177002,138.750357704163,122.982914194736,126.620056827124,31.2004086763806,-2.87248538938327,-1.54866350786618
"2022-09-26",113.300003051758,117.339996337891,113.129997253418,115.150001525879,62723300,115.150001525879,125.62799987793,130.086400146484,138.445317687988,121.77785070722,125.770423101106,33.8326680561015,-3.17449229750677,-1.8738292657943
"2022-09-27",117.199996948242,118.319999694824,113.050003051758,114.410003662109,60094700,114.410003662109,124.859000396728,130.099400177002,138.146512680054,120.644335777203,124.928910550069,33.0960992121237,-3.42961029116581,-2.1849854708686
"2022-09-28",114.379997253418,118.699996948242,113.800003051758,118.01000213623,55763800,118.01000213623,124.323000717163,130.095400238037,137.875502662659,120.239053678592,124.416398815711,39.945876678761,-3.35755187972194,-2.41949875263927
"2022-09-29",115.599998474121,116.069999694824,113.059997558594,114.800003051758,58969700,114.800003051758,123.724501037598,129.936000366211,137.601665153503,119.402276659079,123.704073203566,36.3702019096053,-3.47748981345865,-2.63109696480314
"2022-09-30",114.080001831055,116.919998168945,112.839996337891,113,59479600,113,122.983501052856,129.703400421142,137.321207618713,118.41731101922,122.911178892191,34.5050193552633,-3.65619133546197,-2.83611583893491
"2022-10-03",113.580001831055,116.910003662109,112.449996948242,115.879997253418,50941900,115.879997253418,122.402000808716,129.572600402832,137.034032592773,118.026955055251,122.390350622652,39.8225829343002,-3.56514671720675,-2.98192201458928
"2022-10-04",119.889999389648,123,119.790000915527,121.089996337891,62812600,121.089996337891,122.151000595093,129.571600341797,136.795127563477,118.498192175657,122.29402808304,48.0411231494107,-3.1038603984863,-3.00630969136868
"2022-10-05",118.580001831055,121.75,117.690002441406,120.949996948242,48217500,120.949996948242,121.724500656128,129.69440032959,136.549790039062,118.875392909901,122.194470221203,47.8520044577253,-2.71622546036172,-2.94829284516729
"2022-10-06",120.769996643066,121.529998779297,119.5,120.300003051758,42253800,120.300003051758,121.248500442505,129.681000366211,136.315895080566,119.094563700956,122.054139319763,46.9283189711948,-2.42480561110139,-2.84359539835411
"2022-10-07",118,118.169998168945,113.879997253418,114.559997558594,54678000,114.559997558594,120.313000106812,129.526600341797,136.036610031128,118.396938140592,121.499017707824,39.6496629188008,-2.55317254884462,-2.78551082845221
"2022-10-10",115.099998474121,116.25,112.430000305176,113.669998168945,42339700,113.669998168945,119.174000167847,129.101000366211,135.749775009155,117.669716606493,120.919090334574,38.6487108161847,-2.68722971624293,-2.76585460601036
"2022-10-11",112.709999084473,115.480003356934,110.389999389648,112.209999084473,56432200,112.209999084473,118.443500137329,128.637400360107,135.455482521057,116.829760064644,120.273972464196,36.9986235162584,-2.8636390143162,-2.78541148767152
"2022-10-12",112.48999786377,113.830001831055,111.400001525879,112.900001525879,45728700,112.900001525879,117.661000061035,128.212200317383,135.171635055542,116.225181827911,119.727752394691,38.3385119500283,-2.92544585254905,-2.81341836064703
"2022-10-13",107.879997253418,113.440002441406,105.349998474121,112.529998779297,86868100,112.529998779297,116.973500061035,127.672400207519,134.880980072021,115.656692128124,119.194585460218,37.8733636038181,-2.96816614482421,-2.84436791748247
"2022-10-14",114.099998474121,114.959999084473,106.599998474121,106.900001525879,67737300,106.900001525879,116.142000198364,126.959000091553,134.569475059509,114.309508958548,118.283875539156,31.5923940896216,-3.36002397832503,-2.94749912965098
"2022-10-17",110.110000610352,114.190002441406,110.089996337891,113.790000915527,62782000,113.790000915527,115.598500061035,126.418800048828,134.295202560425,114.229584644237,117.950995937405,43.8623434688543,-3.15504863998205,-2.98900903171719
"2022-10-18",119.059997558594,119.519996643066,114.790000915527,116.360000610352,65607400,116.360000610352,115.306999969482,125.957799987793,134.04341758728,114.557340946716,117.833144431698,47.6352495090331,-2.78003570284109,-2.94721436594197
"2022-10-19",114.709999084473,116.589996337891,113.220001220703,115.069999694824,47198100,115.069999694824,115.133499908447,125.502599945068,133.766745109558,114.636211523348,117.628467043781,45.9653367349744,-2.54381919244024,-2.86653533124163
"2022-10-20",113.830001831055,118.23999786377,113.51000213623,115.25,48795100,115.25,115.030500030518,124.95379989624,133.505385093689,114.730640519756,117.452284299797,46.2484915202654,-2.31723358661478,-2.75667498231626
"2022-10-21",114.790000915527,119.589996337891,114.5,119.319999694824,55660500,119.319999694824,115.307500076294,124.527399902344,133.280200119019,115.436695777459,117.590633588318,52.3311315749296,-1.83172566141604,-2.57168511813621
"2022-10-24",119.980003356934,120.389999389648,116.569999694824,119.819999694824,49531500,119.819999694824,115.540999984741,124.052799835205,133.063030128479,116.111050226284,117.755771818429,53.0342732173346,-1.39672269711002,-2.33669263393097
"2022-10-25",119.650001525879,121.319999694824,118.949996948242,120.599998474121,50934600,120.599998474121,115.850499725342,123.601199951172,132.853260116577,116.801657649028,117.966455274407,54.1699810353918,-0.987397326357442,-2.06683357241627
"2022-10-26",116,119.349998474121,114.76000213623,115.660003662109,68802300,115.660003662109,115.732999801636,123.018800048828,132.624130172729,116.626018574118,117.795607006829,46.5005838901177,-0.992896477576977,-1.85204615344841
"2022-10-27",113.919998168945,114.120002746582,109.769996643066,110.959999084473,129605400,110.959999084473,115.540999603272,122.395999908447,132.352120170593,115.754323268019,117.289265679247,40.6096012785481,-1.30868106500566,-1.74337313575986
"2022-10-28",97.9100036621094,103.959999084473,97.6600036621094,103.410003662109,223133400,103.410003662109,115.061499786377,121.618199920654,132.043135185242,113.855197174802,116.261172196496,33.3094772000067,-2.06945704764439,-1.80858991813676
"2022-10-31",103.559997558594,104.870002746582,100.73999786377,102.440002441406,99251400,102.440002441406,114.389500045776,120.902400054931,131.749265174866,112.099013369664,115.237381844267,32.5011076347418,-2.72339446139489,-1.99155082678839
"2022-11-01",103.98999786377,104.580001831055,96.0599975585938,96.7900009155273,153370000,96.7900009155273,113.174500274658,120.173800048828,131.422525177002,109.743780684412,113.870909182879,28.207110886079,-3.62439232994851,-2.31811912742041
"2022-11-02",97.3199996948242,97.7399978637695,92.0100021362305,92.120002746582,135761800,92.120002746582,111.733000564575,119.343800201416,131.088537712097,107.032430232438,112.259730928338,25.2389486338172,-4.6564343711434,-2.78578217616501
"2022-11-03",92.4700012207031,93.5,89.0199966430664,89.3000030517578,136683300,89.3000030517578,110.183000564575,118.453800201416,130.753542747498,104.304364512334,110.559010344888,23.622465109796,-5.65729180556446,-3.3600841020449
"2022-11-04",91.4899978637695,92.4400024414062,88.0400009155273,90.9800033569336,129101300,90.9800033569336,109.004000854492,117.527800292969,130.450105285645,102.254462796118,109.108713530966,26.6370118211958,-6.28203789874406,-3.94447486138473
"2022-11-07",91.9499969482422,92.0999984741211,89.0400009155273,90.5299987792969,77495700,90.5299987792969,107.84700088501,116.723400268555,130.189540252686,100.450699101223,107.732512438249,26.3371525683893,-6.75916041705661,-4.50741197251911
"2022-11-08",90.7900009155273,91.7200012207031,88.2300033569336,89.9800033569336,88703400,89.9800033569336,106.735501098633,115.927200469971,129.916720237732,98.8398228328704,106.417511765559,25.9526140175152,-7.12071613681655,-5.0300728053786
"2022-11-09",89.4700012207031,89.4800033569336,85.870002746582,86.1399993896484,90796200,86.1399993896484,105.397500991821,115.075400543213,129.647490272522,96.8860038416055,104.915473811788,23.3853410101389,-7.65327523048408,-5.55471329039969
"2022-11-10",92.9400024414062,98.6900024414062,91.6500015258789,96.629997253418,173414900,96.629997253418,104.602500915527,114.47260055542,129.436277770996,96.8466182126536,104.301734807464,40.6556076950528,-7.14764390886935,-5.87329941409363
"2022-11-11",97.879997253418,101.190002441406,96.6600036621094,100.790000915527,111590500,100.790000915527,104.29700088501,113.932000579834,129.242040290833,97.4532924746341,104.041606371025,45.8669835394706,-6.33238386660021,-5.96511630459494
"2022-11-14",98.7699966430664,100.120002746582,97.2900009155273,98.4899978637695,99533100,98.4899978637695,103.532000732422,113.351600494385,129.014600296021,97.6127856114242,103.630376111228,43.5879110076857,-5.80678245666596,-5.93344953500915
"2022-11-15",103.209999084473,103.790000915527,97.3399963378906,98.9400024414062,111336300,98.9400024414062,102.661000823975,112.808200531006,128.761432800293,97.8169728160368,103.282941024574,44.1724050502128,-5.29222750080007,-5.80520512816733
"2022-11-16",96.8499984741211,98.4899978637695,95.5400009155273,97.120002746582,87958800,97.120002746582,101.763500976562,112.161000671387,128.491065330505,97.7097466515053,102.826427078056,42.2650633755422,-4.97603638670346,-5.63937137987456
"2022-11-17",95.370002746582,96.9700012207031,94.0299987792969,94.8499984741211,82617900,94.8499984741211,100.743500900269,111.461600494385,128.212252807617,97.2697853934462,102.235580514802,39.9481279637398,-4.85720831862139,-5.48293876762393
"2022-11-18",95.9499969482422,95.9899978637695,92.4800033569336,94.1399993896484,72428200,94.1399993896484,99.4845008850097,110.679000396728,127.988725280762,96.7882798544004,101.635907838865,39.2238612202943,-4.76960169642981,-5.3402713533851
"2022-11-21",93.9700012207031,95.0199966430664,90.5899963378906,92.4599990844727,84330300,92.4599990844727,98.1165008544922,109.799200439453,127.662827796936,96.1223905051807,100.956210894095,37.4917564644016,-4.78803666075085,-5.22982441485825
"2022-11-22",92.620002746582,93.3499984741211,90.870002746582,93.1999969482422,62192000,93.1999969482422,96.7465007781982,109.126800384521,127.339150276184,95.672791496421,100.381676527735,38.7742746682211,-4.69098065921768,-5.12205566373014
"2022-11-23",93.2399978637695,94.5800018310547,92.8300018310547,94.129997253418,59414700,94.129997253418,95.6700004577637,108.438400268555,127.002732772827,95.435438535959,99.9185891740823,40.4285274981237,-4.48680338181383,-4.99500520734688
"2022-11-25",93.7900009155273,94.4300003051758,93.0699996948242,93.4100036621094,35088600,93.4100036621094,94.7925006866455,107.781000366211,126.663835296631,95.1238331707513,99.436471728751,39.5378685736148,-4.33707922558229,-4.86342001099396
"2022-11-28",93.9300003051758,96.4000015258789,93.4300003051758,93.9499969482422,74943100,93.9499969482422,94.3195003509522,107.18940032959,126.338567810059,94.943242982673,99.030066189454,40.594908955613,-4.12685092925471,-4.71610619464611
"2022-11-29",94.0400009155273,94.4100036621094,91.4400024414062,92.4199981689453,65567300,92.4199981689453,93.8185001373291,106.544600219726,126.034200286865,94.5550514728688,98.5404315212682,38.5390355186644,-4.04441099645407,-4.5817671550077
"2022-11-30",92.4700012207031,96.5400009155273,91.5299987792969,96.5400009155273,102805800,96.5400009155273,93.8060001373291,106.031600189209,125.741065254211,94.8604283102008,98.3922514763985,46.4095529964427,-3.58953384357188,-4.38332049272054
"2022-12-01",96.9899978637695,97.2300033569336,94.9199981689453,95.5,68488000,95.5,93.975,105.570800170898,125.436012763977,94.9588239547853,98.1780106262949,44.8483086274584,-3.2789283985017,-4.16244207387677
"2022-12-02",94.4800033569336,95.3600006103516,93.7799987792969,94.129997253418,72496400,94.129997253418,94.216499710083,105.107200164795,125.11616027832,94.831312154575,97.8781577838596,42.8054650262203,-3.11289637879461,-3.95253293486034
"2022-12-05",93.0500030517578,94.0599975585938,90.8199996948242,91.0100021362305,71535500,91.0100021362305,94.2179996490479,104.651800231933,124.797947807312,94.2434183055989,97.3694055136649,38.5040386483823,-3.21044088908117,-3.8041145257045
"2022-12-06",90.5,91.0400009155273,87.9000015258789,88.25,75503600,88.25,94.103999710083,104.113800201416,124.476190299988,93.3213539508914,96.6938939941341,35.1400407021039,-3.48785213205637,-3.74086204697488
"2022-12-07",88.3399963378906,89.8899993896484,87.4800033569336,88.4599990844727,68086900,88.4599990844727,94.02799949646,103.594800109863,124.167502822876,92.5734532022116,96.0839758526777,35.6010618106605,-3.6535984479334,-3.72340932716658
"2022-12-08",89.2399978637695,90.8600006103516,87.879997253418,90.3499984741211,73305900,90.3499984741211,94.2384994506836,103.041600036621,123.895117835999,92.2313832440438,95.6592367875995,39.7517268623055,-3.58340047304245,-3.69540755634176
"2022-12-09",88.9000015258789,90.3000030517578,88.629997253418,89.0899963378906,67398500,89.0899963378906,93.8614994049073,102.527399902344,123.583777809143,91.7480929507895,95.1726263839173,37.9936250760522,-3.59823361321732,-3.67597276771687
"2022-12-12",89.2099990844727,90.5800018310547,87.870002746582,90.5500030517578,61999800,90.5500030517578,93.3494995117188,102.078399963379,123.267585334778,91.5637714278615,94.8302098407944,41.2367386744396,-3.44451248016505,-3.62968071020651
"2022-12-13",95.2300033569336,96.25,90.5199966430664,92.4899978637695,100212000,92.4899978637695,93.0494995117188,101.610599975586,122.962220306396,91.7062678026166,94.6568608054592,45.3285606120057,-3.11714647806327,-3.52717386377786
"2022-12-14",92.5,93.4599990844727,89.870002746582,91.5800018310547,70298000,91.5800018310547,92.6814994812012,101.020400085449,122.664410324097,91.6868422685302,94.4289453258737,43.7883057403553,-2.90387978800417,-3.40251504862312
"2022-12-15",89.8899993896484,89.9700012207031,87.4700012207031,88.4499969482422,84802900,88.4499969482422,92.2479991912842,100.370400085449,122.346397781372,91.1888660654089,93.986060260864,38.8929751255828,-2.97617985868464,-3.31724801063542
"2022-12-16",88.2699966430664,89.3499984741211,86.7300033569336,87.8600006103516,146144100,87.8600006103516,91.8984992980957,99.721600036621,122.046205291748,90.676732918477,93.5322780645297,38.029920493146,-3.05300502152057,-3.26439941281245
"2022-12-19",87.5100021362305,87.629997253418,84.5100021362305,84.9199981689453,83531500,84.9199981689453,91.4374992370606,99.128800048828,121.742600250244,89.7910814185491,92.8943314055975,33.9831063829568,-3.34062363127301,-3.27964425650457
"2022-12-20",85.3300018310547,86.6100006103516,84.3300018310547,85.1900024414062,74348300,85.1900024414062,91.0739994049073,98.5592001342772,121.481285247803,89.0832231143733,92.323640371213,34.67065556066,-3.50984562979831,-3.32568453116332
"2022-12-21",86.1800003051758,87.2300033569336,85.2099990844727,86.7699966430664,59267200,86.7699966430664,90.7524993896485,98.0504000854491,121.23506275177,88.7273421187876,91.9122593543132,38.6942954939915,-3.46517130347987,-3.35358188562663
"2022-12-22",85.5199966430664,85.6800003051758,82.25,83.7900009155273,81431300,83.7900009155273,90.235499572754,97.4682000732421,120.957617721558,87.9677511644398,91.3106105810699,34.391886964308,-3.660975866175,-3.4150606817363
"2022-12-23",83.25,85.7799987792969,82.9300003051758,85.25,57433700,85.25,89.8274993896485,96.9226000976561,120.649780197144,87.5496356006799,90.8616764639536,38.0275608212793,-3.64514610798277,-3.46107776698559
"2022-12-27",84.9700012207031,85.3499984741211,83,83.0400009155273,57284000,83.0400009155273,89.2819995880127,96.4454000854491,120.337357673645,86.8558456491179,90.2822930899961,34.8769812560654,-3.79525965015372,-3.52791414361922
"2022-12-28",82.8000030517578,83.4800033569336,81.6900024414062,81.8199996948242,58228600,81.8199996948242,88.7519996643067,95.806000061035,120.037192687988,86.0811001176881,89.6554565422055,33.2397767356399,-3.98676953123849,-3.61968522114307
"2022-12-29",82.870002746582,84.5500030517578,82.5500030517578,84.1800003051758,54995900,84.1800003051758,88.1339996337891,95.1624000549315,119.721260185242,85.7886232234555,89.2498671913145,39.1867850292288,-3.87815027269399,-3.67137823145326
"2022-12-30",83.120002746582,84.0500030517578,82.4700012207031,84,62401200,84,87.5589996337891,94.541000061035,119.37574016571,85.5134504198469,88.860988140106,38.9021423022885,-3.76716238511892,-3.69053506218639
"2023-01-03",85.4599990844727,86.9599990844727,84.2099990844727,85.8199996948242,76706000,85.8199996948242,87.1434997558594,93.9524000549315,119.018645172119,85.5606118467665,88.6357297367518,43.3804088855045,-3.46938858530117,-3.64630576680935
"2023-01-04",86.5500030517578,86.9800033569336,83.3600006103516,85.1399993896484,68885100,85.1399993896484,86.8499996185303,93.268800048828,118.638092651367,85.4959022379791,88.3767867480774,42.137678155359,-3.25977512433264,-3.56899963831401
"2023-01-05",85.3300018310547,85.4199981689453,83.0699996948242,83.120002746582,67930800,83.120002746582,86.5934997558594,92.5348001098632,118.246235160828,85.1303792393026,87.9873953405593,38.6001596464567,-3.24707429990219,-3.50461457063164
"2023-01-06",83.0299987792969,86.4000015258789,81.4300003051758,86.0800018310547,83303400,86.0800018310547,86.4744998931885,91.8444001770018,117.852190132141,85.2764750226491,87.8461069324478,45.7828977803515,-2.9251517221756,-3.38872200094043
"2023-01-09",87.4599990844727,89.4800033569336,87.0800018310547,87.3600006103516,65266100,87.3600006103516,86.325,91.2784001159667,117.471950111389,85.5970174207572,87.810099056737,48.5839680886556,-2.52030422440346,-3.21503844563304
"2023-01-10",87.5699996948242,90.1900024414062,87.2900009155273,89.870002746582,67756600,89.870002746582,86.3640003204346,90.8566001892089,117.103052597046,86.2543997785764,87.962684515244,53.6417905471581,-1.94205616402213,-2.96044198931086
"2023-01-11",90.9300003051758,95.2600021362305,90.9300003051758,95.0899963378906,103126200,95.0899963378906,86.5909999847413,90.6902000427245,116.75463508606,87.6137223261632,88.4906335391438,62.0113002192486,-0.990965007152633,-2.56654659287921
"2023-01-12",96.9300003051758,97.1900024414062,93.5,95.2699966430664,85254800,95.2699966430664,86.7299999237061,90.5467999267577,116.386032600403,88.7916106826098,88.9928085838788,62.26429628667,-0.226083325687287,-2.09845393944083
"2023-01-13",94.1800003051758,98.370002746582,94.120002746582,98.120002746582,85549400,98.120002746582,87.0569999694825,90.5733999633788,116.030057601929,90.2267479232209,89.6688970403753,66.1124844787062,0.622123056330692,-1.55433854028652
"2023-01-17",98.6800003051758,98.8899993896484,95.7300033569336,96.0500030517578,72755000,96.0500030517578,87.4370002746582,90.6519999694823,115.678802642822,91.1226333276112,90.141571559737,61.2285794765008,1.0883566271352,-1.02579950680218
"2023-01-18",97.25,99.3199996948242,95.379997253418,95.4599990844727,79570400,95.4599990844727,87.8170001983643,90.7751998901366,115.341115150452,91.7899203671284,90.5355291541619,59.8709868202658,1.38552369957494,-0.543534865526755
"2023-01-19",94.7399978637695,95.4400024414062,92.8600006103516,93.6800003051758,69002700,93.6800003051758,88.2550003051758,90.8291998291014,114.991715164185,92.0807018960587,90.7684529431259,55.8477946249449,1.44571038767742,-0.145685814885919
"2023-01-20",93.8600006103516,97.3499984741211,93.1999969482422,97.25,67481500,97.25,88.8580001831055,90.9635998535155,114.636232681274,92.8759785274343,91.2485675399314,61.4438407665111,1.78349209349591,0.240149766790447
"2023-01-23",97.5599975585938,97.7799987792969,95.8600006103516,97.5199966430664,76501100,97.5199966430664,89.3955001831055,91.1143997192382,114.303557701111,93.5904428529162,91.7131178438673,61.8377873170186,2.04695364543692,0.601510542519742
"2023-01-24",96.9300003051758,98.0899963378906,96,96.3199996948242,66929500,96.3199996948242,90.0220001220704,91.3179997253417,113.991377716064,94.0103746747482,92.0543683513456,58.9546326872473,2.12483813471738,0.906176060959269
"2023-01-25",92.5599975585938,97.2399978637695,91.5199966430664,97.1800003051758,94261600,97.1800003051758,90.6185001373291,91.3289997863768,113.68835521698,94.4980093871217,92.43404479237,60.3803325922229,2.23290520217718,1.17152188920285
"2023-01-26",98.2399978637695,99.4899978637695,96.9199981689453,99.2200012207031,68523600,99.2200012207031,91.4275001525879,91.2975997924803,113.412152748108,95.2244696692111,92.9367082315058,63.6093478623384,2.46163381643179,1.42954427464864
"2023-01-27",99.5299987792969,103.48999786377,99.5299987792969,102.23999786377,87775600,102.23999786377,92.4485000610352,91.3725997924804,113.167742767334,96.3037816991432,93.6258407968587,67.7939785230215,2.86025832130563,1.71568708398004
"2023-01-30",101.089996337891,101.73999786377,99.0100021362305,100.550003051758,70691900,100.550003051758,93.2670001983643,91.4047998046874,112.916555252075,96.9570465226224,94.138741704629,63.4003574800849,2.99377787185233,1.9713052415545
"2023-01-31",101.160003662109,103.349998474121,101.139999389648,103.129997253418,66527300,103.129997253418,94.2235000610352,91.5249996948241,112.654500236511,97.9067312504371,94.804760634169,66.9245181185955,3.27195659323272,2.23143551189014
"2023-02-01",102.529998779297,106.23999786377,101.23999786377,105.150001525879,80450100,105.150001525879,95.190000152588,91.7309997558593,112.421717758179,99.021080523582,95.5710747742956,69.4082325639736,3.6098848500282,2.50712537951775
"2023-02-02",110.25,114,108.879997253418,112.910003662109,158154200,112.910003662109,96.578500366211,92.1063998413085,112.222342758179,101.157837929509,96.8554398770966,76.6593210398323,4.44208199133898,2.894116701882
"2023-02-03",105.26000213623,108.779998779297,102.519996643066,103.389999389648,144374800,103.389999389648,97.5920001983643,92.324999847412,111.948715286255,101.501247384915,97.3394813224708,58.3779917318306,4.27551699053865,3.17039675961333
"2023-02-06",102.930000305176,103.949996948242,100.650001525879,102.180000305176,81945200,102.180000305176,98.3970001220704,92.5045999145507,111.689625282288,101.605670911109,97.6980382841526,56.5326585355621,3.99970428842316,3.33625826537529
"2023-02-07",101.169998168945,102.410003662109,98.0800018310547,102.110000610352,119501300,102.110000610352,99.1345001220704,92.6641999816894,111.458695259094,101.683260095608,98.0248503083156,56.421545143091,3.73212483955425,3.41543158021109
"2023-02-08",102.040000915527,102.669998168945,98.7799987792969,100.050003051758,75878300,100.050003051758,99.6435001373292,92.7969999694823,111.237195243835,101.43198978117,98.1748616226446,53.1131003389148,3.31768041705467,3.3958813475798
"2023-02-09",101.319999694824,101.779998779297,97.5699996948242,98.2399978637695,64622500,98.2399978637695,99.8010002136231,92.8827999877929,110.99802520752,100.94091410157,98.1796865293946,50.3210307160869,2.81242247738109,3.27918957354006
"2023-02-10",97.5599975585938,98.8199996948242,96.2300033569336,97.6100006103516,52740100,97.6100006103516,99.9180004119874,92.986600036621,110.789120178223,100.428465872151,98.1374875724285,49.3486345213819,2.33445786762392,3.09024323235683
"2023-02-13",97.8499984741211,99.6800003051758,96.9100036621094,99.5400009155273,52841500,99.5400009155273,99.9890003204346,93.046600036621,110.595985145569,100.291778955748,98.2413774496951,52.3842565591666,2.08710581964571,2.88961574981461
"2023-02-14",98.4100036621094,100.919998168945,97.5199966430664,99.6999969482422,56202900,99.6999969482422,100.171500015259,93.1305999755858,110.3715026474,100.200735569978,98.3494233384763,52.6376679527211,1.88238239601053,2.68816907905379
"2023-02-15",99.0899963378906,101.169998168945,98.4499969482422,101.160003662109,47957600,101.160003662109,100.456500244141,93.2712001037597,110.25589515686,100.348315276459,98.5576144735602,54.9916285502608,1.8169076153721,2.51391678631745
"2023-02-16",99.2099990844727,100.629997253418,98.0999984741211,98.1500015258789,56339200,98.1500015258789,100.680000305176,93.4140000915526,110.12414516449,100.010113160985,98.5274209218801,49.5264999882894,1.50485238041593,2.31210390513715
"2023-02-17",97.8000030517578,97.9400024414062,95.6500015258789,97.1999969482422,60029400,97.1999969482422,100.677500152588,93.5930000305175,109.988877639771,99.5777875897942,98.4290932201292,47.9082064811832,1.16702728033475,2.08308858017667
"2023-02-21",95.3399963378906,95.6100006103516,94.2699966430664,94.5800018310547,56580400,94.5800018310547,100.530500411987,93.7154000854491,109.832135162354,98.808897473065,98.143975339457,43.6701761105805,0.677496638289043,1.80197019179915
"2023-02-22",95.0999984741211,97.0100021362305,94.8000030517578,95.7900009155273,59534100,95.7900009155273,100.504000473023,93.8242001342772,109.729050178528,98.3444518488285,97.9696068636103,46.0440766762638,0.382613544361754,1.51809886231167
"2023-02-23",96.120002746582,96.4300003051758,93.6699981689453,95.8199996948242,48467000,95.8199996948242,100.436000442505,93.9588002014159,109.63428768158,97.9560745943663,97.8103767029595,46.1047193153672,0.148959544291727,1.24427099870768
"2023-02-24",93.5299987792969,94.1399993896484,92.3199996948242,93.5,57053800,93.5,100.15000038147,94.0178001403808,109.557842674255,97.2705246567715,97.4910895397773,42.1584009183485,-0.22624106884751,0.950168585196641
"2023-02-27",94.2799987792969,94.7799987792969,93.1399993896484,93.7600021362305,47470300,93.7600021362305,99.7260005950928,94.04320022583,109.482347679138,96.7304442689959,97.2147126950702,42.749822608746,-0.498143143819418,0.660506239393429
"2023-02-28",93.1399993896484,94.6900024414062,92.9199981689453,94.2300033569336,43959300,94.2300033569336,99.4100006103516,94.0962002563475,109.426637687683,96.3457610517556,96.9936231144675,43.8671509023358,-0.667942945019495,0.394816402510844
"2023-03-01",93.870002746582,94.6800003051758,91.5899963378906,92.1699981689453,52299500,92.1699981689453,98.8620006561279,94.1706002807616,109.352835197449,95.7033359928617,96.6363175629473,40.1669381248238,-0.965456459449499,0.122761830118776
"2023-03-02",91.4100036621094,92.2300033569336,90.3899993896484,92.129997253418,55509400,92.129997253418,98.2110004425049,94.2560002136229,109.24821018219,95.1535915714088,96.3025160585377,40.0962124790887,-1.1930368324235,-0.140397902389679
"2023-03-03",92.7399978637695,94.9400024414062,92.6600036621094,94.9000015258789,55759600,94.9000015258789,97.3105003356934,94.4556002807616,109.168657684326,95.1145777182504,96.1986260931556,47.0492631299909,-1.12688550650969,-0.337695423213681
"2023-03-06",95.1900024414062,96.5500030517578,93.7399978637695,93.75,52112400,93.75,96.828500366211,94.6268002319335,109.060565185547,94.9046426846734,96.0172463825515,44.7281073237571,-1.15875401534142,-0.50190714163923
"2023-03-07",94.0599975585938,95.0899963378906,92.7799987792969,93.5500030517578,49100700,93.5500030517578,96.3970005035401,94.7624003601073,108.992752685547,94.6962365873018,95.8344876173075,44.3186135822136,-1.18772589941846,-0.639070893195075
"2023-03-08",93.5999984741211,94.1699981689453,92.1800003051758,93.9199981689453,44899100,93.9199981689453,95.9875003814697,94.9650003051757,108.925757675171,94.57681529217,95.6926735840955,45.3160470932747,-1.16608539622927,-0.744473793801913
"2023-03-09",93.6800003051758,96.2099990844727,92.1800003051758,92.25,56218700,92.25,95.5975002288818,95.1050003051757,108.849052658081,94.2188437087592,95.4376607260143,41.6863339510278,-1.27708182281848,-0.850995399605227
"2023-03-10",92.6699981689453,93.5699996948242,90.25,90.7300033569336,69827500,90.7300033569336,95.22200050354,95.2588003540038,108.764917678833,93.6820990392476,95.0889453653417,38.6517395894431,-1.47950565724422,-0.976697451133025
"2023-03-13",89.9700012207031,94.0199966430664,88.120002746582,92.4300003051758,72397100,92.4300003051758,94.9630004882813,95.4710003662108,108.706567687988,93.489468464775,94.8919864719961,43.597106552063,-1.47801522485248,-1.07696100587692
"2023-03-14",93.8300018310547,95.0699996948242,92.7099990844727,94.879997253418,60912700,94.879997253418,94.7300003051758,95.6850003051757,108.647092666626,93.7033959707201,94.891098381731,49.8690776838888,-1.25164786925852,-1.11189837855324
"2023-03-15",93.2200012207031,96.6699981689453,93.0699996948242,96.1999969482422,70731800,96.1999969482422,94.5550003051758,95.9290002441405,108.572705154419,94.0874884288004,94.9880538311022,52.9074950519256,-0.948082801973316,-1.07913526323725
"2023-03-16",95.75,100.98999786377,95.6100006103516,100.040000915527,84446900,100.040000915527,94.4990001678467,96.2134002685546,108.497172660828,95.0032595806045,95.3622721336522,60.4225486787198,-0.376472314485721,-0.938602673486946
"2023-03-17",99.7900009155273,100.660003662109,97.4599990844727,98.9499969482422,87300200,98.9499969482422,94.5389999389648,96.4896002197265,108.3908751297,95.6104499448564,95.6280295273255,57.6121035316162,-0.0183832946846096,-0.754558797726479
"2023-03-20",98.4100036621094,98.4800033569336,95.6999969482422,97.7099990844727,62388900,97.7099990844727,94.5645000457764,96.7814001464843,108.271005134583,95.9334575047974,95.7822494945216,54.5061217990363,0.157866422091524,-0.572073753762879
"2023-03-21",98.1399993896484,100.849998474121,98,100.610000610352,58597300,100.610000610352,94.8659999847412,97.0720001220702,108.1465001297,96.6529256748827,96.1398606882868,59.9449398001372,0.533665207046008,-0.350925961601101
"2023-03-22",100.449996948242,102.099998474121,98.6100006103516,98.6999969482422,57475400,98.6999969482422,95.011499786377,97.298800048828,108.02825012207,96.967859716938,96.3295004112465,55.2592134531021,0.662683085624116,-0.148204152156058
"2023-03-23",100.430000305176,101.059997558594,97.620002746582,98.7099990844727,57559300,98.7099990844727,95.1559997558594,97.4755999755858,107.897850112915,97.2358811580972,96.5058336463003,55.2789276845306,0.756480187998365,0.0327327158748267
"2023-03-24",98.0699996948242,98.3000030517578,96.4000015258789,98.129997253418,56095400,98.129997253418,95.3874996185303,97.5363999938964,107.773500099182,97.3734374804542,96.6261420616423,53.7985647324379,0.773388446301815,0.180863861960224
"2023-03-27",99.0699996948242,99.3399963378906,97.0800018310547,98.0400009155273,46721300,98.0400009155273,95.6014995574951,97.5918000793456,107.657800102234,97.4759857012347,96.7308723471153,53.5588910599332,0.770295290468992,0.298750147661978
"2023-03-28",98.1100006103516,98.4400024414062,96.2900009155273,97.2399978637695,38720100,97.2399978637695,95.7519992828369,97.5741999816893,107.563250083923,97.4396798800862,96.7685853483489,51.3681306109972,0.693504539021061,0.377701025933795
"2023-03-29",98.6900024414062,100.419998168945,98.5599975585938,100.25,49783300,100.25,96.1559993743897,97.6581999206542,107.516250076294,97.8720368216114,97.0264679151379,58.2823478072941,0.87148272491282,0.4764573657296
"2023-03-30",101.550003051758,103.040000915527,101.01000213623,102,53633400,102,96.6494995117188,97.7889999389647,107.507900085449,98.507108079825,97.3948776992018,61.6924136989804,1.14198036580355,0.60956196574439
"2023-03-31",102.160003662109,103.48999786377,101.949996948242,103.290000915527,56750300,103.290000915527,97.0689994812012,97.9811999511718,107.512800102234,99.2429377468561,97.8315534930036,64.0267288873127,1.44266773189226,0.776183118973963
"2023-04-03",102.300003051758,103.290000915527,101.430000305176,102.410003662109,41135700,102.410003662109,97.5019996643066,98.084400024414,107.4865001297,99.730178656895,98.1706979499744,61.2833052927113,1.58853989987449,0.938654475154068
"2023-04-04",102.75,104.199996948242,102.110000610352,103.949996948242,48662500,103.949996948242,98.0219993591308,98.2130000305175,107.48795009613,100.379381470948,98.5987941720683,64.1761554630573,1.80589155661754,1.11210189144676
"2023-04-05",103.910003662109,103.910003662109,100.75,101.099998474121,45175400,101.099998474121,98.3809993743896,98.3086000061034,107.462350082397,100.490245625283,98.7840685648129,55.858058363674,1.72717836515335,1.23511718618808
"2023-04-06",100.75,102.379997253418,99.8000030517578,102.059997558594,43808000,102.059997558594,98.8714992523193,98.4061999511718,107.429250068665,100.731745922715,99.0267299717597,57.8403090739518,1.7217734559565,1.33244844014176
"2023-04-10",100.959999084473,102.199996948242,99.5699996948242,102.169998168945,37261200,102.169998168945,99.4434989929199,98.4651998901366,107.395350074768,100.953015499058,99.2595646530327,58.0726435130786,1.70608328975157,1.40717541006373
"2023-04-11",100.800003051758,101,99.0100021362305,99.9199981689453,60417800,99.9199981689453,99.8179988861084,98.4187998962401,107.332750053406,100.794089755964,99.3084856542114,51.7862347833552,1.49594880232629,1.42493008851624
"2023-04-12",100.400001525879,100.51000213623,97.7099990844727,97.8300018310547,56735000,97.8300018310547,99.9654991149902,98.364399871826,107.239600067139,100.338076229055,99.1989683339776,46.7263506418805,1.1483061912924,1.36960530907147
"2023-04-13",98.9499969482422,102.569999694824,98.7099990844727,102.400001525879,67925100,102.400001525879,100.275499343872,98.3497999572753,107.185500068665,100.655295505489,99.436081903748,56.6909571171427,1.22612795918631,1.34090983909444
"2023-04-14",102.069999694824,103.199996948242,101.110000610352,102.51000213623,51450500,102.51000213623,100.398999404907,98.2969999694823,107.161050071716,100.940634987142,99.6637796987467,56.899929690139,1.28116281788082,1.32896043485171
"2023-04-17",103.160003662109,103.730003356934,101.589996337891,102.73999786377,39919500,102.73999786377,100.588499450684,98.0935998535155,107.13015007019,101.217460045085,99.8916477109707,57.3631685496115,1.32725044034714,1.3286184359508
"2023-04-18",103.949996948242,104.199996948242,101.519996643066,102.300003051758,39790500,102.300003051758,100.817999649048,98.0717999267577,107.110600090027,101.384005123034,100.070044402881,56.1204840427289,1.31304100841951,1.32550295044454
"2023-04-19",101.580001831055,105.120002746582,101.389999389648,104.300003051758,58398900,104.300003051758,101.002499771118,98.1141999816893,107.084300117493,101.832620188992,100.383374673168,60.3275900736133,1.44371069466656,1.34914449928894
"2023-04-20",103.529998779297,105.25,103.209999084473,103.809997558594,57696900,103.809997558594,101.257999801636,98.1481999206542,107.035850105286,102.136832092007,100.637198590607,58.839108877799,1.49013836076757,1.37734327158467
"2023-04-21",106.099998474121,108.150001525879,105.080001831055,106.959999084473,86774200,106.959999084473,101.670499801636,98.2863998413085,106.999000091553,102.878857783156,101.105554182745,64.8441912358508,1.75391314032622,1.45265724533298
"2023-04-24",107.660003662109,109.230003356934,105.069999694824,106.209999084473,69575600,106.209999084473,102.074499893189,98.4457998657225,106.94840007782,103.391341060282,101.483661212503,62.5059425937462,1.87979013073276,1.53808382241294
"2023-04-25",104.910003662109,105.449996948242,102.449996948242,102.569999694824,65026800,102.569999694824,102.300999832153,98.544999847412,106.883550071716,103.264980850211,101.564130729712,52.5935819696095,1.67465630659107,1.56539831924856
"2023-04-26",105.040000915527,106.620002746582,104.099998474121,104.980003356934,73803800,104.980003356934,102.688000106812,98.6537998962401,106.849700088501,103.52883046663,101.817158331728,57.4094054796441,1.681123459884,1.58854334737565
"2023-04-27",108.160003662109,110.860000610352,106.800003051758,109.819999694824,149961200,109.819999694824,103.166500091553,98.8561999511717,106.852700080872,104.496702655583,102.409961395661,65.0813127209123,2.03763504202454,1.67836168630543
"2023-04-28",107.730003356934,109.480003356934,104.330001831055,105.449996948242,130715900,105.449996948242,103.338999938965,98.9419998168944,106.827950057983,104.643363315992,102.635149214371,55.3812649659732,1.95665336582371,1.73402002220909
"2023-05-01",104.949996948242,105.230003356934,101.819999694824,102.050003051758,74728100,102.050003051758,103.277000045776,99.019999847412,106.785050086975,104.244384813802,102.591805054177,49.2329697507153,1.61083018156485,1.70938205408024
"2023-05-02",101.470001220703,103.900001525879,101.150001525879,103.629997253418,73469400,103.629997253418,103.337999725342,99.1485998535155,106.735450057983,104.149863650666,102.668708180047,51.9050725040871,1.44265521294151,1.65603668585249
"2023-05-03",103.73999786377,105.959999084473,103.279998779297,103.650001525879,65051900,103.650001525879,103.322999954224,99.329999847412,106.684900054932,104.072961785314,102.741396576035,51.9395639224543,1.29603573014923,1.58403649471184
"2023-05-04",104.040000915527,105.389999389648,103.309997558594,104,45345500,104,103.468000030518,99.4941998291014,106.613850059509,104.061736895266,102.834626459291,52.5803283524581,1.19328525636297,1.50588624704207
"2023-05-05",104.269996643066,105.76000213623,103.550003051758,105.660003662109,56951700,105.660003662109,103.648000335693,99.6909999084471,106.528300094604,104.307624090165,103.0439136595,55.6036576878162,1.22638046807955,1.44998509124956
"2023-05-08",105.040000915527,106.099998474121,104.699996948242,105.830001831055,49430900,105.830001831055,103.831000518799,99.9375999450682,106.434300117493,104.541836050302,103.250290561097,55.9136500121799,1.25088799478086,1.41016567195582
"2023-05-09",105.480003356934,106.790000915527,105.160003662109,106.620002746582,44089400,106.620002746582,104.166000747681,100.194799957275,106.355300140381,104.861554003576,103.499898871133,57.4021851971429,1.31561010908661,1.39125455938198
"2023-05-10",108.099998474121,110.669998168945,108.050003051758,110.190002441406,78627600,110.190002441406,104.784000778198,100.513999938965,106.30055015564,105.681315301703,103.99546209856,63.4138759378383,1.62108342914558,1.4372203333347
"2023-05-11",111.029998779297,113.279998779297,110.48999786377,112.180000305176,74924800,112.180000305176,105.273000717163,100.914199981689,106.287400169373,106.681112994545,104.601724187939,66.2713201959505,1.9879106417692,1.5473583950216
"2023-05-12",112.160003662109,112.639999389648,109.319999694824,110.26000213623,49852700,110.26000213623,105.660500717163,101.276800079346,106.23385017395,107.231711324035,105.020855887813,61.2970028118115,2.10515846355737,1.65891840872875
"2023-05-15",111.150001525879,112.290000915527,109.25,111.199996948242,53011100,111.199996948242,106.083500671387,101.602799987793,106.178450164795,107.842216804683,105.478570040437,62.7703534258297,2.24087865747449,1.7753104584779
"2023-05-16",111.050003051758,114.790000915527,111.050003051758,113.400001525879,71472900,113.400001525879,106.638500595093,101.99580001831,106.070700187683,108.697260607944,106.065342743062,66.0297901259211,2.48141173809884,1.91653071440209
"2023-05-17",114.889999389648,115.830001831055,114.220001220703,115.5,65655200,115.5,107.198500442505,102.434799957275,105.971250190735,109.743835899029,106.764206243576,68.8346177370939,2.79085075447008,2.09139472241568
"2023-05-18",116.690002441406,118.599998474121,116.339996337891,118.150001525879,73174100,118.150001525879,107.915500640869,102.919400024414,105.891200180054,111.037092149314,107.60759848671,71.9787921151574,3.18703670635998,2.31052311920454
"2023-05-19",118.160003662109,118.309997558594,115.699996948242,116.25,55056300,116.25,108.380000686646,103.399400024414,105.774850158691,111.839077972496,108.247776376583,66.7769934726274,3.31766777676734,2.5119520507171
"2023-05-22",116.769996643066,116.769996643066,114.25,115.01000213623,70741100,115.01000213623,108.820000839233,103.885,105.637050132751,112.326912459225,108.748681988409,63.5491646212901,3.29036674779841,2.66763499013337
"2023-05-23",114.269996643066,117.139999389648,113.779998779297,114.98999786377,67576300,114.98999786377,109.441000747681,104.336199951172,105.508000106812,112.736617906078,109.21100168288,63.4958415165679,3.22826104409797,2.77976020092629
"2023-05-24",115.349998474121,117.339996337891,115.019996643066,116.75,63487900,116.75,110.029500579834,104.773600006103,105.394700088501,113.354061305143,109.769446002667,66.1842756121083,3.26558567343851,2.87692529542873
"2023-05-25",116.629997253418,116.870002746582,114.309997558594,115,66496700,115,110.288500595093,105.149600067139,105.280550079346,113.607282642813,110.156894446914,61.3463899369363,3.1322489738145,2.92799003110588
"2023-05-26",116.040000915527,121.5,116.019996643066,120.110000610352,96779900,120.110000610352,111.021500778198,105.551000061035,105.16765007019,114.607700791665,110.894161570131,68.5707906106386,3.3487238362728,3.01213679213927
"2023-05-30",122.370002746582,122.919998168945,119.860000610352,121.660003662109,64314800,121.660003662109,112.002000808716,106.005200195312,105.072750091553,115.692670464041,111.691631354722,70.3792317033707,3.58221924130731,3.12615328197288
"2023-05-31",121.449996948242,122.040000915527,119.169998168945,120.580001831055,72800800,120.580001831055,112.849501037598,106.462600250244,104.957900085449,116.444567597428,112.350029167784,67.466273488579,3.64444803439183,3.22981223245667
"2023-06-01",120.690002441406,123.48999786377,119.930000305176,122.769996643066,54375100,122.769996643066,113.805500793457,106.905800170898,104.855850105286,117.417710527526,113.121878610397,70.1630641265339,3.79752526204404,3.34335483837414
"2023-06-02",124.919998168945,126.389999389648,124.019996643066,124.25,61264400,124.25,114.818000793457,107.416800231933,104.753200111389,118.46883198483,113.946183898516,71.8606500989846,3.96910886488453,3.46850564367622
"2023-06-05",123.360000610352,125.800003051758,123.029998779297,125.300003051758,47950100,125.300003051758,115.800000762939,107.948600311279,104.66920009613,119.519781379742,114.787207539497,73.0329107146717,4.12291050691893,3.59938661632476
"2023-06-06",125.069999694824,127.400001525879,125,126.610000610352,45695200,126.610000610352,116.839000701904,108.518200378418,104.590750083923,120.610584338297,115.66296998919,74.4623186430897,4.27761309394843,3.7350319118495
"2023-06-07",127.01000213623,127.370002746582,120.629997253418,121.230003356934,95663300,121.230003356934,117.569500732422,108.982000427246,104.50575012207,120.705879571934,116.075342831245,60.3210794219189,3.98925097074285,3.78587572362817
"2023-06-08",123.01000213623,125.629997253418,122.26000213623,124.25,62159300,124.25,118.272500610352,109.522200469971,104.460900115967,121.251128868559,116.680872991894,64.4072926647412,3.91688522675275,3.81207762425308
"2023-06-09",124.080001831055,125.800003051758,123.190002441406,123.430000305176,51396000,123.430000305176,118.835000610352,109.985800476074,104.409950141907,121.586339858808,117.180808348433,62.5244965426555,3.75960156997313,3.80158241339709
"2023-06-12",124.019996643066,126.779998779297,123.529998779297,126.569999694824,51338000,126.569999694824,119.650500488281,110.477200469971,104.373800125122,122.353056756657,117.876304003721,66.5561655675647,3.7978394307256,3.8008338168628
"2023-06-13",128.119995117188,128.410003662109,125.180000305176,126.660003662109,50564800,126.660003662109,120.423500823975,110.944600524902,104.320700149536,123.01566397288,118.526948422861,66.6668611730008,3.78708438017388,3.79808392952501
"2023-06-14",126.699996948242,126.949996948242,124.120002746582,126.419998168945,52422500,126.419998168945,121.074500656128,111.424800415039,104.299050140381,123.539407695352,119.111618774423,66.039149795235,3.71734425783781,3.78193599518757
"2023-06-15",125.209999084473,127.690002441406,124.319999694824,127.110000610352,60458500,127.110000610352,121.655000686646,111.888000488281,104.285650177002,124.088729682275,119.70409150301,67.0011236604172,3.66289750351116,3.75812829685229
"2023-06-16",127.709999084473,127.900001525879,125.300003051758,125.48999786377,84247100,125.48999786377,122.02200050354,112.375800476074,104.269450187683,124.304309402505,120.132677159363,62.5232092556485,3.47252083428395,3.70100680433862
"2023-06-20",124.970001220703,127.25,124.5,125.779998779297,56930100,125.779998779297,122.498500442505,112.850200500488,104.264500198364,124.531338537396,120.550997279358,62.9999305399521,3.30179040229268,3.62116352392943
"2023-06-21",125.639999389648,126.730003356934,123.849998474121,124.830001831055,52137700,124.830001831055,122.989500427246,113.30340057373,104.249550209045,124.57728673642,120.867960579484,60.2941960242488,3.06890770651949,3.51071236044745
"2023-06-22",125.309997558594,130.330001831055,125.139999389648,130.149993896484,90354600,130.149993896484,123.747500228882,113.908000488281,104.262750167847,125.434626299507,121.555518602965,68.462708268952,3.19122302395187,3.44681449314833
"2023-06-23",129.110000610352,130.839996337891,128.279998779297,129.330001831055,71927800,129.330001831055,124.376500320435,114.538000488281,104.27885017395,126.033914842822,122.13140624949,66.2020055061217,3.19533583799059,3.39651876211678
"2023-06-26",129.330001831055,131.490005493164,127.099998474121,127.330001831055,59989300,127.330001831055,124.993000411987,115.036600494385,104.268100204468,126.233312841012,122.51648740368,60.9182598019692,3.03373490058112,3.32396198980965
"2023-06-27",128.630004882812,130.089996337891,127.550003051758,129.179992675781,46801000,129.179992675781,125.446500015259,115.570000305176,104.264900131226,126.686648200207,123.010080386799,63.7966139018465,2.98883457505876,3.25693650685947
"2023-06-28",128.940002441406,131.479995727539,128.440002441406,129.039993286133,52149500,129.039993286133,125.81549949646,116.096000213623,104.243750076294,127.04870129035,123.456740601564,63.4159775475509,2.90948932499167,3.18744707048591
"2023-06-29",128.770004272461,129.259994506836,127.26000213623,127.900001525879,40761000,127.900001525879,126.181499481201,116.608000183105,104.201000099182,127.179670557354,123.785871040402,60.2629809611131,2.7416695366177,3.09829156371227
"2023-06-30",129.470001220703,131.25,128.949996948242,130.360000610352,54350700,130.360000610352,126.560999679566,117.129200134277,104.21870010376,127.668952103969,124.272843601139,64.3787575203863,2.73278409378774,3.02519006972736
"2023-07-03",130.820007324219,131.850006103516,130.070007324219,130.220001220703,28264800,130.220001220703,126.859499740601,117.657400207519,104.227050094604,128.061421198851,124.713373795181,63.972663292412,2.68459372221668,2.95707080022523
"2023-07-05",130.240005493164,131.399993896484,129.639999389648,130.380004882812,35895400,130.380004882812,127.113499832153,118.125800323486,104.247550125122,128.418126380999,125.133124246117,64.2502164081279,2.62520587947694,2.89069781607557
"2023-07-06",128.25,128.729995727539,127.370002746582,128.360000610352,40639900,128.360000610352,127.200999832153,118.568800354004,104.271700134277,128.409183954746,125.372152124949,58.1585696179017,2.42241341344276,2.79704093554901
"2023-07-07",128.589996337891,130.970001220703,128.130004882812,129.779998779297,41992300,129.779998779297,127.628499603272,119.113000335693,104.297300109863,128.620078543138,125.69865928453,60.9606637696855,2.32414512233969,2.70246177290715
"2023-07-10",129.070007324219,129.279998779297,125.919998168945,127.129997253418,61889300,127.129997253418,127.772499465942,119.556000213623,104.322000083923,128.390835267797,125.804684319263,53.7291503454567,2.05568732398769,2.57310688312325
"2023-07-11",127.75,129.770004272461,127.349998474121,128.779998779297,49951500,128.779998779297,128.039999389649,119.935200195312,104.373200073242,128.450706577258,126.025077982969,57.1384871783849,1.92471897904078,2.44342930230676
"2023-07-12",130.309997558594,131.259994506836,128.830001831055,130.800003051758,54022800,130.800003051758,128.251499557495,120.442200317383,104.440650100708,128.812136804104,126.378776136213,60.9335503229432,1.92545041365881,2.33983352457717
"2023-07-13",134.039993286133,134.669998168945,132.710006713867,134.300003051758,61170900,134.300003051758,128.633499526978,121.087200317383,104.54325012207,129.656423919128,126.965533685512,66.4727813315256,2.11938638424569,2.29574409651087
"2023-07-14",134.059997558594,136.649993896484,134.059997558594,134.679992675781,54487100,134.679992675781,129.046499252319,121.70820022583,104.64090007782,130.429280650921,127.536975092199,67.0195337350327,2.2678172793662,2.29015873308194
"2023-07-17",134.559997558594,135.619995117188,133.210006713867,133.559997558594,48450200,133.559997558594,129.368999099732,122.306400146484,104.736650047302,130.910929405947,127.983124904524,63.7211162526255,2.28764886277555,2.28965675902066
"2023-07-18",132.710006713867,133.860000610352,131.350006103516,132.830001831055,54882900,132.830001831055,129.735999298096,122.883000183105,104.810750045776,131.206171317502,128.342152825008,61.5933357780469,2.23154936196162,2.27803527960885
"2023-07-19",133.389999389648,135.990005493164,132.529998779297,135.360000610352,54531000,135.360000610352,130.214999389649,123.47700012207,104.913550033569,131.845221977941,128.8619934017,65.8495593512131,2.31505698265968,2.28543962021902
"2023-07-20",134.070007324219,134.789993286133,129.330001831055,129.960006713867,59820600,129.960006713867,130.471499633789,123.959600219726,104.998350067139,131.555188860391,128.94332772112,52.481172266493,2.02558843906986,2.23346938398919
"2023-07-21",131.339996337891,131.369995117188,128.419998168945,130,133307300,130,130.463999938965,124.427200164795,105.068950080872,131.315929035715,129.021599741778,52.5579911011171,1.77825208998297,2.14242592518794
"2023-07-24",130.309997558594,131.660003662109,128.350006103516,128.800003051758,45591100,128.800003051758,130.4375,124.799400177002,105.107500114441,130.928863499722,129.005185172147,49.9488062744429,1.49116357223029,2.01217345459641
"2023-07-25",129.309997558594,129.580001831055,128.529998779297,129.130004882812,39236700,129.130004882812,130.527500152588,125.138400268555,105.148400154114,130.652116020197,129.01443107664,50.6740145464264,1.26938120789302,1.86361500525573
"2023-07-26",126.51000213623,129.080001831055,126.110000610352,128.149993896484,53910100,128.149993896484,130.476000213623,125.49620010376,105.187650108337,130.267174155011,128.950398692925,48.4298202983092,1.02114881026563,1.69512176625771
"2023-07-27",131,132.630004882812,127.790000915527,128.25,52610700,128.25,130.436500549316,125.837200164795,105.256100120544,129.956839669624,128.898517308264,48.6795932856512,0.821050841748217,1.52030758135581
"2023-07-28",129.690002441406,133.009994506836,129.330001831055,132.210006713867,46317400,132.210006713867,130.652000808716,126.213400268555,105.348800163269,130.303480753354,129.14381281979,57.4647566927488,0.8979663123174,1.39583932754813
"2023-07-31",133.199996948242,133.869995117188,132.380004882812,133.679992675781,41901500,133.679992675781,130.818000411987,126.57700012207,105.456150131226,130.822944126035,129.479826142456,60.1891109468062,1.0373183403114,1.32413513010078
"2023-08-01",133.550003051758,133.690002441406,131.619995117188,131.690002441406,42098500,131.690002441406,130.891500473022,126.847800140381,105.550100135803,130.956337713015,129.643542905341,55.0488480170923,1.01261873769718,1.26183185162006
"2023-08-02",130.149993896484,130.229995727539,126.819999694824,128.210006713867,51027600,128.210006713867,130.783000564575,127.087000274658,105.628500175476,130.533825251608,129.537355039306,47.4217786876873,0.769253171796902,1.16331611565543
"2023-08-03",127.480003356934,129.839996337891,126.410003662109,128.910003662109,88585200,128.910003662109,130.810500717163,127.365000305176,105.738550186157,130.284006545531,129.490884566921,48.9538348960666,0.612492517340124,1.05315139599237
"2023-08-04",141.059997558594,143.630004882812,139.320007324219,139.570007324219,153128500,139.570007324219,131.300001144409,127.856600494385,105.867450218201,131.712622049945,130.237486252647,65.4597646373823,1.13265069815314,1.06905125642452
"2023-08-07",140.990005493164,142.539993286133,138.949996948242,142.220001220703,71213100,142.220001220703,132.054501342773,128.366000518799,105.996750221252,133.329141922369,131.125079953984,68.2115725710623,1.68088512827449,1.19141803079452
"2023-08-08",140.619995117188,140.839996337891,138.419998168945,139.940002441406,51710500,139.940002441406,132.612501525879,128.864800567627,106.121100234985,134.346197386836,131.778037175275,63.5224207907055,1.94885298537681,1.34290502171098
"2023-08-09",139.970001220703,140.320007324219,137.100006103516,137.850006103516,50017300,137.850006103516,132.965001678467,129.21960067749,106.234100265503,134.88524488171,132.227812651441,59.4855634505241,2.00973772233097,1.47627156183498
"2023-08-10",139.070007324219,140.410003662109,137.490005493164,138.559997558594,58928400,138.559997558594,133.178001403809,129.55760055542,106.330300254822,135.450591447385,132.696863385304,60.4060914801895,2.07520207473524,1.59605766441503
"2023-08-11",137.399993896484,139.330001831055,137,138.410003662109,42905800,138.410003662109,133.364501953125,129.914200592041,106.423250274658,135.905885634265,133.120058961364,60.0954396766224,2.0927174271385,1.69538961695972
"2023-08-14",138.300003051758,140.589996337891,137.75,140.570007324219,47148700,140.570007324219,133.715002441406,130.270200805664,106.523100318909,136.623442817335,133.671906988242,63.042954334732,2.20804497788214,1.79792068914421
"2023-08-15",140.050003051758,141.279998779297,137.229995727539,137.669998168945,42781500,137.669998168945,133.957002258301,130.538600769043,106.633150291443,136.784451332967,133.968061890516,56.9597667278397,2.10228423305312,1.85879339792599
"2023-08-16",137.190002441406,137.270004272461,135.009994506836,135.070007324219,41675900,135.070007324219,133.942502593994,130.734000854492,106.753700332642,136.520690716237,134.049687478198,52.10538018054,1.84334874964991,1.85570446827077
"2023-08-17",135.460006713867,136.089996337891,133.529998779297,133.979995727539,48354100,133.979995727539,134.143502044678,130.881400756836,106.906550292969,136.129814564129,134.044525126297,50.1747659974402,1.55566923443349,1.79569742150332
"2023-08-18",131.619995117188,134.070007324219,131.149993896484,133.220001220703,48497700,133.220001220703,134.304502105713,131.121200714111,107.060450286865,135.682150972833,133.983449281438,48.8166255083127,1.26784442444567,1.69012682209179
"2023-08-21",133.740005493164,135.190002441406,132.710006713867,134.679992675781,41442500,134.679992675781,134.598501586914,131.329800567627,107.249900245667,135.527972773287,134.035045088427,51.5308708540632,1.11383383642314,1.57486822495806
"2023-08-22",135.080001831055,135.649993896484,133.729995727539,134.25,32905400,134.25,134.854501342773,131.546200561523,107.460550231934,135.331361577396,134.050967674469,50.6784792019471,0.955154539455849,1.45092548785762
"2023-08-23",134.5,135.949996948242,133.220001220703,135.520004272461,42801000,135.520004272461,135.223001861572,131.725200653076,107.691650238037,135.360383530483,134.159785200246,53.1437683886986,0.894901798213876,1.33972074992887
"2023-08-24",136.399993896484,136.779998779297,131.830001831055,131.839996337891,43646300,131.839996337891,135.402501678467,131.828800506592,107.895950202942,134.818785500854,133.98794898822,45.9730454566058,0.620083014112471,1.19579320276559
"2023-08-25",132.470001220703,133.869995117188,130.580001831055,133.259994506836,44147500,133.259994506836,135.455001068115,131.965600433349,108.10960018158,134.578971501774,133.934026434043,48.8415258825943,0.481539370466222,1.05294243630572
"2023-08-28",133.779998779297,133.949996948242,131.850006103516,133.139999389648,34108400,133.139999389648,135.428001403809,132.086200408935,108.325400161743,134.357591176832,133.87520961594,48.6066719897727,0.360321796899754,0.914418308424524
"2023-08-29",133.380004882812,135.139999389648,133.25,134.910003662109,38646100,134.910003662109,135.589001464844,132.274600524902,108.569250183105,134.442577713028,133.951861026767,52.2537357881194,0.366338087802021,0.804802264300023
"2023-08-30",134.929992675781,135.679992675781,133.919998168945,135.070007324219,36137000,135.070007324219,135.932001495361,132.460400695801,108.761450233459,134.539105345519,134.034686678431,52.5813225531002,0.376334424758773,0.719108696391773
"2023-08-31",135.059997558594,138.789993286133,135,138.009994506836,58781300,138.009994506836,136.387001037598,132.724000549316,108.947550201416,135.073088293414,134.329153924979,58.2495619519418,0.553814527001584,0.686049862513735
"2023-09-01",139.460006713867,139.960006713867,136.880004882812,138.119995117188,40991500,138.119995117188,136.314500427246,132.88340057373,109.145700187683,135.541843189379,134.609956976254,58.4496897237313,0.692286242458096,0.687297138502607
"2023-09-05",137.729995727539,137.800003051758,135.820007324219,137.270004272461,40636700,137.270004272461,136.067000579834,133.042200622558,109.337350196838,135.807714125238,134.806997516714,56.2076386559571,0.742332836543036,0.698304278110693
"2023-09-06",136.320007324219,137.449996948242,134.610000610352,135.360000610352,41785500,135.360000610352,135.838000488281,133.202800598144,109.528550186157,135.738835122948,134.847960708835,51.4333091119121,0.66065100979642,0.690773624447838
"2023-09-07",133.899993896484,138.029998779297,133.160003662109,137.850006103516,48498900,137.850006103516,135.838000488281,133.376200866699,109.743550224304,136.06363065842,135.070334441774,56.6079265064552,0.735391839185584,0.699697267395388
"2023-09-08",136.860000610352,138.850006103516,136.75,138.229995727539,38348200,138.229995727539,135.821500396729,133.560000915527,109.964000205994,136.39691759213,135.304383425905,57.354663035751,0.807463984951884,0.721250610906687
"2023-09-11",138.75,143.619995117188,138.639999389648,143.100006103516,56764500,143.100006103516,136.056000518799,133.86400100708,110.217200241089,137.428161978497,135.88183695758,65.5396731098226,1.13799243190997,0.804598975107344
"2023-09-12",142.320007324219,143,140.610000610352,141.229995727539,42668500,141.229995727539,136.088999938965,134.081400909424,110.457350234985,138.01305947835,136.277996866466,60.7204044589993,1.27317883427971,0.898314946941817
"2023-09-13",140.949996948242,144.979995727539,140.869995117188,144.850006103516,60465200,144.850006103516,136.448000335694,134.37400100708,110.710950279236,139.064897420683,136.912960513655,65.9414085271006,1.57175544152661,1.03300304585878
"2023-09-14",145.080001831055,145.860000610352,142.949996948242,144.720001220703,64033600,144.720001220703,136.930500030518,134.660800933838,110.967500267029,139.934913389917,137.491259825288,65.6041577795813,1.7773155673563,1.18186555015828
"2023-09-15",142.690002441406,143.570007324219,140.089996337891,140.389999389648,102909300,140.389999389648,137.251000213623,134.901400909424,111.199700279236,140.004926620645,137.7059812745,55.4348641338473,1.66945932549034,1.27938430522469
"2023-09-18",140.479995727539,141.75,139.220001220703,139.979995727539,42823500,139.979995727539,137.588999938965,135.105400848389,111.437500267029,140.001091098629,137.87442678954,54.5722518515206,1.54246466049515,1.33200037627878
"2023-09-19",138.699996948242,138.839996337891,135.559997558594,137.630004882812,61482500,137.630004882812,137.736500549317,135.315401000976,111.642950286865,139.636308603888,137.856321463115,49.7899452428387,1.29119007520335,1.3238383160637
"2023-09-20",138.550003051758,139.369995117188,135.199996948242,135.289993286133,46263700,135.289993286133,137.788500213623,135.445600891113,111.841900253296,138.967644708848,137.666223079635,45.5129654528782,0.945345633881689,1.2481397796273
"2023-09-21",131.940002441406,132.240005493164,129.309997558594,129.330001831055,70343300,129.330001831055,137.479000091553,135.416200866699,112.017900276184,137.484930419957,137.04872520937,36.8341813926445,0.318284763262611,1.06216877635436
"2023-09-22",131.110000610352,132.029998779297,128.520004272461,129.119995117188,59904300,129.119995117188,137.343000030518,135.312600708008,112.208450241089,136.198017296454,136.461411869208,36.5695655901017,-0.193017622451874,0.811131496593112
"2023-09-25",129.360000610352,131.779998779297,128.770004272461,131.270004272461,46017800,131.270004272461,137.243500518799,135.244400939941,112.423550262451,135.439861446609,136.076863158338,41.2248906669158,-0.468119044593152,0.555281388355859
"2023-09-26",130.119995117188,130.389999389648,125.279998779297,125.980003356934,73048200,125.980003356934,136.885500717163,135.092801055908,112.611150283813,133.984498663582,135.328947617493,34.513125679402,-0.993467382685487,0.24553163414759
"2023-09-27",125.76000213623,127.480003356934,124.129997253418,125.980003356934,66553400,125.980003356934,136.439000701904,134.955801086426,112.789300308228,132.753037847175,134.636433227822,34.513125679402,-1.39887498167804,-0.0833496890175367
"2023-09-28",124.040000915527,126.580001831055,123.040000915527,125.980003356934,54555000,125.980003356934,135.98450050354,134.768201141357,112.973750343323,131.711032540984,133.995216200349,34.513125679402,-1.70467552808007,-0.407614856830043
"2023-09-29",128.199996948242,129.149993896484,126.319999694824,127.120002746582,62411700,127.120002746582,135.440000915528,134.711401062012,113.156600341797,131.004720264922,133.4859411297,37.2623392072252,-1.85878815684932,-0.697849516833899
"2023-10-02",127.279998779297,130.470001220703,126.540000915527,129.460006713867,48029700,129.460006713867,135.007001495362,134.700601196289,113.341450386047,130.767072026298,133.187723765564,42.5900207602903,-1.81747361605684,-0.921774336678488
"2023-10-03",128.059997558594,128.520004272461,124.25,124.720001220703,51565000,124.720001220703,134.379501342774,134.619001159668,113.507150382996,129.836753440822,132.560485058537,35.9333823112173,-2.05470854796017,-1.14836117893482
"2023-10-04",126.059997558594,127.360000610352,125.680000305176,127,44203900,127,133.961501312256,134.576401062012,113.699900398254,129.400329834542,132.148597276423,40.731915078394,-2.07967961713051,-1.33462486657396
"2023-10-05",126.709999084473,126.730003356934,124.330001831055,125.959999084473,39660600,125.959999084473,133.367000961304,134.532601165771,113.890400390625,128.871048180685,131.690182595538,39.2864639908217,-2.14073240638721,-1.49584637453661
"2023-10-06",124.160003662109,128.449996948242,124.129997253418,127.959999084473,46836700,127.959999084473,132.853501129151,134.526801147461,114.105600395203,128.730886781268,131.41387270583,43.4430387426533,-2.04163066601633,-1.60500323283255
"2023-10-09",126.220001220703,128.789993286133,124.76000213623,128.259994506836,38773700,128.259994506836,132.111500549317,134.44780090332,114.32095035553,128.658441815971,131.180252098497,44.0616658023475,-1.92240085087861,-1.66848275644177
"2023-10-10",128.820007324219,130.740005493164,128.050003051758,129.479995727539,42178600,129.479995727539,131.524000549317,134.363800964355,114.534500350952,128.784834725443,131.05430718213,46.6188448299521,-1.73170382987334,-1.68112697112808
"2023-10-11",129.740005493164,132.050003051758,129.610000610352,131.830001831055,40741800,131.830001831055,130.873000335694,134.366600952148,114.77470035553,129.25332197246,131.111766045013,51.2425097765005,-1.41745026294204,-1.62839162949087
"2023-10-12",132.169998168945,134.479995727539,131.229995727539,132.330001831055,55528600,132.330001831055,130.253500366211,134.449000854492,115.010100364685,129.726657335321,131.202005732868,52.1913445983235,-1.12448616109654,-1.52761053581201
"2023-10-13",132.979995727539,133.309997558594,128.949996948242,129.789993286133,45786600,129.789993286133,129.723500061035,134.466600646973,115.243850326538,129.736401327753,131.097412218295,47.1695299670695,-1.03816762475472,-1.42972195360055
"2023-10-16",130.690002441406,133.070007324219,130.429992675781,132.550003051758,42832900,132.550003051758,129.352000427246,134.326200561523,115.497500343323,130.169263131446,131.205011539292,52.5160273948429,-0.789412230290953,-1.30166000893863
"2023-10-17",130.389999389648,132.580001831055,128.710006713867,131.470001220703,49344600,131.470001220703,129.044000244141,134.111200561523,115.7339503479,130.36937668364,131.224640404582,50.3680079003501,-0.651755431224887,-1.17167909339588
"2023-10-18",129.899993896484,130.669998168945,127.51000213623,128.130004882812,42699500,128.130004882812,128.686000823975,133.875000610351,115.954600372314,130.024857945051,130.99540814371,44.3293075236516,-0.740903984660646,-1.08552407164883
"2023-10-19",130.570007324219,132.240005493164,127.470001220703,128.399993896484,60961400,128.399993896484,128.639500427246,133.686000366211,116.167500343323,129.774878860656,130.803155236508,44.9043380461747,-0.786125054852793,-1.02564426828963
"2023-10-20",128.050003051758,128.169998168945,124.970001220703,125.169998168945,56406400,125.169998168945,128.442000579834,133.418200378418,116.367650337219,129.066435677316,130.385884342615,39.6304188078398,-1.01195667916907,-1.02290675046551
"2023-10-23",124.629997253418,127.879997253418,123.980003356934,126.559997558594,48260000,126.559997558594,128.206500244141,133.181200256348,116.584850311279,128.680829812897,130.102485321576,42.7467435983549,-1.09271971643354,-1.03686934365912
"2023-10-24",127.73999786377,128.800003051758,126.339996337891,128.559997558594,46477400,128.559997558594,128.335499954224,132.941000061035,116.797250289917,128.662240235312,129.988226968763,46.9871345611344,-1.02008217541824,-1.03351191001094
"2023-10-25",126.040000915527,126.339996337891,120.790000915527,121.389999389648,74577500,121.389999389648,128.105999755859,132.615400085449,116.967400283813,127.543433951364,129.351321222161,36.5390497683553,-1.39765659423974,-1.1063408468567
"2023-10-26",120.629997253418,121.639999389648,118.349998474121,119.569999694824,100419500,119.569999694824,127.785499572754,132.305399932861,117.115900268555,126.31675175805,128.626778886803,34.4453005613069,-1.79591462115842,-1.24425560171705
"2023-10-27",126.199996948242,130.020004272461,125.519996643066,127.73999786377,125309300,127.73999786377,127.816499328613,132.180599975586,117.279150276184,126.535712697391,128.561091403615,48.6656637738926,-1.57542121345671,-1.31048872406498
"2023-10-30",129.720001220703,133,128.559997558594,132.710006713867,72485500,132.710006713867,127.978999328613,132.170400085449,117.466350326538,127.485604084542,128.868418463634,55.0530988606701,-1.0730436483806,-1.2629997089281
"2023-10-31",132.75,133.570007324219,131.710006713867,133.089996337891,51589400,133.089996337891,128.397499084473,132.138600158691,117.641200294495,128.347818277364,129.181127935801,55.5089161496624,-0.645070740403275,-1.13941391522314
"2023-11-01",133.960006713867,137.350006103516,133.710006713867,137,61529400,137,128.897499084473,132.193600158691,117.845950279236,129.67892315777,129.76030364426,60.0036270021082,-0.0627160111412617,-0.924074334406763
"2023-11-02",138.729995727539,138.809997558594,136.470001220703,138.070007324219,52236700,138.070007324219,129.50299949646,132.244600219726,118.059000320435,130.969859183378,130.375837250183,61.1600111743583,0.455622717923054,-0.648134923940799
"2023-11-03",138.990005493164,139.490005493164,137.449996948242,138.600006103516,44059800,138.600006103516,130.034999847412,132.379800415039,118.283600349426,132.143727940322,130.985034943023,61.7499223880675,0.884599525284058,-0.341588034095828
"2023-11-06",138.759994506836,140.729995727539,138.360000610352,139.740005493164,44970400,139.740005493164,130.609000396729,132.509400634766,118.496050376892,133.312386025375,131.63355128007,63.0499050124837,1.27538513470042,-0.0181934003365775
"2023-11-07",140.550003051758,143.369995117188,140.5,142.710006713867,53553500,142.710006713867,131.270500946045,132.70080078125,118.722000427246,134.758173823604,132.454029460352,66.2665469395191,1.73958042095077,0.333361363920892
"2023-11-08",142.970001220703,143.119995117188,141.220001220703,142.080001831055,44521700,142.080001831055,131.783000946045,132.844200744629,118.950800437927,135.884608901674,133.167064450774,64.9744306172016,2.04070312889122,0.674829716914958
"2023-11-09",142.020004272461,142.649993896484,139.839996337891,140.600006103516,36235400,140.600006103516,132.196501159668,132.954800720215,119.167900466919,136.610054625034,133.717652721347,61.9199384383145,2.16306661448349,0.972477096428664
"2023-11-10",140.460006713867,143.649993896484,139.910003662109,143.559997558594,49287800,143.559997558594,132.885001373291,133.06580078125,119.389600448608,137.679276614812,134.446715301884,65.4211749331553,2.40434383664176,1.25885044447128
"2023-11-13",142.080001831055,143.229995727539,140.669998168945,142.589996337891,35680600,142.589996337891,133.387001037598,133.155200805664,119.591350440979,138.434771956824,135.049921304551,63.3650931313598,2.50636995532925,1.50835434664288
"2023-11-14",145,147.259994506836,144.679992675781,145.800003051758,56674600,145.800003051758,134.103501129151,133.32580078125,119.817600440979,139.567884432968,135.846223656196,67.0551107888168,2.73961298047611,1.75460607340952
"2023-11-15",147.059997558594,147.289993286133,142.589996337891,143.199996948242,63875700,143.199996948242,134.857000732422,133.482600708008,120.017950439453,140.126670973779,136.390947603755,61.6395214920479,2.73898190140687,1.95148123900899
"2023-11-16",140.910003662109,143.320007324219,139.520004272461,142.830001831055,49653500,142.830001831055,135.578501129151,133.582200622558,120.206350440979,140.542568028745,136.867914583555,60.8859281097485,2.68481729729748,2.09814845066669
"2023-11-17",142.660003662109,145.229995727539,142.539993286133,145.179992675781,49636700,145.179992675781,136.579000854492,133.721200561523,120.367700386047,141.256017974443,137.483624071868,63.9043987674325,2.74388599227098,2.22729595898755
"2023-11-20",145.130004882812,146.630004882812,144.729995727539,146.130004882812,41951200,146.130004882812,137.557501220703,133.781800537109,120.581400413513,142.005862114192,138.124096724531,65.0776867729559,2.81034626232002,2.34390601965404
"2023-11-21",143.910003662109,144.050003051758,141.5,143.899993896484,71226000,143.899993896484,138.324501037598,133.835200500488,120.79000038147,142.297267003775,138.55194095949,60.1362925717245,2.70319276536162,2.41576336879556
"2023-11-22",144.570007324219,147.740005493164,144.570007324219,146.710006713867,45669100,146.710006713867,139.590501403809,133.872400512695,121.013000411987,142.976150036097,139.156242126481,63.86012416116,2.7450496300008,2.48162062103661
"2023-11-24",146.699996948242,147.199996948242,145.320007324219,146.740005493164,22378400,146.740005493164,140.949001693726,133.912800598144,121.246450424194,143.5552047218,139.718002375865,63.8988956784798,2.74639078764662,2.53457465435861
"2023-11-27",147.529998779297,149.259994506836,146.880004882812,147.729995727539,53762400,147.729995727539,141.948501586914,134.059600524902,121.493900413513,144.197480261144,140.311483364878,65.2247870678489,2.76955014876492,2.58156975323987
"2023-11-28",146.979995727539,147.600006103516,145.529998779297,147.029998779297,42711700,147.029998779297,142.664501190186,134.200600585937,121.741000404358,144.63325234086,140.809151173353,63.4503070599453,2.715804431488,2.6084166888895
"2023-11-29",147.850006103516,148.539993286133,145.970001220703,146.320007324219,40610900,146.320007324219,143.326001739502,134.374400634765,121.974900436401,144.892753107531,141.217362740084,61.6191900995578,2.60264764624665,2.60726288036093
"2023-11-30",144.759994506836,146.929992675781,144.330001831055,146.089996337891,65814000,146.089996337891,143.780501556397,134.590400695801,122.20685043335,145.07694437374,141.578298562144,61.004964829511,2.47117379367305,2.58004506302335
"2023-12-01",146,147.25,145.550003051758,147.029998779297,39951800,147.029998779297,144.228501129151,134.944400634765,122.436200408936,145.377414282287,141.982128207859,62.6438151648784,2.39134750076253,2.54230555057119
"2023-12-04",145.25,145.350006103516,142.809997558594,144.839996337891,48294200,144.839996337891,144.540500640869,135.25880065918,122.669650382996,145.294734598534,142.193822143417,56.6683608611174,2.18076454263207,2.46999734898337
"2023-12-05",143.550003051758,148.570007324219,143.130004882812,146.880004882812,46822400,146.880004882812,144.897500610352,135.571000671387,122.918050422668,145.538622334577,142.54094679078,60.452633118063,2.10302766418207,2.39660341202311
"2023-12-06",147.580001831055,147.850006103516,144.279998779297,144.520004272461,39679000,144.520004272461,144.988000488281,135.941800689697,123.167750434875,145.381911863482,142.687543641274,54.5206107434408,1.88829953438774,2.29494263649603
"2023-12-07",146.149993896484,147.919998168945,145.339996337891,146.880004882812,52352800,146.880004882812,145.228000640869,136.359800720215,123.423200454712,145.61238771261,142.998096325833,58.8673078400053,1.82820013269265,2.20159413573536
"2023-12-08",145.479995727539,147.839996337891,145.399993896484,147.419998168945,41906000,147.419998168945,145.569000244141,136.788600616455,123.681200447083,145.890481628969,143.325644610508,59.8137267610134,1.78951716940203,2.11917874246869
"2023-12-11",145.660003662109,146.190002441406,143.639999389648,145.889999389648,50907300,145.889999389648,145.685500335693,137.164000549316,123.943150444031,145.890407438304,143.51559681637,55.8898392642484,1.65474044258256,2.02629108249146
"2023-12-12",145.520004272461,147.5,145.300003051758,147.479995727539,44944300,147.479995727539,145.930000305176,137.52440032959,124.211750411987,146.134959482802,143.809255994975,58.9068369630672,1.61721404629753,1.94447567525268
"2023-12-13",148.119995117188,149.460006713867,146.820007324219,148.839996337891,52766200,148.839996337891,146.081999969482,138.006800231933,124.484800376892,146.551118998969,144.181903427784,61.3423974401216,1.64321285463704,1.88422311112955
"2023-12-14",149.929992675781,150.539993286133,145.520004272461,147.419998168945,58400800,147.419998168945,146.293000030518,138.415200195312,124.761050376892,146.684792717427,144.421762297499,57.509705984662,1.56695942767002,1.82077037443765
"2023-12-15",148.380004882812,150.570007324219,147.880004882812,149.970001220703,110089300,149.970001220703,146.65,138.895400238037,125.050250396729,147.190209410239,144.832742958477,62.0903871249379,1.62771649808313,1.78215959916674
"2023-12-18",150.559997558594,154.850006103516,150.050003051758,154.070007324219,62512800,154.070007324219,147.094500732422,139.417600402832,125.34610042572,148.248639858544,145.516984763347,68.0537206161849,1.87720704881209,1.80116908909581
"2023-12-19",154.399993896484,155.119995117188,152.690002441406,153.789993286133,43171300,153.789993286133,147.477500152588,139.928200378418,125.646300392151,149.10115577048,146.129800209479,67.2753690185431,2.03336729177857,1.84760872963236
"2023-12-20",152.899993896484,155.630004882812,151.559997558594,152.119995117188,50322100,152.119995117188,147.888500213623,140.381000366211,125.939150352478,149.565592593051,146.573518350791,62.6715794846503,2.04134708365173,1.88635640043624
"2023-12-21",153.300003051758,153.970001220703,152.100006103516,153.839996337891,36305700,153.839996337891,148.244999694824,140.821200256347,126.238750343323,150.22319316918,147.111775979465,65.3050196887415,2.11500212610385,1.93208554556976
"2023-12-22",153.770004272461,154.350006103516,152.710006713867,153.419998168945,29514100,153.419998168945,148.578999328613,141.243000183105,126.544600334167,150.71500932299,147.579051697204,64.1155576215805,2.12493412155796,1.9706552607674
"2023-12-26",153.559997558594,153.979995727539,153.029998779297,153.410003662109,25067200,153.410003662109,148.862999725342,141.715400390625,126.858000335693,151.129623836701,148.010974064975,64.0856443824274,2.1070395566456,1.99793211994304
"2023-12-27",153.559997558594,154.779998779297,153.119995117188,153.339996337891,31434700,153.339996337891,149.178499603272,142.131200256347,127.162550315857,151.469681144576,148.405716455562,63.8608932952462,2.06458670339158,2.01126303663275
"2023-12-28",153.720001220703,154.080001831055,152.949996948242,153.380004882812,27057000,153.380004882812,149.531499481201,142.56940032959,127.455050354004,151.763577104305,148.774182264987,63.9387284947441,2.00935054308862,2.01088053792392
"2023-12-29",153.100006103516,153.889999389648,151.029998779297,151.940002441406,39823200,151.940002441406,149.823999786377,143.045600280762,127.73375038147,151.790719463859,149.008687463241,59.0122566288925,1.86702671366348,1.98210977307183
"2024-01-02",151.539993286133,152.380004882812,148.389999389648,149.929992675781,47339400,149.929992675781,149.968999481201,143.476200256347,127.983200340271,151.504453804154,149.076932293799,52.8867942512555,1.62836830152304,1.91136147876207
"2024-01-03",149.199996948242,151.050003051758,148.330001831055,148.470001220703,49425500,148.470001220703,150.150499725342,143.942200317383,128.230800361633,151.037614945162,149.031974436533,48.9150947408827,1.34577866005741,1.79824491502114
"2024-01-04",145.589996337891,147.380004882812,144.050003051758,144.570007324219,56039800,144.570007324219,150.034999847412,144.302400512695,128.465100402832,150.042598388094,148.701458354139,40.2250168052843,0.901901063243482,1.61897614466561
"2024-01-05",144.690002441406,146.589996337891,144.529998779297,145.240005493164,45153100,145.240005493164,150.070999908447,144.636000671387,128.688250427246,149.30373794272,148.445054438511,42.1271885445303,0.578452079428615,1.41087133161821
"2024-01-08",146.740005493164,149.399993896484,146.149993896484,149.100006103516,46757100,149.100006103516,150.181999969482,145.190200805664,128.940250473022,149.272394582842,148.49356937666,51.6694340130106,0.524484130492509,1.23359389139307
"2024-01-09",148.330001831055,151.710006713867,148.210006713867,151.369995117188,43812600,151.369995117188,150.379499816895,145.826200714111,129.203550453186,149.595102357357,148.706637950032,56.239089109744,0.59746116217303,1.10636734554906
"2024-01-10",152.059997558594,154.419998168945,151.880004882812,153.729995727539,44421800,153.729995727539,150.771499633789,146.346000671387,129.481550445557,150.231239798924,149.078738526144,60.4281872050288,0.77308225450099,1.03971032733945
"2024-01-11",155.039993286133,157.169998168945,153.119995117188,155.179992675781,49072700,155.179992675781,151.156499481201,146.795400390625,129.767250404358,150.992586395363,149.530683277969,62.7853407838303,0.977660962517346,1.02730045437503
"2024-01-12",155.389999389648,156.199996948242,154.009994506836,154.619995117188,40484200,154.619995117188,151.445499420166,147.226000366211,130.054150390625,151.550649275644,149.907669340133,61.2674672454237,1.09599458302743,1.04103928010551
"2024-01-16",153.529998779297,154.990005493164,152.149993896484,153.160003662109,41384600,153.160003662109,151.732499694824,147.549200439453,130.318700408936,151.798242258177,150.148582993613,57.3731200661956,1.09868453745856,1.05256833157612
"2024-01-17",151.490005493164,152.149993896484,149.910003662109,151.710006713867,34953400,151.710006713867,151.819499969482,147.822000427246,130.567250442505,151.784667559052,150.264244009928,53.7209587569394,1.01183322695437,1.04442131065177
"2024-01-18",152.770004272461,153.779998779297,151.820007324219,153.5,37850200,153.5,151.790999603272,148.120000305176,130.818300437927,152.04856485766,150.503929638822,57.3318491207295,1.02630889608275,1.04079882773797
"2024-01-19",153.830001831055,155.759994506836,152.740005493164,155.339996337891,51651600,155.339996337891,151.868499755859,148.43200012207,131.082950401306,152.554938931541,150.862156801716,60.7242320890594,1.12207207275314,1.057053476741
"2024-01-22",156.889999389648,157.050003051758,153.899993896484,154.779998779297,43687500,154.779998779297,152.001499938965,148.673399963379,131.337100410461,152.897255831196,151.152367318574,59.1820179524189,1.15439046279995,1.07652087395279
"2024-01-23",154.850006103516,156.210006713867,153.929992675781,156.020004272461,37986000,156.020004272461,152.110500335693,148.952200012207,131.611700439453,153.377678668314,151.512933018862,61.5128984737445,1.23075014937477,1.10736672903719
"2024-01-24",157.800003051758,158.509994506836,156.479995727539,156.869995117188,48547300,156.869995117188,152.283000183106,149.27759979248,131.885750427246,153.914958121987,151.909752433553,63.0696772687912,1.3199979963834,1.14989298250643
"2024-01-25",156.949996948242,158.509994506836,154.550003051758,157.75,43638600,157.75,152.5,149.561399841308,132.163650436401,154.504964564758,152.342363364401,64.6633270107114,1.41956652936013,1.20382769187717
"2024-01-26",158.419998168945,160.720001220703,157.910003662109,159.119995117188,51047400,159.119995117188,152.788999938965,149.891999816894,132.459650421143,155.214969265132,152.844410160904,67.0473924945814,1.55096225091436,1.27325460368461
"2024-01-29",159.339996337891,161.289993286133,158.899993896484,161.259994506836,45270400,161.259994506836,153.182999420166,150.201199645996,132.776800384521,156.144973148471,153.467786779121,70.4061128727918,1.74446144401841,1.36749597175137
"2024-01-30",160.699996948242,161.729995727539,158.490005493164,159,45207400,159,153.535999298096,150.517199707031,133.059800376892,156.584208048706,153.877580351038,63.0923755117303,1.75894869902025,1.44578651720514
"2024-01-31",157,159.009994506836,154.809997558594,155.199996948242,50284400,155.199996948242,153.799499511719,150.764599609375,133.323250350952,156.371252494789,153.975537136016,53.1035622664664,1.55590647925878,1.46781050961587
"2024-02-01",155.869995117188,159.759994506836,155.619995117188,159.279998779297,76542400,159.279998779297,154.339999389649,151.046599731445,133.60595035553,156.818751923175,154.368460220703,60.3601169800705,1.58730073420954,1.4917085545346
"2024-02-02",169.190002441406,172.5,167.330001831055,171.809997558594,117218300,171.809997558594,155.701998901367,151.560199584961,133.953500328064,159.125097405547,155.660425949436,73.7789766381294,2.22578824063879,1.63852449175544
"2024-02-05",170.199996948242,170.550003051758,167.699996948242,170.309997558594,55081300,170.309997558594,156.955498504639,152.088399658203,134.283550300598,160.845851275246,156.745579401966,70.6937356532228,2.61587719980618,1.83399503336559
"2024-02-06",169.389999389648,170.710006713867,167.649993896484,169.149993896484,42505500,169.149993896484,157.957997894287,152.537199401855,134.610250282288,162.123411678514,157.664424920079,68.3145810794816,2.82815020617069,2.03282606792661
"2024-02-07",169.479995727539,170.880004882812,168.940002441406,170.529998779297,47174100,170.529998779297,158.915998077393,153.012999267578,134.928100280762,163.416732770942,158.617430391132,69.6242880513716,3.02570932335464,2.23140271901222
"2024-02-08",169.649993896484,171.429992675781,168.880004882812,169.839996337891,42316500,169.839996337891,159.72149810791,153.455199279785,135.246250267029,164.404927165857,159.448731572373,68.1083900232513,3.10833177825205,2.40678853086018
"2024-02-09",170.899993896484,175,170.580001831055,174.449996948242,56986000,174.449996948242,160.684998321533,154.003599243164,135.605650253296,165.950322516993,160.55993641503,72.427724784053,3.35724229986585,2.59687928466132
"2024-02-12",174.800003051758,175.389999389648,171.539993286133,172.339996337891,51050400,172.339996337891,161.570998382568,154.523999023437,135.942450218201,166.93334925867,161.432533446353,67.8951453487157,3.40750138456116,2.75900370464129
"2024-02-13",167.729995727539,170.949996948242,165.75,168.639999389648,56345100,168.639999389648,162.344998168945,154.974999084473,136.236550216675,167.195910817282,161.966419812523,60.7193334621854,3.22875013895587,2.8529529915042
"2024-02-14",169.210006713867,171.210006713867,168.279998779297,170.979995727539,42815500,170.979995727539,163.308497619629,155.453999023437,136.564200210571,167.778077726552,162.634092102524,63.3570110527322,3.16291962990458,2.91494631918428
"2024-02-15",170.580001831055,171.169998168945,167.589996337891,169.800003051758,49855200,169.800003051758,164.123497772217,155.953199157715,136.902950210571,168.089143161199,163.164900320986,61.1279027270748,3.01795473813664,2.93554800297475
"2024-02-16",168.740005493164,170.419998168945,167.169998168945,169.509994506836,48107700,169.509994506836,164.831997680664,156.405798950195,137.232350196838,168.307735675913,163.634907297716,60.5639189279248,2.85564275701589,2.91956695378298
"2024-02-20",167.830001831055,168.710006713867,165.740005493164,167.080001831055,41980300,167.080001831055,165.446997833252,156.856998901367,137.549500198364,168.118853545934,163.89009948537,55.9092415225424,2.58023765550373,2.85170109412713
"2024-02-21",168.940002441406,170.229995727539,167.139999389648,168.589996337891,44420100,168.589996337891,166.075497436524,157.291198730469,137.872450180054,168.191337052389,164.238239992965,58.0659786569171,2.40692853235283,2.76274658177227
"2024-02-22",173.100006103516,174.800003051758,171.770004272461,174.580001831055,55392400,174.580001831055,166.960997772217,157.834398803711,138.217050170898,169.174208556799,165.004296425416,65.3142890582269,2.5271536691583,2.71562799924947
"2024-02-23",174.279998779297,175.75,173.699996948242,174.990005493164,59715200,174.990005493164,167.822998046875,158.416398925781,138.562850189209,170.068946547009,165.743978578582,65.7506717608194,2.60942690378136,2.69438778015585
"2024-02-26",175.699996948242,176.369995117188,174.259994506836,174.729995727539,44368600,174.729995727539,168.603498077393,158.961398925781,138.903400154114,170.786031036322,166.409609478505,65.1905426674213,2.62990915700811,2.6814920555263
"2024-02-27",174.080001831055,174.619995117188,172.860000610352,173.539993286133,31141700,173.539993286133,169.217498016358,159.455398864746,139.220150108337,171.209717536293,166.937786056848,62.5635886881508,2.55899612685055,2.65699286979115
"2024-02-28",172.440002441406,174.050003051758,172.270004272461,173.160003662109,28180500,173.160003662109,169.925498199463,159.970198974609,139.525050125122,171.509761555649,167.398691064645,61.7084800635448,2.45585581634955,2.61676545910283
"2024-02-29",173.009994506836,177.220001220703,172.850006103516,176.759994506836,53805400,176.759994506836,171.003498077393,160.505998840332,139.857550086975,172.317489701985,168.092120949252,66.3946913420793,2.51372207624738,2.59615678253174
"2024-03-01",176.75,178.729995727539,176.070007324219,178.220001220703,31981200,178.220001220703,171.950498199463,160.988998718262,140.192650108337,173.225568397173,168.842334302693,68.0997953253624,2.59605158420884,2.59613574286716
"2024-03-04",177.529998779297,180.139999389648,177.490005493164,177.580001831055,37381500,177.580001831055,172.238998413086,161.46479888916,140.513550109863,173.895481233155,169.489568934423,66.5067859530567,2.59951826323674,2.59681224694108
"2024-03-05",176.929992675781,176.929992675781,173.300003051758,174.119995117188,37228300,174.119995117188,172.429498291016,161.90479888916,140.806650085449,173.930021830698,169.83256346648,58.5347644022388,2.41264589109687,2.55997897577224
"2024-03-06",175.539993286133,176.460006713867,173.259994506836,173.509994506836,32090900,173.509994506836,172.647498321533,162.298198852539,141.083450050354,173.865402242412,170.104965765765,57.2322535162785,2.21065649654488,2.49011447992677
"2024-03-07",174.830001831055,177.990005493164,173.720001220703,176.820007324219,34063300,176.820007324219,172.961998748779,162.766199035644,141.386300086975,174.319956870382,170.602376251577,62.1535218749898,2.17909076091836,2.42790973612508
"2024-03-08",176.440002441406,178.789993286133,174.330001831055,175.350006103516,37893200,175.350006103516,173.237499237061,163.204999084473,141.688000106812,174.478425983172,170.954052536906,58.9113760030661,2.06159104973862,2.35464599884779
"2024-03-11",174.309997558594,174.470001220703,171.470001220703,171.960006713867,28484800,171.960006713867,173.112999725342,163.577399291992,141.972850151062,174.090976864817,171.028567661125,52.1547857551299,1.79058343618956,2.24183348631615
"2024-03-12",173.5,176.759994506836,171.979995727539,175.389999389648,36610600,175.389999389648,173.26549987793,164.017599182129,142.26605014801,174.290826484022,171.351636678053,57.4697963392701,1.71529718825609,2.13652622670414
"2024-03-13",175.899993896484,177.619995117188,175.550003051758,176.559997558594,30772600,176.559997558594,173.661499786377,164.509999084473,142.573850135803,174.639929726264,171.737441187722,59.1373094662255,1.69007324114543,2.04723562959239
"2024-03-14",177.690002441406,179.529998779297,176.470001220703,178.75,43705800,178.75,174.05,165.086399230957,142.867050132751,175.272248229916,172.256889988632,62.1303154612006,1.75050080230916,1.98788866413575
"2024-03-15",176.639999389648,177.929992675781,173.899993896484,174.419998168945,72147400,174.419998168945,174.28099975586,165.605399169922,143.130850105286,175.14113283592,172.417120224211,53.7478814523609,1.57989682704784,1.90629029671817
"2024-03-18",175.800003051758,176.690002441406,174.279998779297,174.479995727539,31250700,174.479995727539,174.529499816895,166.203598937988,143.400350074768,175.039419434631,172.56992581705,53.8408112376831,1.43101041846598,1.81123432106773
"2024-03-19",174.220001220703,176.089996337891,173.520004272461,175.899993896484,26880900,175.899993896484,174.970499420166,166.816798706055,143.666000061035,175.171815505685,172.816597526637,56.0895060377741,1.36284246580229,1.72155595001464
"2024-03-20",176.139999389648,178.529998779297,174.639999389648,178.149993896484,29947200,178.149993896484,175.448499298096,167.397798461914,143.935500030518,175.629996796577,173.211663924404,59.4595841302602,1.39617206912164,1.65647917383604
"2024-03-21",179.990005493164,181.419998168945,178.149993896484,178.149993896484,32824300,178.149993896484,175.626998901367,167.9333984375,144.199749984741,176.017688658101,173.577466144558,59.4595841302602,1.40584061269289,1.60635146160741
"2024-03-22",177.75,179.259994506836,176.75,178.869995117188,27995400,178.869995117188,175.820998382568,168.436198425293,144.461049957275,176.456505036422,173.969505327716,60.5823330328226,1.42956071756473,1.57099331279887
"2024-03-25",178.009994506836,180.990005493164,177.240005493164,179.710006713867,29815500,179.710006713867,176.069998931885,168.926798706055,144.75344997406,176.957043756029,174.394727652616,61.907795042546,1.46926236698934,1.55064712363697
"2024-03-26",180.149993896484,180.449996948242,177.949996948242,178.300003051758,29659000,178.300003051758,176.307999420166,169.400398864746,145.023699989319,177.163652878449,174.684007311812,58.3603636857982,1.41950348219992,1.52441839534956
"2024-03-27",179.880004882812,180,177.309997558594,179.830001831055,33272600,179.830001831055,176.641499328613,169.933798828125,145.305699996948,177.573860409619,175.065192091015,60.9736225494261,1.4329909267744,1.50613290163453
"2024-03-28",180.169998168945,181.699996948242,179.259994506836,180.380004882812,38051600,180.380004882812,176.822499847412,170.507198791504,145.574750022888,178.005574943957,175.458881927444,61.8993155506701,1.45144719294716,1.49519575989706
"2024-04-01",180.789993286133,183,179.949996948242,180.970001220703,29174500,180.970001220703,176.959999847412,171.056598815918,145.846300010681,178.461640524994,175.867112986204,62.9154943589212,1.47527726744108,1.49121206140586
"2024-04-02",179.070007324219,180.789993286133,178.380004882812,180.690002441406,32611500,180.690002441406,177.11549987793,171.563598937988,146.117650032043,178.804465435212,176.22436405696,62.0694238146436,1.464100263354,1.48578970179549
"2024-04-03",179.899993896484,182.869995117188,179.800003051758,182.410003662109,31046600,182.410003662109,177.530000305176,172.116199035644,146.394150047302,179.359163623965,176.682559583267,65.1681473917599,1.5149226086667,1.49161628316973
"2024-04-04",184,185.100006103516,180,180,41624300,180,177.854500579834,172.595798950195,146.666700057983,179.457753835663,176.928295910433,58.0163173471062,1.42965143716225,1.47922331396823
"2024-04-05",182.380004882812,186.270004272461,181.970001220703,185.070007324219,42374000,185.070007324219,178.267000579834,173.159799194336,146.963150100708,180.321177449287,177.531385644787,66.3762615177522,1.57143583055315,1.49766581728522
"2024-04-08",186.899993896484,187.289993286133,184.809997558594,185.190002441406,39221300,185.190002441406,178.759000396728,173.708599243164,147.26495010376,181.070227448074,178.098690592685,66.5460506592004,1.6684776544402,1.53182818471621
"2024-04-09",187.240005493164,187.339996337891,184.199996948242,185.669998168945,36520100,185.669998168945,179.444499969482,174.239599304199,147.542550125122,181.777884482054,178.659528190926,67.2582864578512,1.74541840712559,1.57454622919809
"2024-04-10",182.770004272461,186.270004272461,182.669998168945,185.949996948242,35879200,185.949996948242,179.972499847412,174.733399353027,147.825650100708,182.419747938391,179.19956291369,67.6904133117033,1.79698263340715,1.6190335100399
"2024-04-11",186.740005493164,189.770004272461,185.509994506836,189.050003051758,40020700,189.050003051758,180.59700012207,175.334399414062,148.134250106812,183.439787186601,179.92922514614,72.083431307229,1.95107939669619,1.68544268737116
"2024-04-12",187.720001220703,188.380004882812,185.080001831055,186.130004882812,38608800,186.130004882812,180.966000366211,175.952999572754,148.419000167847,183.853666832172,180.388542163671,63.3465000589425,1.92092281856628,1.73253871361018
"2024-04-15",187.429992675781,188.690002441406,183,183.619995117188,48052400,183.619995117188,181.426000213623,176.439799499512,148.691900177002,183.817717337559,180.627909049117,56.9559256440914,1.76595538598356,1.73922204808486
"2024-04-16",183.270004272461,184.830001831055,182.259994506836,183.320007324219,32891300,183.320007324219,181.868000793457,176.669999694824,148.969000205994,183.741146566276,180.827323736161,56.2258528278194,1.61138414809818,1.71365446808752
"2024-04-17",184.309997558594,184.570007324219,179.820007324219,181.279998779297,31359700,181.279998779297,182.137001037598,176.889399719238,149.223600196838,183.362508445202,180.860855220838,51.4007171562815,1.38319219010086,1.64756201249019
"2024-04-18",181.470001220703,182.389999389648,178.649993896484,179.220001220703,30723800,179.220001220703,182.190501403809,177.090799865723,149.468600196838,182.725199641433,180.739310480087,47.0132566850985,1.0987588455831,1.53780137910877
"2024-04-19",178.740005493164,179,173.440002441406,174.630004882812,56000700,174.630004882812,182.014501953125,177.172799987793,149.689850196838,181.479785063184,180.286769324734,39.0209491906431,0.661732274042404,1.3625875580955
"2024-04-22",176.940002441406,178.869995117188,174.559997558594,177.229995727539,37924900,177.229995727539,181.932501983643,177.320599975586,149.934200172424,180.825971319238,180.060341650867,44.7505452790014,0.42520727293498,1.1751115010634
"2024-04-23",178.080001831055,179.929992675781,175.979995727539,179.539993286133,37046500,179.539993286133,181.924001312256,177.422399902344,150.183000144958,180.628128544915,180.021797327554,49.3078536177529,0.336809889892176,1.00745117882915
"2024-04-24",179.940002441406,180.320007324219,176.179992675781,176.589996337891,34185100,176.589996337891,181.838500976562,177.507399902344,150.430300140381,180.006877436142,179.767589846838,44.2841557163175,0.133109416167621,0.832582826296846
"2024-04-25",169.679992675781,173.919998168945,166.320007324219,173.669998168945,49249400,173.669998168945,181.530500793457,177.60799987793,150.654750137329,179.031972933496,179.315916389216,39.9458083080971,-0.15834816085365,0.634396628866747
"2024-04-26",177.800003051758,180.820007324219,176.130004882812,179.619995117188,43919800,179.619995117188,181.492500305176,177.780799865723,150.898850097656,179.122437884833,179.338440739436,50.5718025777669,-0.120444258192764,0.483428451454844
"2024-04-29",182.75,183.529998779297,179.389999389648,180.960006713867,54063900,180.960006713867,181.492000579834,178.003999938965,151.132150115967,179.405140781608,179.458556737542,52.6056991740103,-0.0297650649295877,0.380789748177958
"2024-04-30",181.089996337891,182.990005493164,174.800003051758,175,94639800,175,181.207500457764,178.113800048828,151.333750152588,178.727426815207,179.128293275502,43.9444421238869,-0.223787349818105,0.259874328578745
"2024-05-01",181.639999389648,185.149993896484,176.559997558594,179,94645100,179,181.037000274658,178.352200012207,151.560950164795,178.769361151329,179.118790069909,49.905656570769,-0.195082223615095,0.168883018139977
"2024-05-02",180.850006103516,185.100006103516,179.910003662109,184.720001220703,54303500,184.720001220703,181.273000335693,178.674800109863,151.820400161743,179.684844238925,179.533694599598,56.9551523484838,0.0841901235664411,0.15194443922527
"2024-05-03",186.990005493164,187.869995117188,185.419998168945,186.210006713867,39172000,186.210006713867,181.330000305176,178.907400207519,152.074650192261,180.688715388916,180.028236237692,58.5899049048711,0.366875310799508,0.194930613540118
"2024-05-06",186.279998779297,188.75,184.800003051758,188.699996948242,34725300,188.699996948242,181.505500030518,179.181600036621,152.368350143433,181.921220244197,180.670588882918,61.2391297935663,0.692216352983377,0.29438776142877
"2024-05-07",188.919998168945,189.940002441406,187.309997558594,188.759994506836,34048900,188.759994506836,181.659999847412,179.462200012207,152.662150115967,182.973339361526,181.269804114319,61.3033699163919,0.939778831631743,0.423465975469364
"2024-05-08",187.440002441406,188.429992675781,186.389999389648,188,26136400,188,181.7625,179.751400146484,152.958150100708,183.746671767445,181.768337142888,59.9480266765891,1.08838241888174,0.556449264151839
"2024-05-09",188.880004882812,191.699996948242,187.440002441406,189.5,43368400,189.5,181.784999847412,180.078200073242,153.260000076294,184.631799187838,182.341052910082,61.7456996833596,1.25629760341799,0.696418932005069
"2024-05-10",189.160003662109,189.889999389648,186.929992675781,187.479995727539,34141800,187.479995727539,181.852499389649,180.292600097656,153.556650085449,185.069983270869,182.721715341004,57.9721351017949,1.28516083897428,0.81416731339891
"2024-05-13",188,188.309997558594,185.360000610352,186.570007324219,24898600,186.570007324219,182,180.459600219726,153.84825012207,185.300756202154,183.006774006428,56.3028007778139,1.25349578351968,0.902033007423064
"2024-05-14",183.820007324219,187.720001220703,183.449996948242,187.070007324219,38698200,187.070007324219,182.1875,180.64940032959,154.122550125122,185.572948682471,183.30775425219,57.0348813353104,1.23573301059867,0.968773008058185
"2024-05-15",185.970001220703,186.720001220703,182.729995727539,185.990005493164,75459900,185.990005493164,182.423000335693,180.886800537109,154.384100189209,185.637111268732,183.506439529299,54.8955332614404,1.16108826747328,1.0072360599412
"2024-05-16",185.600006103516,187.309997558594,183.460006713867,183.630004882812,38834500,183.630004882812,182.643500518799,181.089200744629,154.643800201416,185.328325670898,183.515592518448,50.442934524691,0.987781543558763,1.00334515666472
"2024-05-17",183.759994506836,185.300003051758,183.350006103516,184.699996948242,33175700,184.699996948242,183.14700012207,181.246800537109,154.926250152588,185.231659713566,183.603326179914,52.3307853443569,0.886875835820233,0.980051292495819
"2024-05-20",184.339996337891,186.669998168945,183.279998779297,183.539993286133,30511800,183.539993286133,183.4625,181.410600280762,155.199400100708,184.971403340115,183.598634854449,50.1024303889018,0.747700813110175,0.93358119661869
"2024-05-21",182.300003051758,183.259994506836,180.75,183.149993896484,50839100,183.149993896484,183.643000030518,181.634400024414,155.417300033569,184.691186502633,183.565402190896,49.3417004967245,0.613287851795996,0.869522527654151
"2024-05-22",183.880004882812,185.220001220703,181.970001220703,183.130004882812,28148800,183.130004882812,183.970000457764,181.789200134277,155.62185005188,184.451004714969,183.533150538445,49.300382990362,0.500102664739477,0.795638555071217
"2024-05-23",183.660003662109,184.759994506836,180.080001831055,181.050003051758,33670200,181.050003051758,184.339000701904,181.879000244141,155.827400054932,183.927773689859,183.34921368758,45.0710248830943,0.315550850010915,0.699621014059156
"2024-05-24",181.649993896484,182.440002441406,180.300003051758,180.75,27471600,180.75,184.395500946045,181.919000244141,156.041900024414,183.438885429881,183.156679340352,44.4783460270888,0.154079059822276,0.59051262321178
"2024-05-28",179.929992675781,182.240005493164,179.490005493164,182.149993896484,29927000,182.149993896484,184.455000305176,182.073600158691,156.259850006104,183.240594424743,183.082110048213,47.9200812118744,0.0865646438573009,0.489723027340884
"2024-05-29",181.699996948242,184.080001831055,181.550003051758,182.020004272461,32009300,182.020004272461,184.806000518799,182.22440032959,156.477900009155,183.052811324392,183.003435546306,47.6248813216585,0.026980792977338,0.397174580468175
"2024-05-30",181.309997558594,181.339996337891,178.360000610352,179.320007324219,29184700,179.320007324219,184.82200088501,182.292800598144,156.671650009155,182.478533785904,182.730589011336,41.8571202554655,-0.137938167220009,0.290152030930538
"2024-05-31",178.300003051758,179.210006713867,173.869995117188,176.440002441406,58903900,176.440002441406,184.408000946045,182.258600769043,156.865500030518,181.549528963673,182.264619635786,36.7451531492085,-0.392336523424852,0.15365432005946
"2024-06-03",177.699996948242,178.699996948242,175.919998168945,178.339996337891,30786600,178.339996337891,184.014500427246,182.262400817871,157.081849975586,181.055754713553,181.973906798905,41.7954756766088,-0.504551504939921,0.0220131550595841
"2024-06-04",177.639999389648,179.820007324219,176.440002441406,179.339996337891,27198400,179.339996337891,183.546500396729,182.271800842285,157.308649978638,180.791791886528,181.778802320311,44.3154299151036,-0.542973339676822,-0.0909841438876972
"2024-06-05",180.100006103516,181.5,178.75,181.279998779297,32116400,181.279998779297,183.172500610352,182.303200683594,157.548949966431,180.866900639262,181.741853909866,48.9344600741152,-0.481426403319229,-0.169072595774004
"2024-06-06",181.75,185,181.490005493164,185,31371200,185,183.022500610352,182.437200622559,157.800550003052,181.502762079375,181.98319806469,56.4024467285178,-0.264000188162627,-0.188058114251728
"2024-06-07",184.899993896484,186.289993286133,183.360000610352,184.300003051758,28021500,184.300003051758,182.762500762939,182.526600646973,158.050800018311,181.933106844357,182.154813248918,54.7790384462217,-0.121713173869009,-0.174789126175185
"2024-06-10",184.070007324219,187.229995727539,183.789993286133,187.059997558594,34445600,187.059997558594,182.741500854492,182.660200500488,158.308499984741,182.721859261932,182.51816023482,59.7038551050049,0.111604799681553,-0.117510341003837
"2024-06-11",187.059997558594,187.770004272461,184.539993286133,187.229995727539,27265100,187.229995727539,182.774500274658,182.785400390625,158.585449981689,183.415418718179,182.867185086132,59.9928621743971,0.299798803043294,-0.0340485121944109
"2024-06-12",188.020004272461,188.350006103516,185.429992675781,186.889999389648,33984200,186.889999389648,182.76549987793,182.90940032959,158.853600006104,183.949969590713,183.165171330837,59.0802174848803,0.42846478627665,0.0584541474998013
"2024-06-13",186.089996337891,187.669998168945,182.669998168945,183.830001831055,39721500,183.830001831055,182.657499694824,182.937800292969,159.107050018311,183.931513012304,183.214418034557,51.4884409678413,0.391396586273007,0.125042635254443
"2024-06-14",183.080001831055,183.720001220703,182.229995727539,183.660003662109,25456400,183.660003662109,182.658999633789,183.011000366211,159.350800018311,183.889742343043,183.247424377338,51.0956216258548,0.350519505465008,0.170138009296556
"2024-06-17",182.520004272461,185,181.220001220703,184.059997558594,35601900,184.059997558594,182.626999664307,182.990800170898,159.595749969482,183.915935453128,183.307614983357,52.0231111395988,0.331857718963757,0.202481951229996
"2024-06-18",183.740005493164,184.289993286133,181.429992675781,182.809997558594,36659200,182.809997558594,182.59049987793,182.943200073242,159.819749984741,183.745791161661,183.270754433375,48.901864991247,0.259199417689415,0.21382544452188
"2024-06-20",182.910003662109,186.509994506836,182.720001220703,186.100006103516,44726800,186.100006103516,182.738000488281,182.951800231934,160.059650039673,184.107978075793,183.480328631163,56.3286377261051,0.342079965363107,0.239476348690125
"2024-06-21",187.800003051758,189.279998779297,185.860000610352,189.080001831055,70792500,189.080001831055,183.035500335693,183.01440032959,160.318700027466,184.872904807372,183.895119238563,61.7513273995283,0.531708276357534,0.297922734223607
"2024-06-24",189.330001831055,191,185.330001831055,185.570007324219,50610400,185.570007324219,183.261500549317,182.944800415039,160.569750061035,184.980151348425,184.019185022685,53.3486627917333,0.522209858510836,0.342780159081053
"2024-06-25",186.809997558594,188.839996337891,185.419998168945,186.339996337891,45366400,186.339996337891,183.541000366211,182.949000244141,160.812200012207,185.189358269881,184.19109697196,54.8016315130468,0.541970439577533,0.382618215180349
"2024-06-26",186.919998168945,194.800003051758,186.259994506836,193.610000610352,65103900,193.610000610352,184.114000701905,183.148800354004,161.089100036621,186.484841706877,184.888793537767,65.6725935937169,0.863247652045618,0.478744102553403
"2024-06-27",195.009994506836,199.839996337891,194.199996948242,197.850006103516,74397500,197.850006103516,184.905500793457,183.43940032959,161.362850036621,188.233328537129,185.848883357452,70.1776796381293,1.28300215562296,0.639595713167314
"2024-06-28",197.729995727539,198.850006103516,192.5,193.25,76930200,193.25,185.602000427246,183.678800354004,161.622950057983,189.005124146801,186.397114219863,60.8476582493992,1.39916861795539,0.79151029412493
"2024-07-01",193.490005493164,198.300003051758,192.820007324219,197.199996948242,41192000,197.199996948242,186.640000152588,184.038400268555,161.884700012207,190.265873808562,187.197327755298,65.1341933801353,1.63920398333599,0.961049031967142
"2024-07-02",197.279998779297,200.429992675781,195.929992675781,200,45600000,200,187.723000335694,184.545800170898,162.161100006104,191.763431684167,188.145673847498,67.8234631603464,1.92284933407585,1.15340909238888
"2024-07-03",199.940002441406,200.029998779297,196.759994506836,197.589996337891,31597900,197.589996337891,188.635500335694,184.953000183105,162.447099990845,192.659826246279,188.845253291231,63.2979466101264,2.01994643157111,1.32671656022533
"2024-07-05",198.649993896484,200.550003051758,198.169998168945,200,39858900,200,189.571500396729,185.362200317383,162.747200012207,193.789083746851,189.671530825214,65.758462299693,2.17088611228202,1.49555047063667
"2024-07-08",200.039993286133,201.199996948242,197.960006713867,199.289993286133,34767300,199.289993286133,190.286000061035,185.816200256348,163.055499954224,194.635377522125,190.384009526023,64.3889172128435,2.23304888193432,1.6430501528962
"2024-07-09",199.399993896484,200.570007324219,199.050003051758,199.339996337891,32700100,199.339996337891,191.037999725342,186.329600219727,163.375749969482,195.359165032243,191.047415956532,64.4450792869663,2.25689997120537,1.76582011655803
"2024-07-10",200,200.110000610352,197.690002441406,199.789993286133,32883800,199.789993286133,191.674499511719,186.733000183105,163.728049926758,196.040830917457,191.695014277243,64.9803427404301,2.26704729729119,1.86606555270466
"2024-07-11",200.089996337891,200.270004272461,192.860000610352,195.050003051758,44565000,195.050003051758,192.06549987793,187.014800109863,164.057699966431,195.888395861196,191.943531964244,55.5020622011702,2.0552210624563,1.90389665465499
"2024-07-12",194.800003051758,196.470001220703,193.830001831055,194.490005493164,30598500,194.490005493164,192.445500183106,187.404600219726,164.373799972534,195.673258881498,192.132159633053,54.4907992211781,1.8430538933246,1.89172810238891
"2024-07-15",194.559997558594,196.190002441406,190.830001831055,192.720001220703,40683200,192.720001220703,192.890000152588,187.679000244141,164.707499961853,195.218911549068,192.17570345436,51.3086644863938,1.58355506966095,1.83009349584332
"2024-07-16",195.589996337891,196.619995117188,192.240005493164,193.020004272461,33994700,193.020004272461,193.358000183106,187.845000305176,165.042699966431,194.880618121898,192.238244255701,51.8222092539951,1.37453079455006,1.73898095558467
"2024-07-17",191.350006103516,191.580001831055,185.990005493164,187.929992675781,48076100,187.929992675781,193.551499938965,187.879400024414,165.352449913025,193.811291130188,191.91911450904,43.4491253529612,0.985924005531125,1.58836956557396
"2024-07-18",189.589996337891,189.679992675781,181.449996948242,183.75,51043600,183.75,193.598500061035,187.780400085449,165.635599899292,192.263400187082,191.313994915778,38.0167919341291,0.496255003049728,1.36994665306911
"2024-07-19",181.139999389648,184.929992675781,180.110000610352,183.130004882812,43081800,183.130004882812,193.45,187.667800292969,165.903949890137,190.858262447963,190.707773431855,37.272419307253,0.0789107928852228,1.11173948103233
"2024-07-22",185,185.059997558594,182.479995727539,182.550003051758,39931900,182.550003051758,193.123500061035,187.558800354004,166.193099899292,189.580068694701,190.10349414444,36.5514035347329,-0.275337101032624,0.834324164619343
"2024-07-23",184.100006103516,189.389999389648,183.559997558594,186.410003662109,47537700,186.410003662109,193.16549987793,187.497000427246,166.490149917603,189.092366381995,189.82990225686,44.2770366233484,-0.388524603393348,0.589754411016805
"2024-07-24",183.199996948242,185.449996948242,180.410003662109,180.830001831055,41532400,180.830001831055,192.890000152588,187.364000549316,166.764499931335,187.821233374158,189.16324296606,37.2213971504663,-0.709445223532501,0.329914484106944
"2024-07-25",182.910003662109,183.899993896484,176.800003051758,179.850006103516,44464200,179.850006103516,192.202000427246,187.229600524902,167.023949966431,186.594890717136,188.473373568834,36.132394097613,-0.996683412690214,0.0645949047475122
"2024-07-26",180.389999389648,183.190002441406,180.240005493164,182.5,29506000,182.5,191.43450012207,187.138200378418,167.295149993896,185.964907529884,188.030901452624,41.1467191038218,-1.09875233633366,-0.168074543468723
"2024-07-29",183.839996337891,184.75,182.380004882812,183.199996948242,33270100,183.199996948242,190.931999969482,187.082400207519,167.56375,185.53953667117,187.673056674522,42.4324368698297,-1.13682807812518,-0.361825250400015
"2024-07-30",184.720001220703,185.860000610352,179.380004882812,181.710006713867,39508600,181.710006713867,190.157500457764,187.044000244141,167.813150024414,184.9503782162,187.231349270029,40.4088430626006,-1.21826342795769,-0.53311288591155
"2024-07-31",185.050003051758,187.940002441406,184.460006713867,186.979995727539,41667300,186.979995727539,189.506500244141,187.089600219726,168.086399993896,185.262627064099,187.212730489104,49.5695534428657,-1.04165107784621,-0.634820524298481
"2024-08-01",189.289993286133,190.600006103516,181.869995117188,184.070007324219,70435600,184.070007324219,188.830500793457,187.100200500488,168.357800064087,185.079147104117,186.979936180594,45.4177289926132,-1.01657381818803,-0.71117118307639
"2024-08-02",166.75,168.770004272461,160.550003051758,167.899993896484,141448400,167.899993896484,187.225500488281,186.795200500488,168.534550018311,182.436200456789,185.566607122512,30.2538937140527,-1.68694503513548,-0.906325953488208
"2024-08-05",154.210006713867,162.960006713867,151.610000610352,161.020004272461,83149400,161.020004272461,185.312001037598,186.353000488281,168.682300033569,179.141401043815,183.74834024473,26.2396497470156,-2.50720044315976,-1.22650085142252
"2024-08-06",161.710006713867,165.080001831055,158.539993286133,161.929992675781,59950800,161.929992675781,183.441500854492,185.970600280762,168.851299972534,176.493492064118,182.132166350734,27.607840888433,-3.09592445947057,-1.60038557303213
"2024-08-07",166.550003051758,167.580001831055,161.429992675781,162.770004272461,48408200,162.770004272461,181.590501403809,185.611000366211,169.023150024414,174.382186250017,180.697932122714,28.9185733252394,-3.49519543389558,-1.97934754520482
"2024-08-08",165.169998168945,166.690002441406,162.550003051758,165.800003051758,44616200,165.800003051758,180.128001403809,185.284000549316,169.226300048828,173.061850373362,179.594381821161,33.5894806354082,-3.63738073627761,-2.31095418341938
"2024-08-09",166.399993896484,168.550003051758,165.850006103516,166.940002441406,36401000,166.940002441406,178.750501251221,184.982400512695,169.428200073242,172.120027614599,178.657020385624,35.3118129181171,-3.65896215940179,-2.58055577861586
"2024-08-12",168.139999389648,168.550003051758,166.110000610352,166.800003051758,30072800,166.800003051758,177.454501342773,184.732000427246,169.619400100708,171.301562297239,177.778722805338,35.1911095934075,-3.64338341838063,-2.79312130656881
"2024-08-13",167.809997558594,171.039993286133,167.100006103516,170.229995727539,39237900,170.229995727539,176.315000915527,184.607800292969,169.863600082397,171.136705901901,177.219557836612,40.5525805596786,-3.43238184823782,-2.92097341490262
"2024-08-14",172.110000610352,172.279998779297,168.860000610352,170.100006103516,28843800,170.100006103516,175.423501586914,184.443000488281,170.116250114441,170.977213625226,176.69218363416,40.4161209328663,-3.23442151847927,-2.98366303561795
"2024-08-15",174.860000610352,177.910003662109,173.990005493164,177.589996337891,51698500,177.589996337891,175.115501403809,184.408000488281,170.365500106812,171.99456481179,176.758688278881,50.7084841657616,-2.6952697564572,-2.9259843797858
"2024-08-16",177.039993286133,178.339996337891,176.259994506836,177.059997558594,31489200,177.059997558594,174.812001037598,184.323600463867,170.587250061035,172.773862157452,176.781007484786,50.0496656249593,-2.2667284140682,-2.79413318664228
"2024-08-19",177.639999389648,178.300003051758,176.160003662109,178.220001220703,31129800,178.220001220703,174.595500946045,184.188000488281,170.812900085449,173.611729705644,176.887599613372,51.5338666649534,-1.85195000378081,-2.60569655006998
"2024-08-20",177.919998168945,179.009994506836,177.429992675781,178.880004882812,26255200,178.880004882812,174.21900100708,184.079600524902,171.022300109863,174.422233579055,177.035185188886,52.4004862828798,-1.47595044851871,-2.37974732975973
"2024-08-21",179.919998168945,182.389999389648,178.889999389648,180.110000610352,35599100,180.110000610352,174.183000946045,183.940600585937,171.232500076294,175.297274660793,177.26294929418,54.0494928795997,-1.10890326558027,-2.12557851692384
"2024-08-22",181.380004882812,181.470001220703,175.679992675781,176.130004882812,32047500,176.130004882812,173.99700088501,183.718600769043,171.42015007019,175.425387002642,177.17902748593,48.2274205364094,-0.98975624156632,-1.89841406185234
"2024-08-23",177.339996337891,178.970001220703,175.240005493164,177.039993286133,29150100,177.039993286133,173.724000549316,183.521600646973,171.606650009155,175.673787969333,177.168728656316,49.5651090426644,-0.843794894460714,-1.68749022837401
"2024-08-26",176.699996948242,177.470001220703,174.300003051758,175.5,22366200,175.5,173.339000701904,183.355000610351,171.770599975586,175.647051358666,177.045119126218,47.3360829000391,-0.789667500833713,-1.50792568286595
"2024-08-27",174.149993896484,174.889999389648,172.25,173.119995117188,29842000,173.119995117188,172.90950012207,183.144200439453,171.925799942017,175.258273475362,176.754369199624,44.0397741510119,-0.846426445375115,-1.37562583536778
"2024-08-28",173.690002441406,173.690002441406,168.919998168945,170.800003051758,29045000,170.800003051758,172.100500488281,182.879000549316,172.076799926758,174.572385717884,176.313305040522,41.0396929860495,-0.987400991795728,-1.29798086665337
"2024-08-29",173.220001220703,174.289993286133,170.809997558594,172.119995117188,26407800,172.119995117188,171.50299987793,182.665200500488,172.219599914551,174.195094856239,176.002689490646,43.4021157686853,-1.02702671171568,-1.24379003566584
"2024-08-30",172.779998779297,178.899993896484,172.600006103516,178.5,43429400,178.5,172.033000183106,182.513200378418,172.399149932861,174.857387955279,176.187675454302,53.1691795951827,-0.75504004215533,-1.14604003696373
"2024-09-03",177.550003051758,178.259994506836,175.259994506836,176.25,37817500,176.25,172.794499969483,182.256600341797,172.551399917603,175.071635962159,176.192292087316,49.8987861711385,-0.636041515710473,-1.04404033271308
"2024-09-04",174.479995727539,175.979995727539,172.539993286133,173.330001831055,30309200,173.330001831055,173.364500427246,182.011800231934,172.702049942017,174.803692249682,175.980270586853,45.9487716521496,-0.668585366556906,-0.968949339481847
"2024-09-05",175,179.880004882812,175,177.889999389648,40170500,177.889999389648,174.120500183106,181.842800292969,172.87734992981,175.278508732753,176.121731979652,52.2991750647372,-0.478772969934393,-0.870914065572356
"2024-09-06",177.240005493164,178.380004882812,171.160003662109,171.389999389648,41466500,171.389999389648,174.4,181.398400268555,173.008399963379,174.680276526122,175.771233269282,44.3079894172372,-0.620668537660218,-0.820864959989929
"2024-09-09",174.529998779297,175.850006103516,173.509994506836,175.399993896484,29037400,175.399993896484,174.822999572754,180.949400024414,173.154749908447,174.791002275408,175.743734056482,49.4405472374224,-0.542114224548829,-0.765114812901709
"2024-09-10",177.490005493164,180.5,176.789993286133,179.550003051758,36233800,179.550003051758,175.460499572754,180.675400085449,173.332999954224,175.523156241,176.025679907984,54.1499981209632,-0.285483156347321,-0.669188481590831
"2024-09-11",180.100006103516,184.990005493164,175.729995727539,184.520004272461,42564700,184.520004272461,176.175,180.421800231934,173.522049942017,176.907286707379,176.654889120167,59.0673359114847,0.142876083684418,-0.506775568535782
"2024-09-12",184.800003051758,187.410003662109,183.539993286133,187,33544200,187,177.019999694824,180.161800231934,173.723349914551,178.460011829321,177.421193629784,61.2978496433796,0.585509644188287,-0.288318525990968
"2024-09-13",187,188.5,185.910003662109,186.490005493164,26495400,186.490005493164,177.465000152588,179.939800415039,173.917149963379,179.695395469912,178.092957471516,60.5669298902097,0.899776173716527,-0.050699586049469
"2024-09-16",185.289993286133,185.809997558594,183.360000610352,184.889999389648,26065500,184.889999389648,177.856500244141,179.637600402832,174.106449966431,180.494565303718,178.596442058044,58.2213638849559,1.06280014528854,0.172000360218134
"2024-09-17",186.850006103516,189.449996948242,186.139999389648,186.880004882812,26091700,186.880004882812,178.289500427246,179.389400634766,174.309249954224,181.476940623578,179.210039304324,60.2816187940515,1.26494103123607,0.39058849442172
"2024-09-18",186.449996948242,188.800003051758,185.059997558594,186.429992675781,34448100,186.429992675781,178.666999816894,179.131200561523,174.510949935913,182.238948631609,179.744850665172,59.5662635568585,1.38757686643449,0.589986168824275
"2024-09-19",190.039993286133,190.990005493164,188.470001220703,189.869995117188,39543200,189.869995117188,179.154999542236,178.932800598144,174.725149917603,183.412955783237,180.494861365322,63.164748076427,1.61671883390027,0.795332701839473
"2024-09-20",190.229995727539,191.839996337891,187.410003662109,191.600006103516,100378600,191.600006103516,179.928499603271,178.86380065918,174.958949966431,184.672501986357,181.317464679262,64.8585783229628,1.85036632462829,1.00633942639724
"2024-09-23",191.639999389648,194.449996948242,190.570007324219,193.880004882812,36993100,193.880004882812,180.770500183105,178.851600646973,175.193949966431,186.089040893504,182.248023212858,67.0115512550291,2.1075771429133,1.22658696970045
"2024-09-24",194.270004272461,195.369995117188,190.130004882812,193.960006713867,43478900,193.960006713867,181.693500518799,178.876400756836,175.441149978638,187.299958712021,183.115577546266,67.0877463228973,2.28510387910481,1.43829035158132
"2024-09-25",193.75,193.949996948242,192.160003662109,192.529998779297,26391100,192.529998779297,182.664000701904,178.866600646973,175.66939994812,188.104580260833,183.812942082046,64.2318741547816,2.33478564141087,1.61758940954723
"2024-09-26",194.309997558594,194.529998779297,189.539993286133,191.160003662109,36334900,191.160003662109,183.682000732422,178.931200866699,175.888099975586,188.574645399491,184.357168865755,61.5295076065321,2.28766614267499,1.75160475617278
"2024-09-27",190.679992675781,190.899993896484,187.339996337891,187.970001220703,36002300,187.970001220703,184.474501037598,179.015600891113,176.098499984741,188.481623218139,184.624786077232,55.6576537685844,2.08901373583341,1.81908655210491
"2024-09-30",187.139999389648,188.490005493164,184.649993896484,186.330001831055,41583900,186.330001831055,184.86600112915,179.079600830078,176.292750015259,188.150604543203,184.751098355293,52.8645095592983,1.84004653729959,1.82327854914385
"2024-10-01",184.899993896484,186.190002441406,183.449996948242,185.130004882812,36044900,185.130004882812,185.310001373291,179.131200866699,176.474200057983,187.685896903143,184.77916550548,50.8535164091898,1.57308395116473,1.77323962954802
"2024-10-02",184.440002441406,186.600006103516,184.039993286133,184.759994506836,23704100,184.759994506836,185.88150100708,179.098200683594,176.660900039673,187.235758072942,184.777745431506,50.2191586433268,1.33025361668706,1.68464242697583
"2024-10-03",183.050003051758,183.440002441406,180.880004882812,181.960006713867,30204300,181.960006713867,186.085001373291,179.12080078125,176.820850067139,186.424104017699,184.569024045014,45.5850847259656,1.00508738250276,1.54873141808122
"2024-10-04",185.75,187.600006103516,183.600006103516,186.509994506836,40890300,186.509994506836,186.84100112915,179.254000549316,176.983050003052,186.437317939105,184.712799634779,53.1505673373114,0.933621442442423,1.42570942295346
"2024-10-07",182.949996948242,183.600006103516,180.25,180.800003051758,42364200,180.800003051758,187.111001586914,179.220000610351,177.11810005188,185.570038725667,184.422962850852,44.743271566829,0.621981046765407,1.26496374771585
"2024-10-08",181.919998168945,183.089996337891,180.919998168945,182.720001220703,26372100,182.720001220703,187.269501495361,179.210400695801,177.271100082397,185.131571417211,184.296817544915,47.7368721782746,0.452939927784168,1.10255898372951
"2024-10-09",182.820007324219,185.850006103516,182.050003051758,185.169998168945,26343100,185.169998168945,187.302001190185,179.279600524902,177.427750091553,185.13748322517,184.361497591139,51.3581992191685,0.420904388481369,0.966228064679883
"2024-10-10",187.130004882812,188.130004882812,185.830001831055,186.649993896484,27785000,186.649993896484,187.28450088501,179.273000488281,177.59390007019,185.370177174603,184.531015835979,53.4562376448573,0.454753546346631,0.863933161013233
"2024-10-11",186.630004882812,189.929992675781,186.300003051758,188.820007324219,25751600,188.820007324219,187.401000976562,179.368000488281,177.770950088501,185.900920274544,184.848718909182,56.4240555132928,0.569222968690686,0.804991122548724
"2024-10-14",189.779998779297,189.830001831055,187.360000610352,187.539993286133,22614400,187.539993286133,187.533500671387,179.760800476074,177.941950073242,186.15308535325,185.048072566734,54.2275478643401,0.597149038727296,0.763422705784438
"2024-10-15",187.630004882812,188.410003662109,184.580001831055,187.690002441406,32178900,187.690002441406,187.574000549316,180.294200439453,178.113500061035,186.389534136043,185.243771075969,54.4513332940499,0.618516376242462,0.734441439876043
"2024-10-16",187.050003051758,187.779998779297,185.610000610352,186.889999389648,23456800,186.889999389648,187.59700088501,180.79340057373,178.288250045776,186.466528790444,185.365713914019,52.9641376827215,0.593861104721372,0.706325372845109
"2024-10-17",188.220001220703,188.940002441406,186,187.529998779297,25039400,187.529998779297,187.480001068115,181.288600463867,178.476250076294,186.63013955796,185.526031311447,54.0454732166341,0.59512308796108,0.684084915868303
"2024-10-18",187.149993896484,190.740005493164,186.279998779297,188.990005493164,37417700,188.990005493164,187.349501037598,181.752400512695,178.678850097656,186.993195855684,185.782621991575,56.5022094889998,0.651607696743484,0.677589472043339
"2024-10-21",188.050003051758,189.460006713867,186.399993896484,189.070007324219,24639400,189.070007324219,187.109001159668,182.195000610351,178.901350097656,187.312705312381,186.026132016215,56.6390010407755,0.6916089058145,0.680393358797571
"2024-10-22",188.350006103516,191.520004272461,186.979995727539,189.699996948242,29650600,189.699996948242,186.896000671387,182.653000488281,179.123650054932,187.679980948668,186.298270159328,57.7653655846006,0.741665925377544,0.692647872113566
"2024-10-23",188.850006103516,189.160003662109,183.690002441406,184.710006713867,31937100,184.710006713867,186.505001068115,182.942600708008,179.301700057983,187.223061835621,186.18062101522,47.2874169308087,0.559908337783588,0.66609996524757
"2024-10-24",185.25,187.110000610352,183.860000610352,186.380004882812,21647400,186.380004882812,186.26600112915,183.268200683594,179.476750106812,187.093360765958,186.195390190597,50.5220248147398,0.482273258452914,0.629334623888639
"2024-10-25",187.850006103516,190.449996948242,187.529998779297,187.830001831055,29362100,187.830001831055,186.259001159668,183.473000793457,179.647250137329,187.206690160589,186.316472534335,53.2069048860539,0.477798669191665,0.599027432949244
"2024-10-28",189.570007324219,190.210006713867,188.210006713867,188.389999389648,27930800,188.389999389648,186.362001037598,183.699600830078,179.813300170898,187.38873773429,186.47006711621,54.2396799767257,0.492663853393549,0.577754717038105
"2024-10-29",188.580001831055,191.460006713867,187.820007324219,190.830001831055,35690200,190.830001831055,186.64700088501,183.951800842285,179.994350204468,187.918162979946,186.793025243235,58.5340943533879,0.602344619262807,0.582672697483046
"2024-10-30",194.699996948242,195.610000610352,192.419998168945,192.729995727539,37707600,192.729995727539,187.045500946045,184.22880065918,180.192200164795,188.658444941114,187.232800834665,61.5592864942141,0.761428606576264,0.618423879301689
"2024-10-31",190.509994506836,190.600006103516,185.229995727539,186.399993896484,75146800,186.399993896484,187.267500305176,184.354600524902,180.365650100708,188.310990934248,187.171111431837,48.7885479352215,0.609003971655242,0.6165398977724
"2024-11-01",199,200.5,197.020004272461,197.929992675781,99687800,197.929992675781,187.838500213623,184.790600280762,180.587800064087,189.790837356022,187.968065598055,63.6008797640538,0.969724166798147,0.687176751577549
"2024-11-04",196.449996948242,197.330001831055,194.309997558594,195.779998779297,38492100,195.779998779297,188.5875,185.165400390625,180.790000076294,190.712246805757,188.546727315184,60.1095378629523,1.14853199597191,0.779447800456422
"2024-11-05",196.039993286133,199.820007324219,195.990005493164,199.5,30564800,199.5,189.426499938965,185.645400390625,181.013600082397,192.06420883564,189.358080847393,63.8111783639415,1.42910615493019,0.909379471351176
"2024-11-06",200.009994506836,207.550003051758,199.139999389648,207.089996337891,72292200,207.089996337891,190.522499847412,186.324800415039,181.268950042725,194.375868451371,190.671556068911,69.9402383346301,1.94277135973102,1.11605784902715
"2024-11-07",207.440002441406,212.25,207.190002441406,210.050003051758,52878400,210.050003051758,191.692500305176,187.109800415039,181.534850082397,196.787273774508,192.106996586159,71.936412497504,2.43628668997991,1.3801036172177
"2024-11-08",209.720001220703,209.960006713867,207.440002441406,208.179992675781,36075800,208.179992675781,192.660499572754,187.831000366211,181.787000045776,198.539999759319,193.297588889094,68.8267985900211,2.71209325494119,1.6465015447624
"2024-11-11",208.5,209.649993896484,205.589996337891,206.839996337891,35456000,206.839996337891,193.625499725342,188.397800292969,182.02560005188,199.816922309869,194.300730181597,66.6049796088425,2.83899711705433,1.88500065922078
"2024-11-12",208.369995117188,209.539993286133,206.009994506836,208.910003662109,38942900,208.910003662109,194.686499786377,189.051000366211,182.263850097656,201.215857902521,195.382898587561,68.3070098531611,2.9853991097105,2.10508034931873
"2024-11-13",209.399993896484,215.089996337891,209.139999389648,214.100006103516,46212900,214.100006103516,196.04700012207,189.86640045166,182.539350128174,203.198034548828,196.769350996151,72.1408483260597,3.26711630654466,2.33748754076391
"2024-11-14",214.160003662109,215.899993896484,210.880004882812,211.479995727539,42620300,211.479995727539,197.244499969482,190.538200378418,182.82075012207,204.472182422476,197.859028383661,67.6893032835208,3.34235647108889,2.53846132682891
"2024-11-15",206.759994506836,207.339996337891,199.610000610352,202.610000610352,86591100,202.610000610352,197.925499725342,191.162600402832,183.037400131226,204.185692912918,198.210952252305,55.2576943516817,3.01433426998945,2.63363591546102
"2024-11-18",204.149993896484,204.669998168945,200.949996948242,201.699996948242,36409900,201.699996948242,198.556999206543,191.688600463867,183.186850128174,203.803278149122,198.469400007559,54.1587384192707,2.687506558371,2.64441004404301
"2024-11-19",199.330001831055,205.300003051758,198.779998779297,204.610000610352,31197900,204.610000610352,199.302499389648,192.189800415039,183.358350143433,203.927389297003,198.92425931147,57.0971253851893,2.51509293177756,2.61854662158992
"2024-11-20",202.979995727539,203.130004882812,199.449996948242,202.880004882812,32769000,202.880004882812,200.210999298096,192.557000427246,183.527000198364,203.766253233282,199.21727750194,54.8463291910435,2.28342430354604,2.55152215798115
"2024-11-21",203.490005493164,203.490005493164,195.75,198.380004882812,58800000,198.380004882812,200.810999298096,192.784600524902,183.666250228882,202.937599640902,199.15525730793,49.3921203244405,1.89919281273272,2.42105628893146
"2024-11-22",198.25,199.259994506836,196.75,197.119995117188,31530800,197.119995117188,201.275498962402,192.997200317383,183.802650222778,202.04258356033,199.004497145653,47.9541289322827,1.52664209013018,2.24217344917121
"2024-11-25",199.279998779297,201.949996948242,199,201.449996948242,40685700,201.449996948242,201.928498840332,193.328400268555,183.937650222778,201.95141638924,199.185645279178,53.0163827691538,1.38853937299814,2.07144663393659
"2024-11-26",201.899993896484,208,201.789993286133,207.860000610352,41673700,207.860000610352,202.779998779297,193.748000183105,184.115250244141,202.860429346334,199.828190118524,59.3238167424696,1.51742315536725,1.96064193822272
"2024-11-27",206.979995727539,207.639999389648,205.050003051758,205.740005493164,28061600,205.740005493164,203.430499267578,194.134200439453,184.300750274658,203.303441061231,200.266102368498,56.6166696780016,1.51665142368655,1.87184383531549
"2024-11-29",205.830001831055,208.199996948242,204.589996337891,207.889999389648,24892400,207.889999389648,204.504999542236,194.494600524902,184.485300292969,204.009065419449,200.830835481175,58.676208469367,1.58254081384404,1.8139832310212
"2024-12-02",209.960006713867,212.990005493164,209.509994506836,210.710006713867,39523200,210.710006713867,205.144000244141,194.876800537109,184.689850311279,205.039979464744,201.562625942856,61.2731207646703,1.72519756855798,1.79622609852856
"2024-12-03",210.309997558594,214.020004272461,209.649993896484,213.440002441406,32214800,213.440002441406,206.027000427246,195.268000488281,184.909500350952,206.332290691923,202.442431609416,63.6543745420784,1.92146431535274,1.82127374189339
"2024-12-04",215.960006713867,220,215.75,218.160003662109,48745700,218.160003662109,206.960000610351,195.752000427246,185.164900360107,208.151938841182,203.606696205911,67.3880361949262,2.23236402336895,1.9034917981885
"2024-12-05",218.029998779297,222.149993896484,217.300003051758,220.550003051758,41140200,220.550003051758,207.633000946045,196.312400512695,185.424700393677,210.059333335117,204.86175597227,69.1179682272,2.53711452300065,2.03021634315093
"2024-12-06",220.75,227.149993896484,220.600006103516,227.029998779297,44178100,227.029998779297,208.482000732422,197.029800415039,185.686950378418,212.670204941914,206.50384803205,73.2596835444416,2.98607361006986,2.22138779653472
"2024-12-09",227.210006713867,230.080001831055,225.669998168945,226.089996337891,46819400,226.089996337891,209.377500915527,197.792200317383,185.942450332642,214.734788233603,207.954673832483,71.7562878997386,3.26038086866065,2.42918641095991
"2024-12-10",226.089996337891,229.059997558594,224.199996948242,225.039993286133,31199900,225.039993286133,210.287500762939,198.566400146484,186.194000320435,216.32020439553,209.220253051272,70.0275721752786,3.39352966106912,2.62205506098175
"2024-12-11",226.410003662109,231.199996948242,226.259994506836,230.259994506836,35385800,230.259994506836,211.355000305176,199.468999938965,186.477600326538,218.464787489577,210.778752418351,73.45180540609,3.64649424244232,2.82694289727386
"2024-12-12",229.830001831055,231.089996337891,227.630004882812,228.970001220703,28204100,228.970001220703,212.098500061035,200.353200073242,186.756650314331,220.080974217443,212.126252329636,71.2844131276285,3.74999407213668,3.01155313224643
"2024-12-13",228.399993896484,230.199996948242,225.860000610352,227.460006713867,28768100,227.460006713867,212.897500610351,201.263200073242,187.010150375366,221.216209986124,213.262085987727,68.7279414614371,3.72974125314249,3.15519075642564
"2024-12-16",230.229995727539,233,228.009994506836,232.929992675781,37552100,232.929992675781,214.413500213623,202.191600036621,187.283700332642,223.018330399917,214.71896796462,72.5661509727929,3.8652209043146,3.29719678600343
"2024-12-17",232.389999389648,232.729995727539,227.850006103516,231.149993896484,35948100,231.149993896484,215.886000061035,203.198599853516,187.551550292969,224.269355553235,215.93608099661,69.5736442469912,3.8591394815376,3.40958532511027
"2024-12-18",230.770004272461,231.399993896484,220.110000610352,220.520004272461,43281400,220.520004272461,216.681500244141,203.954599914551,187.783550338745,223.69253227927,216.275630868895,54.9895614082888,3.42937453497512,3.41354316708324
"2024-12-19",224.910003662109,226.089996337891,222.919998168945,223.289993286133,39918700,223.289993286133,217.701999664307,204.716999816894,188.032450332642,223.630603203403,216.795213270172,57.4902130083629,3.15292474871769,3.36141948341013
"2024-12-20",219.839996337891,226.210006713867,218.729995727539,224.919998168945,88279200,224.919998168945,219.028999328613,205.482399902344,188.272950286865,223.82897165964,217.3970491886,58.9359756376207,2.95860615176073,3.28085681708025
"2024-12-23",225.009994506836,226.880004882812,223.899993896484,225.059997558594,28070000,225.059997558594,220.425999450684,206.207199707031,188.521500244141,224.018360259479,217.964674993784,59.0647494162523,2.77736989531316,3.18015943272683
"2024-12-24",226.940002441406,229.139999389648,226.130004882812,229.050003051758,15007500,229.050003051758,221.805999755859,207.037399902344,188.80695022583,224.792459150599,218.785810405486,62.6588154783064,2.7454471265665,3.09321697149477
"2024-12-26",228.5,228.5,226.669998168945,227.050003051758,16146700,227.050003051758,222.76549987793,207.824599914551,189.065250244141,225.139773596931,219.397972823729,59.8234986473009,2.61707102363047,2.99798778192191
"2024-12-27",225.600006103516,226.029998779297,220.899993896484,223.75,27367100,223.75,223.665999603271,208.561799926758,189.301200256348,224.925962274326,219.720345207156,55.3713129884157,2.369201205406,2.87223046661873
"2024-12-30",220.059997558594,223,218.429992675781,221.300003051758,28321200,221.300003051758,224.336499786377,209.237200012207,189.513950271606,224.368122393931,219.837356899349,52.2616017741554,2.06096250359156,2.70997687401329
"2024-12-31",222.970001220703,223.229995727539,218.940002441406,219.389999389648,24819700,219.389999389648,224.770499420166,209.845199890137,189.73880027771,223.602257316349,219.804219306038,49.9083841768619,1.72791860970758,2.51356522115215
"2025-01-02",222.029998779297,225.149993896484,218.190002441406,220.220001220703,33956600,220.220001220703,225.109499359131,210.468199768066,189.967500305176,223.081910224711,219.835017966383,50.9421389171169,1.47696772259664,2.30624572144105
"2025-01-03",222.509994506836,225.360000610352,221.619995117188,224.190002441406,27515600,224.190002441406,225.410999298096,211.15799987793,190.2089503479,223.252385950357,220.157609408977,55.6560670294256,1.40570955039307,2.12613848723145
"2025-01-06",226.779998779297,228.839996337891,224.839996337891,227.610000610352,31849800,227.610000610352,225.763999176025,212.015999755859,190.45625038147,223.92278820574,220.709638386857,59.2855352068834,1.45582668811746,1.99207612740865
"2025-01-07",227.899993896484,228.380004882812,221.460006713867,222.110000610352,28084200,222.110000610352,225.517999267578,212.73059967041,190.676050415039,223.64389780645,220.813368921931,51.9250386835,1.28186481567605,1.85003386506213
"2025-01-08",223.190002441406,223.520004272461,220.199996948242,222.130004882812,25033300,222.130004882812,225.319999694824,213.416599731445,190.892350463867,223.410991202813,220.910897511626,51.9484061118603,1.13172039919673,1.70637117188905
"2025-01-10",221.460006713867,221.710006713867,216.5,218.940002441406,36811500,218.940002441406,225.015000152588,214.02759979248,191.088500442505,222.723146777981,220.764905284202,47.9462029258171,0.887025721438151,1.54250208179887
"2025-01-13",218.059997558594,219.399993896484,216.470001220703,218.460006713867,27262700,218.460006713867,224.425000762939,214.580199890137,191.289300460815,222.06727907581,220.59417205677,47.3550171929815,0.667790542834967,1.36755977400609
"2025-01-14",220.440002441406,221.820007324219,216.199996948242,217.759994506836,24711700,217.759994506836,223.864500427246,215.080799865723,191.478950424194,221.404619911352,220.384232978997,46.4553977492126,0.46300359992304,1.18664853918948
"2025-01-15",222.830001831055,223.570007324219,220.75,223.350006103516,31291300,223.350006103516,223.659000396728,215.819800109863,191.693800430298,221.703910094762,220.603919877109,53.9747550530846,0.498626777921962,1.04904418693598
"2025-01-16",224.419998168945,224.649993896484,220.309997558594,220.660003662109,24757300,220.660003662109,223.045500946045,216.27440032959,191.892250442505,221.543309105123,220.608074231554,50.3131524864811,0.423935015446331,0.924022352638048
"2025-01-17",225.839996337891,226.509994506836,223.080001831055,225.940002441406,42370100,225.940002441406,222.785001373291,216.877600402832,192.118500442505,222.219723464551,221.003031876728,56.54461462678,0.550531627322615,0.849324207574962
"2025-01-21",228.899993896484,231.779998779297,226.940002441406,230.710006713867,39951500,230.710006713867,223.294501495361,217.501800537109,192.360000457764,223.525920887523,221.722067049849,61.2702755255554,0.813565317009224,0.842172429461814
"2025-01-22",232.020004272461,235.440002441406,231.190002441406,235.009994506836,41448200,235.009994506836,223.880501556396,218.060200500488,192.635050430298,225.29270144434,222.706357972589,64.9686351945664,1.16132448812687,0.906002841194825
"2025-01-23",234.100006103516,235.520004272461,231.509994506836,235.419998168945,26404400,235.419998168945,224.405501556396,218.567600402832,192.886800384521,226.85074709428,223.648109098245,65.3087999055244,1.43199869158182,1.01120201127222
"2025-01-24",234.5,236.399993896484,232.929992675781,234.850006103516,25890700,234.850006103516,224.895001983642,219.101000671387,193.135100402832,228.08140232647,224.477879246784,64.3729602618075,1.60529094972623,1.13001979896303
"2025-01-27",226.210006713867,235.610000610352,225.860000610352,235.419998168945,49428300,235.419998168945,225.213501739502,219.672600708008,193.383850402832,229.210417071466,225.288406574351,64.9143916506119,1.74088429882002,1.25219269893442
"2025-01-28",234.289993286133,241.770004272461,233.979995727539,238.149993896484,41587200,238.149993896484,225.768501281738,220.257400512695,193.644850387573,230.585736583007,226.241116746361,67.4647199040745,1.92034935962451,1.38582403107244
"2025-01-29",239.020004272461,240.389999389648,236.149993896484,237.070007324219,26091700,237.070007324219,226.434501647949,220.716800537109,193.884950408936,231.58331669704,227.043256789165,65.4382515333575,1.99964534163213,1.50858829318438
"2025-01-30",237.139999389648,237.949996948242,232.220001220703,234.639999389648,32020700,234.639999389648,227.101501464844,221.180000610351,194.12750038147,232.053575572826,227.605978463275,60.9985227099469,1.95407745419487,1.59768612538648
"2025-01-31",236.5,240.289993286133,236.410003662109,237.679992675781,36110200,237.679992675781,228.01600112915,221.88140045166,194.397800369263,232.91917820405,228.352201738276,64.2649208676363,1.99997041018607,1.6781429823464
"2025-02-03",234.059997558594,239.25,232.899993896484,237.419998168945,37285900,237.419998168945,228.876000976562,222.595800476074,194.668300323486,233.611612044803,229.02389036277,63.7729933714339,2.00316293412279,1.74314697270168
"2025-02-04",239.009994506836,242.520004272461,238.029998779297,242.059997558594,29713800,242.059997558594,229.769500732422,223.344800415039,194.972200317383,234.911363662309,229.989527932831,68.4191082558458,2.14002601497394,1.82252278115613
"2025-02-05",237.020004272461,238.320007324219,235.199996948242,236.169998168945,38727300,236.169998168945,230.197500610351,224.010600280762,195.256950302124,235.104999740253,230.447340542913,58.213013713087,2.02113818556844,1.86224586203859
"2025-02-06",238.009994506836,239.660003662109,236.009994506836,238.830001831055,60897100,238.830001831055,231.033500671387,224.819600219726,195.577950286865,235.678076984992,231.068278416109,61.0395696899516,1.99499412056097,1.88879551374307
"2025-02-07",232.5,234.809997558594,228.059997558594,229.149993896484,77539300,229.149993896484,231.38450012207,225.460200195312,195.83755027771,234.673756509837,230.926183266507,48.2491599210058,1.62284466417766,1.83560534382998
"2025-02-10",230.550003051758,233.919998168945,229.199996948242,233.139999389648,35419900,233.139999389648,232.094499969482,226.094000244141,196.105550308228,234.437793875962,231.090169645999,52.6531520155071,1.44862251608999,1.75820877828199
"2025-02-11",231.919998168945,233.440002441406,230.130004882812,232.759994506836,23713700,232.759994506836,232.809499359131,226.59200012207,196.386400299072,234.179670896096,231.213860376431,52.1975562651413,1.28271311885721,1.66310964639703
"2025-02-12",230.460006713867,231.179992675781,228.160003662109,228.929992675781,32285200,228.929992675781,233.367999267578,227.055799865723,196.662700271606,233.372028092971,231.044684991198,47.7161419275132,1.0073129801109,1.5319503131398
"2025-02-13",228.850006103516,230.419998168945,227.520004272461,230.369995117188,31346500,230.369995117188,233.718998718262,227.505399780273,196.916450271606,232.910176865927,230.994707963494,49.4726118122308,0.829226314022868,1.39140551331642
"2025-02-14",229.199996948242,229.889999389648,227.229995727539,228.679992675781,27031100,228.679992675781,234.119998168945,227.864799499512,197.155050201416,232.259379298212,230.823247571811,47.4575552999762,0.622178113127192,1.23756003327857
"2025-02-18",228.820007324219,229.300003051758,223.720001220703,226.649993896484,42975100,226.649993896484,234.155497741699,228.128999328613,197.413300170898,231.396396928716,230.514117669935,45.0822413488854,0.382744131985824,1.06659685302002
"2025-02-19",225.520004272461,226.830001831055,223.710006713867,226.630004882812,28566700,226.630004882812,233.951497650146,228.298399353027,197.651450195312,230.663105844731,230.22640561163,45.0583263158795,0.189682947940173,0.891214072004053
"2025-02-20",224.779998779297,225.130004882812,221.809997558594,222.880004882812,30001700,222.880004882812,233.344998168945,228.344999389648,197.842250213623,229.465705696743,229.682227779865,40.6966926414812,-0.0942702816910446,0.694117201265033
"2025-02-21",223.279998779297,223.309997558594,214.740005493164,216.580001831055,55323900,216.580001831055,232.402998352051,228.135999450684,197.994100189209,227.483289717406,228.711692524398,34.631559302409,-0.537096636133061,0.447874433785415
"2025-02-24",217.449996948242,217.720001220703,212.419998168945,212.710006713867,42387600,212.710006713867,231.295998382568,227.868399658203,198.114150238037,225.210476947631,227.526382464359,31.5236256499965,-1.01786240858917,0.154727065310499
"2025-02-25",211.630004882812,213.339996337891,204.160003662109,212.800003051758,58958000,212.800003051758,230.164998626709,227.623599853516,198.234350280762,223.301173271343,226.435539544907,31.6771808664316,-1.38422010955669,-0.153062369662939
"2025-02-26",214.940002441406,218.160003662109,213.089996337891,214.350006103516,39120600,214.350006103516,228.97499923706,227.305400085449,198.366100311279,221.924070630139,225.540314845544,34.4054304793721,-1.60336932130388,-0.443123759991128
"2025-02-27",218.350006103516,219.970001220703,208.369995117188,208.740005493164,40548600,208.740005493164,227.558499145508,226.900800170898,198.462300338745,219.895752916758,224.295847486109,29.7716425027014,-1.96173697313916,-0.746846402620734
"2025-02-28",208.649993896484,212.619995117188,206.990005493164,212.279998779297,51771700,212.279998779297,226.44049911499,226.597200012207,198.586300354004,218.724098434072,223.405784618938,35.6602517016194,-2.09559756603949,-1.01659663530448
"2025-03-03",213.350006103516,214.009994506836,202.550003051758,205.020004272461,42948400,205.020004272461,224.807499694824,226.039000244141,198.678550338745,216.615776255362,222.043874963643,30.0882018544884,-2.4446063685249,-1.30219858194857
"2025-03-04",200.110000610352,206.800003051758,197.429992675781,203.800003051758,60853100,203.800003051758,223.126499938965,225.492000427246,198.762200317383,214.644118839423,220.692477044244,29.2607834157981,-2.74062726823642,-1.58988431920614
"2025-03-05",204.800003051758,209.979995727539,203.259994506836,208.360000610352,38610100,208.360000610352,221.441500091553,225.248800354004,198.874050292969,213.677331419566,219.778960271363,36.3107071075336,-2.77625703764518,-1.82715886289395
"2025-03-06",204.399993896484,205.770004272461,198.300003051758,200.699996948242,49863800,200.699996948242,219.668000030517,224.797000427246,198.959400253296,211.680818423978,218.36570372891,30.7642078653581,-3.06132565269085,-2.07399222085333
"2025-03-07",199.490005493164,202.270004272461,192.529998779297,199.25,59802800,199.25,217.688999938965,224.283600463867,199.032150268555,209.768384820289,216.949725674917,29.8351655446938,-3.31014055550746,-2.32122188778415
"2025-03-10",195.600006103516,196.729995727539,190.850006103516,194.539993286133,62350900,194.539993286133,215.958499908447,223.673200378418,199.087150268555,207.425555353496,215.28974549797,26.9845178639086,-3.65284009523252,-2.58754552927383
"2025-03-11",193.899993896484,200.179992675781,193.399993896484,196.589996337891,54002900,196.589996337891,214.130999755859,223.024000244141,199.154350280762,205.758546274172,213.904578893519,30.1143480772271,-3.80825537325336,-2.83168749806973
"2025-03-12",200.720001220703,201.520004272461,195.289993286133,198.889999389648,43679300,198.889999389648,212.4375,222.460800170898,199.233150253296,204.701846753476,212.792387819158,33.555647660779,-3.80208199578939,-3.02576639761366
"2025-03-13",198.169998168945,198.880004882812,191.820007324219,193.889999389648,41270800,193.889999389648,210.685500335693,221.863600158691,199.297350234985,203.038485620579,211.392210898454,30.0871472655875,-3.95176588691224,-3.21096629547338
"2025-03-14",197.410003662109,198.649993896484,195.320007324219,197.949996948242,38096700,197.949996948242,209.064500427246,221.396600036621,199.383350219727,202.25564120945,210.396491346586,35.8826625268818,-3.86928987505096,-3.3426310113889
"2025-03-17",198.770004272461,199,194.320007324219,195.740005493164,47341800,195.740005493164,207.417501068115,220.923600158691,199.45130027771,201.253235714637,209.310825727814,34.2197793465328,-3.84958111228094,-3.44402103156731
"2025-03-18",192.520004272461,194,189.380004882812,192.820007324219,40414900,192.820007324219,205.726001739502,220.375600280762,199.505300292969,199.955815962265,208.089283623844,32.1028912743668,-3.90864321311317,-3.53694546787648
"2025-03-19",193.380004882812,195.970001220703,191.960006713867,195.539993286133,39442900,195.539993286133,204.171501159668,219.802600097656,199.586400222778,199.276458627476,207.159706561792,36.0701725292959,-3.80539636068882,-3.59063564643895
"2025-03-20",193.070007324219,199.320007324219,192.300003051758,194.949996948242,38921100,194.949996948242,202.775000762939,219.149400024414,199.678950195312,198.610849138363,206.255283627455,35.5844709017525,-3.70629753315775,-3.61376802378271
"2025-03-21",192.899993896484,196.990005493164,192.520004272461,196.210006713867,60056900,196.210006713867,201.75650100708,218.631400146484,199.768300247192,198.241488765363,205.511189041263,37.5194464709126,-3.53737444166115,-3.5984893073584
"2025-03-24",200,203.639999389648,199.949996948242,203.259994506836,41625400,203.259994506836,201.284000396728,218.253999938965,199.887900238037,199.013566571744,205.344433890565,47.0953150560155,-3.08304793018878,-3.49540103192447
"2025-03-25",203.600006103516,206.210006713867,203.220001220703,205.710006713867,31171200,205.710006713867,200.929500579834,217.989400024414,200.01005027771,200.04378813207,205.371513358957,49.9652347349768,-2.59418900885976,-3.31515862731153
"2025-03-26",205.839996337891,206.009994506836,199.929992675781,201.130004882812,32855300,201.130004882812,200.268500518799,217.642799987793,200.090700302124,200.210898401415,205.05732754591,45.0458327035867,-2.36345084689027,-3.12481707122728
"2025-03-27",200.889999389648,203.789993286133,199.279998779297,201.360000610352,27317700,201.360000610352,199.899500274658,217.314800109863,200.176000289917,200.387683356636,204.783451476609,45.3368893534964,-2.14654460029691,-2.9291625770412
"2025-03-28",198.419998168945,199.259994506836,191.880004882812,192.720001220703,52548200,192.720001220703,198.921500396728,216.702200012207,200.204300308228,199.208039951108,203.889862568764,37.3368337216689,-2.29625080848591,-2.80258022333015
"2025-03-31",188.190002441406,191.330001831055,184.399993896484,190.259994506836,63547600,190.259994506836,198.183499908447,216.094199829101,200.219450302124,197.831417575066,202.880242712325,35.4203656341279,-2.48857408181327,-2.73977899502677
"2025-04-01",187.860000610352,193.929992675781,187.199996948242,192.169998168945,41267300,192.169998168945,197.601999664306,215.418799743652,200.245850296021,196.960429974125,202.086891264667,38.0779791184978,-2.53676092420499,-2.69917538086241
"2025-04-02",187.660003662109,198.339996337891,187.660003662109,196.009994506836,53679200,196.009994506836,196.984499359131,214.724799499512,200.306750259399,196.814209133003,201.636750764087,43.1438592360219,-2.39169774994354,-2.63767985467864
"2025-04-03",183,184.130004882812,176.919998168945,178.410003662109,95553600,178.410003662109,195.869999694824,213.592799682617,200.280500259399,193.982792906712,199.916250978755,30.733423252667,-2.96797185971348,-2.70373825568561
"2025-04-04",167.149993896484,178.139999389648,166,171,123159400,171,194.457499694824,212.304399719238,200.215200271606,190.446978613372,197.774306461811,27.1875097132936,-3.70489371421657,-2.9039693473918
"2025-04-07",162,183.410003662109,161.380004882812,175.259994506836,109327100,175.259994506836,193.493499755859,211.112599487305,200.177450256348,188.110519520058,196.106579650331,32.0418900145971,-4.07740532955603,-3.13865654382465
"2025-04-08",185.229995727539,185.899993896484,168.570007324219,170.660003662109,87710400,170.660003662109,192.19700012207,209.817399597168,200.100250244141,185.425824772682,194.221648095648,29.7364706069267,-4.52875537264243,-3.4166763095882
"2025-04-09",172.119995117188,192.649993896484,169.929992675781,191.100006103516,116804300,191.100006103516,191.807500457763,208.876399841309,200.110350265503,186.298775746656,193.99041535549,47.7323616907025,-3.96495857526716,-3.526332762724
"2025-04-10",185.440002441406,186.869995117188,175.850006103516,181.220001220703,68302000,181.220001220703,191.174000549316,207.759399719238,200.088600234985,185.517425819586,193.044458752913,42.1171826712273,-3.89911887756436,-3.60088998569207
"2025-04-11",179.929992675781,185.860000610352,178,184.869995117188,50594300,184.869995117188,190.520000457764,206.763999633789,200.081250228882,185.41782109614,192.438942928045,44.7051286026409,-3.64849324418157,-3.61041063738997
"2025-04-14",186.839996337891,187.440002441406,179.229995727539,182.119995117188,48002500,182.119995117188,189.838999938965,205.652799682617,200.023800201416,184.910463253225,191.674576423537,43.1401360103463,-3.52895688960104,-3.59411988783218
"2025-04-15",181.410003662109,182.350006103516,177.929992675781,179.589996337891,43642000,179.589996337891,189.177499389648,204.496199645996,199.932500152588,184.091929881635,190.779422343119,41.6940268390016,-3.50535313470867,-3.57636653720748
"2025-04-16",176.289993286133,179.100006103516,171.410003662109,174.330001831055,51875300,174.330001831055,188.116999816894,203.141599731445,199.837900161743,182.59009479693,189.560946749632,38.7832218081561,-3.67736713296171,-3.59656665635833
"2025-04-17",176,176.210006713867,172,172.610000610352,44726500,172.610000610352,187,201.870399780273,199.714950180054,181.054695691303,188.305321109686,37.8526210958383,-3.85046231070619,-3.6473457872279
"2025-04-21",169.600006103516,169.600006103516,165.289993286133,167.320007324219,48126100,167.320007324219,185.555500030517,200.440199890137,199.551550216675,178.941666711752,186.750853421873,35.0657690429156,-4.1816069736938,-3.75419802452108
"2025-04-22",169.850006103516,176.779998779297,169.350006103516,173.179992675781,56607200,173.179992675781,184.051499938965,199.320799865723,199.429500198364,178.055255321602,185.745604477718,40.308488571944,-4.14025902671553,-3.83141022495997
"2025-04-23",183.449996948242,187.380004882812,180.190002441406,180.600006103516,63470100,180.600006103516,182.795999908447,198.27,199.332500228882,178.446755441897,185.364449042592,46.2285659917743,-3.73194193192138,-3.81151656635225
"2025-04-24",180.919998168945,186.740005493164,180.179992675781,186.539993286133,43763200,186.539993286133,182.066499328613,197.345599975586,199.268750228882,179.691868956395,185.451526393966,50.464029880371,-3.10574819715178,-3.67036289251216
"2025-04-25",187.619995117188,189.940002441406,185.490005493164,188.990005493164,36414300,188.990005493164,181.447999572754,196.546800231934,199.217000274658,181.122351500513,185.713635956869,52.1385957115858,-2.47223874149044,-3.43073806230781
"2025-04-28",190.110000610352,190.220001220703,184.889999389648,187.699996948242,33224700,187.699996948242,181.196999359131,195.693400268555,199.156550292969,182.13429695401,185.860773808082,51.1579686669179,-2.00498296532446,-3.14558704291114
"2025-04-29",183.990005493164,188.020004272461,183.679992675781,187.389999389648,41667300,187.389999389648,181.053499603271,194.867600402832,199.118250274658,182.942866559493,185.974049777087,50.9101697228576,-1.62989579526154,-2.84244879338122
"2025-04-30",182.169998168945,185.050003051758,178.850006103516,184.419998168945,55176500,184.419998168945,180.665999603271,194.023000488281,199.067900238037,183.170117576331,185.85893484315,48.4869432581441,-1.44669787819895,-2.56329861034477
"2025-05-01",190.630004882812,191.809997558594,187.5,190.199996948242,74266000,190.199996948242,180.375499725342,193.29440032959,199.055300216675,184.251637479702,186.180494999083,53.1596193457024,-1.03601481959233,-2.25784185219428
"2025-05-02",191.440002441406,192.880004882812,186.399993896484,189.979995727539,77903500,189.979995727539,180.953999328613,192.636400146484,199.04010017395,185.132923363985,186.461939497487,52.9626945268738,-0.712754644236835,-1.94882441060279
"2025-05-05",186.509994506836,188.179992675781,185.529998779297,186.350006103516,35217500,186.350006103516,181.721499633789,192.031800231934,199.032200241089,185.320166862374,186.453648134971,49.6917875839174,-0.607915846074569,-1.68064269769715
"2025-05-06",184.570007324219,187.929992675781,183.850006103516,185.009994506836,29314100,185.009994506836,182.208999633789,191.477799987793,199.038500213623,185.272448038445,186.346710829183,48.5009936616716,-0.576486049019964,-1.45981136796171
"2025-05-07",185.559997558594,190.990005493164,185.009994506836,188.710006713867,43948600,188.710006713867,183.111499786377,190.996000061035,199.066400222778,185.801303219279,186.521769783604,51.9265901184136,-0.386264061916541,-1.24510190675268
"2025-05-08",191.429992675781,194.330001831055,188.820007324219,192.080001831055,41043600,192.080001831055,183.160499572754,190.550599975586,199.114050216675,186.76725685186,186.933490676008,54.8710355967767,-0.0889267212346612,-1.01386686964907
"2025-05-09",193.380004882812,194.690002441406,191.160003662109,193.059997558594,29663100,193.059997558594,183.752499389648,190.236999816894,199.147300186157,187.735370806742,187.387306000644,55.7203766206034,0.185746203159165,-0.773944255087426
"2025-05-12",210.710006713867,211.660003662109,205.75,208.639999389648,75205000,208.639999389648,184.940999603271,190.164199829101,199.28635017395,190.951467511805,188.961579585015,66.5111951275139,1.05306482469094,-0.408542439131753
"2025-05-13",211.080001831055,214.839996337891,210.100006103516,211.369995117188,56193700,211.369995117188,186.403499603271,190.291199645996,199.443950119019,194.092779451094,190.621462217027,67.9835185405716,1.82105267355197,0.0373765834049917
"2025-05-14",211.449996948242,211.929992675781,208.850006103516,210.25,38492100,210.25,187.936499786377,190.420199584961,199.582700119019,196.578505689388,192.075427978729,66.68815661561,2.34443195469918,0.498787657663829
"2025-05-15",206.449996948242,206.880004882812,202.669998168945,205.169998168945,64347300,205.169998168945,189.478499603271,190.356399536133,199.692550125122,197.900273763166,193.045396140967,61.0098376814869,2.51488909823738,0.90200794577854
"2025-05-16",206.850006103516,206.850006103516,204.369995117188,205.589996337891,43318500,205.589996337891,191.127499389648,190.454199523926,199.811950073242,199.083308005431,193.974625785184,61.3032067069588,2.63368582337404,1.24834352129764
"2025-05-19",201.649993896484,206.619995117188,201.259994506836,206.160003662109,34314800,206.160003662109,193.069499206543,190.592399597168,199.907850112915,200.172030414151,194.87724636866,61.7241290882553,2.71698422681657,1.54207166240143
"2025-05-20",204.630004882812,205.589996337891,202.649993896484,204.070007324219,29470400,204.070007324219,194.613999938965,190.78299987793,200.007850112915,200.771719169546,195.558191624627,59.1821748143428,2.66597246661293,1.76685182324373
"2025-05-21",201.610000610352,203.460006713867,200.059997558594,201.119995117188,42460900,201.119995117188,195.639999389648,190.873599853516,200.173950119019,200.825300084568,195.970177068521,55.6956178857961,2.47748054763948,1.90897756812288
"2025-05-22",201.380004882812,205.759994506836,200.160003662109,203.100006103516,38938900,203.100006103516,196.468000030517,190.957799987793,200.384350128174,201.175254856714,196.498312552594,57.5051672491653,2.38014374951314,2.00321080440093
"2025-05-23",198.899993896484,202.369995117188,197.850006103516,200.990005493164,33393500,200.990005493164,197.068000030517,191.099800109863,200.579650192261,201.146754954629,196.831030548192,54.9304101918758,2.19260367352514,2.04108937822577
"2025-05-27",203.089996337891,206.690002441406,202.190002441406,206.020004272461,34892000,206.020004272461,197.984000396728,191.261200256348,200.795900192261,201.896485618911,197.511695268508,59.5769383408108,2.22001555120155,2.07687461282093
"2025-05-28",205.919998168945,207.660003662109,204.410003662109,204.720001220703,28549800,204.720001220703,198.850500488281,191.440800170898,200.990500183105,202.330872634571,198.04564385756,57.9150658571402,2.16375815874728,2.0942513220062
"2025-05-29",208.029998779297,208.809997558594,204.229995727539,205.699996948242,34650000,205.699996948242,199.914500427246,191.698399963379,201.18430015564,202.849199452059,198.612632975388,58.8470006022776,2.13308006303707,2.10201707021237
"2025-05-30",204.839996337891,205.990005493164,201.699996948242,205.009994506836,51679400,205.009994506836,200.655000305176,191.887799987793,201.375350112915,203.181629460486,199.086511607347,57.875232303048,2.05695394433141,2.09300444503618
"2025-06-02",204.979995727539,207,202.679992675781,206.649993896484,29113300,206.649993896484,201.488500213623,192.121799926758,201.55745010376,203.715223989101,199.646769554691,59.5835713701709,2.03782632871312,2.08196882177157
"2025-06-03",207.110000610352,208.949996948242,205.029998779297,205.710006713867,33139100,205.710006713867,202.45650024414,192.311799926758,201.735500106812,204.022113639065,200.095898233148,58.1284859353073,1.96216686128288,2.05800842967383
"2025-06-04",206.550003051758,208.179992675781,205.179992675781,207.229995727539,29915600,207.229995727539,203.567500305176,192.391199951172,201.88370010376,204.515633960369,200.624349899399,59.8365198905725,1.93958712535185,2.03432416880943
"2025-06-05",209.550003051758,212.809997558594,207.559997558594,207.910003662109,51864200,207.910003662109,204.527500152588,192.435199890137,202.037950134277,205.037844683714,201.164027955896,60.6106515808965,1.92570051772205,2.01259943859196
"2025-06-06",212.399993896484,213.869995117188,210.5,213.570007324219,39832500,213.570007324219,205.602000427246,192.683999938965,202.214700164795,206.350485089945,202.082989390587,66.4134367428853,2.11175404334012,2.03243035954159
"2025-06-09",214.75,217.850006103516,212.880004882812,216.979995727539,38102500,216.979995727539,206.798000335693,192.996399841309,202.405200119019,207.985794418806,203.186471341472,69.3436486770522,2.36202885243668,2.09835005812061
"2025-06-10",216.779998779297,217.690002441406,214.149993896484,217.610000610352,31303300,217.610000610352,207.246500396728,193.494199829101,202.592700119019,209.466441525197,204.254880916945,69.866713676947,2.55149868872502,2.18897978424149
"2025-06-11",217.410003662109,218.399993896484,212.889999389648,213.199996948242,39326000,213.199996948242,207.338000488281,193.95299987793,202.778050079346,210.040834667204,204.917482104448,61.9044462912558,2.50020276949561,2.25122438129231
"2025-06-12",211.779998779297,213.580001831055,211.330001831055,213.240005493164,27640000,213.240005493164,207.487500762939,194.374400024414,202.959050140381,210.533014794275,205.533965318427,61.9468160442868,2.43222548064159,2.28742460116217
"2025-06-13",209.960006713867,214.050003051758,209.619995117188,212.100006103516,29337800,212.100006103516,207.834001159668,194.696200256348,203.142050170898,210.774090380312,206.020338709915,59.9024312728594,2.30741862680379,2.29142340629049
"2025-06-16",212.309997558594,217.059997558594,211.600006103516,216.100006103516,33284200,216.100006103516,208.359501647949,195.450000305176,203.35695022583,211.593462030036,206.766980739071,64.3483665541232,2.33426114445985,2.29999095392437
"2025-06-17",215.199996948242,217.410003662109,214.559997558594,214.820007324219,32086300,214.820007324219,208.792501831054,196.32640045166,203.577050247192,212.089853613756,207.36350122686,61.9800945666596,2.27925954130468,2.29584467140043
"2025-06-18",215.089996337891,217.960006713867,212.339996337891,212.520004272461,44360500,212.520004272461,209.215001678467,197.071600646973,203.779050292969,212.156030638172,207.745464415423,57.8593903290089,2.12306258293562,2.26128825370747
"2025-06-20",214.679992675781,214.889999389648,208.270004272461,209.690002441406,75350700,209.690002441406,209.643502044678,197.852200622559,203.935000305176,211.776641684824,207.889504269199,53.174835241776,1.86980936305037,2.18299247557605
"2025-06-23",209.789993286133,210.389999389648,207.309997558594,208.470001220703,37311700,208.470001220703,209.912001800537,198.199600524902,204.096100311279,211.267927767267,207.932504043385,51.2484913743692,1.60408962476886,2.06721190541461
"2025-06-24",212.139999389648,214.339996337891,211.050003051758,212.770004272461,38378800,212.770004272461,210.501001739502,198.830600585937,204.293300323486,211.499016460374,208.290837393687,57.1417473394921,1.54024013097762,1.96181755052721
"2025-06-25",214.619995117188,216.029998779297,211.110000610352,211.990005493164,31755700,211.990005493164,210.799501800537,199.373000793457,204.463800354004,211.574553234649,208.5648498455,55.8235081659586,1.44305399082287,1.85806483858634
"2025-06-26",213.119995117188,218.039993286133,212.009994506836,217.119995117188,50480800,217.119995117188,211.419501495361,200.073000793457,204.692450332642,212.427698139655,209.198564310069,62.0280638388219,1.54357360923356,1.79516659271579
"2025-06-27",219.919998168945,223.300003051758,216.740005493164,223.300003051758,119217100,223.300003051758,212.299501800537,200.947200927734,204.931950378418,214.100360433825,210.243115327972,67.8806001006358,1.83465941314436,1.8030651568015
"2025-06-30",223.520004272461,223.820007324219,219.119995117188,219.389999389648,58887800,219.389999389648,213.018502044678,201.848400878906,205.131150360107,214.914151042413,210.920662295504,61.4295351437467,1.89336061410346,1.82112424826189
"2025-07-01",219.5,221.880004882812,217.929992675781,220.460006713867,39256800,220.460006713867,213.709002685547,202.805401000977,205.310850372314,215.767359607252,211.627280400568,62.480379623239,1.95630695572329,1.84816078975417
"2025-07-02",219.729995727539,221.600006103516,219.059997558594,219.919998168945,30894200,219.919998168945,214.419502258301,203.857400817871,205.475450363159,216.406227078282,212.241555790818,61.5687002594919,1.96223179383801,1.87097499057094
"2025-07-03",221.820007324219,224.009994506836,221.360000610352,223.410003662109,29632400,223.410003662109,215.228502655029,204.862001037598,205.660050354004,217.483731168101,213.068848225728,65.1118282315481,2.07204524694096,1.91118904184494
"2025-07-07",223,224.289993286133,222.369995117188,223.470001220703,36604100,223.470001220703,216.006502532959,205.719400939941,205.852950363159,218.404695791578,213.839304003134,65.1712754430914,2.13496382703238,1.95594399888243
"2025-07-08",223.919998168945,224,218.429992675781,219.360000610352,45692000,219.360000610352,216.296002197265,206.375801086426,206.015350341797,218.551665763697,214.248244492557,57.8938360922464,2.00861448425524,1.96647809595699
"2025-07-09",221.070007324219,224.289993286133,220.470001220703,222.539993286133,38155100,222.539993286133,216.574002075195,207.046800842285,206.195900344849,219.165254613303,214.862448106896,61.4780925357446,2.00258655913013,1.97369978859162
"2025-07-10",221.550003051758,222.789993286133,219.699996948242,222.259994506836,30370600,222.259994506836,216.806501770019,207.738000793457,206.357850341797,219.641368443077,215.410414506892,60.9858297145438,1.96413620291793,1.97178707145688
"2025-07-11",223.580001831055,226.679992675781,222.369995117188,225.020004272461,50518300,225.020004272461,217.39750213623,208.490600891113,206.524950332642,220.468850878367,216.122235971008,64.0422191988399,2.01118357295826,1.97966637175716
"2025-07-14",225.070007324219,226.660003662109,224.240005493164,225.690002441406,35702600,225.690002441406,218.020001983642,209.316000976562,206.684000320435,221.272104964988,216.83095941326,64.7638620336047,2.04820638332568,1.99337437407086
"2025-07-15",226.199996948242,227.270004272461,225.460006713867,226.350006103516,34907300,226.350006103516,218.732501983642,210.039001159668,206.845950317383,222.053320524762,217.536073982908,65.4984195810344,2.07655055051166,2.01000960935902
"2025-07-16",225.880004882812,226.100006103516,222.179992675781,223.190002441406,39535900,223.190002441406,219.087001800537,210.703201293945,206.999250335693,222.228194665784,217.954883498353,59.1413801823643,1.96064024757845,2.00013573700291
"2025-07-17",223.320007324219,224.5,222.509994506836,223.880004882812,31855800,223.880004882812,219.540001678467,211.453801269531,207.162850341797,222.482319314558,218.393781378683,60.053086647424,1.87209448458854,1.97452748652003
"2025-07-18",225.139999389648,226.399993896484,222.979995727539,226.130004882812,37833800,226.130004882812,220.220501708984,212.276201477051,207.353650360107,223.043501709674,218.966834971581,62.9558247045497,1.86177360540529,1.95197671029709
"2025-07-21",225.839996337891,229.690002441406,225.649993896484,229.300003051758,40297600,229.300003051758,221.201001739502,213.088001403809,207.568500366211,224.006040377687,219.732254829372,66.6344387947445,1.94499690163061,1.95058074856379
"2025-07-22",229.679992675781,230,226.350006103516,227.470001220703,37483700,227.470001220703,222.151001739502,213.795801391601,207.7802003479,224.538957430458,220.30542122873,62.7598687012488,1.92166682876718,1.94479796460447
"2025-07-23",228.470001220703,228.789993286133,227.089996337891,228.289993286133,28294900,228.289993286133,222.927001190185,214.500401306152,207.997850341797,225.116039869793,220.89687101076,63.7762598548515,1.91001748450637,1.93784186858485
"2025-07-24",229.169998168945,236,228.639999389648,232.229995727539,42902300,232.229995727539,223.939000701904,214.97220123291,208.249200286865,226.210494617138,221.736361730521,68.2589840617945,2.01777139829444,1.95382777452677
"2025-07-25",232.220001220703,232.479995727539,231.179992675781,231.440002441406,28712100,231.440002441406,224.655001068115,215.373601379394,208.473850326538,227.01503428241,222.455149931328,66.482474700133,2.049799410124,1.97302210164621
"2025-07-28",233.350006103516,234.289993286133,232.25,232.789993286133,26300100,232.789993286133,225.129500579834,215.824401245117,208.73380027771,227.903489513752,223.220693883535,68.0144562149662,2.09783221651492,1.99798412461995
"2025-07-29",234.149993896484,234.720001220703,230.309997558594,231.009994506836,33716200,231.009994506836,225.710500335693,216.341201171875,208.975250244141,228.381413358842,223.797679114891,63.8692426544142,2.0481598656785,2.00801927283166
"2025-07-30",231.639999389648,231.800003051758,229.289993286133,230.190002441406,32993300,230.190002441406,226.19700012207,216.833201293945,209.200350265503,228.659657833083,224.271184546485,61.9947856981291,1.95677090459585,1.9977695991845
"2025-07-31",235.770004272461,236.529998779297,231.399993896484,234.110000610352,104357300,234.110000610352,226.90650024414,217.39220123291,209.437650299072,229.498172106509,224.999985736401,66.9833703018331,1.99919406900668,1.99805449314894
"2025-08-01",217.210006713867,220.440002441406,212.800003051758,214.75,122258800,214.75,226.473500061035,217.605801086426,209.567300262451,227.229222551661,224.240727533704,39.4452962191158,1.33271732161484,1.86498705884212
"2025-08-04",217.399993896484,217.440002441406,211.419998168945,211.649993896484,77890100,211.649993896484,225.882499694824,217.816401062012,209.687850265503,224.832418143172,223.308080597614,36.8339933865523,0.682616384270118,1.62851292392772
"2025-08-05",213.050003051758,216.300003051758,212.869995117188,213.75,51505100,213.75,225.601999664306,218.029400939941,209.818150253296,223.127430736531,222.60007462742,39.7440705146545,0.236907426914734,1.35019182452512
"2025-08-06",214.699996948242,222.649993896484,213.740005493164,222.309997558594,54823000,222.309997558594,225.590499877929,218.45580078125,209.995250244141,223.001671786079,222.578587437137,49.8801228284989,0.190083131451835,1.11817008591046
"2025-08-07",221,226.220001220703,220.820007324219,223.130004882812,40603500,223.130004882812,225.634000396728,218.798000793457,210.173250274658,223.021415339422,222.619433173854,50.735063067831,0.180569216190007,0.930649911966373
"2025-08-08",223.139999389648,223.800003051758,221.880004882812,222.690002441406,32970500,222.690002441406,225.517500305175,219.157400817871,210.341750259399,222.970428739728,222.624660527006,50.239845442581,0.15531442559118,0.775582814691334
"2025-08-11",221.779998779297,223.050003051758,220.399993896484,221.300003051758,31646200,221.300003051758,225.298000335693,219.469400939941,210.502900238037,222.713440172348,222.526537751061,48.6251412559942,0.0839910705370706,0.637264465860482
"2025-08-12",222.229995727539,223.5,219.050003051758,221.470001220703,37185800,221.470001220703,225.054000091552,219.798601074219,210.661750259399,222.522141872095,222.44827578585,48.8416996893955,0.0332059603447066,0.516452764757327
"2025-08-13",222,224.919998168945,222,224.559997558594,36508300,224.559997558594,225.122499847412,220.156801147461,210.861000213623,222.835658131556,222.604699620868,52.7411717595546,0.103752755930864,0.433912762992034
"2025-08-14",227.399993896484,233.110000610352,227.020004272461,230.979995727539,61545800,230.979995727539,225.477499389648,220.662200927734,211.084000167847,224.088633146323,223.225091925066,59.6268126228506,0.386847739118368,0.424499758217301
"2025-08-15",232.580001831055,234.080001831055,229.809997558594,231.029998779297,39649200,231.029998779297,225.722499084472,221.138200988769,211.300000152588,225.156535551396,223.803233173527,59.6760925794766,0.60468401581093,0.460536609736027
"2025-08-18",230.229995727539,231.910003662109,228.330001831055,231.490005493164,25248900,231.490005493164,225.831999206543,221.609801025391,211.515500183105,226.130915542437,224.372623715723,60.1578982014022,0.783648110716961,0.525158909932214
"2025-08-19",230.089996337891,230.529998779297,227.119995117188,228.009994506836,29891000,228.009994506836,225.858998870849,221.898600769043,211.701400146484,226.420004613883,224.642058589138,54.8213536742189,0.791457323668987,0.578418592679568
"2025-08-20",227.119995117188,227.270004272461,220.919998168945,223.809997558594,36604300,223.809997558594,225.634999084472,222.035200805664,211.85680015564,226.018465066915,224.580424438728,49.1540108173904,0.640323230211037,0.590799520185862
"2025-08-21",222.649993896484,222.779998779297,220.5,221.949996948242,32140500,221.949996948242,225.120999145508,222.122000732422,212.034550170898,225.392546894812,224.385577957951,46.84441316302,0.44876722738818,0.562393061626326
"2025-08-22",222.789993286133,229.139999389648,220.820007324219,228.839996337891,37315300,228.839996337891,224.990998840332,222.434800720215,212.189100189209,225.922923732209,224.715534874984,55.2352343217877,0.537296568257606,0.557373762952582
"2025-08-25",227.350006103516,229.600006103516,227.309997558594,227.940002441406,22633700,227.940002441406,224.748499298095,222.72880065918,212.34990020752,226.233243533624,224.954384324348,54.0353521573095,0.568497125813505,0.559598435524767
"2025-08-26",227.110000610352,229,226.020004272461,228.710006713867,26105400,228.710006713867,224.633499908447,223.061000671387,212.495950241089,226.614284022892,225.232578575424,54.9372927448632,0.613457189988775,0.570370186417568
"2025-08-27",228.570007324219,229.869995117188,227.809997558594,229.119995117188,21254500,229.119995117188,224.579999542236,223.32140045166,212.606100234985,226.999778037399,225.520535356295,55.438682136579,0.655923718328699,0.587480892799795
"2025-08-28",229.009994506836,232.710006713867,228.020004272461,231.600006103516,33679600,231.600006103516,224.454499816894,223.657000427246,212.713850250244,227.707505432186,225.970866522756,58.4502521842722,0.768523365933693,0.623689387426574
"2025-08-29",231.320007324219,231.809997558594,228.160003662109,229,26199200,229,225.166999816894,223.986600341797,212.817950286865,227.906350750311,226.19524678033,54.3065139343436,0.756472116164097,0.650245933174079
"2025-09-02",223.520004272461,226.169998168945,221.830001831055,225.339996337891,38843900,225.339996337891,225.851499938965,224.299600219726,212.910450286865,227.511526994554,226.131894895704,49.0364401524763,0.610100622685783,0.64221687107642
"2025-09-03",225.210006713867,227.169998168945,224.360000610352,225.990005493164,29223100,225.990005493164,226.463500213623,224.650000305176,212.995850296021,227.277446763571,226.12138456959,49.9651079251595,0.511257347986516,0.616024966458439
"2025-09-04",231.190002441406,235.770004272461,230.779998779297,235.679992675781,59391800,235.679992675781,227.131999969482,225.108200073242,213.103750228882,228.57014613468,226.829429614493,61.2895587943984,0.767412113650989,0.646302395896949
"2025-09-05",235.190002441406,236,231.929992675781,232.330001831055,36721800,232.330001831055,227.591999816894,225.515,213.208000259399,229.148585472584,227.236879408313,56.5263438334692,0.84128336441216,0.685298589599991
"2025-09-08",234.940002441406,237.600006103516,233.75,235.839996337891,33947100,235.839996337891,228.249499511719,225.889400024414,213.374150238037,230.178033298016,227.874147329022,60.0312897479708,1.01103437840504,0.750445747361001
"2025-09-09",236.360000610352,238.850006103516,235.080001831055,238.240005493164,27033800,238.240005493164,229.096499633789,226.188200073242,213.556850280762,231.418336712654,228.641988674514,62.2711448605074,1.21427741869942,0.843212081628684
"2025-09-10",237.520004272461,237.679992675781,229.100006103516,230.330001831055,60907700,230.330001831055,229.539499664306,226.40700012207,213.685450286865,231.250900577024,228.76702668611,51.9399651610708,1.08576569223928,0.891722803750804
"2025-09-11",231.490005493164,231.529998779297,229.339996337891,229.949996948242,37485600,229.949996948242,229.808999633789,226.596799926758,213.820800247192,231.050761557211,228.854654112934,51.4979368645516,0.959607945396113,0.905299832079866
"2025-09-12",230.350006103516,230.789993286133,226.289993286133,228.149993896484,38496200,228.149993896484,229.667499542236,226.761399841309,213.969650192261,230.604489609407,228.802457059864,49.3552887053797,0.787593180903334,0.881758501844559
"2025-09-15",230.630004882812,233.729995727539,230.320007324219,231.429992675781,33243300,231.429992675781,229.68749923706,226.921799621582,214.141200180054,230.731490081157,228.99708932771,53.1782003276958,0.757389868377278,0.856884775151103
"2025-09-16",232.940002441406,235.899993896484,232.229995727539,234.050003051758,38203900,234.050003051758,229.81549911499,227.133399658203,214.304200210571,231.242030538172,229.371379233195,56.033156579798,0.815555677099389,0.84861895554076
"2025-09-17",233.770004272461,234.300003051758,228.710006713867,231.619995117188,42815200,231.619995117188,229.995999145508,227.37859954834,214.423000183105,231.300178934944,229.53794337275,52.8164606200799,0.76773170322102,0.832441505076812
"2025-09-18",232.5,233.479995727539,228.789993286133,231.229995727539,37931700,231.229995727539,230.366999053955,227.552399597168,214.550450134277,231.28938151842,229.663280584216,52.2975563548889,0.708036970502168,0.807560598161884
"2025-09-19",232.369995117188,234.160003662109,229.699996948242,231.479995727539,97943200,231.479995727539,230.84349899292,227.736799621582,214.668400115967,231.318706781361,229.797852076314,52.6189103877193,0.661822854872751,0.778413049504057
"2025-09-22",230.559997558594,230.570007324219,227.509994506836,227.630004882812,45914500,227.630004882812,230.782999420166,227.788999633789,214.753000106812,230.751214181585,229.637270802721,47.3309004177971,0.485088232833331,0.719748086169912
"2025-09-23",227.830001831055,227.860000610352,220.070007324219,220.710006713867,70956200,220.710006713867,230.421499633789,227.689399719238,214.789350128174,229.206413032705,228.975991981324,39.6231093512836,0.100631096468562,0.595924688229642
"2025-09-24",224.149993896484,224.559997558594,219.449996948242,220.210006713867,49509000,220.210006713867,229.996499633789,227.566599731445,214.799600143433,227.822350522115,228.326659739291,39.1273010799008,-0.220871806100886,0.432565389363536
"2025-09-25",220.059997558594,220.669998168945,216.470001220703,218.149993896484,52226300,218.149993896484,229.447999572754,227.465799560547,214.787600097656,226.334295656633,227.572832639823,37.069216480582,-0.544237626619803,0.237204786166868
"2025-09-26",219.080001831055,221.050003051758,218.020004272461,219.779998779297,41650100,219.779998779297,228.856999206543,227.383799438477,214.751350097656,225.325942290889,226.995585687192,39.7688698729755,-0.735540028784387,0.0426558231766172
"2025-09-29",220.080001831055,222.600006103516,219.300003051758,222.169998168945,44259200,222.169998168945,228.51549911499,227.304599304199,214.731750106812,224.840412425974,226.638134759914,43.5900223308793,-0.793212640866547,-0.124517869632016
"2025-09-30",222.029998779297,222.240005493164,217.889999389648,219.570007324219,48396400,219.570007324219,228.226999664306,227.109999389648,214.704400177002,224.029580871858,226.114569764678,40.5743533248358,-0.922094005259921,-0.284033096757597
"2025-10-01",217.360000610352,222.149993896484,216.610000610352,220.630004882812,43933800,220.630004882812,227.958999633789,226.973199462891,214.656250228882,223.506569181236,225.708305699354,42.3261874116807,-0.975478731851032,-0.422322223776284
"2025-10-02",221.009994506836,222.809997558594,218.949996948242,222.410003662109,41258600,222.410003662109,227.295500183105,226.85559967041,214.623450241089,223.337866793678,225.463987029929,45.2452306803396,-0.942997710746885,-0.526457321170404
"2025-10-03",223.440002441406,224.199996948242,219.339996337891,219.509994506836,43639000,219.509994506836,226.654499816894,226.601199645996,214.583700180054,222.748963364933,225.022950546737,41.5550312944487,-1.01055789033012,-0.623277435002348
"2025-10-06",221,221.729995727539,216.029998779297,220.899993896484,43690900,220.899993896484,225.907499694824,226.390399475098,214.523550186157,222.464506523633,224.717546350422,43.916134070737,-1.00260965971708,-0.699143879945294
"2025-10-07",220.880004882812,222.889999389648,220.169998168945,221.779998779297,31194700,221.779998779297,225.084499359131,226.170199584961,214.476700210571,222.359197639889,224.499950234042,45.4194855927635,-0.953564841293375,-0.75002807221491
"2025-10-08",222.919998168945,226.729995727539,221.190002441406,225.220001220703,46686000,225.220001220703,224.828999328613,226.054399719238,214.500200195312,222.799321267707,224.553287344165,50.9540575201844,-0.78109124885366,-0.75624070754266
"2025-10-09",225,228.210006713867,221.75,227.740005493164,46412100,227.740005493164,224.718499755859,226.005399780273,214.522450256348,223.559426533162,224.789340540387,54.5869635332188,-0.547140715956085,-0.714420709225345
"2025-10-10",226.210006713867,228.25,216,216.369995117188,72367500,216.369995117188,224.129499816894,225.65059967041,214.479700241089,222.453360161473,224.165685323854,40.1400944990722,-0.763865869973279,-0.724309741374932
"2025-10-13",217.699996948242,220.679992675781,217.039993286133,220.070007324219,37809700,220.070007324219,223.561500549316,225.756999816894,214.454750289917,222.086690494203,223.862301768325,45.2208368451588,-0.793171186080077,-0.738082030315961
"2025-10-14",215.559997558594,219.320007324219,212.600006103516,216.389999389648,45665600,216.389999389648,222.678500366211,225.851799926758,214.391450271606,221.210276478118,223.308797888423,41.4523215314173,-0.939739692367136,-0.778413562726196
"2025-10-15",216.619995117188,217.710006713867,212.660003662109,215.570007324219,45909500,215.570007324219,221.876000976562,225.888200073242,214.334050292969,220.342542762134,222.735554142927,40.6396276540268,-1.07437332580396,-0.837605515341748
"2025-10-16",215.669998168945,218.589996337891,212.809997558594,214.470001220703,42414600,214.470001220703,221.03800125122,225.731400146484,214.287650299072,219.439074832683,222.123290963503,39.5202717851863,-1.20843524295754,-0.911771460864907
"2025-10-17",214.559997558594,214.800003051758,211.029998779297,213.039993286133,45986900,213.039993286133,220.11600112915,225.529599914551,214.246350250244,218.454600748598,221.450454098512,38.0529192211561,-1.35283233539074,-0.999983635770074
"2025-10-20",213.880004882812,216.690002441406,213.589996337891,216.479995727539,38882800,216.479995727539,219.558500671386,225.405399780273,214.231800231934,218.150815360743,221.082271996959,43.4886189782651,-1.32595735050899,-1.06517837871786
"2025-10-21",218.429992675781,223.320007324219,217.990005493164,222.029998779297,50494600,222.029998779297,219.624500274658,225.419999694824,214.240850219727,218.747612809751,221.152473980836,50.9645298215815,-1.08742223308472,-1.06962714959123
"2025-10-22",219.300003051758,220.009994506836,216.520004272461,217.949996948242,44308500,217.949996948242,219.511499786377,225.349599609375,214.209650192261,218.624902677211,220.915253459903,46.1329290529688,-1.03675538326159,-1.0630527963253
"2025-10-23",219,221.300003051758,218.179992675781,221.089996337891,31540000,221.089996337891,219.658499908447,225.280199584961,214.177050170898,219.004147855777,220.928197376791,50.0571230154653,-0.870893595230848,-1.02462095610641
"2025-10-24",221.970001220703,225.399993896484,221.899993896484,224.210006713867,38685100,224.210006713867,219.880000305176,225.144799804687,214.187550201416,219.80504921856,221.171294364722,53.6688224444997,-0.617731677199018,-0.943243100324933
"2025-10-27",227.660003662109,228.399993896484,225.539993286133,226.970001220703,38267000,226.970001220703,220.120000457763,225.063599853516,214.211750183105,220.907349526582,221.600828205906,56.6549889816069,-0.312940472713141,-0.817182574802574
"2025-10-28",228.220001220703,231.490005493164,226.210006713867,229.25,47100000,229.25,220.604000091553,225.018799743652,214.263300170898,222.1908342148,222.167433523987,59.0055771340289,0.0105329077453309,-0.651639478292993
"2025-10-29",231.669998168945,232.820007324219,227.759994506836,230.300003051758,52036200,230.300003051758,221.0875,225.064599914551,214.322500152588,223.438398651255,222.7698460816,60.0792614826864,0.300109095290546,-0.461289763576285
"2025-10-30",227.059997558594,228.440002441406,222.75,222.860000610352,102252900,222.860000610352,221.109999847412,225.045599975586,214.348000183105,223.34941433727,222.776524194841,50.0720242624299,0.257159116967154,-0.317599987467598
"2025-10-31",250.100006103516,250.5,243.979995727539,244.220001220703,166340800,244.220001220703,222.345500183105,225.491000061035,214.452350158691,226.560273857798,224.36492990046,67.0441178146994,0.978470190645297,-0.0583859518450187
"2025-11-03",255.360000610352,258.600006103516,252.899993896484,254,95997800,254,224.000500488281,225.994200134277,214.619050140381,230.781770187368,226.560120278204,71.7750513072569,1.86336849750082,0.325964938024148
"2025-11-04",250.380004882812,257.010009765625,248.660003662109,249.320007324219,51546300,249.320007324219,225.377500915527,226.421800231934,214.735950164795,233.63380666996,228.246037837168,66.8310005522828,2.36050924863638,0.732873800146594
"2025-11-05",249.029998779297,251,246.160003662109,250.199996948242,40610700,250.199996948242,226.626500701904,226.851600036621,214.833400115967,236.182451328158,229.872257030581,67.2872926615953,2.74508737117296,1.13531651435187
"2025-11-06",249.160003662109,250.380004882812,242.169998168945,243.039993286133,46004200,243.039993286133,227.391500091553,227.13,214.873550109863,237.237457783231,230.847644901362,60.0489910068896,2.76797837144862,1.46184888577122
"2025-11-07",242.899993896484,244.899993896484,238.490005493164,244.410003662109,46374300,244.410003662109,228.793500518799,227.386199951172,214.918500137329,238.340926379981,231.852264068825,60.9153641655251,2.79861934375154,1.72920297736728
"2025-11-10",248.339996337891,251.75,245.589996337891,248.399993896484,36476500,248.399993896484,230.209999847412,227.774199829101,214.986250076294,239.888475228674,233.078021833837,63.4044408865684,2.92196292951732,1.96775496779729
"2025-11-11",248.410003662109,249.75,247.229995727539,249.100006103516,23564100,249.100006103516,231.845500183105,228.249400024414,215.054650115967,241.305633824803,234.264835483443,63.8395364614911,3.00548664370854,2.17530130297954
"2025-11-12",250.240005493164,250.369995117188,243.75,244.199996948242,31190100,244.199996948242,233.276999664306,228.613599853516,215.084900131226,241.750920459179,235.000773369724,58.588504590241,2.87239356392861,2.31471975516935
"2025-11-13",243.050003051758,243.75,236.5,237.580001831055,41401700,237.580001831055,234.432499694824,228.651600036621,215.08745010376,241.109240670237,235.191827329823,52.3263880219421,2.51599445762858,2.3549746956612
"2025-11-14",235.059997558594,238.729995727539,232.889999389648,234.690002441406,38956700,234.690002441406,235.515000152588,228.698800048828,215.087700119019,240.121665558109,235.154655115866,49.8228067758058,2.11223139078212,2.30642603468538
"2025-11-17",233.25,234.600006103516,229.190002441406,232.869995117188,59919000,232.869995117188,236.33450012207,228.639400024414,215.063650131226,239.006023951813,234.98542104189,48.256919149557,1.7110010025714,2.18734102826259
"2025-11-18",228.100006103516,230.199996948242,222.419998168945,222.550003051758,60608400,222.550003051758,236.360500335693,228.325599975586,214.98930015564,236.474328428728,234.064278968547,40.4866635942346,1.02965282477165,1.9558033875644
"2025-11-19",223.740005493164,223.740005493164,218.520004272461,222.690002441406,58335600,222.690002441406,236.597500610351,228.172799987793,214.892450180054,234.353662892217,233.221739966536,40.6263329229442,0.485341943612472,1.66171109877401
"2025-11-20",227.050003051758,227.410003662109,216.740005493164,217.139999389648,50309000,217.139999389648,236.400000762939,227.916600036621,214.797300186157,231.705406968745,232.030499923804,36.9265422478379,-0.140107854426885,1.30134730813383
"2025-11-21",216.350006103516,222.210006713867,215.179992675781,220.690002441406,68490500,220.690002441406,236.224000549316,227.767400207519,214.706600189209,230.010729349154,231.190463073256,40.6497096706959,-0.510286500757584,0.939020546355551
"2025-11-24",222.559997558594,227.330001831055,222.270004272461,226.279998779297,54318400,226.279998779297,236.189500427246,227.66440032959,214.692250213623,229.436770799945,230.826724977407,46.0500875585641,-0.602163452952764,0.630783746493888
"2025-11-25",226.380004882812,230.520004272461,223.800003051758,229.669998168945,39379300,229.669998168945,236.210500335693,227.576800231934,214.67490020752,229.472651933638,230.741041510114,49.0762646221324,-0.549702631215865,0.394686470951937
"2025-11-26",230.740005493164,231.75,228.770004272461,229.160003662109,38497900,229.160003662109,236.153500366211,227.527600402832,214.656900253296,229.424552199556,230.623927595447,48.6342906054089,-0.520056790462009,0.211737818669148
"2025-11-28",231.240005493164,233.289993286133,230.220001220703,233.220001220703,20292300,233.220001220703,236.671500396728,227.567400512695,214.678350296021,230.008467433579,230.816229345466,52.3159478221069,-0.349958889016311,0.0993984771320563
"2025-12-01",233.220001220703,235.800003051758,232.25,233.880004882812,42904000,233.880004882812,236.154500579834,227.615400695801,214.695900344849,230.604088579615,231.043175681565,52.9068734712597,-0.190045475550316,0.0415096865955819
"2025-12-02",235.009994506836,238.970001220703,233.550003051758,234.419998168945,45785400,234.419998168945,235.175500488281,227.751200561523,214.724600372314,231.191151593358,231.29331068063,53.4155333834419,-0.0441686302867894,0.0243740232191077
"2025-12-03",233.350006103516,233.380004882812,230.610000610352,232.380004882812,35495100,232.380004882812,234.328500366211,227.984600524902,214.753250427246,231.374052099428,231.373806547459,51.1670711009573,0.000106127816557056,0.0195204441385976
"2025-12-04",232.770004272461,233.5,226.800003051758,229.110000610352,45683200,229.110000610352,233.274000549316,228.162600402832,214.765650405884,231.025736485724,231.206117218784,47.7009083418237,-0.0780172839846216,1.28985139537241e-05
"2025-12-05",230.320007324219,231.240005493164,228.550003051758,229.529998779297,33117400,229.529998779297,232.598500823974,228.390200500488,214.798900375366,230.795622992427,231.081960297341,48.1864045963579,-0.123911578621239,-0.0247719969130847
"2025-12-08",229.589996337891,230.830001831055,226.270004272461,226.889999389648,35019200,226.889999389648,231.722500610351,228.532400512695,214.850450363159,230.194757822769,230.771444674549,45.3374227668821,-0.249895238378794,-0.0697966452062267
"2025-12-09",226.839996337891,228.570007324219,225.110000610352,227.919998168945,25841700,227.919998168945,230.698500823974,228.647400512695,214.926500320435,229.844794799104,230.560226414874,46.6624231535134,-0.310301402325641,-0.11789759663011
"2025-12-10",228.809997558594,232.419998168945,228.460006713867,231.779998779297,38790700,231.779998779297,229.832500457763,228.891600341797,215.021400299072,230.142518488364,230.65057992335,51.4153419869532,-0.220273209438548,-0.138372719191797
"2025-12-11",230.710006713867,232.110000610352,228.690002441406,230.279998779297,28249600,230.279998779297,229.136500549316,229.084600219726,215.101050262451,230.163669302354,230.623129468235,49.5668933582241,-0.19922553602516,-0.15054328255847
"2025-12-12",229.869995117188,230.080001831055,225.119995117188,226.190002441406,35639100,226.190002441406,228.567000579834,229.160200195312,215.188300247192,229.552335939131,230.29474968847,44.833883993775,-0.322375455950707,-0.184909717236918
"2025-12-15",227.929992675781,227.929992675781,221.5,222.539993286133,47286100,222.539993286133,227.95950012207,229.220800170898,215.239600219727,228.473513992516,229.720323288297,41.0653144465009,-0.542750975592166,-0.256477968907967
"2025-12-16",223.039993286133,223.660003662109,221.130004882812,222.559997558594,39298900,222.559997558594,227.44400024414,229.254000244141,215.327300186157,227.563742233451,229.1899287898,41.094538417266,-0.709536655880105,-0.347089706302395
"2025-12-17",224.660003662109,225.190002441406,220.990005493164,221.270004272461,44034400,221.270004272461,227.380000305175,229.243800354004,215.414650192261,226.595474854837,228.603267714442,39.7265011045297,-0.878287033986136,-0.453329171839143
"2025-12-18",225.710006713867,229.229995727539,224.410003662109,226.759994506836,50272400,226.759994506836,227.583499908447,229.274600219726,215.506650161743,226.620785570529,228.466728958323,47.705344606211,-0.807970331702101,-0.524257403811735
"2025-12-19",226.759994506836,229.130004882812,225.580001831055,227.350006103516,85544400,227.350006103516,228.09400024414,229.266800231934,215.63990020752,226.732973344835,228.384008746856,48.4944611314035,-0.722920755739398,-0.563990074197267
"2025-12-22",228.610000610352,229.479995727539,226.710006713867,228.429992675781,32261300,228.429992675781,228.480999755859,229.508000183105,215.785800170898,226.994053241904,228.387414963813,49.9822805091169,-0.610086909618168,-0.573209441281448
"2025-12-23",229.059997558594,232.449996948242,228.729995727539,232.139999389648,29230200,232.139999389648,228.773999786377,229.749400024414,215.973800201416,227.785737264633,228.665384180542,54.8113822538062,-0.38468739772769,-0.535505032570696
"2025-12-24",232.130004882812,232.949996948242,231.330001831055,232.380004882812,11420500,232.380004882812,228.90950012207,230.069200134277,216.152750244141,228.49254766743,228.940541269599,55.1133018477622,-0.195681201627362,-0.467540266382029
"2025-12-26",232.039993286133,232.990005493164,231.179992675781,232.520004272461,15994700,232.520004272461,229.077500152588,230.408200073242,216.320900268555,229.112156375896,229.205686677218,55.300909510083,-0.0408062743458171,-0.382193467974787
"2025-12-29",231.940002441406,232.600006103516,230.770004272461,232.070007324219,19797900,232.070007324219,229.020000457763,230.760200195312,216.511800308228,229.567210367946,229.417858576996,54.5122400027745,0.0651003334598332,-0.292734707687863
"2025-12-30",231.210006713867,232.770004272461,230.199996948242,232.529998779297,21910500,232.529998779297,228.952500152588,231.150000305176,216.684700317383,230.023023969692,229.64838748087,55.215339745095,0.163134822295841,-0.201560801691122
"2025-12-31",232.910003662109,232.990005493164,230.119995117188,230.820007324219,24383700,230.820007324219,228.772500610351,231.436800537109,216.860100326538,230.145636793466,229.735174135933,51.9977142091774,0.178667746058681,-0.125515092141162
"2026-01-02",231.339996337891,235.460006713867,224.699996948242,226.5,51456200,226.5,228.478500366211,231.526200561523,217.028500289917,229.584769594471,229.495531607345,44.8819337876274,0.0388844116051112,-0.0926351913919071
"2026-01-05",228.839996337891,234,227.179992675781,233.059997558594,49733300,233.059997558594,228.676000213623,231.82840057373,217.216100311279,230.11942005049,229.759566122253,54.9612011067826,0.15662195673094,-0.0427837617673377
"2026-01-06",232.100006103516,243.179992675781,232.070007324219,240.929992675781,53764700,240.929992675781,229.245999908447,232.225200500488,217.446000289917,231.782585069765,230.587005126218,63.5685100753437,0.518494068168884,0.0694718042199067
"2026-01-07",239.610000610352,245.289993286133,239.520004272461,241.559997558594,42236500,241.559997558594,229.979499816894,232.572200317383,217.672750244141,233.286802375739,231.399819380468,64.1590031502623,0.815464333690197,0.218670310113965
"2026-01-08",243.059997558594,246.410003662109,241.880004882812,246.289993286133,39509800,246.289993286133,230.897999572754,232.958600158691,217.887900238037,235.28729328503,232.502795225332,68.311768519742,1.19761917571781,0.414460083234734
"2026-01-09",244.570007324219,247.860000610352,242.240005493164,247.380004882812,34560000,247.380004882812,231.677999877929,233.321200256348,218.096250228882,237.14771045392,233.604810755516,69.1974925720496,1.51662103487764,0.634892273563316
"2026-01-12",246.729995727539,248.940002441406,245.960006713867,246.470001220703,35867800,246.470001220703,232.4875,233.644600219726,218.322950210571,238.581909033425,234.557787827011,67.5011699965538,1.71562037811417,0.851037894473486
"2026-01-13",246.529998779297,247.660003662109,240.25,242.600006103516,38371800,242.600006103516,233.308000183105,234.03940032959,218.529150238037,239.200077813439,235.153507699345,60.687666496729,1.72082064762056,1.0249944451029
"2026-01-14",241.149993896484,241.279998779297,236.220001220703,236.649993896484,41410600,236.649993896484,234.013500213623,233.888000183105,218.748800201416,238.807757210831,235.264358528762,51.9974027527054,1.50613493018108,1.12122254211854
"2026-01-15",239.309997558594,240.649993896484,236.630004882812,238.179992675781,43003600,238.179992675781,234.794499969482,233.571600036621,218.988400192261,238.711178051592,235.480331428542,53.8283094192991,1.37202398325611,1.17138283034605
"2026-01-16",239.089996337891,239.570007324219,236.410003662109,239.119995117188,45888300,239.119995117188,235.686999511718,233.36759979248,219.223150177002,238.774072984761,235.749936146219,54.9648263050243,1.28277313155496,1.19366089058783
"2026-01-20",233.759994506836,235.089996337891,229.339996337891,231,47737900,231,235.898999786377,232.983599853516,219.398100204468,237.578061756336,235.398089024277,44.7236695077693,0.926079196774743,1.14014455182522
"2026-01-21",231.089996337891,232.300003051758,226.880004882812,231.309997558594,47276100,231.309997558594,236.096999359131,232.748999938965,219.66260017395,236.613744187453,235.095267434226,45.1438891593813,0.645898477582563,1.04129533697668
"2026-01-22",234.050003051758,235.720001220703,230.899993896484,234.339996337891,31913300,234.339996337891,236.392499542236,232.54759979248,219.97930015564,236.263936825982,235.03932142709,49.2083100936943,0.521025754948456,0.937241420571039
"2026-01-23",234.960006713867,240.449996948242,234.570007324219,239.160003662109,33778500,239.160003662109,236.743499755859,232.362799987793,220.298800201416,236.709485570001,235.344557148203,54.929144712977,0.579970252270945,0.86578718691102
"2026-01-26",239.979995727539,240.949996948242,237.539993286133,238.419998168945,32825500,238.419998168945,237.045499420166,232.149199829101,220.63760017395,236.972641354454,235.572367594184,53.92492621068,0.594413417231765,0.811512432975169
"2026-01-27",239.690002441406,244.880004882812,238.080001831055,244.679992675781,38029200,244.679992675781,237.653498840332,232.158799743652,220.905500106812,238.158387711581,236.247006489117,60.5031875325476,0.809060504456593,0.811022047271454
"2026-01-28",246.369995117188,247.779998779297,241.529998779297,243.009994506836,40882700,243.009994506836,238.200498199463,232.267399597168,221.214450073242,238.904788757005,236.747968564504,58.119266141492,0.911019513949474,0.831021540607058
"2026-01-29",242.820007324219,243,236.740005493164,241.729995727539,47229600,241.729995727539,238.660498046875,232.408199462891,221.498750076294,239.339435983241,237.117007613617,56.2885868673267,0.937270755898401,0.852271383665327
"2026-01-30",239.889999389648,243.320007324219,237.639999389648,239.300003051758,46585000,239.300003051758,239.084497833252,232.536799621582,221.784650115967,239.333369378398,237.278710979405,52.8830268375522,0.865926146728957,0.855002336278053
"2026-02-02",238.309997558594,245.630004882812,238.169998168945,242.960006713867,37546100,242.960006713867,239.907498168945,232.944999694824,222.101500167847,239.891313583854,237.699547700477,57.0936908679942,0.922074065592904,0.868416682141023
"2026-02-03",244.979995727539,246.350006103516,235.449996948242,238.619995117188,53831300,238.619995117188,240.185498046875,233.26359954834,222.422950134277,239.695726127444,237.767728990603,51.2454823878294,0.810874185923249,0.856908182897468
"2026-02-04",238.860000610352,238.860000610352,231.820007324219,232.990005493164,51299900,232.990005493164,239.788498687744,233.58059967041,222.724850158691,238.664076799093,237.413823546349,44.8303161297435,0.526613502983597,0.790849246914694
"2026-02-05",224.910003662109,226.309997558594,220.380004882812,222.690002441406,103509200,222.690002441406,238.844998931885,233.62059967041,223.001700134277,236.206526897911,236.323170131168,35.9608624207337,-0.0493575103923449,0.622807895453286
"2026-02-06",202.699996948242,211.440002441406,200.309997558594,210.320007324219,179210900,210.320007324219,237.046499633789,233.301399841309,223.18740020752,232.223985425035,234.397009923246,28.633920579671,-0.927070059008894,0.31283230456085
"2026-02-09",208.970001220703,212.809997558594,203.350006103516,208.720001220703,91178400,208.720001220703,235.113499450683,232.882399902344,223.328000183105,228.607987855138,232.495009278613,27.8436857561933,-1.67187305892529,-0.0841087681363774
"2026-02-10",208.800003051758,212.649993896484,206.410003662109,206.960006713867,67175000,206.960006713867,233.137999725342,232.438399963379,223.430100250244,225.277529218019,230.60352760715,26.9622201826319,-2.309591030283,-0.529205220565702
"2026-02-11",208.059997558594,208.570007324219,202.490005493164,204.080001831055,65545500,204.080001831055,231.211999511719,231.855599975586,223.505550231934,222.016371158486,228.638821994106,25.537518550717,-2.89646822786311,-1.00265782202518
"2026-02-12",203.960006713867,203.960006713867,197.559997558594,199.600006103516,83975400,199.600006103516,229.35950012207,231.17,223.56505027771,218.567699611568,226.487798594803,23.4607889964921,-3.49692081974127,-1.5015104215684
"2026-02-13",198.880004882812,201.160003662109,197.279998779297,198.789993286133,66321600,198.789993286133,227.390000152588,230.457399902344,223.622050247192,215.524975561501,224.436109312679,23.0950932217326,-3.9704545665438,-1.99529925056348
"2026-02-17",198.130004882812,201.740005493164,196,201.149993896484,69879200,201.149993896484,225.491500091553,229.832799682617,223.70570022583,213.313439920729,222.711211874443,26.680998224245,-4.21971209918782,-2.44018182028835
"2026-02-18",202.070007324219,206.860000610352,201.509994506836,204.789993286133,51003300,204.789993286133,224.180999755859,229.346399536133,223.77865020752,212.002140438483,221.383714201235,31.9513333197453,-4.23769824108352,-2.79968510444738
"2026-02-19",203.800003051758,205.639999389648,202.809997558594,204.860000610352,35669600,204.860000610352,222.858499908447,228.852999572754,223.853050231934,210.903349695694,220.159735416725,32.0524963994638,-4.20439536934851,-3.08062715742761
"2026-02-20",204.759994506836,211.169998168945,203.75,210.110000610352,65881600,210.110000610352,221.64700012207,228.517399597168,223.971850204468,210.781295990257,219.415310616253,39.3359046787373,-3.93501009649067,-3.25150374524022
"2026-02-23",208.100006103516,208.429992675781,203.110000610352,205.270004272461,53581500,205.270004272461,219.952500152588,228.064399719238,224.073150253296,209.93340495675,218.367510146342,35.5523510923123,-3.86234434964258,-3.37367186612069
"2026-02-24",205.470001220703,210.360000610352,203.25,208.559997558594,41137200,208.559997558594,218.45950012207,227.599999694824,224.17240020752,209.72211151088,217.641027732435,39.7917238190491,-3.63852179162226,-3.42664185122101
"2026-02-25",210.460006713867,211.589996337891,208.929992675781,210.639999389648,41346400,210.639999389648,216.757500457763,227.207199707031,224.265200195313,209.86332503069,217.122433040377,42.3726555611412,-3.34332473528268,-3.40997842803334
"2026-02-26",210.729995727539,211.050003051758,205.350006103516,207.919998168945,47756800,207.919998168945,215.003000640869,226.841799621582,224.339500198364,209.564351667345,216.440771198048,39.9603114655932,-3.17704446008072,-3.36339163444282
"2026-02-27",206.830001831055,210.330001831055,205.199996948242,210,57422800,210,213.416500854492,226.590999755859,224.346300201416,209.631374487753,215.96367703523,42.649197370815,-2.93211461964675,-3.27713623148361
"2026-03-02",204.550003051758,209.729995727539,203.460006713867,208.389999389648,46001000,208.389999389648,211.871000671387,226.30759979248,224.331400222778,209.440393703429,215.402663876298,41.1143187075558,-2.76796492001258,-3.1753019691894
"2026-03-03",203.100006103516,209.179992675781,202.479995727539,208.729995727539,43184900,208.729995727539,210.15950012207,226.056799621582,224.323800201416,209.331101707139,214.908392161575,41.5923603440789,-2.59519435157435,-3.05928044566639
"2026-03-04",210.470001220703,217.539993286133,210.149993896484,216.820007324219,54731100,216.820007324219,209.069500732422,225.85799987793,224.382050247192,210.483241032843,215.049993284734,51.6503070298165,-2.12357702603787,-2.87213976174069
"2026-03-05",215.979995727539,220.470001220703,215.589996337891,218.940002441406,60943400,218.940002441406,208.367000579834,225.689799804687,224.44880027771,211.784281249545,215.338142111154,53.8910660549422,-1.65036292538194,-2.62778439446894
"2026-03-06",214.990005493164,217.320007324219,212.529998779297,213.210006713867,51152700,213.210006713867,207.893000793457,225.385400085449,224.484050292969,212.003623628672,215.180502452096,47.4853823073745,-1.47637856925782,-2.39750322942671
"2026-03-09",210.449996948242,213.820007324219,207.110000610352,213.490005493164,54642900,213.490005493164,208.051500701904,225.012400207519,224.531150283813,212.23229776167,215.055280455138,47.8118252991759,-1.31267769268107,-2.18053812207759
"2026-03-10",214.190002441406,215.649993896484,212.429992675781,214.330001831055,35678800,214.330001831055,208.332000732422,224.651400146484,224.597200317383,212.555021464653,215.001556112613,48.8392963360649,-1.13791485615061,-1.97201346889219
"2026-03-11",215.710006713867,217,211.350006103516,212.649993896484,34199300,212.649993896484,208.616500091552,224.253999938965,224.644950256348,212.569632608011,214.827366318826,46.8525196459331,-1.05095256228377,-1.78780128757051
"2026-03-12",210.389999389648,211.710006713867,208.149993896484,209.529998779297,44349500,209.529998779297,208.888999938965,223.803199768066,224.687650222778,212.101996634363,214.434968723305,43.327432356419,-1.08796251974765,-1.64783353400594
"2026-03-13",209.610000610352,210.559997558594,206.220001220703,207.669998168945,35662100,207.669998168945,209.292499542236,223.305999755859,224.695900192261,211.420150716606,213.933859793353,41.3309908212457,-1.17499356070809,-1.55326553934637
"2026-03-16",208.350006103516,212.720001220703,207.449996948242,211.740005493164,42209300,211.740005493164,209.940000152588,222.924399719238,224.731000213623,211.469359143769,213.771352067413,47.0774603490992,-1.07684818446468,-1.45798206837003
"2026-03-17",212.820007324219,215.699996948242,212.429992675781,215.199996948242,44969900,215.199996948242,210.642500305176,222.698399658203,224.778500213623,212.04330342138,213.877177614141,51.4325967076862,-0.857442674911757,-1.33787418967838
"2026-03-18",213.929992675781,215.139999389648,208.830001831055,209.869995117188,37846600,209.869995117188,210.896500396728,222.234599609375,224.802800216675,211.708948297658,213.580349281033,45.254435358451,-0.876204664742952,-1.24554028469129
"2026-03-19",207.059997558594,209.119995117188,206.050003051758,208.759994506836,36440600,208.759994506836,211.091500091553,221.591199645996,224.813350219727,211.25526309907,213.223285964426,44.0672533137343,-0.922986838165474,-1.18102959538613
"2026-03-20",207.399993896484,207.539993286133,204.320007324219,205.369995117188,63694600,205.369995117188,210.854499816894,220.867399597168,224.811650161743,210.349837255704,212.641560716482,40.5670692120667,-1.07774014311064,-1.16037170493103
"2026-03-23",209.789993286133,212.800003051758,209.509994506836,210.139999389648,44277400,210.139999389648,211.097999572754,220.144399719238,224.826200180054,210.31755450708,212.456259877458,46.9518892240772,-1.00665679213752,-1.12962872237233
"2026-03-24",207.949996948242,209.350006103516,206.639999389648,207.240005493164,35351400,207.240005493164,211.031999969482,219.341599731445,224.822850189209,209.844085428016,212.069870663806,43.8664499701655,-1.0495527859867,-1.1136135350952
"2026-03-25",211.559997558594,213.070007324219,209.899993896484,211.710006713867,36388800,211.710006713867,211.085500335693,218.646399841309,224.813550186157,210.131150241224,212.043214074922,49.3874458641151,-0.901733093435642,-1.07123744676329
"2026-03-26",210.610000610352,212.889999389648,207.119995117188,207.539993286133,46746000,207.539993286133,211.066500091553,217.945199584961,224.76635017395,209.732510709671,211.709642164641,44.9462225767665,-0.933888241817682,-1.04376760577417
"2026-03-27",206.460006713867,206.600006103516,199.139999389648,199.339996337891,56009800,199.339996337891,210.533499908447,217.198999633789,224.675000152588,208.133662344782,210.7933721034,37.7561306544371,-1.26176156872414,-1.08736639836416
"2026-03-30",201.479995727539,203.800003051758,199.979995727539,200.949996948242,46373800,200.949996948242,210.161499786377,216.454399719238,224.613750152588,207.028483053007,210.064233203018,39.7926465993385,-1.44515327703491,-1.15892377409831
"2026-03-31",204.850006103516,210.279998779297,204.139999389648,208.270004272461,58470100,208.270004272461,210.138500213623,215.837399902344,224.588900146484,207.219486317538,209.93132735631,48.1060378713434,-1.2917753023919,-1.18549407975703
"2026-04-01",210.440002441406,213.580001831055,208.190002441406,210.570007324219,45955400,210.570007324219,209.826000213623,215.428800048828,224.581250152588,207.734951087797,209.978636983563,50.4224474282549,-1.06853055529731,-1.16210137486508
"2026-04-02",206.539993286133,212.210006713867,204.899993896484,209.770004272461,31453000,209.770004272461,209.367500305176,214.998000183105,224.549600143433,208.04803619313,209.963182708666,49.5932292381975,-0.912134447015955,-1.11210798929526
"2026-04-06",209.800003051758,212.949996948242,209.589996337891,212.789993286133,25385500,212.789993286133,209.346499633789,214.56700012207,224.539450073242,208.777568053592,210.172576084775,52.7520587776846,-0.663744079827377,-1.02243520740168
"2026-04-07",211.240005493164,213.970001220703,209.080001831055,213.770004272461,28154600,213.770004272461,209.360499572754,214.059200134277,224.545700073242,209.545635164187,210.439052246826,53.7646216413956,-0.424549090627424,-0.902857984046831
"2026-04-08",223.789993286133,226.100006103516,219.619995117188,221.25,51092700,221.25,209.706499481201,213.715800170898,224.603500061035,211.346306677389,211.239863191505,60.6893727493068,0.0503898668912983,-0.712208413859205
"2026-04-09",225.229995727539,233.800003051758,223.270004272461,233.649993896484,65964200,233.649993896484,210.756499481201,213.495200195312,224.729400024414,214.777643172634,212.899872873356,68.9828468366449,0.881996909596894,-0.393367349167985
"2026-04-10",235.300003051758,240.429992675781,235.210006713867,238.380004882812,56912800,238.380004882812,212.198999786377,213.402600402832,224.857450027466,218.408775743431,214.787290059241,71.4566064001156,1.68608006702387,0.0225221340703848
"2026-04-13",237.449996948242,240,235.75,239.889999389648,42166200,239.889999389648,213.809999847412,213.365800476074,224.996949996948,221.71357938131,216.646750009642,72.2183545659036,2.33875161821868,0.485768030900044
"2026-04-14",241.779998779297,252.179992675781,241.779998779297,249.020004272461,72685000,249.020004272461,215.673999786377,213.560200500488,225.156450042725,225.914567826103,219.044768843925,76.331361270418,3.13625338712062,1.01586510214416
"2026-04-15",249.25,250.440002441406,247.199996948242,248.5,43045200,248.5,217.338999938965,213.671000366211,225.282450027466,229.38924969901,221.226637818449,75.6444524043054,3.68970570680554,1.55063322307644
"2026-04-16",248.509994506836,250,244.199996948242,249.699996948242,41895700,249.699996948242,219.330500030517,213.892600402832,225.434000015259,232.513980045046,223.335775531767,76.1772303979609,4.10959887256106,2.06242635297336
"2026-04-17",254.990005493164,256.179992675781,250.110000610352,250.559997558594,52029300,250.559997558594,221.420500183105,214.244000244141,225.584499969482,235.290290431746,225.352384570791,76.5727544608518,4.40994040506042,2.53192916339077
"2026-04-20",249.190002441406,250.179992675781,245.369995117188,248.279998779297,39463100,248.279998779297,223.566000366211,214.755800170898,225.726299972534,237.2887071006,227.050726364014,73.1072866929754,4.50911604668116,2.92736654004885
"2026-04-21",255.089996337891,255.089996337891,249.100006103516,249.910003662109,42922400,249.910003662109,225.554500579834,215.547600097656,225.858799972534,239.230445033139,228.744006163873,74.0127823106696,4.58435569312987,3.25876437066505
"2026-04-22",252.440002441406,255.940002441406,250.330001831055,255.360000610352,36065100,255.360000610352,227.960500335693,216.480400085449,226.018249969482,241.711915121941,230.715561308056,76.8227750847207,4.76619511555294,3.56025051964263
"2026-04-23",255.389999389648,258.790008544922,253.070007324219,255.080001831055,39091400,255.080001831055,230.129000091552,217.442799987793,226.196849975586,243.76854384642,232.52033468013,76.3659083861831,4.83751633239473,3.81570368219305
"2026-04-24",259.980010986328,264.5,257.690002441406,263.989990234375,53777400,263.989990234375,232.951499938965,218.640999755859,226.404099960327,246.879535598413,234.851420276741,80.3671023010439,5.12158508877609,4.07687996350966
"2026-04-27",263.459991455078,264.149993896484,260.339996337891,261.119995117188,44906800,261.119995117188,236.040499877929,219.871399536133,226.598399963379,249.070375524379,236.797240635293,75.909168435955,5.18297208876215,4.29809838856016
"2026-04-28",258.390014648438,261.029998779297,256.630004882812,259.700012207031,42204400,259.700012207031,238.978000640869,221.089599914551,226.771800003052,250.705704244787,238.493742233199,73.7300224736763,5.12045385226367,4.46256948130086
"2026-04-29",257.989990234375,265.910003662109,257.700012207031,263.040008544922,72367900,263.040008544922,241.716500854492,222.327400207519,226.958550033569,252.603289521731,240.311984182216,75.5108174889819,5.1147284149571,4.59300126803211
"2026-04-30",273.170013427734,273.880004882812,256.160003662109,265.059997558594,100974900,265.059997558594,244.441000366211,223.532800292969,227.152099990845,254.519706142787,242.145170358244,76.5463240401209,5.11037893765762,4.69647680195721
"2026-05-01",265.579986572266,273.320007324219,262.739990234375,268.260009765625,50825200,268.260009765625,247.365500640869,224.800800476074,227.377450027466,256.633599007839,244.079602906939,78.1243930304283,5.14340237831614,4.785861917229
"2026-05-04",268.799987792969,276.100006103516,268.799987792969,272.049987792969,49083700,272.049987792969,250.328500366211,226.039600219726,227.618299942017,259.005351128628,246.151483268867,79.8533626960638,5.22193394452193,4.87307632268758
"2026-05-05",276.079986572266,278.559997558594,272.380004882812,273.549987792969,41908500,273.549987792969,253.317499542236,227.405199890137,227.855399856567,261.242987538527,248.181002122504,80.5099309642141,5.26308835257869,4.95107872866581
"2026-05-06",272.890014648438,277.799987792969,272.209991455078,274.989990234375,44552000,274.989990234375,256.004499053955,228.733799743652,228.08384979248,263.357911030196,250.166853093754,81.1451974765883,5.27290397321274,5.01544377757519
"2026-05-07",275.019989013672,276.630004882812,270.489990234375,271.170013427734,35892900,271.170013427734,257.880500030517,229.944400024414,228.302349853516,264.559772937509,251.722642748123,74.2329178650837,5.09971214716332,5.03229745149282
"2026-05-08",271.630004882812,274,269.950012207031,272.679992675781,34732700,272.679992675781,259.595499420166,231.239599914551,228.524299850464,265.809037512628,253.27503903906,75.1345907779171,4.94876973314162,5.01559190782258
"2026-05-11",269.839996337891,273.630004882812,268.480010986328,268.989990234375,38176700,268.989990234375,261.050498962402,232.419399719238,228.708099822998,266.298414854435,254.439109497972,68.7987442230782,4.66096009369865,4.94466554499779
"2026-05-12",266.709991455078,267.649993896484,262.630004882812,265.820007324219,36776200,265.820007324219,261.89049911499,233.56799987793,228.879999847412,266.22481369594,255.282138966583,63.8198228235085,4.28650228866558,4.81303289373135
"2026-05-13",264.429992675781,270.720001220703,263.200012207031,270.130004882812,39670900,270.130004882812,262.971999359131,234.796000061035,229.066699905395,266.825612340074,256.381980886304,67.2863062594778,4.07346546651495,4.66511940828807
"2026-05-14",269.149993896484,270.779998779297,266.630004882812,267.220001220703,31338400,267.220001220703,263.847999572754,235.803999938965,229.247749938965,266.886287552479,257.184797207371,62.9040455417094,3.77218655630174,4.4865328378908
"2026-05-15",262.5,264.359985351562,260.890014648438,264.140014648438,40770300,264.140014648438,264.527000427246,236.708000183105,229.4175,266.46378402878,257.699998499301,58.5570361195934,3.40077050078158,4.26938037046896
"2026-05-18",263.869995117188,268.850006103516,262.529998779297,264.859985351562,33690800,264.859985351562,265.355999755859,237.740999755859,229.571249923706,266.217045770747,258.230367895765,59.2656721718404,3.09284997735251,4.03407429184567
"2026-05-19",262.040008544922,262.25,255.190002441406,259.339996337891,40340700,259.339996337891,265.827499389648,238.657999572754,229.794199905396,265.159038165692,258.312562595182,51.9335673676702,2.65046171263437,3.75735177600341
"2026-05-20",260.049987792969,265.579986572266,259.529998779297,265.010009765625,34933200,265.010009765625,266.309999847412,239.671599731445,230.060999984741,265.136110719528,258.808669792993,57.7197665980688,2.44483344842978,3.49484811048868
"2026-05-21",263.5,269.489990234375,261.369995117188,268.459991455078,36591700,268.459991455078,266.978999328613,240.787799682617,230.334549942017,265.647476986535,259.523582508703,60.8110083276847,2.35966782618977,3.2678120536289
"2026-05-22",268.660003662109,269.790008544922,266.239990234375,266.320007324219,27535500,266.320007324219,267.095500183105,241.923599853516,230.554599990845,265.750943192333,260.027021383926,57.979309404878,2.20127961238139,3.0545055653794
"2026-05-26",267.940002441406,269.299987792969,262.070007324219,265.290008544922,38028100,265.290008544922,267.304000854492,243.076000061035,230.765400009155,265.680030169654,260.416872284741,56.6128684454109,2.02105103203876,2.84781465871127
"2026-05-27",266.149993896484,272.410003662109,265.700012207031,271.850006103516,40061900,271.850006103516,267.911500549316,244.278200073242,231.011200027466,266.629257236402,261.263771086131,62.6503524428941,2.05366634951545,2.68898499687211
"2026-05-28",272.269989013672,274.5,267.440002441406,274,40630400,274,268.45950012207,245.454200134277,231.274700012207,267.763217661571,262.207195450122,64.3988971403518,2.11894345687642,2.57497668887297
"2026-05-29",271.290008544922,274.75,269.640014648438,270.640014648438,54749600,270.640014648438,268.738500976562,246.669600524902,231.520550079346,268.205801813397,262.831848724071,59.6954496622842,2.04463542581081,2.46890843626054
"2026-06-01",266.290008544922,266.630004882812,260.700012207031,261.260009765625,53604400,261.260009765625,268.388500976562,247.719600830078,231.704050140381,267.137218421432,262.715416208631,48.9476395303619,1.68311486117356,2.31174972124314
"2026-06-02",257.160003662109,261.200012207031,254.369995117188,256.519989013672,41811000,256.519989013672,267.612001037597,248.742600708008,231.831750106812,265.503798512546,262.256495675671,44.5796895217049,1.23821636086034,2.09704304916658
"2026-06-03",254.699996948242,257.089996337891,247.710006713867,250.020004272461,51394200,250.020004272461,266.435501861572,249.540200805664,231.926700134277,263.121676321764,261.350088905063,39.3888670835032,0.677859886760745,1.81320641668542
"2026-06-04",253.119995117188,255.830001831055,251.75,253.789993286133,35609800,253.789993286133,265.37550201416,250.471200561523,232.038200073242,261.68603277782,260.790081822179,43.4982222387849,0.343552542098746,1.51927564176808
"2026-06-05",254.259994506836,256.380004882812,245.779998779297,246.029998779297,55607800,246.029998779297,264.118501281738,251.157600402832,232.128300094604,259.277412162663,259.696742337521,37.8150369315265,-0.161469170188144,1.18312667937684
"2026-06-08",246.679992675781,249.419998168945,243.360000610352,245.220001220703,33899500,245.220001220703,262.745501708984,251.911200561523,232.235350112915,257.114733556208,258.624391143683,37.2676936328724,-0.583725912625277,0.829756160976414
"2026-06-09",247.729995727539,250.429992675781,240.399993896484,244.190002441406,44425400,244.190002441406,261.505502319336,252.808200683594,232.346550140381,255.1263133847,257.555177165736,36.5433554454421,-0.943045994169067,0.475195729947318
"2026-06-10",243.610000610352,244.070007324219,237.449996948242,238,38590200,238,260.114501953125,253.549200744629,232.392350158691,252.4914959409,256.10664552383,32.4601754753148,-1.41157976417825,0.0978406311222044
"2026-06-11",237.929992675781,242.139999389648,235.179992675781,241.509994506836,41335400,241.509994506836,258.683501434326,254.214000549316,232.460200119019,250.802034181813,255.025412115164,36.7742197462706,-1.65606160512485,-0.252939816127206
"2026-06-12",243.210006713867,243.360000610352,233.589996337891,238.550003051758,51186600,238.550003051758,257.250001525879,254.773600463867,232.509400100708,248.917106315651,253.8050114438,34.75795485333,-1.92585051821639,-0.587521956545042
"2026-06-15",245.020004272461,247.809997558594,244.729995727539,246.020004272461,41711600,246.020004272461,256.34400100708,255.498600463867,232.593900146484,248.471398309006,253.228344245923,43.2189668462385,-1.87852033352849,-0.845721631941732
"2026-06-16",248,249.509994506836,245.449996948242,246,35187400,246,255.401001739502,256.162800598144,232.665900115967,248.091183184544,252.692911338818,43.2028086269723,-1.82107528457898,-1.04079236246918
"2026-06-17",244.899993896484,245.910003662109,236,237.5,44780800,237.5,254.309001922607,256.637400512695,232.708400115967,246.461770386922,251.567510498905,36.8914148673024,-2.02957055219821,-1.23854800041499
"2026-06-18",240.119995117188,245.729995727539,236.020004272461,244.389999389648,75624400,244.389999389648,253.278001403808,257.100200500488,232.803650131226,246.143036387341,251.035843009331,44.0291457742397,-1.94904702186612,-1.38064780470521
"2026-06-22",240.080001831055,242,232.240005493164,232.789993286133,68388500,232.789993286133,251.494501495361,257.083000488281,232.83765007019,244.088722064078,249.68429858539,36.5366834525587,-2.24106063257253,-1.55273037027868
"2026-06-23",232.550003051758,236.869995117188,232,234.110000610352,60492600,234.110000610352,249.884001159668,256.997600402832,232.829800109863,242.55353414812,248.530646883536,37.8331051474625,-2.40498015450633,-1.72318032712421
"2026-06-24",233.850006103516,242.419998168945,232.949996948242,234.270004272461,70282600,234.270004272461,248.333000946045,256.885200500488,232.83950012207,241.27914493648,247.474302986419,37.9984399982544,-2.5033540756264,-1.87921507682465
"2026-06-25",232.020004272461,232.320007324219,225.550003051758,227.009994506836,77674100,227.009994506836,246.091000366211,256.445000305176,232.795350112915,239.083891024227,245.958428284228,33.6282397907557,-2.7949996704549,-2.0623719955507
"2026-06-26",227.210006713867,233.899993896484,226.130004882812,232.690002441406,248372100,232.690002441406,244.025500488281,256.128800354004,232.767600097656,238.10021585764,244.9755819255,39.4916133012347,-2.80655158110878,-2.21120791266231
"2026-06-29",234.220001220703,249.710006713867,233.800003051758,240.139999389648,77619200,240.139999389648,242.500499725342,255.937600402832,232.816650085449,238.414028708718,244.617390626548,46.2043995759825,-2.53594476743514,-2.27615528361688
"2026-06-30",237.350006103516,241.539993286133,237.169998168945,238.339996337891,66087900,238.339996337891,241.354499053955,255.693200378418,232.858600082397,238.402639113206,244.152398457018,44.9080756932648,-2.35498786010255,-2.29192179891401
