"Date","BA.Open","BA.High","BA.Low","BA.Close","BA.Volume","BA.Adjusted","SMA20","SMA50","SMA200","EMA12","EMA26","RSI","MACD","Signal"
"2020-01-02",328.549987792969,333.350006103516,327.700012207031,333.320007324219,4544400,331.348571777344,NA,NA,NA,NA,NA,NA,NA,NA
"2020-01-03",330.630004882812,334.890014648438,330.299987792969,332.760009765625,3875900,330.791900634766,NA,NA,NA,NA,NA,NA,NA,NA
"2020-01-06",329.299987792969,334.859985351562,327.880004882812,333.739990234375,5355000,331.766082763672,NA,NA,NA,NA,NA,NA,NA,NA
"2020-01-07",334.260009765625,344.190002441406,330.709991455078,337.279998779297,9898600,335.28515625,NA,NA,NA,NA,NA,NA,NA,NA
"2020-01-08",332.399993896484,334.029998779297,329.600006103516,331.369995117188,8239200,329.410095214844,NA,NA,NA,NA,NA,NA,NA,NA
"2020-01-09",334.950012207031,341.730010986328,332.049987792969,336.339996337891,8175600,334.350708007812,NA,NA,NA,NA,NA,NA,NA,NA
"2020-01-10",335.559997558594,337.700012207031,329.450012207031,329.920013427734,7161700,327.968688964844,NA,NA,NA,NA,NA,NA,NA,NA
"2020-01-13",332.399993896484,334.100006103516,330.079986572266,330.220001220703,5648500,328.266906738281,NA,NA,NA,NA,NA,NA,NA,NA
"2020-01-14",330.760009765625,335.350006103516,328.279998779297,332.350006103516,6945300,330.384307861328,NA,NA,NA,NA,NA,NA,NA,NA
"2020-01-15",332.350006103516,333.109985351562,329.690002441406,329.799987792969,4578300,327.849395751953,NA,NA,NA,NA,NA,NA,NA,NA
"2020-01-16",331.049987792969,332.869995117188,329.309997558594,332,4024100,330.036376953125,NA,NA,NA,NA,NA,NA,NA,NA
"2020-01-17",332.390014648438,332.5,323,324.149993896484,11061700,322.232818603516,NA,NA,NA,329.974250793457,NA,NA,NA,NA
"2020-01-21",322.600006103516,326.600006103516,305.75,313.369995117188,19318000,311.516571044922,NA,NA,NA,327.134607755221,NA,NA,NA,NA
"2020-01-22",309.820007324219,312.839996337891,302.720001220703,309,18792600,307.172424316406,NA,NA,NA,324.063502610788,NA,NA,NA,NA
"2020-01-23",308.5,318.170013427734,307.700012207031,317.790008544922,9702100,315.910430908203,NA,NA,NA,322.809183887313,NA,37.3431076973109,NA,NA
"2020-01-24",322,326.200012207031,312.510009765625,323.049987792969,17798200,321.139312744141,NA,NA,NA,322.552280634518,NA,42.6393702085943,NA,NA
"2020-01-27",316.209991455078,321.260009765625,314.579986572266,316.600006103516,7468100,314.727478027344,NA,NA,NA,321.348464848799,NA,38.3577162148451,NA,NA
"2020-01-28",318.049987792969,319.359985351562,314,316.559997558594,5502200,314.687713623047,NA,NA,NA,320.323733890991,NA,38.3320087523367,NA,NA
"2020-01-29",324.350006103516,327.179992675781,319.140014648438,322.019989013672,12454700,320.115386962891,NA,NA,NA,320.291680517437,NA,43.86249690235,NA,NA
"2020-01-30",320.5,325.350006103516,317.640014648438,323.299987792969,6022000,321.387817382812,324.317407226563,NA,NA,320.460316958264,NA,45.1054029187407,NA,NA
"2020-01-31",321.75,321.929992675781,316.989990234375,318.269989013672,4999600,316.387573242188,323.569357299805,NA,NA,319.833741001944,NA,41.2412128759063,NA,NA
"2020-02-03",318.75,320.739990234375,314.880004882812,316,4841800,314.131011962891,322.736312866211,NA,NA,318.956398072859,NA,39.592724446142,NA,NA
"2020-02-04",318.279998779297,319.480010986328,315.029998779297,317.940002441406,3779800,316.059539794922,321.950985717774,NA,NA,318.510727568561,NA,41.7361914698021,NA,NA
"2020-02-05",320.5,329.679992675781,319.230010986328,329.549987792969,6071800,327.600860595703,321.566770935059,NA,NA,319.909209572737,NA,52.5804379768871,NA,NA
"2020-02-06",330.910003662109,343.440002441406,325.660003662109,341.429992675781,12845500,339.410614013672,322.066796875,NA,NA,322.909425640573,NA,60.651006666401,NA,NA
"2020-02-07",340.369995117188,340.739990234375,335.690002441406,336.75,5337800,334.75830078125,322.087176513672,NA,NA,324.73232950837,324.411386343149,56.5666833266446,0.0989309188059284,NA
"2020-02-10",337.220001220703,345.940002441406,336.320007324219,344.670013427734,5876400,342.631469726562,322.820315551758,NA,NA,327.486043388091,325.761022149328,61.3145163830863,0.5295358012392,NA
"2020-02-11",347.640014648438,348.070007324219,342.100006103516,344.420013427734,5311500,342.382934570312,323.526116943359,NA,NA,329.777872800741,326.992274921253,61.0875049265792,0.851884919959933,NA
"2020-02-12",346.420013427734,349.950012207031,345.850006103516,347.450012207031,4421500,345.39501953125,324.276652526856,NA,NA,332.180510759281,328.35544118866,62.8811757761038,1.16491737026614,NA
"2020-02-13",344.320007324219,347.890014648438,342.630004882812,342.820007324219,3783100,342.820007324219,325.025183105469,NA,NA,333.817356384656,329.426890532035,60.3212873843463,1.33275879377375,NA
"2020-02-14",342.299987792969,344.5,338,340.489990234375,4199800,340.489990234375,325.547863769531,NA,NA,334.843915438459,330.246379398875,58.0196343173178,1.3921533516742,NA
"2020-02-18",338.769989013672,339.989990234375,336.100006103516,338.880004882812,2904600,338.880004882812,326.380223083496,NA,NA,335.464852276051,330.8859072125,56.4177450705524,1.38384408756675,NA
"2020-02-19",338.119995117188,341.470001220703,335.859985351562,338.299987792969,4935700,338.299987792969,327.719393920898,NA,NA,335.901026970962,331.435098366608,55.8198163005977,1.34745192237109,NA
"2020-02-20",338.290008544922,341.239990234375,335.390014648438,336.279998779297,2807500,336.279998779297,329.174772644043,NA,NA,335.95933032609,331.793979878659,53.6858551795429,1.25540265949196,1.03965331390544
"2020-02-21",334.049987792969,334.660003662109,330.230010986328,330.380004882812,3709900,330.380004882812,329.898251342773,NA,NA,335.100972565586,331.689240990078,47.9230991490915,1.02859277718022,1.03744120656039
"2020-02-24",320,321.739990234375,316.329986572266,317.899993896484,6073200,317.899993896484,329.736285400391,NA,NA,332.454668154955,330.667815279442,38.5072245745265,0.54037701673606,0.938028368595527
"2020-02-25",318.260009765625,320.640014648438,303.630004882812,304.140014648438,8052500,304.140014648438,329.206912231445,NA,NA,328.098567615491,328.702793010478,31.2230739012323,-0.1838211928331,0.713658456309802
"2020-02-26",307,315.220001220703,304.059997558594,305.589996337891,6987300,305.589996337891,328.752026367188,NA,NA,324.63571049586,326.990733997694,32.6684626047937,-0.720211081531952,0.426884548741451
"2020-02-27",300.369995117188,301,284.290008544922,287.760009765625,10982400,287.760009765625,327.134257507324,NA,NA,318.962525768132,324.084754424948,25.5561542557789,-1.58052132563453,0.0254033738662544
"2020-02-28",278.070007324219,282.859985351562,269.600006103516,275.109985351562,15364300,275.109985351562,324.820365905762,NA,NA,312.215981088659,320.456993752846,21.9113367773376,-2.57164387884826,-0.494006076676649
"2020-03-02",279.540008544922,291.709991455078,274.290008544922,289.269989013672,11012300,289.269989013672,323.464486694336,NA,NA,308.685828461738,318.146845253647,33.3671372715587,-2.97378928411701,-0.989962718164722
"2020-03-03",292,297.440002441406,278.079986572266,280.619995117188,7499300,280.619995117188,321.788935852051,NA,NA,304.368007947192,315.367078576873,30.4302943089987,-3.48770413174234,-1.48951100088025
"2020-03-04",284.549987792969,285.910003662109,277.010009765625,283.119995117188,6986100,283.119995117188,320.141958618164,NA,NA,301.099082896422,312.978405728007,32.2853348401162,-3.79557267024636,-1.95072333475347
"2020-03-05",275.790008544922,276.309997558594,259.649993896484,260.369995117188,14669100,260.369995117188,316.780415344238,NA,NA,294.833069391925,309.081486423502,25.5966291259474,-4.60992251475533,-2.48256317075384
"2020-03-06",253.699996948242,264.290008544922,249.800003051758,262.329986572266,12861800,262.329986572266,312.926383972168,NA,NA,289.832595111977,305.618412360448,26.9998245439779,-5.1652049124097,-3.01909151908501
"2020-03-09",238,241.479995727539,224.369995117188,227.169998168945,11585500,227.169998168945,307.546968841553,NA,NA,280.19219558228,299.807418716633,19.7896851712976,-6.54260765738165,-3.72379474674434
"2020-03-10",237,237.830001831055,215,231.009994506836,13059600,231.009994506836,301.965895080567,NA,NA,272.625703109135,294.711313219611,22.2322659387564,-7.49398109940161,-4.4778320172758
"2020-03-11",222.990005493164,226.990005493164,187,189.080001831055,28503500,189.080001831055,294.300748443604,NA,NA,259.772518297122,286.886771635273,16.3701934594629,-9.45120375665902,-5.47250636515244
"2020-03-12",160.529998779297,189.850006103516,154.809997558594,154.839996337891,31734400,154.839996337891,284.772997283936,NA,NA,243.629053380318,277.105529020652,13.2888012304425,-12.0807678427231,-6.79415866066657
"2020-03-13",174.970001220703,178.279998779297,161.380004882812,170.199996948242,21168500,170.199996948242,276.141996765137,306.615308227539,NA,232.332275467691,269.186600718992,20.5166861218699,-13.6909954480886,-8.17352601815098
"2020-03-16",149.419998168945,151,128.759994506836,129.610000610352,26844400,129.610000610352,265.597997283936,302.580536804199,NA,216.528848566561,258.847593303537,16.5829129017329,-16.3489040778335,-9.80860163008748
"2020-03-17",132.509994506836,134.960006713867,101.25,124.139999389648,54492200,124.139999389648,254.860997009278,298.447498779297,NA,202.315179462421,248.86925301362,16.1339646339654,-18.7062375072307,-11.5881288055161
"2020-03-18",99.8600006103516,107.849998474121,89,101.889999389648,61943200,101.889999389648,243.040497589112,293.849977111816,NA,186.865151758917,237.981900893325,14.4234319889457,-21.4792591127848,-13.5663548669699
"2020-03-19",98.8000030517578,103.569999694824,90.3499984741211,97.7099990844727,40210600,97.7099990844727,231.11199760437,289.098473968506,NA,173.148974424387,227.591389648225,14.120550401243,-23.921122546853,-15.6373084029465
"2020-03-20",99.8499984741211,107,94.2799987792969,95.0100021362305,41370700,95.0100021362305,219.343497467041,284.410472106934,NA,161.127594072363,217.770546128818,13.9172541070337,-26.0103825165359,-17.7119232256644
"2020-03-23",98.75,114.48999786377,93.5599975585938,105.620002746582,46140100,105.620002746582,208.729497909546,279.835858001709,NA,152.587964637628,209.463098470875,18.8608730345816,-27.1528179657647,-19.6001021736844
"2020-03-24",123.680000305176,127.959999084473,116.129997253418,127.680000305176,43683100,127.680000305176,199.906497192383,275.830084228516,NA,148.755970124943,203.405091199342,28.1056864518242,-26.8671353072679,-21.0535088004011
"2020-03-25",154.899993896484,174.770004272461,141,158.729995727539,77826000,158.729995727539,192.563497161865,272.439346008301,NA,150.290435602265,200.095824868097,38.6936834000403,-24.8907688597017,-21.8209608122613
"2020-03-26",172.289993286133,186.479995727539,167.179992675781,180.550003051758,63267300,180.550003051758,187.202996826172,269.442659912109,NA,154.945753671418,198.647986215035,44.8413579280666,-21.999836684128,-21.8567359866346
"2020-03-27",172,172.919998168945,155.539993286133,162,47880200,162,181.547497558594,266.12567199707,NA,156.031022337354,195.933320569477,41.0707446142676,-20.3652437044131,-21.5584375301903
"2020-03-30",153.809997558594,153.809997558594,140.679992675781,152.279998779297,51052500,152.279998779297,174.697998046875,262.570544433594,NA,155.45394178996,192.699741177611,39.2102031603694,-19.3284117352921,-21.1124323712107
"2020-03-31",155,160.639999389648,149,149.139999389648,29954000,149.139999389648,168.123998260498,259.108688049316,NA,154.482566036066,189.473093637762,38.6018402749715,-18.4672804617797,-20.5834019893245
"2020-04-01",138.910003662109,144.380004882812,130,130.699996948242,41899700,130.699996948242,160.502998352051,255.492356567383,NA,150.823709253324,185.11953092002,35.1525007953279,-18.5263118895398,-20.1719839693676
"2020-04-02",128.509994506836,136.679992675781,120.019996643066,123.269996643066,42372400,123.269996643066,153.647998428345,251.814308013916,NA,146.584676544054,180.538083936542,33.840374522728,-18.8067839494867,-19.8989439653914
"2020-04-03",125,131.289993286133,122.5,124.519996643066,37347400,124.519996643066,146.757498931885,247.986499328613,NA,143.19011040544,176.388595988877,34.2847920269779,-18.821219930528,-19.6833991584187
"2020-04-06",133.699996948242,149.690002441406,129.210006713867,148.770004272461,51085500,148.770004272461,142.837499237061,244.53911315918,NA,144.048555615751,174.342774380254,42.3723201327605,-17.3762399228711,-19.2219673113092
"2020-04-07",162,164.800003051758,140.259994506836,141.580001831055,56699100,141.580001831055,138.365999603272,241.076163635254,NA,143.668778110413,171.915902339572,40.7702016970985,-16.4307803087144,-18.6637299107902
"2020-04-08",147.509994506836,154,144.550003051758,146.869995117188,41351000,146.869995117188,136.255499267578,237.719809265137,NA,144.161273034532,170.060649952729,42.4930362672107,-15.2294942571346,-17.9768827800591
"2020-04-09",154.710006713867,157.979995727539,150.089996337891,151.839996337891,37874200,151.839996337891,136.105499267578,234.354301452637,NA,145.342615081203,168.710971907185,44.1370787086271,-13.8511186094277,-17.1517299459328
"2020-04-13",155.5,156,146.259994506836,147.330001831055,26034100,147.330001831055,134.961999511719,230.873145141602,NA,145.648366888872,167.127196345991,42.9374871208316,-12.8517859012319,-16.2917411369926
"2020-04-14",150.509994506836,152.399993896484,140,141,33970500,141,135.531499481201,227.365393676758,NA,144.933233521354,165.19184846851,41.2431712313189,-12.2636892407061,-15.4861307577353
"2020-04-15",139,148.690002441406,132.899993896484,145.979995727539,39297600,145.979995727539,136.623499298096,224.002373352051,NA,145.094273860767,163.768748265475,43.1440037422824,-11.4029536175218,-14.6694953296926
"2020-04-16",141.460006713867,143.240005493164,134,134.240005493164,41364800,134.240005493164,138.240999603272,220.365982666016,NA,143.424386419597,161.581433986044,39.8694703849784,-11.2370877758243,-13.983013818919
"2020-04-17",149.410003662109,154,145,154,52389400,154,141.055499649048,216.893965454102,NA,145.051403893505,161.019846283375,47.1413813185382,-9.91706473360237,-13.1698240018556
"2020-04-20",147.210006713867,151.630004882812,142.5,143.610000610352,34983800,143.610000610352,143.485499572754,212.977953186035,NA,144.829649542251,159.730228085373,44.1200203663765,-9.3285902873424,-12.401577258953
"2020-04-21",139.009994506836,141.899993896484,135.449996948242,136.330001831055,27043800,136.330001831055,145.020999526978,209.009387207031,NA,143.522011432836,157.99687799246,42.084734719128,-9.16148897594992,-11.7535596023524
"2020-04-22",140.419998168945,140.820007324219,134.520004272461,134.970001220703,22734500,134.970001220703,145.385499572754,204.856157836914,NA,142.206317554046,156.291183416775,41.6977491606376,-9.01193884057349,-11.2052354499966
"2020-04-23",136.5,142.380004882812,136.050003051758,137.740005493164,25936400,137.740005493164,144.336000061035,200.763299255371,NA,141.519192621603,154.9170220891,42.8504301987295,-8.64839078806404,-10.6938665176101
"2020-04-24",137,137.570007324219,128.330001831055,128.979995727539,35884700,128.979995727539,141.757499694824,196.434998779297,NA,139.590085407132,152.995760877132,40.1471714640942,-8.76212216151961,-10.307517646392
"2020-04-27",129.970001220703,131.199996948242,123.830001831055,128.679992675781,34563000,128.679992675781,140.091499328613,192.152198486328,NA,137.911609602308,151.194592862217,40.0539783438438,-8.78535601601422,-10.0030853203164
"2020-04-28",133.880004882812,137.199996948242,127.73999786377,131.300003051758,37806900,131.300003051758,139.042499542236,187.968398742676,NA,136.894439363762,149.720919542924,41.3347504035844,-8.56692586334581,-9.71585342892231
"2020-04-29",138.080001831055,147.179992675781,135.25,139,60454400,139,138.535499572754,183.97079864502,NA,137.218371769337,148.926777354559,45.0505080896543,-7.86185385409046,-9.34505351395594
"2020-04-30",137.669998168945,144.649993896484,132.309997558594,141.020004272461,37876600,141.020004272461,139.051499938965,180.025198974609,NA,137.803238308279,148.341090459589,46.0165009382925,-7.10379849484825,-8.8968025101344
"2020-05-01",143.229995727539,143.710006713867,132.839996337891,133.369995117188,36613100,133.369995117188,139.556499862671,175.966998901367,NA,137.121200894265,147.232120434226,42.9379530260512,-6.86733269217413,-8.49090854654235
"2020-05-04",127.120002746582,131.5,124.349998474121,131.460006713867,30708900,131.460006713867,139.903500366211,171.988598937988,NA,136.250247943435,146.0638157142,42.1792279980039,-6.71868506431924,-8.13646385009773
"2020-05-05",132.880004882812,133.800003051758,125,125.400001525879,30621000,125.400001525879,138.735000228882,168.138599090576,NA,134.580979263811,144.533162811361,39.7775850791809,-6.88574397319413,-7.88631987471701
"2020-05-06",125.800003051758,126.860000610352,121.370002746582,121.860000610352,29627700,121.860000610352,137.749000167847,164.492998809814,NA,132.623905624817,142.85366931499,38.402026731481,-7.16100870158004,-7.74125764008962
"2020-05-07",122.809997558594,130.710006713867,122.360000610352,128.649993896484,29525000,128.649993896484,136.838000106812,160.954198760986,NA,132.012534589689,141.801545209915,42.508728552096,-6.90331731275237,-7.57366957462217
"2020-05-08",132.570007324219,135.550003051758,131.559997558594,133.440002441406,22695700,133.440002441406,135.918000411987,157.867798614502,NA,132.232145028415,141.182171671507,45.28027572454,-6.33934620577798,-7.32680490085333
"2020-05-11",130.919998168945,131,127.949996948242,128.910003662109,20055400,128.910003662109,134.99700050354,154.943798980713,NA,131.721046356675,140.27312218933,43.1611354617886,-6.09673164693048,-7.08079025006876
"2020-05-12",129.720001220703,133.119995117188,125.199996948242,125.220001220703,22579000,125.220001220703,134.208000564575,151.662799224854,NA,130.720885566526,139.158076191654,41.4590429365544,-6.06302620446395,-6.8772374409478
"2020-05-13",125,125.069999694824,119.330001831055,121.5,26002000,121.5,132.984000778198,148.48039932251,NA,129.30228778706,137.850070547827,39.7568703011415,-6.20078228962639,-6.74194641068352
"2020-05-14",118.980003356934,122.610000610352,113.889999389648,122.519996643066,37499200,122.519996643066,132.398000335693,145.268399353027,NA,128.258858380292,136.714509517845,40.4784739701064,-6.18489666340025,-6.63053646122686
"2020-05-15",118.330001831055,121.889999389648,117.779998779297,120,26756800,120,130.698000335693,142.460999450684,NA,126.988264783324,135.476397701708,39.2282828550302,-6.26539608550391,-6.55750838608227
"2020-05-18",126.180000305176,136.199996948242,125.800003051758,135.440002441406,43781800,135.440002441406,130.289500427246,139.923199768066,NA,128.288532115337,135.473701756501,49.5163759702117,-5.30373758744622,-6.30675422635506
"2020-05-19",137,137.039993286133,130.279998779297,130.440002441406,32373000,130.440002441406,129.995000457764,137.988599853516,NA,128.619527550116,135.100835140568,46.7559411026182,-4.79738528907526,-6.0048804388991
"2020-05-20",133.270004272461,135.449996948242,131.309997558594,133.320007324219,21835500,133.320007324219,129.912500762939,136.034800109863,NA,129.342678284594,134.968921968986,48.5356265356537,-4.16854754584579,-5.63761386028844
"2020-05-21",137,144.240005493164,136.149993896484,139,48263900,139,129.975500488281,135.033200073242,NA,130.828420086964,135.267520341654,51.9470188118376,-3.28171925047349,-5.16643493832545
"2020-05-22",141.009994506836,141.080001831055,135.779998779297,137.529998779297,21098800,137.529998779297,130.403000640869,134.68700012207,NA,131.859432193477,135.435111337035,51.0047172322804,-2.64014191612407,-4.66117633388518
"2020-05-26",145.210006713867,145.910003662109,142.610000610352,144.729995727539,30338300,144.729995727539,131.205500793457,134.177600097656,NA,133.839518891025,136.123621291887,55.2832856039011,-1.67796182557084,-4.06453343222231
"2020-05-27",149.139999389648,149.649993896484,141.240005493164,149.520004272461,32799900,149.520004272461,132.116500854492,134.575800170898,NA,136.2519012574,137.115945957115,57.9162631952706,-0.630156247461999,-3.37765799527025
"2020-05-28",156.100006103516,156.699996948242,149.050003051758,149.820007324219,34734300,149.820007324219,132.657501220703,135.08940032959,NA,138.339302190756,138.056987539863,58.0827363727107,0.204491388609718,-2.66122811849425
"2020-05-29",145.300003051758,152,142.940002441406,145.850006103516,33853900,145.850006103516,132.899001312256,135.968600463867,NA,139.494795100412,138.634248174208,54.9831128515362,0.620731844790856,-2.00483612583723
"2020-06-01",145.449996948242,153.550003051758,144.550003051758,151.389999389648,27127300,151.389999389648,133.800001525879,137.042200469971,NA,141.324826529525,139.579118634611,58.325349002142,1.25069416685735,-1.35373006729832
"2020-06-02",154,155.850006103516,151.809997558594,153.309997558594,24780500,153.309997558594,134.892501068115,138.208200378418,NA,143.168698995536,140.596220777128,59.4490202857202,1.82969229484853,-0.717045594868947
"2020-06-03",157.100006103516,173.779998779297,155.490005493164,173.160003662109,66486400,173.160003662109,137.280501174927,139.559000396729,NA,147.782745867316,143.008352842682,68.8117557157894,3.33854137169585,0.0940717984440115
"2020-06-04",181.279998779297,188.600006103516,177.399993896484,184.300003051758,67155600,184.300003051758,140.402501296997,140.69140045166,NA,153.400785434153,146.06699359891,72.6309390199075,5.02084122808826,1.07942568437286
"2020-06-05",205,218.789993286133,197.360000610352,205.429992675781,99846000,205.429992675781,144.241501235962,141.625400390625,NA,161.405278855942,150.46425278979,78.1071551018109,7.271511912825,2.31784293006329
"2020-06-08",222.940002441406,234.199996948242,218.929992675781,230.5,80902800,230.5,149.094501113892,142.62440032959,NA,172.035235955028,156.392826657213,82.5646528986391,10.0019992170747,3.85467418746558
"2020-06-09",222.139999389648,227,213.080001831055,216.740005493164,66688700,216.740005493164,153.486001205444,143.719200439453,NA,178.912892807049,160.862988052468,73.6955683958541,11.2206698216332,5.32787331429911
"2020-06-10",211.169998168945,213.029998779297,197.399993896484,203.410003662109,90384900,203.410003662109,157.395501327515,144.741800537109,NA,182.681679092443,164.014618838368,66.2689462220787,11.3813392893174,6.53856650930276
"2020-06-11",179.350006103516,192.179992675781,166.009994506836,170,103212800,170,159.820501327515,145.159000549316,NA,180.730651539759,164.457980405896,52.0979190373577,9.89472878950668,7.20979896534354
"2020-06-12",187.149993896484,191.300003051758,176.259994506836,189.509994506836,89550100,189.509994506836,163.170001220703,146.335200500488,NA,182.08131968854,166.313685154114,57.7761655611347,9.48065970627474,7.66397111352978
"2020-06-15",177.179992675781,193.229995727539,175.889999389648,190.940002441406,78612900,190.940002441406,166.717001342774,147.688600616455,NA,183.444193958212,168.137856805024,58.1675817801255,9.10344490172568,7.95186587116896
"2020-06-16",207.149993896484,208.300003051758,192.600006103516,197.770004272461,76496900,197.770004272461,169.833501434326,149.153600769043,NA,185.648164775789,170.332830691501,60.0714284857855,8.99141640640386,8.15977597821594
"2020-06-17",194.520004272461,196.429992675781,191.25,192.539993286133,53085400,192.539993286133,172.938500976563,150.029000549316,NA,186.708446085072,171.977805698511,57.8984645568149,8.56543106055532,8.24090699468382
"2020-06-18",188.240005493164,198.029998779297,187.199996948242,192.289993286133,60849900,192.289993286133,175.887000274658,151.043200378418,NA,187.567145654466,173.482412186483,57.7908513085641,8.118825009675,8.21649059768206
"2020-06-19",197.899993896484,197.960006713867,184.570007324219,187.020004272461,67262100,187.020004272461,178.288000488281,151.846200561523,NA,187.482970057235,174.485196785444,55.451133365481,7.44921260442133,8.06303499902991
"2020-06-22",184.559997558594,188.699996948242,181.899993896484,188.520004272461,53901500,188.520004272461,180.83750076294,152.579800720215,NA,187.642513782654,175.524812154853,55.9972066039993,6.90369724886009,7.83116744899595
"2020-06-23",189.300003051758,190.119995117188,183.550003051758,187.880004882812,50281300,187.880004882812,182.995001220703,153.39080078125,NA,187.679050874986,176.440011616183,55.683578943208,6.36989260874214,7.53891248094519
"2020-06-24",183.610000610352,185.199996948242,176.070007324219,176.690002441406,56534800,176.690002441406,184.35350112915,154.104600830078,NA,185.988428039051,176.458529455089,50.3714594584373,5.40064490698806,7.11125896615376
"2020-06-25",169.869995117188,177.5,169.589996337891,174.880004882812,57335700,174.880004882812,185.60650100708,154.682601013184,NA,184.279439861168,176.341601708994,49.5480800235621,4.50139846482356,6.58928686588772
"2020-06-26",173.419998168945,173.850006103516,167.600006103516,170.009994506836,50644400,170.009994506836,186.814500427246,155.398000793457,NA,182.084140575886,175.872593768093,47.3073935964626,3.53184465794782,5.97779842429974
"2020-06-29",181,194.5,176.270004272461,194.490005493164,78499900,194.490005493164,188.969500732422,156.20780090332,NA,183.992735178544,177.251661303284,57.6699985408835,3.80310899525291,5.54286053849038
"2020-06-30",188.020004272461,188.490005493164,180.380004882812,183.300003051758,65493100,183.300003051758,190.46900100708,157.001600952148,NA,183.886161005192,177.699686617986,52.5797281400597,3.48142110149381,5.13057265109106
"2020-07-01",185.880004882812,190.610000610352,180.039993286133,180.320007324219,49036700,180.320007324219,190.827001190186,157.881401062012,NA,183.33752197735,177.893784448077,51.2815852525986,3.06010552654379,4.71647922618161
"2020-07-02",185.580001831055,187.789993286133,180.429992675781,180.809997558594,41792300,180.809997558594,190.652500915527,158.798200988769,NA,182.948672066773,178.109800234041,51.4936455004991,2.71679145469421,4.31654167188413
"2020-07-06",184.520004272461,189.360000610352,181.600006103516,187.910003662109,49471700,187.910003662109,189.776501464844,159.801600952148,NA,183.71195385067,178.835741228713,54.5788251681038,2.72664322492526,3.99856198249236
"2020-07-07",185.070007324219,185.070007324219,178.649993896484,178.880004882812,37105300,178.880004882812,187.195501708984,160.799601135254,NA,182.968577086385,178.839020017905,50.2051757429824,2.30909175641072,3.66066793727603
"2020-07-08",179.050003051758,181.580001831055,175.509994506836,180.080001831055,38116200,180.080001831055,185.362501525879,161.827601318359,NA,182.524180893257,178.930944596657,50.7697601387672,2.00816929944652,3.33016820971013
"2020-07-09",179.669998168945,180.75,172.809997558594,173.279998779297,33514500,173.279998779297,183.856001281738,162.66720123291,NA,181.101999029571,178.512356017593,47.484214003746,1.45067998078636,2.95427056392537
"2020-07-10",171.699996948242,179.330001831055,169.75,178.440002441406,40955600,178.440002441406,184.278001403809,163.456001281738,NA,180.69246109293,178.506996493431,50.1219856733344,1.22430192789618,2.60827683671953
"2020-07-13",180.199996948242,183.25,174.360000610352,175.649993896484,43364700,175.649993896484,183.585001373291,164.148601074219,NA,179.916696908861,178.295366671435,48.6977035667773,0.909350740680748,2.26849161751178
"2020-07-14",177,181.300003051758,173.410003662109,179.960006713867,39256200,179.960006713867,183.036001586914,165.080401306152,NA,179.923359955785,178.418673341245,51.0135075975409,0.843345926949279,1.98346247939928
"2020-07-15",185.539993286133,189.529998779297,181.25,187.940002441406,48044800,187.940002441406,182.544501495361,166.210001220703,NA,181.156689568958,179.123956978294,55.058531049193,1.13481894044476,1.81373377160837
"2020-07-16",184.320007324219,184.589996337891,177.339996337891,178.699996948242,35050000,178.699996948242,181.852501678467,167.27600112915,NA,180.778736858078,179.092552531623,49.9185564580043,0.941515603311971,1.63929013794909
"2020-07-17",178.410003662109,181.100006103516,175.550003051758,175.660003662109,26170500,175.660003662109,181.021002197266,168.352001190185,NA,179.991239443314,178.8382896524,48.3202836694563,0.64468844627994,1.44036979961526
"2020-07-20",175.130004882812,176.570007324219,171.619995117188,174.419998168945,25294300,174.419998168945,180.39100189209,169.267401275635,NA,179.134125401103,178.511008801774,47.6501083227346,0.349063401474203,1.22210851998705
"2020-07-21",178.429992675781,182.649993896484,176.75,178.630004882812,40740500,178.630004882812,179.896501922607,170.171201324463,NA,179.056568398289,178.519823326295,50.1767014576564,0.300664129054695,1.03781964180058
"2020-07-22",176.429992675781,182.949996948242,175.389999389648,179.789993286133,29790300,179.789993286133,179.492001342773,171.188801116943,NA,179.169402996419,178.613909989987,50.8801496242728,0.311002097464463,0.892456132933357
"2020-07-23",178,182.5,175.419998168945,176.449996948242,29587200,176.449996948242,179.480001068115,172.213401031494,NA,178.751032835161,178.453620135043,48.7460434451793,0.166661062909879,0.747297118928661
"2020-07-24",175.679992675781,181.100006103516,173.600006103516,173.759994506836,28548000,173.759994506836,179.424000549316,173.258600921631,NA,177.98318078465,178.105944162583,47.0349273061254,-0.0689271649583545,0.584052262151258
"2020-07-27",173.190002441406,174.139999389648,169,170.210006713867,30243800,170.210006713867,179.434001159668,174.212401123047,NA,176.787307850683,177.521059907123,44.7999333497856,-0.413332399448019,0.384575329831403
"2020-07-28",168.5,173.740005493164,168.229995727539,170.839996337891,25349100,170.839996337891,178.251500701904,175.229201049805,NA,175.872336848715,177.026166309402,45.2967092839503,-0.651784696433055,0.177303324578511
"2020-07-29",172.899993896484,173.009994506836,162.25,166.009994506836,51709600,166.009994506836,177.387000274658,175.840600891113,NA,174.355053411503,176.210153583286,42.1637230896457,-1.05277711531314,-0.0687127633998194
"2020-07-30",162.880004882812,164.550003051758,160.639999389648,161.949996948242,29140000,161.949996948242,176.468499755859,176.47080078125,NA,172.446583186386,175.153845684394,39.6793353470853,-1.54564833414278,-0.364099877548411
"2020-07-31",161.550003051758,163.399993896484,156.259994506836,158,30263100,158,175.32799987793,176.964400634766,NA,170.224031926942,173.883190448513,37.3721415193152,-2.10437737663566,-0.712155377365861
"2020-08-03",156.509994506836,163.580001831055,153.410003662109,162.270004272461,38520500,162.270004272461,174.045999908447,177.429800720215,NA,169.000335364714,173.022954435472,41.3427547753291,-2.32490485663158,-1.034705273219
"2020-08-04",164.630004882812,167.399993896484,163.009994506836,165.070007324219,30853500,165.070007324219,173.355500030518,177.980600891113,NA,168.39566951233,172.433847242046,43.8564065391087,-2.34187069087839,-1.29613835675088
"2020-08-05",167.600006103516,174.979995727539,166.399993896484,174.279998779297,46189200,174.279998779297,173.06549987793,178.571600952148,NA,169.300950938017,172.570599207768,51.2557360956452,-1.89467283810845,-1.41584525302239
"2020-08-06",172.800003051758,175.570007324219,170.600006103516,172.199996948242,32921600,172.199996948242,173.011499786377,179.025200805664,NA,169.746958016513,172.543147188544,49.6638154351379,-1.62057387823977,-1.45679097806587
"2020-08-07",171.5,171.860000610352,168.699996948242,170.020004272461,19318000,170.020004272461,172.59049987793,179.429200744629,NA,169.788965132813,172.356247713278,47.9817943714657,-1.48952104407386,-1.46333699126747
"2020-08-10",171.360000610352,179.789993286133,171.330001831055,179.410003662109,35857700,179.410003662109,172.778500366211,180.100400695801,NA,171.269124906551,172.878748153933,55.0444759481521,-0.931070628732455,-1.35688371876047
"2020-08-11",184.509994506836,189.970001220703,179.529998779297,180.130004882812,61036600,180.130004882812,172.787000274658,180.675200805664,NA,172.632337210591,173.415878281998,55.5429099303843,-0.451827756010015,-1.17587252621038
"2020-08-12",184.009994506836,184.149993896484,173.190002441406,175.440002441406,40674400,175.440002441406,172.162000274658,181.11780090332,NA,173.064285707639,173.565813404917,51.534713775577,-0.288955346354558,-0.998489090239212
"2020-08-13",173.619995117188,179.470001220703,172.429992675781,174.729995727539,22958800,174.729995727539,171.963500213623,181.149200744629,NA,173.320548787624,173.652049132518,50.9354547333241,-0.190899184058246,-0.836971109003019
"2020-08-14",173.089996337891,179.470001220703,172.350006103516,178.080001831055,32414100,178.080001831055,172.08450012207,181.024800720215,NA,174.052772332767,173.980045628706,53.6727346960712,0.0418017501938817,-0.661216537163639
"2020-08-17",178.240005493164,178.289993286133,171.410003662109,172.009994506836,23352100,172.009994506836,171.963999938965,180.356400756836,NA,173.738498821086,173.834115915975,48.4034019213635,-0.0550047925781616,-0.539974188246544
"2020-08-18",172.009994506836,173.240005493164,169.009994506836,170.229995727539,21488500,170.229995727539,171.543999481201,179.151000671387,NA,173.198729114386,173.567144050165,46.9478334797854,-0.212260758103255,-0.474431502217886
"2020-08-19",170.440002441406,174.100006103516,169.089996337891,169.270004272461,25601500,169.270004272461,171.018000030518,178.201600646973,NA,172.594309907936,173.248837399965,46.141926687624,-0.377796181406809,-0.455104438055671
"2020-08-20",168.539993286133,170.839996337891,165.860000610352,169.580001831055,23213400,169.580001831055,170.674500274658,177.525000610351,NA,172.1305702038,172.977071802268,46.4615296592924,-0.489372140277022,-0.461957978499941
"2020-08-21",168.350006103516,170.080001831055,167.270004272461,167.5,16945900,167.5,170.361500549317,177.475000610351,NA,171.418174787831,172.571362779878,44.5511948938988,-0.668238329622117,-0.503214048724376
"2020-08-24",168.779998779297,178.270004272461,167.929992675781,178.270004272461,39317100,178.270004272461,170.764500427246,177.250200805664,NA,172.472302400851,172.993484371921,54.8930079731141,-0.301272601660041,-0.462825759311509
"2020-08-25",180.460006713867,180.630004882812,172.440002441406,174.729995727539,31318500,174.729995727539,170.959000396729,176.926000671387,NA,172.819639835726,173.122114842707,51.4933975069586,-0.174717717176653,-0.405204150884538
"2020-08-26",173.800003051758,174.429992675781,171.350006103516,171.899993896484,16189800,171.899993896484,171.253500366211,176.408600463867,NA,172.678155845074,173.031587365209,48.8868179343027,-0.204258381673272,-0.365014997042285
"2020-08-27",174.710006713867,181.309997558594,173.559997558594,174.199996948242,29548100,174.199996948242,171.866000366211,176.041800537109,NA,172.912285245561,173.118136223212,51.0552792276789,-0.118907806045987,-0.315793558843025
"2020-08-28",175.110000610352,177.279998779297,172.570007324219,175.800003051758,20383900,175.800003051758,172.756000518799,175.712000732422,NA,173.356549523437,173.316793025326,52.5629763240903,0.0229386301334289,-0.248047121047735
"2020-08-31",174.649993896484,175.270004272461,171.699996948242,171.820007324219,16264300,171.820007324219,173.233500671387,175.408000793457,NA,173.120158415865,173.205920010429,48.5561702914078,-0.0495142397897608,-0.20834054479614
"2020-09-01",170.710006713867,175.490005493164,169.25,172.100006103516,18977300,172.100006103516,173.585000610352,175.079600830078,NA,172.963211906273,173.124000461769,48.8515692092769,-0.092874792095321,-0.185247394255976
"2020-09-02",172.740005493164,175,171.449996948242,174.779998779297,16552100,174.779998779297,173.610000610352,174.817600708008,NA,173.242717579046,173.246667003808,51.7097967149523,-0.00227965410850572,-0.148653846226482
"2020-09-03",175,180.850006103516,168.119995117188,168.770004272461,27799400,168.770004272461,173.438500976563,174.659200744629,NA,172.554607839571,172.915062357042,45.5610905172355,-0.208457558616881,-0.160614588704562
"2020-09-04",171.309997558594,172.830001831055,164,171.050003051758,18867300,171.050003051758,173.490000915527,174.582600708008,NA,172.323130179908,172.77690981591,48.0832006371307,-0.262639050834579,-0.181019481130565
"2020-09-08",165.800003051758,166.899993896484,160.5,161.080001831055,22622700,161.080001831055,172.573500823975,174.404000854492,NA,170.593418126238,171.910472187402,39.4715876595556,-0.766127882964585,-0.298041161497369
"2020-09-09",161.610000610352,163.059997558594,157,160.779998779297,21951400,160.779998779297,171.606000518799,173.729800720215,NA,169.083661303632,171.08599267569,39.2438275630278,-1.17036546402383,-0.472506022002661
"2020-09-10",160.960006713867,163.779998779297,157.570007324219,157.690002441406,14532600,157.690002441406,170.718500518799,173.217600708008,NA,167.330790709443,170.09369710278,36.8831430985495,-1.62434378251402,-0.702873574104931
"2020-09-11",158,161.360000610352,156.320007324219,160.229995727539,14722400,160.229995727539,169.993500518799,172.815800476074,NA,166.238360712227,169.363052556466,40.0742360157699,-1.84496665422189,-0.931292190128323
"2020-09-14",161.75,165.940002441406,158.899993896484,165.350006103516,17228400,165.350006103516,169.357000732422,172.506600646973,NA,166.101690772425,169.065789856248,46.0008170977619,-1.75322227302318,-1.09567820670729
"2020-09-15",166.649993896484,168.839996337891,163.330001831055,163.490005493164,14881700,163.490005493164,168.931001281738,172.018200683594,NA,165.699893037154,168.652768792316,44.287268313216,-1.7508611191539,-1.22671478919662
"2020-09-16",161.949996948242,170.570007324219,160.309997558594,167.460006713867,21851400,167.460006713867,168.792501831055,171.789800720215,NA,165.970679756649,168.564416045764,48.6813524338317,-1.53872113104289,-1.28911605756587
"2020-09-17",164.630004882812,168.460006713867,161.050003051758,167.529998779297,19717800,167.529998779297,168.705501556397,171.53880065918,NA,166.210574990902,168.487792544544,48.7580854225975,-1.35156234125379,-1.30160531430345
"2020-09-18",165.660003662109,169.720001220703,161.020004272461,161.139999389648,22057100,161.139999389648,168.283501434326,171.296000671387,NA,165.430486436863,167.943511570107,42.5088992698411,-1.49635142778062,-1.34055453699889
"2020-09-21",157.830001831055,158.830001831055,154.199996948242,156.350006103516,23125300,156.350006103516,167.726001739502,170.854200744629,NA,164.033489462502,167.084733387397,38.5230884056012,-1.8261656005521,-1.43767674970953
"2020-09-22",156.809997558594,160.070007324219,154.949996948242,156.800003051758,17768900,156.800003051758,166.652501678467,170.477200927734,NA,162.920645399311,166.322901510683,39.1007956228037,-2.04557284683595,-1.55925596913481
"2020-09-23",157.330001831055,160.419998168945,150.889999389648,151.179992675781,18247500,151.179992675781,165.475001525879,169.901600646973,NA,161.114391134152,165.201204559949,34.7134149003249,-2.47383996786423,-1.7421727688807
"2020-09-24",150.289993286133,150.309997558594,145.020004272461,146.050003051758,27098100,146.050003051758,164.182501983643,169.06380065918,NA,158.79679296763,163.782597040824,31.2648376513839,-3.04415985780915,-2.00257018666639
"2020-09-25",146.850006103516,156.309997558594,146.419998168945,156.029998779297,29123000,156.029998779297,163.274002075195,168.610400695801,NA,158.371132323271,163.208330502933,43.1063002628662,-2.96381818547871,-2.19481978642885
"2020-09-28",160.330001831055,168,159.199996948242,166.080001831055,38868200,166.080001831055,162.78800201416,168.41880065918,NA,159.557112247546,163.421046897609,52.0624742445992,-2.36440453871545,-2.22873673688617
"2020-09-29",164.770004272461,165.5,162.009994506836,163.600006103516,19874700,163.600006103516,162.377001953125,168.202400817871,NA,160.179095917695,163.434303135083,49.9719552870252,-1.99175274403569,-2.18133993831607
"2020-09-30",164.5,170.979995727539,164.110000610352,165.259994506836,38436700,165.259994506836,162.035001373291,167.935000610351,NA,160.960772623717,163.569539532991,51.3792648294275,-1.59489775218712,-2.06405150109028
"2020-10-01",170.149993896484,172.759994506836,165.570007324219,167.860000610352,30677100,167.860000610352,161.689001464844,167.696400756836,NA,162.022192313968,163.887351464647,53.5817784216158,-1.13807388673408,-1.87885597821904
"2020-10-02",161.860000610352,169.779998779297,161.800003051758,168.080001831055,31773800,168.080001831055,161.654501342774,167.529000854492,NA,162.954163008905,164.197918158455,53.7726019543825,-0.75747315404483,-1.6545794133842
"2020-10-05",169.490005493164,172.080001831055,167.509994506836,171.199996948242,19082100,171.199996948242,161.662001037598,167.47780090332,NA,164.222752845726,164.716590661403,56.5035341233489,-0.299810610269347,-1.38362565276123
"2020-10-06",173.039993286133,175.559997558594,159.330001831055,159.539993286133,47132500,159.539993286133,161.585000610352,167.264400634766,NA,163.502328298096,164.333139003975,45.6497874803834,-0.50556492191085,-1.20801350659115
"2020-10-07",163.710006713867,166.339996337891,162.380004882812,164.610000610352,26019100,164.610000610352,161.776500701905,167.139800720215,NA,163.672739423059,164.353647271114,50.1351084760035,-0.414294333810838,-1.04926967203509
"2020-10-08",166.220001220703,168.089996337891,163.539993286133,168,20598600,168,162.292000579834,167.179600830078,NA,164.338471819511,164.623747473254,52.9321101580429,-0.173289490806416,-0.874073635789356
"2020-10-09",169.929992675781,170,166.820007324219,167.330001831055,17406000,167.330001831055,162.64700088501,167.287200927734,NA,164.798707205902,164.824210759017,52.3076258403851,-0.0154731838223454,-0.702353545395954
"2020-10-12",167.75,169.199996948242,165.949996948242,167.350006103516,12176600,167.350006103516,162.74700088501,167.474201049805,NA,165.191214728612,165.011306710461,52.3257109182605,0.109027691336694,-0.540077298049424
"2020-10-13",165.360000610352,165.529998779297,162.089996337891,162.139999389648,15182600,162.139999389648,162.679500579834,167.471600952148,NA,164.721796984156,164.79861727929,47.2954448113643,-0.0466146478665941,-0.441384768012858
"2020-10-14",162.699996948242,165.169998168945,162.490005493164,163.240005493164,10505500,163.240005493164,162.468500518799,167.435000915527,NA,164.493829062465,164.683164554392,48.4228363568257,-0.114969549218313,-0.376101724253949
"2020-10-15",161.009994506836,164.539993286133,158.729995727539,164.240005493164,13226800,164.240005493164,162.304000854492,167.234201049805,196.649677581787,164.454779282573,164.650337957264,49.4808046073391,-0.118772106463516,-0.324635800695863
"2020-10-16",171.220001220703,173.419998168945,167.270004272461,167.350006103516,31780600,167.350006103516,162.614501190186,167.13720123291,195.829684753418,164.900198793487,164.850313375505,52.7283910603063,0.0302610392184599,-0.253656432712998
"2020-10-19",169.089996337891,170.839996337891,166.110000610352,167.110000610352,16519600,167.110000610352,163.152500915528,167.079001159668,195.011275253296,165.240168303774,165.017697615123,52.4481833141992,0.134816260235171,-0.175961894123364
"2020-10-20",168.289993286133,169.289993286133,166.179992675781,167.240005493164,12319900,167.240005493164,163.674501037598,166.835601196289,194.188644866943,165.54783556368,165.182313013496,52.5951374032717,0.221284315200143,-0.0965126522586629
"2020-10-21",166.440002441406,167.630004882812,163.820007324219,163.860000610352,11450600,163.860000610352,164.308501434327,166.51020111084,193.331519088745,165.288168647783,165.084363946597,48.4066080776174,0.123454878653773,-0.0525191460761758
"2020-10-22",164.699996948242,169.630004882812,164.100006103516,169.070007324219,14238200,169.070007324219,165.45950164795,166.382801208496,192.529818649292,165.86998998262,165.379596789384,54.4307290632883,0.296525812588921,0.0172898456568436
"2020-10-23",169.990005493164,170.259994506836,166.050003051758,167.360000610352,10024200,167.360000610352,166.026001739502,166.235401306152,191.694865112305,166.099222386886,165.526293368715,52.2733610003246,0.346125685842158,0.0830570136939065
"2020-10-26",164.949996948242,165.5,159.050003051758,160.830001831055,16151100,160.830001831055,165.763501739502,165.890401306152,190.859171676636,165.288573070604,165.178419921481,44.9471094072237,0.0666873730698292,0.0797830855690911
"2020-10-27",159.160003662109,160.25,155,155.240005493164,15491900,155.240005493164,165.345501708985,165.555001525879,189.99403717041,163.742639597152,164.442241074939,39.8041524276706,-0.425439031488095,-0.0212613378423462
"2020-10-28",153,153.949996948242,148,148.139999389648,20279800,148.139999389648,164.489501953125,165.113201599121,189.082815628052,161.342233411382,163.234667616769,34.4174638161592,-1.15933351230855,-0.248875772735586
"2020-10-29",148.029998779297,150.100006103516,146.600006103516,148.289993286133,14554300,148.289993286133,163.511001586914,164.693601379394,188.185018615723,159.334196469036,162.127654703388,34.6187649213,-1.72299922518638,-0.543700463225746
"2020-10-30",147.199996948242,149.169998168945,141.580001831055,144.389999389648,15374700,144.389999389648,162.326501464844,164.189801330566,187.256786727905,157.035089226053,160.813754309778,31.8788584593963,-2.34971510984425,-0.904903392549447
"2020-11-02",145.75,149.589996337891,143.380004882812,148.600006103516,13854600,148.600006103516,161.196501922608,163.811801452637,186.388622665405,155.737384130278,159.909032220425,37.6184849284176,-2.6087632651022,-1.24567536706
"2020-11-03",151.830001831055,154.820007324219,150.639999389648,153.649993896484,12249800,153.649993896484,160.902001953125,163.319401245117,185.599289779663,155.416247171233,159.445399751985,43.7417130551751,-2.52697950961231,-1.50193619557046
"2020-11-04",153.169998168945,155.399993896484,151.169998168945,151.630004882812,11344700,151.630004882812,160.253002166748,162.857401428223,184.821577682495,154.83374835763,158.866481613528,41.9672051759443,-2.53844185062804,-1.70923732658198
"2020-11-05",152.479995727539,157.630004882812,152.100006103516,157.089996337891,12328300,157.089996337891,159.707501983643,162.561201477051,184.027475509644,155.180863431516,158.734890111629,48.096448456087,-2.23897006991556,-1.81518387524869
"2020-11-06",156.330001831055,158.470001220703,154.520004272461,157.740005493164,8995600,157.740005493164,159.228002166748,162.232001647949,183.210478973389,155.574577594847,158.661194954706,48.789876482273,-1.94541416427635,-1.84122993305422
"2020-11-09",179,184.460006713867,172.160003662109,179.360000610352,49014400,179.360000610352,159.82850189209,162.303201599121,182.533641586304,159.233873443386,160.194439818087,65.3645749839357,-0.59962529023585,-1.59290900449055
"2020-11-10",182.800003051758,193.949996948242,180.380004882812,188.690002441406,46404300,188.690002441406,161.156002044678,162.640601501465,181.903653030396,163.765585596927,162.305222234629,69.893189766334,0.899763631873385,-1.09437447721776
"2020-11-11",189.889999389648,190,180.410003662109,182.149993896484,29907800,182.149993896484,162.101501464844,162.841601257324,181.213826065064,166.593956104552,163.775205320692,63.6143260175071,1.72110960162728,-0.531277661448754
"2020-11-12",178.949996948242,184.589996337891,176.25,176.720001220703,20288400,176.720001220703,162.725501251221,162.880401306152,180.490486984253,168.151809199344,164.734079091063,58.8844230295497,2.07469524650774,-0.0100830798574551
"2020-11-13",179,187.270004272461,178.710006713867,187.110000610352,19724500,187.110000610352,163.713500976563,163.24720123291,179.844099121094,171.068454031807,166.391554759159,64.3469648183222,2.81077923661295,0.554089383436626
"2020-11-16",194.559997558594,202.940002441406,191.350006103516,202.399993896484,40562800,202.399993896484,165.478000640869,163.874201049805,179.285444030762,175.888690934065,169.058846547109,70.5481820679056,4.03992132115534,1.25125577098037
"2020-11-17",200.25,211.199996948242,196.050003051758,210.050003051758,38299300,210.050003051758,167.618500518799,164.853601074219,178.755396347046,181.14427741371,172.095228510416,73.0718186046671,5.25816373970296,2.05263736472489
"2020-11-18",223.020004272461,223.020004272461,203,203.300003051758,65990700,203.300003051758,169.590500640869,165.704001159668,178.133892059326,184.552850588794,174.406693291256,67.5701305922625,5.81752747332576,2.80561538644506
"2020-11-19",200.449996948242,209.440002441406,199.899993896484,205.669998168945,34236100,205.669998168945,171.420500183106,166.663601074219,177.465188980103,187.801642524202,176.722493652567,68.4678246242541,6.26923525276686,3.49833935970942
"2020-11-20",204.589996337891,206.580001831055,199.169998168945,199.619995117188,18230900,199.619995117188,173.033499908447,167.451401062012,176.789497451782,189.619850615431,178.418604872168,63.6259841456278,6.27807046876518,4.05428558152057
"2020-11-23",203.240005493164,214.210006713867,201.869995117188,211.529998779297,28372400,211.529998779297,175.568499755859,168.375000915527,176.133990097046,192.990642640641,180.871300717141,68.368271407401,6.70053340438637,4.58353514609373
"2020-11-24",219.429992675781,222.949996948242,215.759994506836,218.490005493164,31132000,218.490005493164,178.730999755859,169.475000915527,175.51452545166,196.913621541029,183.657871441291,70.7668536469153,7.21763243563227,5.11035460400144
"2020-11-25",217.710006713867,221,213.089996337891,217.610000610352,19254100,217.610000610352,182.204499816895,170.478000793457,174.875600357056,200.097679859386,186.172843972332,70.0436500718451,7.47952042303421,5.58418776780799
"2020-11-27",218.25,219.929992675781,216.039993286133,216.5,9970200,216.5,185.615000152588,171.457400817871,174.244000320435,202.621113727173,188.419299974382,69.0846142408068,7.5373455663631,5.97481932751902
"2020-11-30",215.699996948242,217.779998779297,208.520004272461,210.710006713867,16501900,210.710006713867,188.931000518799,172.448800964355,173.595100402832,203.865558802049,190.070463436566,64.1505376130986,7.25788484757777,6.23143243153077
"2020-12-01",214.309997558594,218.089996337891,213,213.009994506836,15754200,213.009994506836,192.151499938965,173.582000732422,172.965750350952,205.272395064324,191.769687960289,65.213380176573,7.04110605156254,6.39336715553712
"2020-12-02",213.009994506836,224.990005493164,210.300003051758,223.850006103516,25912300,223.850006103516,195.661500549317,174.923000793457,172.393500442505,208.130489070354,194.146007822751,69.763353156998,7.20307432763192,6.55530858995608
"2020-12-03",228.300003051758,242,226.529998779297,237.199996948242,45945100,237.199996948242,199.940000152588,176.643400878906,171.89810043335,212.602721051567,197.335192202417,74.2332029397985,7.73685052258177,6.79161697648122
"2020-12-04",236.360000610352,238.179992675781,230.25,232.710006713867,29378400,232.710006713867,203.721000671387,178.376600952148,171.409750442505,215.696149614998,199.955548832895,70.4604874438821,7.87205000010176,7.00770358120533
"2020-12-07",238.5,244.080001831055,237.110000610352,238.169998168945,33246700,238.169998168945,207.742500305176,180.019400939941,171.011100463867,219.153664777144,202.786248783713,72.3038330768322,8.07126523203634,7.22041591137153
"2020-12-08",238.699996948242,241.699996948242,234.460006713867,236.570007324219,19682000,236.570007324219,210.603000640869,181.429201049805,170.673250427246,221.833102092078,205.288749416343,70.9074469781733,8.05906447517091,7.38814562413141
"2020-12-09",238.639999389648,240.839996337891,228.279998779297,232.059997558594,19043600,232.059997558594,212.771500396729,182.798400878906,170.30560043335,223.406470625388,207.271804834288,66.9806519390317,7.78430322638446,7.46737714458202
"2020-12-10",228.100006103516,237.009994506836,228.020004272461,234.429992675781,16185000,234.429992675781,215.385500335693,184.181800842285,170.0389503479,225.10239709468,209.283522452176,67.9840369458581,7.55858581562165,7.48561887878995
"2020-12-11",232.820007324219,236.220001220703,228.330001831055,230.330001831055,17311800,230.330001831055,218.066000366211,185.431200866699,169.815050430298,225.906643977199,210.842520924686,64.3414488158732,7.14472725257078,7.41744055354611
"2020-12-14",235,237.630004882812,228.369995117188,228.619995117188,19231200,228.619995117188,220.141500091553,186.642000732422,169.511800460815,226.32408261412,212.159370864871,62.8294005773191,6.67644879012728,7.26924220086235
"2020-12-15",230,232.5,224.360000610352,229.5,18993700,229.5,221.496500396729,187.808000793457,169.25620048523,226.812685288871,213.443861911918,63.3072890556577,6.26339087814594,7.06807193631906
"2020-12-16",229.330001831055,232.369995117188,225.300003051758,225.869995117188,17858400,225.869995117188,222.2875,189.134600830078,168.96995048523,226.667656031689,214.364316223419,59.8869735283412,5.73945329382475,6.8023482078202
"2020-12-17",227.240005493164,228.490005493164,220.529998779297,221.240005493164,17465600,221.240005493164,223.18450012207,190.267200927734,168.774300537109,225.832632871916,214.873626539696,55.749715540921,5.10021006705299,6.46192057966676
"2020-12-18",222.050003051758,223.460006713867,218.610000610352,219.75,19092800,219.75,223.888500213623,191.302200927734,168.561400604248,224.896843199313,215.234839388608,54.4461292573983,4.48905197604224,6.06734685894186
"2020-12-21",212.339996337891,219.429992675781,211.100006103516,219.309997558594,18726500,219.309997558594,224.873000335693,192.341800842285,168.522100601196,224.037328485357,215.536702956755,54.0442473090274,3.94393410124085,5.64266430740166
"2020-12-22",223.279998779297,223.889999389648,217.699996948242,218.779998779297,13280000,218.779998779297,225.235500335694,193.370400695801,168.460950622559,223.228508530578,215.776947091758,53.5316847638172,3.45336308593309,5.20480406310794
"2020-12-23",219.550003051758,224.399993896484,219.320007324219,219.690002441406,10869000,219.690002441406,225.295500183106,194.521400756836,168.61400062561,222.684122978398,216.066803043584,54.3325457749149,3.06262685502836,4.77636862149203
"2020-12-24",219.619995117188,219.880004882812,216.050003051758,217.149993896484,6398500,217.149993896484,225.272499847412,195.599600524902,168.925550613403,221.832718504257,216.147039403058,51.6564508814782,2.6304681835577,4.34718853390516
"2020-12-28",218.190002441406,219.199996948242,215.160003662109,216.089996337891,9090600,216.089996337891,225.251999664307,196.636600341797,169.155000610352,220.949222786355,216.142813990823,50.537755675576,2.22371898782419,3.92249462468897
"2020-12-29",218.300003051758,221.679992675781,215.399993896484,216.25,14593800,216.25,225.528999328613,197.614600219726,169.5882006073,220.226265434608,216.150753695207,50.7112736820689,1.88549503979429,3.51509470771003
"2020-12-30",216.360000610352,218.550003051758,214.369995117188,216.669998168945,10812600,216.669998168945,225.711999511719,198.605800170898,170.050850601196,219.679147393737,216.189216248817,51.1952619948278,1.61429473933752,3.13493471403553
"2020-12-31",216.240005493164,216.899993896484,212.699996948242,214.059997558594,10487600,214.059997558594,225.222499084473,199.542200012207,170.611700592041,218.814662803715,216.031496345838,48.0384128807027,1.2883151322628,2.76561079768098
"2021-01-04",210,210.199996948242,202.490005493164,202.720001220703,21225600,202.720001220703,223.498499298096,200.319400024414,171.136750602722,216.338561021713,215.045459669902,37.2817543122699,0.601315346902065,2.3327517075252
"2021-01-05",204.740005493164,213.350006103516,204.600006103516,211.630004882812,19338300,211.630004882812,222.444499206543,201.170599975586,171.719850616455,215.614167769574,214.792463019006,47.2720679696221,0.382557534383987,1.94271287289696
"2021-01-06",210.220001220703,215.610000610352,209.339996337891,211.029998779297,16202200,211.029998779297,221.087499237061,202.043999938965,172.246900596619,214.908911001839,214.513761964213,46.7322290555124,0.184206847154345,1.59101166774843
"2021-01-07",213.389999389648,216.600006103516,211.779998779297,212.710006713867,14474100,212.710006713867,219.894499206543,203.081600036621,172.672050628662,214.570618034459,214.380150464187,48.5054434828463,0.0888457116292374,1.2905784765246
"2021-01-08",213.610000610352,214.100006103516,208.160003662109,209.899993896484,14144000,209.899993896484,218.786499023438,204.174799804687,172.927900619507,213.852060474771,214.048287014728,45.7614792945327,-0.0916739595041571,1.01412798931884
"2021-01-11",203.029998779297,207.779998779297,201.009994506836,206.789993286133,16770300,206.789993286133,217.404499053955,205.347799682617,173.059100570679,212.765588599596,213.510635627424,42.870884227248,-0.348950779730239,0.741512235509028
"2021-01-12",206.649993896484,209.059997558594,204.809997558594,208.410003662109,12836200,208.410003662109,216.308499145508,206.550199890137,173.291150588989,212.095498609213,213.132811037401,44.8259617339237,-0.486697671343539,0.495870254138515
"2021-01-13",207.149993896484,208.789993286133,204.850006103516,207.210006713867,8570500,207.210006713867,215.237999725342,207.806600036621,173.565800628662,211.343884471467,212.694084791213,43.6347579163518,-0.634808589562463,0.269734485398319
"2021-01-14",208.789993286133,214.190002441406,208.210006713867,209.910003662109,12446800,209.910003662109,214.258499908447,209.032799987793,173.869650650024,211.123287423874,212.487856559428,47.0446019325893,-0.642186879593454,0.0873502123999645
"2021-01-15",208.960006713867,209.25,204.199996948242,204.320007324219,11103300,204.320007324219,213.181000518799,210.046200256348,174.237750701904,210.076628947004,211.882830690153,41.4532746578207,-0.8524530927145,-0.100610448622928
"2021-01-19",206.990005493164,211.520004272461,206.520004272461,210.710006713867,11947200,210.710006713867,212.654500579834,211.227800292969,174.674950752258,210.174071680367,211.795954840058,48.9259991580575,-0.765776268444429,-0.233643612587229
"2021-01-20",213.240005493164,215.589996337891,211.210006713867,211.449996948242,9727000,211.449996948242,212.239500427246,212.315000305176,175.109600753784,210.370367875425,211.770328329553,49.7262524645769,-0.661074884839075,-0.319129867037598
"2021-01-21",211.720001220703,211.929992675781,206.339996337891,207.410003662109,11091300,207.410003662109,211.644500732422,213.308400268555,175.402800750732,209.914927227223,211.44734131715,45.5317427040839,-0.724726109291041,-0.400249115488286
"2021-01-22",205.550003051758,206.699996948242,204.270004272461,205.839996337891,7514600,205.839996337891,210.997500610352,213.838000183105,175.724100723267,209.28801478271,211.031982429797,43.9791828470083,-0.826399689282808,-0.485479230247191
"2021-01-25",203.270004272461,203.800003051758,199.300003051758,203.360000610352,14276200,203.360000610352,210.181000518799,214.131400146484,176.006550750732,208.376012602347,210.463687480209,41.5680157354324,-0.991940653922896,-0.586771514982332
"2021-01-26",205.339996337891,208.350006103516,201.789993286133,202.059997558594,11011800,202.059997558594,209.426500701904,214.529600219726,176.257650756836,207.404317980231,209.841191930459,40.3201150013558,-1.16129437114314,-0.701676086214494
"2021-01-27",196.899993896484,199.470001220703,191.850006103516,194.029998779297,20948500,194.029998779297,208.323500823975,214.875800170898,176.491150741577,205.346730410857,208.669992437781,33.6085176376674,-1.59259220173441,-0.879859309318477
"2021-01-28",198.050003051758,200.419998168945,196,197.229995727539,10403200,197.229995727539,207.372500610352,215.078200073242,176.772300720215,204.098001998039,207.822585274059,38.0351009971607,-1.79219369786432,-1.06232618702765
"2021-01-29",198.300003051758,201.570007324219,193.119995117188,194.190002441406,13683700,194.190002441406,206.248500823975,214.914000244141,177.013350753784,202.573694373941,206.812764323492,35.6063055526552,-2.04971388657624,-1.25980372693737
"2021-02-01",196,197.380004882812,192.860000610352,195.839996337891,9061900,195.839996337891,205.337500762939,214.629800109863,177.321350708008,201.537740829934,205.999966694929,37.9233225845515,-2.16612941088662,-1.44106886372722
"2021-02-02",198.979995727539,203.029998779297,198.089996337891,200.940002441406,11130600,200.940002441406,205.248500823975,214.582600097656,177.556050720215,201.445781077852,205.625154528001,44.5631592720616,-2.03252051517846,-1.55935919401746
"2021-02-03",202,208.160003662109,201.259994506836,207.389999389648,11836900,207.389999389648,205.036500549316,214.61700012207,177.874950714111,202.360276202744,205.755883777012,51.6123174135837,-1.65030885724184,-1.57754912666234
"2021-02-04",209.869995117188,212.479995727539,208.020004272461,210.639999389648,11869900,210.639999389648,205.017000579834,214.837400207519,178.246500701904,203.63407976996,206.117670118689,54.7355515937008,-1.20493810516045,-1.50302692236196
"2021-02-05",212.25,213.199996948242,206.660003662109,207.929992675781,9546100,207.929992675781,204.77799987793,214.765400085449,178.61130065918,204.294989447779,206.251916234029,51.7367968240949,-0.948804172093143,-1.3921823723082
"2021-02-08",209.550003051758,211.990005493164,208.300003051758,211.949996948242,11182100,211.949996948242,204.880500030518,214.634599914551,178.982350616455,205.472682909388,206.673996286934,55.6209001371274,-0.581260051640753,-1.22999790817471
"2021-02-09",210.600006103516,216.729995727539,208.899993896484,215.119995117188,13615700,215.119995117188,205.29700012207,214.584799804687,179.413050613403,206.956884787511,207.299625829916,58.4598631475729,-0.165336064178634,-1.01706553937549
"2021-02-10",215.649993896484,217.490005493164,211.119995117188,211.919998168945,11510700,211.919998168945,205.472499847412,214.493199768066,179.829250640869,207.720440692347,207.641875632807,54.6587059813669,0.0378368088331138,-0.806085069733773
"2021-02-11",212.240005493164,213.990005493164,208.570007324219,210.660003662109,7140200,210.660003662109,205.644999694824,214.492199707031,180.226050643921,208.172681149234,207.865440672014,53.1921148284952,0.147807387426302,-0.615306578301758
"2021-02-12",210.360000610352,213.160003662109,209.669998168945,210.979995727539,6010800,210.979995727539,205.698499298096,214.451599731445,180.585950622559,208.604575699742,208.096148453905,53.5331102597691,0.244323236933841,-0.443380615254638
"2021-02-16",213.080001831055,217.399993896484,212.330001831055,217.179992675781,10171100,217.179992675781,206.341498565674,214.318199462891,180.966750564575,209.923870619133,208.769025803674,59.6644388723433,0.553168656611569,-0.244070760881397
"2021-02-17",215.520004272461,218.710006713867,212.679992675781,215.520004272461,9276000,215.520004272461,206.581998443604,213.884599609375,181.377500610352,210.784814258106,209.269098282843,57.4776432137914,0.724290393421945,-0.0503985300207284
"2021-02-18",213.449996948242,214.339996337891,208.080001831055,208.479995727539,9121300,208.479995727539,206.433498382568,213.399999389648,181.76260055542,210.430226791865,209.210646241709,49.2357657265573,0.582943828177274,0.076269941618872
"2021-02-19",209.970001220703,217.639999389648,209.149993896484,217.470001220703,12415300,217.470001220703,206.936498260498,212.985999450684,182.222950553894,211.513269011686,209.822450314227,57.5973996049349,0.805833072164974,0.222182567728092
"2021-02-22",211.889999389648,220.389999389648,210.800003051758,212.880004882812,21413700,212.880004882812,207.288498687744,212.512199401855,182.678050575256,211.723536068783,210.048935837826,52.8141740001567,0.79724290164902,0.337194634512278
"2021-02-23",214.149993896484,214.75,206.600006103516,212.119995117188,15996700,212.119995117188,207.726498413086,212.113399353027,183.09540058136,211.784529768537,210.202347636298,52.0434907426554,0.752694796243381,0.420294666858499
"2021-02-24",212.100006103516,229.610000610352,211.600006103516,229.339996337891,30709300,229.339996337891,209.090498352051,212.011599426269,183.574900550842,214.485370779207,211.619951243823,64.6354274948776,1.35404035325701,0.607043804138202
"2021-02-25",227.800003051758,228.5,214.710006713867,216.449996948242,19283000,216.449996948242,210.211498260498,211.733999328613,184.012600517273,214.787620959059,211.977732407113,53.3442982463153,1.3255583593794,0.750746715186441
"2021-02-26",218.509994506836,220.660003662109,211.289993286133,212.009994506836,12838400,212.009994506836,210.950498199463,211.401799316406,184.446550483704,214.360293812563,211.980122192278,50.0979036845403,1.12282774237009,0.825162920623171
"2021-03-01",219.600006103516,226.979995727539,219.020004272461,224.389999389648,18735400,224.389999389648,212.460498046875,211.299599304199,184.961000480652,215.903325439807,212.899372355046,57.8080884920516,1.4109731989961,0.942324976297757
"2021-03-02",224.789993286133,227.190002441406,222.149993896484,223.139999389648,11114400,223.139999389648,213.825498199463,211.244999389648,185.464100494385,217.016659893628,213.657937320572,56.8529358647506,1.57200926638963,1.06826183431613
"2021-03-03",226.360000610352,235.399993896484,225.039993286133,228.559997558594,30426000,228.559997558594,215.206497955322,211.391399230957,186.006900482178,218.792557995931,214.7617936345,59.9434551730301,1.87685355631322,1.22998017871555
"2021-03-04",232.729995727539,237.100006103516,218.699996948242,224.710006713867,26645100,224.710006713867,216.072498321533,211.490599365234,186.45325050354,219.702934721767,215.498698307045,56.8295888449255,1.95093355447165,1.37417085386677
"2021-03-05",229.009994506836,229.919998168945,213.800003051758,223.220001220703,20026600,223.220001220703,216.701498413086,211.568799438477,186.917150497437,220.24402187545,216.07064667102,55.6252653885409,1.93148642294934,1.48563396768328
"2021-03-08",226.669998168945,229.889999389648,223.710006713867,224.029998779297,13836800,224.029998779297,217.506498718262,211.673799438476,187.370700454712,220.826479860657,216.66022830867,56.1690538652101,1.92294247288025,1.57309566872268
"2021-03-09",226.809997558594,234.059997558594,222.580001831055,230.610000610352,21001200,230.610000610352,218.439498901367,211.892199401855,187.828750457764,222.331636899072,217.693544775461,60.4130348405389,2.13056024623699,1.68458858422554
"2021-03-10",233.809997558594,246.800003051758,232.880004882812,245.339996337891,27753400,245.339996337891,219.950498962402,212.455999450684,188.367800445557,225.871384505044,219.741430076382,67.9049371144533,2.7896216141539,1.90559519021121
"2021-03-11",248.770004272461,256.649993896484,246.550003051758,252,30139200,252,221.954499053955,213.174199523926,188.904150466919,229.891171504268,222.130953774428,70.6129596525691,3.49353280034999,2.22318271223897
"2021-03-12",253.860000610352,269.720001220703,253.5,269.190002441406,35264300,269.190002441406,224.88099899292,214.232999572754,189.502500457764,235.937145494597,225.616809231241,76.195785206961,4.57427631324139,2.69340143243945
"2021-03-15",274.149993896484,278.570007324219,264.329986572266,265.630004882812,34816700,265.630004882812,227.613499450684,215.212199707031,190.081550445557,240.505277708168,228.580749649876,73.0986100114225,5.2167682871622,3.198074803384
"2021-03-16",263.230010986328,264.170013427734,254.020004272461,255.210006713867,28785800,255.210006713867,229.515000152588,216.035199890137,190.628350448608,242.767543709045,230.553287210172,64.7964912984624,5.29780192972871,3.61802022865294
"2021-03-17",254.699996948242,263.609985351562,253.679992675781,263.589996337891,23785500,263.589996337891,231.918499755859,217.25259979248,191.18935043335,245.970997959637,233.000450849262,67.9491694035096,5.56674764495027,4.00776571191241
"2021-03-18",261.320007324219,267.369995117188,254.729995727539,256.059997558594,24595500,256.059997558594,234.297499847412,218.141199645996,191.70310043335,247.523151744092,234.708565420324,62.5301666271359,5.45978639544717,4.29816984861936
"2021-03-19",257.75,258.880004882812,251.309997558594,255.820007324219,17330800,255.820007324219,236.215000152588,219.036999816894,192.11640045166,248.799591064111,236.272375931723,62.35947155055,5.30202275360707,4.4989404296169
"2021-03-22",255.820007324219,257.670013427734,250.160003662109,251.229995727539,15230000,251.229995727539,238.132499694824,219.807399597168,192.451050415039,249.173499473869,237.38034776845,59.0399008364949,4.96804045334138,4.5927604343618
"2021-03-23",249.259994506836,251.300003051758,239.429992675781,241.25,21358200,241.25,239.588999938965,220.434399719238,192.63015045166,247.954499554813,237.666988674491,52.4963984706296,4.32854008783325,4.53991636505609
"2021-03-24",243.75,248.800003051758,239.059997558594,239.240005493164,24055100,239.240005493164,240.084000396729,221.083399963379,192.673850479126,246.613808160713,237.783508438837,51.2640687700732,3.71358795227252,4.37465068249938
"2021-03-25",234.339996337891,247.580001831055,231.699996948242,247.190002441406,27553600,247.190002441406,241.621000671387,221.858999938965,192.826100463867,246.702453434666,238.480285772361,55.6941830521061,3.44773474070439,4.18926749414038
"2021-03-26",249.619995117188,250.899993896484,240.300003051758,244.869995117188,17157100,244.869995117188,243.264000701904,222.612199707031,193.033400421143,246.420536770438,238.953597575681,54.1473274854625,3.12484903785222,3.97638380288275
"2021-03-29",251.300003051758,254.710006713867,248.029998779297,250.520004272461,22198800,250.520004272461,244.570500946045,223.424399719238,193.436000442505,247.051224078442,239.81036844211,57.2605711954057,3.01940891187122,3.78498882468044
"2021-03-30",251.240005493164,253.5,248.910003662109,252.009994506836,12577300,252.009994506836,246.014000701904,224.378199462891,193.748500442505,247.814111836656,240.714044446904,58.0691111546013,2.9495858482484,3.61790822939404
"2021-03-31",254.699996948242,257.880004882812,253.360000610352,254.720001220703,14138500,254.720001220703,247.32200088501,225.258399353027,194.067400436401,248.876556357279,241.751522726445,59.5673352172835,2.94725491301104,3.48377756611744
"2021-04-01",256.670013427734,257.880004882812,251.309997558594,252.960006713867,10934500,252.960006713867,248.73450088501,226.08859954834,194.343350448608,249.504779489062,242.581780799587,58.1150335986262,2.85388237593742,3.35779852808143
"2021-04-05",256.559997558594,260.480010986328,256.25,259.359985351562,13750300,259.359985351562,250.541500091553,227.127599182129,194.677450408936,251.020965006369,243.8246107664,61.7655583480534,2.95144703291004,3.27652822904716
"2021-04-06",257.209991455078,259.350006103516,254.660003662109,255.169998168945,11180300,255.169998168945,252.098500061035,228.11419921875,194.99185043335,251.659277800612,244.665009833255,58.1898412467623,2.85871198833185,3.19296498090409
"2021-04-07",255.309997558594,255.899993896484,250.830001831055,252.580001831055,9925700,252.580001831055,253.19700012207,229.098599243164,195.319650421143,251.800927651449,245.251305536796,56.0305424352368,2.67057584069439,3.08848715286215
"2021-04-08",251.699996948242,254.949996948242,249.309997558594,254.949996948242,9899900,254.949996948242,253.677500152588,230.156399230957,195.651800384522,252.285399850956,245.969727122829,57.5816858800134,2.56766261523433,2.98432224533659
"2021-04-09",250.509994506836,252.839996337891,249.440002441406,252.360000610352,12255900,252.360000610352,253.695500183105,231.322999267578,195.974200363159,252.296876890863,246.443080714497,55.2863047888456,2.37531366650423,2.86252052957012
"2021-04-12",250.570007324219,251.550003051758,246.289993286133,249.520004272461,10383600,249.520004272461,252.712000274658,232.368799438476,196.338350372314,251.869665718801,246.67100097805,52.8008019921023,2.10752975426303,2.7115223745087
"2021-04-13",248.330001831055,254.490005493164,246.100006103516,253.270004272461,15901400,253.270004272461,252.094000244141,233.550399475098,196.730300369263,252.085102419364,247.159816036895,55.6368724705763,1.9927537014081,2.56776863988858
"2021-04-14",255.320007324219,258.369995117188,251.279998779297,252.429992675781,12661800,252.429992675781,251.954999542236,234.682199401855,197.142400360107,252.138162458813,247.550199491628,54.8419333791951,1.8533465037019,2.42488421265124
"2021-04-15",253.559997558594,254.119995117188,249.429992675781,251.110000610352,9479000,251.110000610352,251.330999755859,235.685599365234,197.425500335693,251.979983712896,247.813888463385,53.5472049796911,1.6811387268661,2.27613511549422
"2021-04-16",252,253.050003051758,246.229995727539,248.179992675781,14606000,248.179992675781,250.936999511719,236.501399230957,197.749900283814,251.395369707186,247.841007293933,50.6867038315531,1.43413007075037,2.10773410654545
"2021-04-19",247,247,242.220001220703,244.149993896484,9249300,244.149993896484,250.353498840332,237.171599121094,198.069050216675,250.280696505539,247.567598894122,46.9700894074699,1.09590173493497,1.90536763222335
"2021-04-20",241.029998779297,241.089996337891,232.339996337891,234.059997558594,19483600,234.059997558594,249.494998931885,237.69419921875,198.335300216675,247.785204359856,246.567035832231,39.2166450730669,0.494051657600125,1.62310443729871
"2021-04-21",232.220001220703,236.759994506836,230.220001220703,235.919998168945,12847000,235.919998168945,249.228498840332,238.173599243164,198.575350189209,245.959788022792,245.778366375691,41.1453286687335,0.0738151407613463,1.31324657799123
"2021-04-22",235.960006713867,239.649993896484,233.380004882812,234.330001831055,13854400,234.330001831055,248.982998657227,238.557799377441,198.85260017395,244.17059014714,244.930339372385,39.9775508431211,-0.310189920608095,0.988559278271369
"2021-04-23",233.889999389648,238.580001831055,233.110000610352,238.380004882812,11533100,238.380004882812,248.542498779297,239.086999511719,199.144100189209,243.279730875705,244.445129410194,44.3130307751765,-0.476752610003239,0.695496900616447
"2021-04-26",240.240005493164,244.649993896484,240.100006103516,241.440002441406,10599600,241.440002441406,248.370999145508,239.702599487305,199.48490020752,242.996695731967,244.222527412506,47.4042145548581,-0.501932271984373,0.456011066096283
"2021-04-27",241.880004882812,243.490005493164,239.410003662109,242.470001220703,10583300,242.470001220703,247.96849899292,240.332399597168,199.805050201416,242.915665807157,244.092710657558,48.4416722123273,-0.482212208316213,0.268366411213784
"2021-04-28",239,239.649993896484,232.850006103516,235.460006713867,19054100,235.460006713867,247.140999603271,240.69799987793,200.104100265503,241.768641331266,243.453251106173,42.3229465411722,-0.691964378069576,0.076300253357112
"2021-04-29",237,237.679992675781,231.800003051758,235.940002441406,12296100,235.940002441406,246.201999664307,241.106399841309,200.384000244141,240.871927655903,242.896714168042,42.8552054129911,-0.833599795318107,-0.105679756377932
"2021-04-30",233.679992675781,236.770004272461,232.699996948242,234.309997558594,10380400,234.309997558594,245.269499206543,241.62299987793,200.615850219727,239.862399948625,242.260661085861,41.4561184893798,-0.98995071114174,-0.282533947330694
"2021-05-03",234.110000610352,237.100006103516,233.809997558594,235.190002441406,9887800,235.190002441406,244.061000061035,241.977399902344,200.898300247192,239.143569562899,241.736908593679,42.5466478168756,-1.07279399156183,-0.44058595617692
"2021-05-04",235.75,236.649993896484,225.649993896484,233.630004882812,17807200,233.630004882812,242.984000396728,242.392399902344,201.188150253296,238.295328842886,241.136397207689,41.0855851844437,-1.17819972335265,-0.588108709612065
"2021-05-05",232.449996948242,233.490005493164,227.559997558594,228.179992675781,14913500,228.179992675781,241.763999938965,242.713599853516,201.45695022583,236.739123278716,240.176663538659,36.3846915714843,-1.43125489766407,-0.756737947222466
"2021-05-06",229.300003051758,231.169998168945,226.550003051758,229.809997558594,11857100,229.809997558594,240.506999969482,242.72299987793,201.712850189209,235.673103937158,239.40876235495,38.6457496274025,-1.56036829272495,-0.917464016322962
"2021-05-07",229.800003051758,235.910003662109,227.990005493164,235.470001220703,12823000,235.470001220703,239.6625,243.103399963379,201.991250228882,235.641857365396,239.117002270932,45.84373955856,-1.45332405162825,-1.02463602338402
"2021-05-10",236.839996337891,241.100006103516,232.5,232.929992675781,14813900,232.929992675781,238.832999420166,243.521799926758,202.27365020752,235.224647413148,238.658705263884,43.3839453549066,-1.43889905333189,-1.10748862937359
"2021-05-11",226.559997558594,230.130004882812,223.850006103516,228.880004882812,16273200,228.880004882812,237.613499450683,243.611600036621,202.549250259399,234.248548562327,237.934357087508,39.7239974600585,-1.5490862985482,-1.19580816320851
"2021-05-12",227.25,229.740005493164,220.630004882812,220.779998779297,14931200,220.779998779297,236.030999755859,243.564400024414,202.802100219727,232.176463980322,236.663663879492,33.6158885909772,-1.89602401383219,-1.33585133333325
"2021-05-13",223,229.270004272461,219.070007324219,222.639999389648,16503400,222.639999389648,234.607499694824,243.446000061035,203.061100234985,230.709315581757,235.624873917282,36.0476596736472,-2.08617972024909,-1.48591701071642
"2021-05-14",225.990005493164,228.809997558594,224.350006103516,228.470001220703,10162400,228.470001220703,233.62200012207,243.521199951172,203.373400268555,230.364805680056,235.094883347165,43.0852454105259,-2.0119866497152,-1.59113093851617
"2021-05-17",226.240005493164,228.259994506836,223.580001831055,227.979995727539,9559300,227.979995727539,232.813500213623,243.616399841309,203.703550262451,229.997911841207,234.5678546346,42.6603242589431,-1.94823915685773,-1.66255258218449
"2021-05-18",227.25,232.270004272461,226.429992675781,227.550003051758,10081100,227.550003051758,232.488000488281,243.686799926758,204.05130027771,229.621310488984,234.048013776612,42.26639361604,-1.89136545796634,-1.70831515734086
"2021-05-19",223.179992675781,225.119995117188,220.279998779297,224.419998168945,13162700,224.419998168945,231.913000488281,243.56299987793,204.362050247192,228.821108593594,233.334827435303,39.4133549503689,-1.93443854538203,-1.75353983494909
"2021-05-20",225.130004882812,228.440002441406,223.770004272461,227.649993896484,9218900,227.649993896484,231.579000091553,243.209199829101,204.674950180054,228.640937101731,232.91372865465,43.6411706224559,-1.83449536341175,-1.76973094064162
"2021-05-21",232.899993896484,236.300003051758,231.389999389648,234.820007324219,16579000,234.820007324219,231.401000213623,242.865599975586,204.977650222778,229.591563289806,233.054934482025,51.6986803868394,-1.48607503201631,-1.71299975891656
"2021-05-24",235.139999389648,238.5,232.600006103516,237.440002441406,10106000,237.440002441406,231.201000213623,242.230599975586,205.303850250244,230.799015466975,233.379754330868,54.2713973138121,-1.10581094375236,-1.59156199588372
"2021-05-25",240,243.779998779297,239.229995727539,240.740005493164,12908000,240.740005493164,231.114500427246,241.732799987793,205.657450256348,232.328398547927,233.924958120668,57.3526254251257,-0.682509290828692,-1.40975145487272
"2021-05-26",241.699996948242,242.490005493164,239.869995117188,241.369995117188,7240200,241.369995117188,231.409999847412,241.455999755859,205.967250213623,233.719413404737,234.476442342632,57.9353415366526,-0.322859273337817,-1.19237301856574
"2021-05-27",248.110000610352,252.600006103516,247.190002441406,250.699996948242,18404400,250.699996948242,232.147999572754,241.198199768066,206.32010017395,236.331810872968,235.678187128233,65.4618963621507,0.277337394987454,-0.898430935855098
"2021-05-28",247.479995727539,248.979995727539,245.369995117188,247.020004272461,11197400,247.020004272461,232.783499908447,241.017399902344,206.678000183105,237.976148319044,236.518321731509,60.8380434561175,0.616369411410633,-0.595470866401952
"2021-06-01",253,255.639999389648,251.520004272461,254.729995727539,13562800,254.729995727539,233.760499572754,240.99559967041,207.078000183106,240.553663304966,237.867334620104,66.2213524724077,1.12933904487247,-0.250508884147068
"2021-06-02",255.600006103516,258.399993896484,254.619995117188,255.619995117188,10820400,255.619995117188,234.859999084473,241.083399658203,207.465700149536,242.871560506847,239.182346508777,66.7888825886003,1.54242737890955,0.108078368464256
"2021-06-03",252.979995727539,254.800003051758,249.690002441406,250.320007324219,10402000,250.320007324219,235.966999816895,241.264799804687,207.857250213623,244.017475401827,240.007358421032,60.2923892979393,1.67083084751107,0.420628864273619
"2021-06-04",251.509994506836,251.800003051758,248.490005493164,249.919998168945,8799000,249.919998168945,236.972499847412,241.478399658203,208.25570022583,244.925555827537,240.741628031988,59.8194591020914,1.73793283270192,0.684089657959279
"2021-06-07",251.5,253.199996948242,248.809997558594,252.660003662109,10606000,252.660003662109,237.831999969483,241.587799682617,208.672650222778,246.11547087901,241.624470671257,62.0172536801409,1.85866944489397,0.919005615346216
"2021-06-08",256.260009765625,256.309997558594,250,252.759994506836,15113900,252.759994506836,238.823500061035,241.74559967041,209.088550186157,247.137705283291,242.449324288707,62.0987275971275,1.93375708855394,1.12195590998776
"2021-06-09",251.199996948242,253.169998168945,247.910003662109,248.059997558594,10693200,248.059997558594,239.782499694824,241.696399536133,209.49135017395,247.279596402568,242.864929716106,56.0164045212162,1.81774564636519,1.26111385726325
"2021-06-10",251.720001220703,255.139999389648,248.100006103516,248.339996337891,14519200,248.339996337891,241.160499572754,241.622999572754,209.841700134277,247.442734854156,243.270490206609,56.2910675646381,1.71506401948072,1.35190388970674
"2021-06-11",250.350006103516,251.119995117188,245.779998779297,247.279998779297,9934200,247.279998779297,242.392499542236,241.474199523926,210.204450149536,247.417698534947,243.567490841623,54.8935281815932,1.58075598677836,1.39767430912106
"2021-06-14",246.440002441406,249.199996948242,244.399993896484,245.139999389648,9344400,245.139999389648,243.225999450684,241.317799377441,210.570650177002,247.067283281824,243.683972956291,52.0822257168632,1.388400839205,1.39581961513785
"2021-06-15",245.360000610352,248.509994506836,244.940002441406,246.539993286133,10630900,246.539993286133,244.153999328613,241.061399536133,210.932350158691,246.986161744026,243.895530017761,53.7509568049003,1.26719490350633,1.37009467281155
"2021-06-16",245.25,246.059997558594,241.550003051758,242.270004272461,10529200,242.270004272461,244.889999389649,240.803399658203,211.264700164795,246.260599056093,243.775120703294,48.233672675012,1.01957834976261,1.29999140820176
"2021-06-17",241.960006713867,243.5,237.330001831055,239.220001220703,10774400,239.220001220703,245.629999542236,240.536199645996,211.601700134277,245.17743015834,243.437704445324,44.7039299331382,0.714649243419352,1.18292297524528
"2021-06-18",237.789993286133,239.309997558594,235.800003051758,237.350006103516,11965000,237.350006103516,246.115000152588,240.184199829101,211.927950134277,243.973211072983,242.986763827413,42.64344299379,0.405967481533565,1.02753187650293
"2021-06-21",238.660003662109,245.619995117188,237.25,245.279998779297,15301800,245.279998779297,246.637999725342,240.04259979248,212.280450134277,244.174255335493,243.156633083108,52.6172587593116,0.418504829369382,0.905726467076224
"2021-06-22",244.5,244.630004882812,241.080001831055,243.779998779297,10042500,243.779998779297,246.954999542236,239.927799682617,212.655500106812,244.113600480693,243.202808319863,50.8171780862912,0.374499031126652,0.79948097988631
"2021-06-23",244.800003051758,246.869995117188,243.169998168945,243.570007324219,9874700,243.570007324219,247.096499633789,239.733799743652,213.018100128174,244.029970764313,243.230008246111,50.5564215974629,0.328891374863582,0.705363058881764
"2021-06-24",245.199996948242,250.740005493164,243.699996948242,250.570007324219,13755600,250.570007324219,247.556500244141,239.696600036621,213.46555015564,245.036130235067,243.773711881527,58.247513854345,0.517864844325122,0.667863415970436
"2021-06-25",250.75,252.300003051758,248.25,248.380004882812,9625800,248.380004882812,247.440500640869,239.64200012207,213.903550186157,245.550572488567,244.114918770511,55.3468190673572,0.588105686160678,0.651911870008484
"2021-06-28",244.729995727539,245.080001831055,238.880004882812,239.960006713867,18152000,239.960006713867,247.087500762939,239.477600402832,214.31490020752,244.690485446305,243.807147507056,45.8854909261883,0.362310107920005,0.593991517590789
"2021-06-29",243.740005493164,244.369995117188,235.660003662109,235.759994506836,16743900,235.759994506836,246.139000701904,239.309800415039,214.692550201416,243.31656376331,243.211062099632,42.0262383927083,0.0433786451846219,0.483868943109555
"2021-06-30",236.240005493164,241.169998168945,236,239.559997558594,12089100,239.559997558594,245.336000823975,239.419800415039,215.063600158691,242.738630501046,242.94061287437,46.417308922502,-0.0831406371022969,0.370467027067185
"2021-07-01",240.360000610352,241.800003051758,238.610000610352,239.729995727539,9516200,239.729995727539,244.806500244141,239.496000366211,215.444800109863,242.275763612814,242.702789382012,46.6121257840423,-0.175945966787316,0.261184428296285
"2021-07-02",239.550003051758,240.110000610352,233.470001220703,236.679992675781,15706600,236.679992675781,244.144499969482,239.543000183105,215.790900039673,241.414875776347,242.256656292662,43.5525822008861,-0.347474669714432,0.139452608694141
"2021-07-06",236.850006103516,237.169998168945,233.470001220703,236.139999389648,11045800,236.139999389648,243.318499755859,239.498200073242,216.133950042725,240.60335633224,241.803570596142,43.0142591809974,-0.496359198064467,0.0122902473424198
"2021-07-07",235.169998168945,238.009994506836,230.520004272461,231.779998779297,11497000,231.779998779297,242.269499969482,239.305,216.487150039673,239.24591670871,241.061083794894,38.8398982310923,-0.752990510790441,-0.140765904284152
"2021-07-08",227.479995727539,237.470001220703,226.160003662109,236.770004272461,17964300,236.770004272461,241.705000305176,239.191000061035,216.889250030518,238.865007103133,240.743226052492,45.3738685041904,-0.780175201668587,-0.268647763761039
"2021-07-09",237.770004272461,240.380004882812,236.220001220703,239.589996337891,12385400,239.589996337891,241.267500305176,239.273599853516,217.303199996948,238.976543908481,240.657801629188,48.7087743567103,-0.698609273967332,-0.354640065802298
"2021-07-12",237.990005493164,240.770004272461,236.460006713867,238.289993286133,9071500,238.289993286133,240.818000030518,239.32059967041,217.73875,238.870920735812,240.482408418591,47.2759128223854,-0.670106264061787,-0.417733305454196
"2021-07-13",232.270004272461,234.490005493164,228.160003662109,228.199996948242,21029500,228.199996948242,239.970999908447,239.198399658203,218.149499969482,237.229240153109,239.572600161528,37.9457110146448,-0.978141910568986,-0.529815026477154
"2021-07-14",229.020004272461,230.520004272461,224.300003051758,224.449996948242,12137000,224.449996948242,238.866500091553,238.98359954834,218.491599960327,235.263202736975,238.452407330915,35.1677826429917,-1.33745959188973,-0.69134393955967
"2021-07-15",222.880004882812,226.669998168945,220.800003051758,222.759994506836,12228600,222.759994506836,237.890999603271,238.76619934082,218.774999923706,233.339632240031,237.290006380983,33.9611327908576,-1.66478740558905,-0.886032632765546
"2021-07-16",223.110000610352,224,217.029998779297,217.740005493164,12413400,217.740005493164,236.816999816895,238.557399597168,219.045699920654,230.93968966359,235.84185816707,30.6022855081894,-2.07858288667649,-1.12454268354774
"2021-07-19",211.179992675781,211.550003051758,204.800003051758,206.990005493164,24123600,206.990005493164,235.298999786377,238.100999755859,219.254349975586,227.25512286814,233.704683894929,24.9186845002688,-2.75970550495648,-1.45157524782948
"2021-07-20",208.100006103516,217.369995117188,206.619995117188,217.149993896484,17027300,217.149993896484,233.892499542236,237.734599609375,219.500799942017,225.700487641731,232.478410561711,36.8551809770807,-2.91550639201428,-1.74436147666644
"2021-07-21",219.5,224.089996337891,218.899993896484,222.539993286133,11437600,222.539993286133,232.830499267578,237.526799621582,219.773099899292,225.21425774087,231.742231504261,42.1130066309636,-2.8169115836234,-1.95887149805784
"2021-07-22",221.520004272461,222.25,218.309997558594,220.869995117188,9768900,220.869995117188,231.695498657227,237.366599426269,220.021449890137,224.545909644919,230.936880660774,40.9746057985925,-2.76741029738029,-2.12057925792233
"2021-07-23",222.970001220703,224.630004882812,220.940002441406,221.520004272461,9379500,221.520004272461,230.242998504639,237.381399536133,220.331349945068,224.080385741464,230.23933426164,41.6359273973775,-2.67502012196444,-2.23146743073075
"2021-07-26",220,226.119995117188,219.889999389648,225.850006103516,8933200,225.850006103516,229.116498565674,237.44559967041,220.637549972534,224.352635027933,229.914198842519,45.9780062763124,-2.41897361823896,-2.26896866823239
"2021-07-27",223.169998168945,225.699996948242,220.419998168945,222.270004272461,8784200,222.270004272461,228.231998443604,237.321599731445,220.908899993897,224.032230296322,229.3479622077,43.1215576849807,-2.31775850991168,-2.27872663656825
"2021-07-28",234.050003051758,237.490005493164,231.330001831055,231.570007324219,19330500,231.570007324219,228.022499084473,237.393399963379,221.230100021362,225.191888300614,229.512558142257,51.5435096191384,-1.88254179928798,-2.1994896691122
"2021-07-29",233.690002441406,234.820007324219,231.119995117188,231.630004882812,8667900,231.630004882812,227.625999450684,237.475,221.551500015259,226.182367774798,229.669406048965,51.5933069023877,-1.51828592852422,-2.0632489209946
"2021-07-30",229.389999389648,231.179992675781,225.399993896484,226.479995727539,9940100,226.479995727539,226.963499450684,237.516199951172,221.873199996948,226.228156690605,229.433153432563,47.1172769556441,-1.39691962299618,-1.92998306139492
"2021-08-02",227.190002441406,230.470001220703,224.869995117188,225.339996337891,8889100,225.339996337891,226.396499633789,237.47,222.183699951172,226.091516636341,229.129956610735,46.1625682511448,-1.32607713951451,-1.80920187701884
"2021-08-03",225.899993896484,229.100006103516,221.300003051758,229.089996337891,7326400,229.089996337891,226.043999481201,237.355399780273,222.507949905396,226.55282120581,229.126996590525,49.7681953743453,-1.1234710108451,-1.67205570378409
"2021-08-04",226.419998168945,232.350006103516,225.330001831055,226.630004882812,9756300,226.630004882812,225.786499786377,237.139199829101,222.804349899292,226.564695617657,228.942034241805,47.5198721057039,-1.03840198328882,-1.54532495968504
"2021-08-05",226.679992675781,231.539993286133,226.490005493164,229.940002441406,8362600,229.940002441406,225.444999694824,236.923199768066,223.118499908447,227.083973590541,229.015957812146,50.7442264573539,-0.84360244590016,-1.40498045692806
"2021-08-06",231.550003051758,233.570007324219,230.419998168945,231.330001831055,6061900,231.330001831055,225.031999969482,236.722399902344,223.438949890137,227.737208704466,229.187368480213,52.0758274849883,-0.63273983438239,-1.25053233241893
"2021-08-09",229,233.570007324219,226.889999389648,232.270004272461,8358600,232.270004272461,224.731000518799,236.353800048828,223.780999908447,228.434561868773,229.415711872232,53.0011711772982,-0.427673412361984,-1.08596054840754
"2021-08-10",231.970001220703,236.850006103516,231.619995117188,235.779998779297,9603500,235.779998779297,225.110000610352,236.128999938965,224.114549865723,229.564629085777,229.887140532014,56.3874452999165,-0.140291207890586,-0.896826680304148
"2021-08-11",236.610000610352,239.589996337891,234.580001831055,239.490005493164,9664000,239.490005493164,225.862001037598,235.824200134277,224.475199890137,231.091610071529,230.59846386247,59.6931698524446,0.213854941094938,-0.674690356024331
"2021-08-12",240,241.149993896484,236.509994506836,238.179992675781,6810000,238.179992675781,226.633000946045,235.475400085449,224.86194984436,232.182130472183,231.160058589382,58.0208297496739,0.44214899798789,-0.451322485221887
"2021-08-13",238.009994506836,239.690002441406,234.279998779297,234.460006713867,6390300,234.460006713867,227.46900100708,235.158200073242,225.258049850464,232.532572970904,231.404499191195,53.4422077260859,0.487489994209667,-0.263559989335576
"2021-08-16",231.899993896484,232.029998779297,227.139999389648,229.059997558594,7622000,229.059997558594,228.572500610352,234.741000061035,225.662649841309,231.998330599779,231.230832403595,47.5733633622679,0.331918623570071,-0.144464266754447
"2021-08-17",226.199996948242,226.240005493164,219.800003051758,222.220001220703,13124000,222.220001220703,228.826000976563,234.132200012207,226.032299880981,230.493972233767,230.563363427085,41.3753074186954,-0.0300963658259046,-0.121590686568738
"2021-08-18",221.729995727539,223.649993896484,218.899993896484,219,9000900,219,228.649001312256,233.45700012207,226.405349884033,228.725668813188,229.706817988042,38.8117684829309,-0.42713106360861,-0.182698761976713
"2021-08-19",216.300003051758,218.300003051758,211.729995727539,212.160003662109,11404400,212.160003662109,228.213501739502,232.739000244141,226.723149871826,226.177104943791,228.407053963898,33.9936157609622,-0.976304795061111,-0.341419968593592
"2021-08-20",212.309997558594,214.740005493164,210.940002441406,212.669998168945,9335700,212.669998168945,227.771001434326,232.025600280762,227.018249893189,224.099088516892,227.241346127235,34.6450787356041,-1.38278427931163,-0.5496928307372
"2021-08-23",215.830001831055,220.179992675781,215.380004882812,219.399993896484,10392100,219.399993896484,227.448500823975,231.468000183105,227.357099838257,223.376150882983,226.660505221254,42.6842575842693,-1.44901924358848,-0.729558113307456
"2021-08-24",220.110000610352,223.100006103516,219.800003051758,221.429992675781,8942600,221.429992675781,227.406500244141,230.993800048828,227.678799819946,223.076741928029,226.273059847515,44.8864606768264,-1.41259322768704,-0.866165136183373
"2021-08-25",221.5,222.300003051758,219.100006103516,221.029998779297,6528900,221.029998779297,226.879499816894,230.483600158691,227.995249786377,222.761858366685,225.884684953573,44.5234540396632,-1.38248708075509,-0.969429525097717
"2021-08-26",221.410003662109,222.899993896484,215.910003662109,216.5,8341400,216.5,226.122999572754,229.968200073242,228.180949783325,221.798495541041,225.18952310516,40.526177041061,-1.50585494269866,-1.07671460861791
"2021-08-27",217.470001220703,222.429992675781,216.860000610352,221.75,7684900,221.75,225.886499786377,229.618800048828,228.346249771118,221.791034688573,224.934743615889,46.5188680859526,-1.39760931405234,-1.14089354970479
"2021-08-30",222.350006103516,222.369995117188,217.529998779297,217.660003662109,7587800,217.660003662109,225.502500152588,229.225,228.523799819946,221.155491453733,224.395873989683,42.892855625444,-1.44404728943419,-1.20152429765067
"2021-08-31",217.330001831055,221.330001831055,217.089996337891,219.5,6764500,219.5,225.023000335693,228.709400024414,228.737699813843,220.900800460851,224.033216657114,44.9709759360263,-1.39819275150489,-1.24085798842152
"2021-09-01",220,221.759994506836,217.619995117188,218.119995117188,7157400,218.119995117188,224.597499847412,228.196199951172,228.892749786377,220.472984254133,223.595200246749,43.6869312727531,-1.39636986356148,-1.27196036344951
"2021-09-02",218.949996948242,223.839996337891,218.080001831055,220.830001831055,8899500,220.830001831055,224.141999816895,227.741399841309,228.98489982605,220.527910035198,223.390370734475,46.8937045237321,-1.28137156935891,-1.27384260463139
"2021-09-03",219.449996948242,221.179992675781,217.460006713867,218.169998168945,6393500,218.169998168945,223.483999633789,227.093399658203,229.025499801636,220.165154363467,223.003676470362,44.231234830272,-1.27285888368401,-1.27364586044191
"2021-09-07",215.910003662109,216.710006713867,212.169998168945,214.240005493164,13196100,214.240005493164,222.582499694824,226.41059967041,229.080199813843,219.253592998805,222.354515657236,40.5665827810546,-1.3945849713308,-1.29783368261969
"2021-09-08",213.600006103516,216.080001831055,210.509994506836,211.380004882812,8877600,211.380004882812,221.3625,225.838999633789,229.108749847412,218.042271750191,221.541588933205,38.0930990630519,-1.57953059733138,-1.35417306556203
"2021-09-09",211.149993896484,216.610000610352,210.720001220703,213.940002441406,9242800,213.940002441406,220.084999847412,225.40259979248,229.180349884033,217.411153394993,220.978508452331,41.5297370486524,-1.61434479865143,-1.40620741217991
"2021-09-10",215.160003662109,215.889999389648,210.119995117188,210.300003051758,6959700,210.300003051758,218.691000366211,224.817399902344,229.174199905396,216.317130265265,220.187508052288,38.2761017863474,-1.75776447140891,-1.47651882402571
"2021-09-13",211.350006103516,215.639999389648,209.880004882812,214.479995727539,10175900,214.479995727539,217.691999816895,224.312399902344,229.154149856567,216.034494182538,219.764729361566,43.7281509592539,-1.6973766399482,-1.52069038721021
"2021-09-14",215.839996337891,216.110000610352,210.710006713867,211.570007324219,9947000,211.570007324219,216.817500305176,223.810200195312,229.123949890137,215.347650050489,219.157712914355,41.0122118399278,-1.7385027490936,-1.56425285958689
"2021-09-15",211.789993286133,214.350006103516,210.320007324219,214.220001220703,7916300,214.220001220703,216.417500305176,223.371800231934,229.11254989624,215.174165615137,218.791956492603,44.3989396180276,-1.65353010936149,-1.58210830954181
"2021-09-16",213.960006713867,216.309997558594,213.309997558594,213.360000610352,6370900,213.360000610352,216.135500335693,223.003400268555,229.125799865723,214.895063306708,218.389589390214,43.5255638207507,-1.6001340051342,-1.58571344866029
"2021-09-17",213.119995117188,215.369995117188,211.910003662109,213.360000610352,7932700,213.360000610352,216.195500183106,222.535200195312,229.12754989624,214.658899814961,218.017027258373,43.5255638207507,-1.54030512462293,-1.57663178385281
"2021-09-20",210.809997558594,212.429992675781,206.529998779297,209.5,10567400,209.5,216.037000274658,221.933400268555,229.055799865723,213.865222920352,217.386136350345,39.4826639721336,-1.61965868159997,-1.58523716340225
"2021-09-21",210.25,211.759994506836,207.720001220703,208.509994506836,7139000,208.509994506836,215.492500305176,221.337800292969,228.912349853516,213.041341625965,216.728644361937,38.4950474403304,-1.70134536061339,-1.60845880284448
"2021-09-22",210,217.990005493164,209.649993896484,216.979995727539,10953000,216.979995727539,215.270000457764,221.113400268555,228.833699798584,213.647288410822,216.747262981611,50.0150314977782,-1.43022547465882,-1.57281213720734
"2021-09-23",217.809997558594,222.619995117188,217.149993896484,221.100006103516,9344600,221.100006103516,215.273500823975,221.04640045166,228.748349838257,214.793860363544,217.069688398049,54.481172003089,-1.04843198112985,-1.46793610599185
"2021-09-24",219.130004882812,222.410003662109,218.660003662109,221.389999389648,6498200,221.389999389648,215.518000793457,221.019000549316,228.672449798584,215.808650982945,217.389711434463,54.7873872988669,-0.727293136867213,-1.31980751216692
"2021-09-27",224,228.600006103516,223.880004882812,224.160003662109,9749200,224.160003662109,215.638500976563,221.147400512695,228.632949829102,217.093474472047,217.891214562437,57.7136492201585,-0.366118520194525,-1.12906971377244
"2021-09-28",222.899993896484,224.580001831055,216.419998168945,218.410003662109,9639800,218.410003662109,215.676000976563,221.375800476074,228.552849884033,217.296017424364,217.929643384635,50.418772618066,-0.290747945267944,-0.961405360071541
"2021-09-29",227.800003051758,229.940002441406,224.860000610352,225.360000610352,16808000,225.360000610352,215.96900100708,221.540000610351,228.52799987793,218.536630222209,218.48004021617,57.4237712875139,0.0259016823610514,-0.763943951585023
"2021-09-30",226.080001831055,226.149993896484,219.460006713867,219.940002441406,10366900,219.940002441406,216.060001373291,221.488000793457,228.484599914551,218.752533640547,218.588185566187,51.332820127502,0.0751861652238395,-0.59611792822325
"2021-10-01",222.850006103516,226.720001220703,220.600006103516,226,9113600,226,216.318501281738,221.590600891113,228.467099914551,219.867528465078,219.137208857581,56.8445401343684,0.333270470726843,-0.410240248433232
"2021-10-04",225.679992675781,227.970001220703,222,223.789993286133,6946100,223.789993286133,216.599501037598,221.636000671387,228.456699905396,220.470984591394,219.481859555992,54.423813419989,0.450663684644903,-0.238059461817605
"2021-10-05",224.270004272461,226.449996948242,222.419998168945,224.419998168945,5687300,224.419998168945,217.108500671387,221.607400512695,228.472599868774,221.078525141787,219.847647601396,55.0119646892845,0.559877512368212,-0.0784720669804414
"2021-10-06",221.080001831055,225.070007324219,219.199996948242,224.990005493164,7157600,224.990005493164,217.789000701904,221.661800537109,228.49879989624,221.680291349691,220.228563000786,55.570618195396,0.659191673016335,0.0690606810189139
"2021-10-07",227.339996337891,229,225.899993896484,226.479995727539,7748500,226.479995727539,218.416000366211,221.560000305176,228.534649887085,222.418707407821,220.691632091657,57.0712742613659,0.782573992405533,0.211763343296238
"2021-10-08",226.75,228.710006713867,225.399993896484,226.389999389648,4515000,226.389999389648,219.220500183106,221.455200195312,228.572699890137,223.029675405025,221.113733372989,56.9461615452663,0.866496170459063,0.342709908728803
"2021-10-11",226.5,232.100006103516,225.320007324219,226.449996948242,7287000,226.449996948242,219.819000244141,221.454600219727,228.606499862671,223.555878719366,221.509012156341,57.0138175246502,0.924055659451128,0.458979058873268
"2021-10-12",226,228.660003662109,223.119995117188,223.570007324219,8486800,223.570007324219,220.419000244141,221.419200439453,228.63859992981,223.558052350882,221.661678465073,52.7303362110847,0.85552626820331,0.538288500739277
"2021-10-13",224,224.300003051758,219.360000610352,221.779998779297,8240200,221.779998779297,220.79700012207,221.273000488281,228.667049942017,223.284505647561,221.670442932793,50.2055901898846,0.728136188755357,0.576258038342493
"2021-10-14",221.070007324219,222.179992675781,217.039993286133,217.440002441406,10427300,217.440002441406,221.001000213623,221.089200439453,228.672999954224,222.385351308153,221.357076970468,44.6264367035067,0.464531946191915,0.553912819912377
"2021-10-15",218.169998168945,219.610000610352,216.279998779297,217.039993286133,8773400,217.039993286133,221.184999847412,220.831200256348,228.67484992981,221.562988535534,221.037292993851,44.1395705456923,0.237831152636359,0.490696486457173
"2021-10-18",216,217.279998779297,214.050003051758,216.979995727539,6553500,216.979995727539,221.558999633789,220.544200134277,228.689449920654,220.85791271892,220.736752455606,44.0619227463195,0.0548890304701288,0.403534995259765
"2021-10-19",217.470001220703,217.660003662109,215.279998779297,215.970001220703,5963400,215.970001220703,221.931999969482,220.218200073242,228.755699920654,220.105926334579,220.383659771539,42.7001623751826,-0.126022699345285,0.297623456338755
"2021-10-20",215.490005493164,218.660003662109,214.350006103516,216.169998168945,8485200,216.169998168945,221.891500091553,219.826000061035,228.778399887085,219.500398924481,220.071536689865,43.0753312487898,-0.259523686695029,0.186194027731998
"2021-10-21",216.539993286133,218.110000610352,213.809997558594,214.339996337891,8691500,214.339996337891,221.553499603272,219.32299987793,228.794949874878,218.706490834237,219.646978145274,40.4646037768753,-0.428181311201958,0.0633189599452067
"2021-10-22",214.600006103516,216.720001220703,212.580001831055,212.970001220703,7077600,212.970001220703,221.132499694824,218.818800048828,228.796249847412,217.823953970616,219.152387261973,38.5794734192926,-0.606168752233982,-0.0705785824906311
"2021-10-25",213.25,213.979995727539,211.699996948242,212.869995117188,7239100,212.869995117188,220.567999267578,218.386999816894,228.811099853516,217.061806454704,218.687024880878,38.4386979661645,-0.743170943524885,-0.205097054697482
"2021-10-26",213.190002441406,214.850006103516,208.179992675781,209.809997558594,11014500,209.809997558594,220.137998962402,218.001999816894,228.826199874878,215.94614354761,218.029467301449,34.3129054067312,-0.955523938862235,-0.355182431530432
"2021-10-27",212.850006103516,212.899993896484,205.639999389648,206.610000610352,14761700,206.610000610352,219.200498962402,217.689799804687,228.817199859619,214.509813864955,217.183580879887,30.6124895192804,-1.23110918610841,-0.530367782446029
"2021-10-28",206,208.740005493164,204.600006103516,207.850006103516,8825500,207.850006103516,218.595999145508,217.466799926758,228.820399856567,213.485228055503,216.492204970526,33.6007269198707,-1.38895389579142,-0.702085005115108
"2021-10-29",206.839996337891,208.240005493164,205.289993286133,207.029998779297,8559500,207.029998779297,217.647499084473,217.364199829101,228.805999832153,212.492115859164,215.791300808212,32.600861220837,-1.52887764089302,-0.867443532270691
"2021-11-01",207,214.690002441406,206.809997558594,214.580001831055,9284900,214.580001831055,217.186999511719,217.402399902344,228.857299804688,212.813329085608,215.701574958053,47.9566551957834,-1.33900082695548,-0.961754991207649
"2021-11-02",213.830001831055,215.720001220703,210.699996948242,212.770004272461,6160200,212.770004272461,216.604499816895,217.269800109863,228.867599792481,212.80666372974,215.484421573935,45.292498566504,-1.24266887816595,-1.01793776859931
"2021-11-03",211.470001220703,213.759994506836,210.869995117188,213.380004882812,4636100,213.380004882812,216.023999786377,217.108800354004,228.877249832153,212.894870060981,215.328538856074,46.3737464981327,-1.13021191153811,-1.04039259718707
"2021-11-04",213.800003051758,214.820007324219,211.869995117188,213.029998779297,5849600,213.029998779297,215.351499938965,216.948800354004,228.905349807739,212.915659094568,215.158276628164,45.814235172833,-1.04231060442617,-1.04077619863489
"2021-11-05",217.699996948242,224.580001831055,217.699996948242,224.460006713867,16936300,224.460006713867,215.255000305176,217.108000488281,228.998449859619,214.691712574461,215.84729367155,61.956716408409,-0.535369741002012,-0.939694907108315
"2021-11-08",225.240005493164,226.990005493164,222.110000610352,222.679992675781,9456100,222.679992675781,215.066500091553,217.126600341797,229.095049819946,215.920678743894,216.353419523715,59.00848786174,-0.200015687652744,-0.7917590632172
"2021-11-09",222.490005493164,222.850006103516,217.539993286133,220.789993286133,6863700,220.789993286133,214.927499389648,217.189200134277,229.188699798584,216.669804058085,216.682054617228,55.9634004145951,-0.00565370268624799,-0.63453799111101
"2021-11-10",219.360000610352,225.679992675781,217.270004272461,218.5,8197600,218.5,214.763499450684,217.169200134277,229.311049804688,216.951372664533,216.816717238174,52.4328228927928,0.0621056476064696,-0.495209263367514
"2021-11-11",220.5,222.649993896484,218.899993896484,219.380004882812,6567300,219.380004882812,214.860499572754,217.19440032959,229.421799850464,217.325008390422,217.006590397036,53.6431184149413,0.146731946160794,-0.366821021461853
"2021-11-12",219.720001220703,223.75,218.899993896484,220.960006713867,6419900,220.960006713867,215.056500244141,217.197000427246,229.555649871826,217.884238901722,217.299436050134,55.8168118307902,0.26912304155835,-0.239632208857812
"2021-11-15",227.369995117188,233.940002441406,226.919998168945,233.089996337891,21921900,233.089996337891,215.862000274658,217.495400390625,229.741899871826,220.223586199594,218.469107182561,68.1603545003419,0.803078769195031,-0.0310900132472433
"2021-11-16",232.940002441406,232.949996948242,225.509994506836,225.800003051758,10120200,225.800003051758,216.353500366211,217.726600341797,229.866199874878,221.081496484542,219.012136506205,57.7231503143207,0.944860869972186,0.164100163396643
"2021-11-17",229.539993286133,231.320007324219,224.199996948242,226.619995117188,10750900,226.619995117188,216.876000213623,218.031400146484,229.962349853516,221.933573197257,219.5756815885,58.4930608324938,1.07384004990851,0.346048140699017
"2021-11-18",230.300003051758,231.5,224.949996948242,227.25,10983700,227.25,217.521500396729,218.297600097656,230.045399856567,222.751485013064,220.144149618981,59.1092047152157,1.18437641817632,0.513713796194479
"2021-11-19",225.070007324219,225.330001831055,213.229995727539,214.130004882812,20844100,214.130004882812,217.579500579834,218.374200134277,230.076399917603,221.425103454563,219.698657416302,44.3457530116704,0.78582457378864,0.568135951713311
"2021-11-22",215,215.020004272461,208.949996948242,209.899993896484,10764300,209.899993896484,217.431000518799,218.282600097656,230.066149902344,219.652009676397,218.972830488908,40.806927172109,0.31016596258655,0.516541953887959
"2021-11-23",211.5,212.990005493164,207.770004272461,209.130004882812,8882800,209.130004882812,217.39700088501,218.233800048828,230.036199951172,218.033239708153,218.243732295864,40.1783950795249,-0.0964483999134624,0.393943883127675
"2021-11-24",207.520004272461,211.220001220703,206.869995117188,210.600006103516,5437600,210.600006103516,217.596501159668,218.161400146484,230.029599990845,216.88966530744,217.67753035569,42.0146365781653,-0.36194137583373,0.242766831335394
"2021-11-26",197.570007324219,199.419998168945,194,199.210006713867,17636600,199.210006713867,217.164501190185,217.878400268555,229.972350006104,214.169717831506,216.309565641481,33.4476507823942,-0.98925251115437,-0.00363703716255914
"2021-11-29",201.869995117188,204.279998779297,195.330001831055,198.5,12276200,198.5,216.738001251221,217.581200256348,229.909950027466,211.758992011274,214.990338556927,32.9959903546067,-1.50301942279946,-0.303513514289939
"2021-11-30",196.020004272461,198.820007324219,193.850006103516,197.850006103516,12638900,197.850006103516,215.901501464844,217.348200378418,229.813300094605,209.619148025465,213.720684301119,32.5624840127581,-1.91911058541945,-0.626632928515841
"2021-12-01",200.809997558594,201.619995117188,188,188.190002441406,13268700,188.190002441406,214.672501373291,216.941800537109,229.676650085449,206.322356397148,211.829522681881,26.9050361211467,-2.59981055284865,-1.0212684533824
"2021-12-02",196.800003051758,202.539993286133,192.410003662109,202.380004882812,20435400,202.380004882812,214.122501373291,216.649800720215,229.646150131226,205.715840779558,211.129558400468,42.6637901989875,-2.56416849536599,-1.32984846177912
"2021-12-03",198.699996948242,199.899993896484,195.419998168945,198.490005493164,10742700,198.490005493164,213.395501708984,216.197600708008,229.551250152588,204.604173812421,210.193295222149,40.1108091455627,-2.65903886411878,-1.59568654224705
"2021-12-06",199.770004272461,206.419998168945,199.199996948242,205.880004882812,11587900,205.880004882812,212.466501617432,215.887400817871,229.516250152588,204.800455515558,209.87379223405,46.6430033174716,-2.41732741591426,-1.76001471698049
"2021-12-07",207.059997558594,211.649993896484,206.380004882812,208.830001831055,10387900,208.830001831055,211.774002075195,215.58080078125,229.499800186157,205.420385717942,209.796474426421,49.0328121379788,-2.0858733305425,-1.82518643969289
"2021-12-08",209.179992675781,212.679992675781,207.710006713867,211.029998779297,6986800,211.029998779297,211.286002349853,215.433200683594,229.408250198364,206.283403111997,209.887846600708,50.8025131401135,-1.71731881911614,-1.80361291557754
"2021-12-09",207.529998779297,208.550003051758,205.199996948242,207.559997558594,7011000,207.559997558594,210.739002227783,215.077200622559,229.363800201416,206.479802257627,209.715413338329,47.9730823144698,-1.54285802325956,-1.75146193711395
"2021-12-10",208.809997558594,209,203.479995727539,205.059997558594,6040000,205.059997558594,210.023001861572,214.779600524902,229.329050216675,206.261370765468,209.370567725016,45.9859178710589,-1.4850210291406,-1.69817375551928
"2021-12-13",202.5,202.809997558594,195.550003051758,197.399993896484,10619600,197.399993896484,208.845001220703,214.207600402832,229.194100189209,204.898082016394,208.483858552532,40.4562901706134,-1.71993005167577,-1.70252501475058
"2021-12-14",195.600006103516,200.5,195.179992675781,195.5,8445100,195.5,206.965501403809,213.641800537109,229.055900192261,203.452223244641,207.522091252344,39.1972641657078,-1.96117337828605,-1.75425468745767
"2021-12-15",195.279998779297,196.580001831055,190.320007324219,195.429992675781,10535900,195.429992675781,205.44700088501,213.062000427246,228.890250167847,202.218033926355,206.626380246673,39.1489199647736,-2.1334866898677,-1.83010108793968
"2021-12-16",197,198.320007324219,190.440002441406,190.789993286133,8216800,190.789993286133,203.655500793457,212.378000183105,228.720650100708,200.459873827859,205.453314545892,35.9813567289307,-2.4304503089035,-1.95017093213244
"2021-12-17",190.270004272461,194.770004272461,187.880004882812,192.630004882812,12618300,192.630004882812,201.924501037598,211.701000366211,228.567700119019,199.255278605544,204.503439756034,38.1195468272035,-2.56629480499259,-2.07339570670447
"2021-12-20",188.110000610352,190.360000610352,185.259994506836,188.479995727539,10256400,188.479995727539,200.642000579834,210.942800292969,228.38995010376,197.597542778159,203.316517976146,35.259158669954,-2.81284337097396,-2.22128523955837
"2021-12-21",190.279998779297,199.690002441406,190.039993286133,199.520004272461,12082300,199.520004272461,200.123001098633,210.404200439453,228.23450012207,197.893306084974,203.035294738836,46.7141372664867,-2.53255901171052,-2.2835399939888
"2021-12-22",199.460006713867,202.929992675781,197.940002441406,201.690002441406,8145300,201.690002441406,199.751000976562,209.966600341797,228.016250152588,198.477413216733,202.935643457545,48.6378225018876,-2.19686899987299,-2.26620579516564
"2021-12-23",202.130004882812,205.130004882812,201.320007324219,204.220001220703,7415200,204.220001220703,199.432000732422,209.615400390625,227.777350158691,199.360888294267,203.030781069631,50.8650184849796,-1.80755487223632,-2.17447561057977
"2021-12-27",201.990005493164,203.429992675781,199.100006103516,203.169998168945,7818900,203.169998168945,199.630000305176,209.330000305176,227.447250137329,199.946905198064,203.041093447357,49.8979600194381,-1.52392217592945,-2.04436492364971
"2021-12-28",202.229995727539,208.940002441406,201.649993896484,206.130004882812,8879700,206.130004882812,200.011500549316,209.111800537109,227.149750137329,200.898151303409,203.269901701836,52.6320031519148,-1.16679861532335,-1.86885166198444
"2021-12-29",205.360000610352,205.410003662109,202.600006103516,203.660003662109,6119000,203.660003662109,200.302000427246,208.845400695801,226.89200012207,201.323051666286,203.298798143337,50.1716497693443,-0.971843658248295,-1.68945006123721
"2021-12-30",203,206,202.600006103516,202.710006713867,7012600,202.710006713867,201.028000640869,208.580200805664,226.58760017395,201.536429365914,203.255183963377,49.2186624471367,-0.845614150619722,-1.52068287911371
"2021-12-31",202.199996948242,203.690002441406,200.029998779297,201.320007324219,8053000,201.320007324219,200.975000762939,208.283200988769,226.313900222778,201.503133667192,203.111837545661,47.7883597795106,-0.792028617292073,-1.37495202674938
"2022-01-03",204,210.550003051758,203.339996337891,207.860000610352,9060200,207.860000610352,201.443500518799,208.153601074219,226.074100189209,202.481113196909,203.463553328231,54.4896132326349,-0.482858042755818,-1.19653322995067
"2022-01-04",211.300003051758,214.559997558594,209.779998779297,213.630004882812,11414600,213.630004882812,201.831000518799,208.166801147461,225.886100234985,204.196327302432,204.216623813755,59.4362530371574,-0.00993871651779887,-0.959214327264097
"2022-01-05",216.639999389648,218.929992675781,211.809997558594,213.070007324219,11564700,213.070007324219,202.043000793457,208.170801391601,225.745200271606,205.561508844246,204.872429999716,58.7686167815784,0.336345326958321,-0.700102396419613
"2022-01-06",214.639999389648,216,207.860000610352,211.339996337891,7142200,211.339996337891,202.058500671387,208.201401367187,225.60570022583,206.450506920191,205.351508987729,56.6514882545278,0.535178892952826,-0.453046138545125
"2022-01-07",212.979995727539,218.320007324219,212.380004882812,215.5,9526400,215.5,202.455500793457,208.37920135498,225.447250213623,207.842736624777,206.103249062712,60.3503698616797,0.843988423266473,-0.193639226182806
"2022-01-10",214.259994506836,215.279998779297,207.130004882812,209.309997558594,8229000,209.309997558594,202.668000793457,208.408401184082,225.26945022583,208.068469076134,206.340785988333,53.0909998340387,0.8372959710925,0.0125478132722553
"2022-01-11",209,217.029998779297,208.410003662109,216.020004272461,8098400,216.020004272461,203.599001312256,208.588201293945,225.09695022583,209.291782183261,207.05776512049,58.8669883875021,1.07893421020484,0.225825092658772
"2022-01-12",217.089996337891,221.240005493164,216.300003051758,217.449996948242,9134500,217.449996948242,204.696501159668,208.645601196289,224.924150238037,210.546892147104,207.827560070694,59.9974437892954,1.30845595044515,0.442351264216049
"2022-01-13",222.25,226.889999389648,220.050003051758,223.899993896484,17628000,223.899993896484,206.120001220703,208.868200988769,224.770050201416,212.601215493162,209.018110724456,64.7087405614755,1.71425564812884,0.696732140998606
"2022-01-14",222.160003662109,226.199996948242,220.25,225.960006713867,8053500,225.960006713867,207.87850189209,209.119801025391,224.635050201416,214.656414142502,210.273065982931,66.0826853314313,2.08459801500507,0.974305315799899
"2022-01-18",224.5,229.669998168945,224.259994506836,225.009994506836,8930700,225.009994506836,209.497501373291,209.359400939941,224.463300247192,216.249272660092,211.364690318035,64.8292071615434,2.31097367053439,1.2416389867468
"2022-01-19",225.100006103516,225.419998168945,216.940002441406,217.080001831055,9382800,217.080001831055,210.927501678467,209.211800842285,224.272850265503,216.377077147932,211.788046726407,55.3852966666426,2.16680331702253,1.42667185280194
"2022-01-20",217.380004882812,221.949996948242,213.419998168945,214.190002441406,7636800,214.190002441406,211.661001586914,209.042001037598,224.080900268555,216.040604116159,211.965969371963,52.3900042047868,1.92230609293986,1.52579870082953
"2022-01-21",213.789993286133,213.789993286133,204.570007324219,205.440002441406,11548500,205.440002441406,211.848501586914,208.735001220703,223.833350296021,214.409742320043,211.482564414144,44.536617814546,1.38412257010805,1.49746347468523
"2022-01-24",199.850006103516,204.800003051758,192.509994506836,204.199996948242,13796500,204.199996948242,211.847501373291,208.449001159668,223.59255027771,212.839012262843,210.943114972225,43.5405191124917,0.898771828067302,1.37772514536165
"2022-01-25",200.100006103516,205.630004882812,197.550003051758,204.100006103516,8824500,204.100006103516,211.894001770019,208.143401184082,223.365450286865,211.494549776793,210.436218018987,43.4561162136941,0.502922818024554,1.20276467989423
"2022-01-26",206.210006713867,206.210006713867,191.919998168945,194.270004272461,19974400,194.270004272461,211.301001739502,207.609601135254,223.070450286865,208.844619699203,209.23872070443,36.056271303223,-0.188349940154386,0.924541755884504
"2022-01-27",196.380004882812,199.710006713867,188.639999389648,189.75,12670100,189.75,210.605501556396,206.742801208496,222.757050323486,205.906985899326,207.795111763361,33.2523609512976,-0.908647873384694,0.557903830030665
"2022-01-28",188.779998779297,190.720001220703,183.770004272461,190.570007324219,10966700,190.570007324219,209.998501586914,206.038201293945,222.454350357056,203.547450733925,206.519178101202,34.2512888092525,-1.43895951678699,0.158531160667135
"2022-01-31",190.729995727539,200.339996337891,190,200.240005493164,15504600,200.240005493164,209.944501495361,205.510601501465,222.214650421143,203.038613004577,206.05405420431,44.7517847805653,-1.46342240698826,-0.165859552863944
"2022-02-01",202.479995727539,208.889999389648,200.5,208.339996337891,12265100,208.339996337891,209.968501281738,205.132401428223,222.03560043335,203.854210440471,206.223383251242,51.7089460692367,-1.14883810624162,-0.36245526353948
"2022-02-02",205.429992675781,208.389999389648,203.210006713867,207.520004272461,7843700,207.520004272461,209.663001251221,205.000201416016,221.902900466919,204.418178722316,206.319429252814,51.0086726421443,-0.921508234771473,-0.474265857785878
"2022-02-03",206.059997558594,209.100006103516,204.259994506836,206.389999389648,7054700,206.389999389648,209.329000854492,204.930001525879,221.755250473022,204.721535748059,206.324656670357,50.0036881683975,-0.776989501966963,-0.534810586622095
"2022-02-04",205,208.25,203.100006103516,206.449996948242,5952600,206.449996948242,209.08450088501,204.876401367187,221.615850448608,204.98745285578,206.333941135386,50.0599484961171,-0.652577211580829,-0.558363911613842
"2022-02-07",205.789993286133,214.369995117188,205.419998168945,211.919998168945,11816900,211.919998168945,208.905500793457,204.902801208496,221.483550415039,206.053998288574,206.747723137872,55.0286070931721,-0.335541711786935,-0.513799471648461
"2022-02-08",212.679992675781,213.869995117188,209.690002441406,213.270004272461,7356200,213.270004272461,209.10350112915,205.184001159668,221.342700424194,207.164153055326,207.230855073767,56.1871826042672,-0.0321873006880691,-0.417477037456383
"2022-02-09",214.910003662109,217.039993286133,213.300003051758,215.860000610352,7587700,215.860000610352,209.095500946045,205.531201171875,221.209650421143,208.501975756099,207.87005103944,58.4013736807309,0.303999885264505,-0.273181652912205
"2022-02-10",213.710006713867,223.229995727539,213.699996948242,218.75,11695900,218.75,209.160501098633,205.949201049805,221.126100387573,210.078594870546,208.675973184667,60.7829893819997,0.672152938583648,-0.0841147346130344
"2022-02-11",217.869995117188,221.419998168945,210.270004272461,212.300003051758,11443700,212.300003051758,208.580501556396,206.431401062012,221.007900390625,210.420349975348,208.944419841488,53.4305897499554,0.706374515758212,0.0739831154612149
"2022-02-14",213,215.630004882812,208.759994506836,210.039993286133,6481400,210.039993286133,207.78450088501,206.584600830078,220.886550369263,210.361833561622,209.025573429981,51.0982666816288,0.639280691694522,0.187042630707876
"2022-02-15",214.839996337891,219.539993286133,213.690002441406,217.729995727539,10448500,217.729995727539,207.420500946045,206.969400634766,220.799250335693,211.495396971763,209.670345452022,57.8417215228418,0.870438552388864,0.323721815044074
"2022-02-16",216.100006103516,219.679992675781,215.279998779297,218.929992675781,5698900,218.929992675781,207.513000488281,207.230400390625,220.725750274658,212.639180926228,210.356245246374,58.7965602414984,1.08527116805075,0.476031685645409
"2022-02-17",218.470001220703,218.580001831055,212.669998168945,213.580001831055,6176600,213.580001831055,207.482500457764,207.325400390625,220.652750320435,212.783922603893,210.595042030425,53.0298859006619,1.03937896750304,0.588701142016934
"2022-02-18",212.559997558594,214.729995727539,208.600006103516,209.029998779297,6973600,209.029998779297,207.662000274658,207.285400390625,220.548850326538,212.206395861648,210.479112900712,48.6589025790805,0.820643405956756,0.635089594804898
"2022-02-22",205,206.899993896484,197.820007324219,198.740005493164,10382100,198.740005493164,207.389000701904,207.109000549316,220.3652003479,210.134643497266,209.609549389042,40.5238986972242,0.250510584920649,0.558173792828049
"2022-02-23",201.130004882812,203.25,195.910003662109,196.419998168945,7326300,196.419998168945,207.005000305176,206.936200561523,220.182650375366,208.024698062139,208.63254559496,38.9430707813919,-0.291348375723233,0.388269359117792
"2022-02-24",189.289993286133,198.860000610352,186.880004882812,198.429992675781,12207600,198.429992675781,207.212999725342,206.956800537109,220.030400314331,206.548589541161,207.87680093428,41.0873061496592,-0.638941616933553,0.182827163907523
"2022-02-25",201.089996337891,204.070007324219,199.100006103516,201.479995727539,8730300,201.479995727539,207.799499511719,207.07640045166,219.933900299072,205.768805877527,207.402963511559,44.2847412316223,-0.787914312487981,-0.0113211313715774
"2022-02-28",198.580001831055,207.309997558594,196.75,205.339996337891,9859300,205.339996337891,208.537998962402,207.274600524902,219.847400283813,205.702835179121,207.250151128324,48.1222202808493,-0.746593399704987,-0.158375585038259
"2022-03-01",203.110000610352,203.5,192.929992675781,194.910003662109,11799500,194.910003662109,208.27149887085,207.357000732422,219.679600296021,204.04239956112,206.336066130827,40.0876326933046,-1.11161689408815,-0.349023846848238
"2022-03-02",196.270004272461,199.850006103516,194.639999389648,197.809997558594,7463400,197.809997558594,207.744998931885,207.460600585937,219.528750305176,203.083568483808,205.704505495846,42.9402628134398,-1.27412717855685,-0.53404451318996
"2022-03-03",197.940002441406,198.5,188.710006713867,188.850006103516,12424500,188.850006103516,206.811499023438,207.468000793457,219.335250320435,200.893789656071,204.456024059378,37.0677916642761,-1.7422985797045,-0.775695326492869
"2022-03-04",187.369995117188,188.320007324219,178.970001220703,180.839996337891,13084000,180.839996337891,205.53399887085,207.094400634766,219.117350311279,197.808590684043,202.706688672601,32.7551276644189,-2.41634749234584,-1.10382575966346
"2022-03-07",181.029998779297,182.720001220703,169.059997558594,169.169998168945,12847500,169.169998168945,203.669998931885,206.444000549316,218.824950332642,193.402653374028,200.222489376034,27.6988287431068,-3.40612886357512,-1.56428638044579
"2022-03-08",169.729995727539,180.820007324219,167.580001831055,173.800003051758,13715500,173.800003051758,201.763999176025,205.835600585937,218.519850311279,190.386861016756,198.265268166828,32.1724085032202,-3.97366983280359,-2.04616307091735
"2022-03-09",179.800003051758,182.869995117188,177.410003662109,178.559997558594,10062100,178.559997558594,200.028498840332,205.34340057373,218.225450286865,188.567343561654,196.805618492144,36.5210093919014,-4.18599580317318,-2.47412961736852
"2022-03-10",175.759994506836,182.020004272461,175.389999389648,178.389999389648,8364100,178.389999389648,198.154998779297,204.788600463867,217.913700256348,187.001598304422,195.441498558626,36.4311757890385,-4.31837676053837,-2.84297904600249
"2022-03-11",183.589996337891,184.860000610352,175.949996948242,176.229995727539,9373600,176.229995727539,196.028998565674,204.240000305176,217.588000259399,185.344428677209,194.018424274842,35.2448958022621,-4.47070716611164,-3.16852467002432
"2022-03-14",175.880004882812,178.229995727539,172.570007324219,175.520004272461,8138900,175.520004272461,194.189998626709,203.696200256348,217.212100296021,183.832978768787,192.648170941332,34.8432749060692,-4.57579852924216,-3.44997944186789
"2022-03-15",176.300003051758,180.5,175.600006103516,179.889999389648,8051500,179.889999389648,192.682498931885,203.267600097656,216.876450271606,183.226366556611,191.703121196763,39.4190891111081,-4.4218135767601,-3.64434626884633
"2022-03-16",183.389999389648,189.600006103516,182.300003051758,188.990005493164,12077500,188.990005493164,191.245499420166,202.890200195312,216.547750320435,184.113080239158,191.502149663163,47.6618535346526,-3.85847857948419,-3.6871727309739
"2022-03-17",186.360000610352,190.240005493164,185.270004272461,190.190002441406,8126600,190.190002441406,189.808499908447,202.421400146484,216.220600357056,185.047991347196,191.404953572662,48.6539799577281,-3.32121092312951,-3.61398036940503
"2022-03-18",192.070007324219,193.380004882812,190.100006103516,192.830001831055,12849600,192.830001831055,188.770999908447,202.016600036621,215.93315032959,186.245223729328,191.510512702914,50.8608885496181,-2.74934722865755,-3.44105374125553
"2022-03-21",184.399993896484,187.270004272461,180.610000610352,185.899993896484,27369600,185.899993896484,187.614499664307,201.507799987793,215.613050308228,186.192111447352,191.094918717252,45.3505904520938,-2.5656397892789,-3.2659709508602
"2022-03-22",185.240005493164,192.860000610352,184.520004272461,191.039993286133,14378500,191.039993286133,187.229499053955,201.018599853516,215.304950256348,186.937939422549,191.090850166799,49.7031613938791,-2.17326509386748,-3.04742977946166
"2022-03-23",189.669998168945,190.160003662109,185.029998779297,186.039993286133,8297800,186.039993286133,186.710498809814,200.553199768066,214.971350250244,186.799793863101,190.716712620083,45.8755056664562,-2.05378894338695,-2.84870161224672
"2022-03-24",186.350006103516,189.190002441406,184.720001220703,189.050003051758,7094400,189.050003051758,186.241499328613,200.013799743652,214.67630027771,187.145979892125,190.593252652059,48.4492557804314,-1.80870661052586,-2.64070261190255
"2022-03-25",187.759994506836,191.699996948242,186.929992675781,188.949996948242,6365600,188.949996948242,185.614999389648,199.443799743652,214.379350280762,187.423520977681,190.471530007332,48.3669624524499,-1.60024389447233,-2.4326108684165
"2022-03-28",188.429992675781,189.259994506836,184.470001220703,188.160003662109,6904100,188.160003662109,184.755999755859,198.728999938965,214.083750305176,187.536826006055,190.300305833612,47.6780288233189,-1.45216783307376,-2.23652226134795
"2022-03-29",191.619995117188,196.360000610352,191.199996948242,193.800003051758,8438700,193.800003051758,184.700499725342,198.085799865723,213.827050323486,188.500391705394,190.559542664585,52.8424338329051,-1.0805813922507,-2.0053340875285
"2022-03-30",192.320007324219,197.449996948242,191.360000610352,194.910003662109,9959300,194.910003662109,184.555500030518,197.483800048828,213.568900375366,189.486485852581,190.881799034772,53.8087620084721,-0.730982832961125,-1.75046383661503
"2022-03-31",195,197.580001831055,191.449996948242,191.5,6447900,191.5,184.687999725342,196.972200012207,213.315050354004,189.796257259876,190.927591698863,50.392468291688,-0.592546330742816,-1.51888033544059
"2022-04-01",192.580001831055,192.619995117188,188.779998779297,190.759994506836,4862100,190.759994506836,185.183999633789,196.503599853516,213.072750320435,189.944524528639,190.915177092046,49.6556913654226,-0.508420848563207,-1.31678843806511
"2022-04-04",190.020004272461,191.839996337891,186.910003662109,191.179992675781,7792100,191.179992675781,186.284499359131,196.218399658203,212.841900253296,190.134596551276,190.934793061212,50.1016084060282,-0.419094130046327,-1.13724957646135
"2022-04-05",189.699996948242,192.350006103516,182.520004272461,182.649993896484,9371600,182.649993896484,186.726998901367,195.787399597168,212.528750228882,188.98311921977,190.321104234195,41.9707456854692,-0.703014528950419,-1.05040256695917
"2022-04-06",180.399993896484,180.570007324219,176.580001831055,178.720001220703,8173900,178.720001220703,186.734999084472,195.279799499512,212.203450241089,187.404177989144,189.461763270233,38.843041677866,-1.08601611511119,-1.05752527658957
"2022-04-07",178.130004882812,178.660003662109,173.869995117188,177.970001220703,7517800,177.970001220703,186.713999176025,194.953799438476,211.875450210571,185.952766178615,188.610521636934,38.2571121947367,-1.40912364551723,-1.1278449503751
"2022-04-08",176.539993286133,178.130004882812,174.240005493164,175.199996948242,6524100,175.199996948242,186.66249923706,194.662799377441,211.498600158691,184.298493989327,187.617149437772,36.091687110176,-1.76884440382454,-1.25604484106499
"2022-04-11",173.839996337891,179.669998168945,173.399993896484,175.029998779297,6001100,175.029998779297,186.637998962402,194.351999206543,211.131850128174,182.872571649322,186.684767907514,35.9571738753049,-2.04204997596856,-1.41324586804571
"2022-04-12",175.5,178.5,174.529998779297,176.279998779297,6125100,176.279998779297,186.457498931885,193.872799072266,210.813450088501,181.858329669318,185.914044268387,37.793065687971,-2.18149985119689,-1.56689666467594
"2022-04-13",176.960006713867,183.460006713867,176.960006713867,182.869995117188,7399900,182.869995117188,186.151498413086,193.363399047851,210.549000091553,182.013970507452,185.688559146076,46.5004302771454,-1.97889878381435,-1.64929708850362
"2022-04-14",182.75,185.539993286133,181.639999389648,181.940002441406,5144600,181.940002441406,185.738998413086,192.85179901123,210.260900115967,182.002590804983,185.410888279064,45.5318354912562,-1.83824019490714,-1.68708570978433
"2022-04-18",181.449996948242,182.460006713867,178.550003051758,179.850006103516,5042600,179.850006103516,185.089998626709,192.320999145508,209.961500167847,181.671423927835,184.998971080875,43.3466353116876,-1.79868414056505,-1.70940539594047
"2022-04-19",180.360000610352,187.610000610352,180.279998779297,185.979995727539,7485600,185.979995727539,185.093998718262,191.911599121094,209.708000183105,182.334281127789,185.07163957322,50.8042889489672,-1.47908045324696,-1.66334040740177
"2022-04-20",187.240005493164,187.339996337891,182.860000610352,183.550003051758,6824300,183.550003051758,184.719499206543,191.34419921875,209.445050201416,182.521315269938,184.958925756816,48.1011883103136,-1.31791989864954,-1.59425630565133
"2022-04-21",188.729995727539,189.850006103516,180.550003051758,181.020004272461,7446100,181.020004272461,184.468499755859,190.69919921875,209.191250228882,182.290344347249,184.667153795012,45.3931653861752,-1.28707753323615,-1.53282055116829
"2022-04-22",180.779998779297,182.669998168945,176.5,176.919998168945,6372400,176.919998168945,183.861999511719,189.920399169922,208.892000198364,181.464137242895,184.093290415303,41.3321604908897,-1.42816349606056,-1.51188914014674
"2022-04-25",174.509994506836,176.080001831055,172.449996948242,175.910003662109,6293100,175.910003662109,183.209999847412,189.063599243164,208.573600234985,180.609655153543,183.487121026178,40.3739444911855,-1.56821135812786,-1.52315358374297
"2022-04-26",174.759994506836,174.869995117188,166.850006103516,167.039993286133,9277300,167.039993286133,182.153999328613,188.158399047852,208.217350234985,178.522014866249,182.268815267656,33.1134041841116,-2.05564533675404,-1.62965193434518
"2022-04-27",161.25,161.25,146,154.460006713867,40371700,154.460006713867,180.186999511719,187.046799316406,207.848650283814,174.82016745819,180.208903522931,25.9780563786612,-2.99027182308695,-1.90177591209354
"2022-04-28",156.610000610352,156.789993286133,149,154.220001220703,13518800,154.220001220703,178.152499389648,185.776599426269,207.497500305176,171.650911113962,178.283799648692,25.8635511917329,-3.72041012576579,-2.26550275482799
"2022-04-29",153.440002441406,157.029998779297,148.520004272461,148.839996337891,10880300,148.839996337891,176.019499206543,184.374799499512,207.127900314331,168.141539609951,176.102777181225,23.3761923248796,-4.52079047173759,-2.71656029820991
"2022-05-02",148.020004272461,149.449996948242,143.380004882812,148.610000610352,12399200,148.610000610352,173.911999511719,183.075399475098,206.782250289917,165.136687456166,174.066275213012,23.2731472611002,-5.12999301324638,-3.1992468412172
"2022-05-03",149.089996337891,154.449996948242,147.910003662109,153.580001831055,10149500,153.580001831055,172.031999969482,181.966399536133,206.515200271606,163.358735821534,172.548773481015,30.4117132024473,-5.32605214982451,-3.62460790293866
"2022-05-04",152.910003662109,157.139999389648,150.770004272461,156.970001220703,9550600,156.970001220703,170.748000335693,181.130999450684,206.214300308228,162.375853575252,171.394790350622,34.8633221238381,-5.26208337891695,-3.95210299813432
"2022-05-05",155.690002441406,157.990005493164,149.050003051758,150.470001220703,7950800,150.470001220703,169.335500335693,180.211999511719,205.8539503479,160.544183982245,169.844805970628,30.7954620638117,-5.47595314159422,-4.2568730268263
"2022-05-06",149.960006713867,150.899993896484,145.850006103516,148.899993896484,7697900,148.899993896484,167.881999969482,179.221399536133,205.494100341797,158.752770122897,168.29333840958,29.8883272177826,-5.66901124955057,-4.53930067137116
"2022-05-09",146,146.949996948242,132.649993896484,133.309997558594,12593800,133.309997558594,165.7875,177.857999572754,205.053050308228,154.838497420696,165.701979828026,22.7287209451065,-6.55603657759787,-4.9426478526165
"2022-05-10",136.759994506836,137.839996337891,130.330001831055,132.949996948242,11781400,132.949996948242,163.683499908447,176.410199584961,204.588550262451,151.47103580955,163.275907022116,22.5941271600545,-7.23001416918614,-5.40012111593043
"2022-05-11",132.949996948242,138.960006713867,129.110000610352,129.389999389648,11388400,129.389999389648,161.338999938965,175.099799499512,204.124150238037,148.073953283411,160.765839790081,21.2537798874706,-7.89464137607998,-5.89902516796034
"2022-05-12",126.889999389648,128.529998779297,120.279998779297,123.139999389648,15891300,123.139999389648,158.352500152588,173.606399536133,203.582000198364,144.237960376678,157.97874050116,19.1103671921695,-8.69786661223639,-6.45879345681555
"2022-05-13",124.980003356934,130.800003051758,122.379997253418,127.199996948242,20891500,127.199996948242,155.61549987793,172.373399353027,203.059850158691,141.616735233842,155.698833571314,24.4410859020814,-9.04444690719057,-6.97592414689055
"2022-05-16",127.050003051758,131.119995117188,122.349998474121,124.050003051758,10631600,124.050003051758,152.825499725342,171.237599487305,202.547700195313,138.914161051983,153.354475755051,23.1655181136016,-9.41629817582454,-7.46399895267735
"2022-05-17",126.910003662109,132.830001831055,125.790000915527,132.050003051758,12154200,132.050003051758,150.129000091553,170.495199584961,202.081250228882,137.858136744256,151.776366665918,32.7629812577598,-9.17022210203403,-7.80524358254869
"2022-05-18",130.339996337891,132.100006103516,124.360000610352,125.519996643066,9567600,125.519996643066,147.227499771118,169.529599456787,201.563400230408,135.959961344073,149.831450367929,29.5214764922436,-9.25806230253604,-8.09580732654616
"2022-05-19",124.400001525879,128.399993896484,123.699996948242,127.139999389648,8075800,127.139999389648,144.533499526977,168.501199493408,201.065950202942,134.603044120315,148.150602147316,31.3364745953726,-9.14445019503146,-8.30553590024322
"2022-05-20",128.770004272461,128.850006103516,117.080001831055,120.699996948242,18822200,120.699996948242,141.722499465942,167.34739944458,200.519750175476,132.46411378615,146.117223984421,28.2247287417031,-9.34394305200248,-8.51321733059507
"2022-05-23",121.699996948242,124.480003356934,120.339996337891,124.069999694824,9341500,124.069999694824,139.130499267578,166.304199523926,199.983450164795,131.172711618254,144.484096259266,32.0284614416427,-9.21304488566402,-8.65318284160886
"2022-05-24",122.440002441406,122.699996948242,117.290000915527,119.400001525879,9092400,119.400001525879,136.748499679565,165.181799468994,199.419100151062,129.361525450196,142.626015167904,29.6810683832406,-9.30018952159074,-8.78258417760524
"2022-05-25",119.169998168945,122.599998474121,118.76000213623,122.059997558594,7707900,122.059997558594,135.128499221802,164.025199432373,198.850500144959,128.238213466873,141.102606456103,32.7063965158803,-9.1170484460417,-8.84947703129253
"2022-05-26",123.099998474121,128.839996337891,122.73999786377,127.730003356934,8333900,127.730003356934,133.803999328613,162.799999389648,198.291700134277,128.160027296113,140.112043263572,38.7550373092891,-8.53032736449047,-8.78564709793212
"2022-05-27",128.770004272461,132.229995727539,128.320007324219,132.229995727539,7261500,132.229995727539,132.973499298096,161.640799255371,197.761950149536,128.786176285563,139.528187890533,43.1244454292838,-7.69881109141707,-8.56827989662911
"2022-05-31",131.029998779297,132.990005493164,128.860000610352,131.399993896484,7953700,131.399993896484,132.112998962402,160.41219909668,197.246650085449,129.188302071859,138.926099446529,42.5218629817005,-7.00933619634113,-8.25649115657152
"2022-06-01",133,134.330001831055,127.01000213623,130.649993896484,9991600,130.649993896484,130.966498565674,159.30719909668,196.754600067139,129.413177737186,138.31305459097,41.9514274192734,-6.43458918617911,-7.89211076249303
"2022-06-02",132.139999389648,140.550003051758,131.869995117188,140.5,12777000,140.5,130.142998504639,158.296399230957,196.346000061035,131.118842700695,138.475050547195,51.2089430649586,-5.31229836525099,-7.37614828304463
"2022-06-03",138.520004272461,140.699996948242,137.589996337891,139.25,10091800,139.25,129.581998443603,157.360599365234,195.947250061035,132.369789977512,138.532454210365,50.1166402437562,-4.44853465419418,-6.79062555727454
"2022-06-06",139.990005493164,141.139999389648,136.830001831055,139.240005493164,6354800,139.240005493164,129.098999023437,156.364399414062,195.58265007019,133.426746210689,138.584865416499,50.1074371155318,-3.72199315582382,-6.1768990769844
"2022-06-07",137.490005493164,141.240005493164,135.910003662109,140.820007324219,5436100,140.820007324219,129.474499511719,155.401799621582,195.223400115967,134.564170997386,138.750431483737,51.6199556006709,-3.01711529224468,-5.54494232003645
"2022-06-08",139.130004882812,142.210006713867,138.440002441406,139.630004882812,5833700,139.630004882812,129.808499908447,154.431199645996,194.824550170898,135.343530056682,138.815585068854,50.3811368051112,-2.50119971071654,-4.93619379817247
"2022-06-09",139.350006103516,139.660003662109,133.699996948242,133.729995727539,6010100,133.729995727539,130.025499725342,153.229799499512,194.386050186157,135.095294006045,138.438874747275,44.6586445530605,-2.41520363939247,-4.43199576641647
"2022-06-10",130.270004272461,132.190002441406,126.849998474121,127,7770700,127,130.218499755859,151.871599426269,193.915900192261,133.849864158961,137.591550691921,39.1904463622434,-2.71941591917824,-4.08947979696882
"2022-06-13",123,123.25,114.139999389648,115.860000610352,16778500,115.860000610352,129.651499938965,150.358799438476,193.412700195313,131.08219284379,135.981806241435,32.1689369715461,-3.60313892944258,-3.99221162346358
"2022-06-14",116.650001525879,122.190002441406,113.019996643066,122.160003662109,17549800,122.160003662109,129.556999969482,148.986799621582,192.914750213623,129.709548354301,134.957969013336,38.8422576133812,-3.88892978858988,-3.97155525648884
"2022-06-15",124.349998474121,134.990005493164,123.830001831055,133.720001220703,25997800,133.720001220703,129.64049987793,147.83759979248,192.495050201416,130.326541102978,134.866267695364,48.7966241887043,-3.36609492496656,-3.85046319018438
"2022-06-16",131.699996948242,135.339996337891,131.259994506836,133.360000610352,19543600,133.360000610352,130.032500076294,146.851799926758,192.064350204468,130.793227181036,134.754692355733,48.5317022726861,-2.93976046803606,-3.66832264575472
"2022-06-17",132.25,138.979995727539,131.5,136.800003051758,16042500,136.800003051758,130.515500259399,146.013399963379,191.657750244141,131.717346545762,134.906196851735,51.2550193461362,-2.3637537640153,-3.40740886940683
"2022-06-21",139.169998168945,140.940002441406,135.839996337891,136.75,10519900,136.75,131.318000411987,145.188999938965,191.237350234985,132.491600923337,135.042774862718,51.2126006145703,-1.889159891726,-3.10375907387067
"2022-06-22",134.029998779297,138.789993286133,133.279998779297,137.160003662109,7713300,137.160003662109,131.972500610352,144.428200073242,190.832300262451,133.209816729302,135.199606625635,51.5665511550229,-1.47174237114681,-2.7773557333259
"2022-06-23",136.419998168945,137.419998168945,130.089996337891,133.970001220703,10746900,133.970001220703,132.701000595093,143.60700012207,190.430950241089,133.326768189518,135.108524743789,48.6115199290168,-1.31875953619489,-2.48563649389969
"2022-06-24",135.009994506836,141.869995117188,134.949996948242,141.529998779297,13626200,141.529998779297,133.674500656128,142.91200012207,190.081700210571,134.588803664868,135.58418948716,55.1683513975381,-0.734145939918407,-2.13533838310344
"2022-06-27",140.279998779297,140.570007324219,136.220001220703,138.720001220703,8457400,138.720001220703,134.224000549316,142.029000244141,189.705600204468,135.224372519612,135.816471837792,52.4876153094828,-0.435955455305481,-1.79546179754385
"2022-06-28",140.889999389648,147.179992675781,138.539993286133,138.699996948242,12125400,138.699996948242,134.547500610352,141.164200134277,189.34760017395,135.759083970171,136.030066290418,52.4680691859514,-0.199207666097301,-1.47621097125454
"2022-06-29",138.610000610352,138.919998168945,134.839996337891,138.449996948242,7489200,138.449996948242,134.900000762939,140.336199951172,188.967450180054,136.173070582182,136.20932041322,52.206413853331,-0.0266133264071322,-1.18629144228506
"2022-06-30",134.300003051758,137.490005493164,131.600006103516,136.720001220703,8455100,136.720001220703,135.20350112915,139.351000061035,188.593200149536,136.257213757339,136.247148621182,50.3357292246876,0.00738741049541858,-0.947555671728961
"2022-07-01",135.880004882812,141.789993286133,135.399993896484,139.839996337891,7627100,139.839996337891,135.170500946045,138.476799926758,188.221300125122,136.808411077424,136.513285489086,53.567164686754,0.216188180718224,-0.714806901239524
"2022-07-05",136.25,138.070007324219,131.289993286133,137.699996948242,10065900,137.699996948242,135.093000793457,137.610399780273,187.843000106812,136.945578134473,136.601190041616,51.1107154034594,0.252112073658739,-0.521423106259872
"2022-07-06",137.539993286133,138.710006713867,134.460006713867,136.309997558594,6608000,136.309997558594,134.946500396729,136.798199768066,187.457750091553,136.847796507414,136.579620228059,49.5221883579081,0.196351607148681,-0.377868163578161
"2022-07-07",137.929992675781,142.279998779297,137.899993896484,139.970001220703,7674400,139.970001220703,134.904000091553,136.079399719238,187.110100097656,137.328135694074,136.830759560847,53.6105860391759,0.363497312170891,-0.229595068428351
"2022-07-08",139.699996948242,140.740005493164,137.369995117188,139.070007324219,5655500,139.070007324219,134.876000213623,135.52,186.762900161743,137.596115944866,136.996629765542,52.4848684417175,0.437591917662505,-0.0961576712101795
"2022-07-11",137.770004272461,139.240005493164,134.889999389648,136.990005493164,6176500,136.990005493164,135.039000701904,135.170599975586,186.362950210571,137.502868183065,136.996139078699,49.8781274722115,0.369885682745763,-0.00294900041899103
"2022-07-12",136.860000610352,149.320007324219,136.809997558594,147.149993896484,18598200,147.149993896484,136.046500396729,135.029199829101,185.993200149536,138.987041369745,137.748276472609,60.260570775049,0.899296113793979,0.177500022423603
"2022-07-13",142.789993286133,146.410003662109,142.179992675781,143.949996948242,9038700,143.949996948242,137.451000213623,134.931399841308,185.606000137329,139.750572997206,138.207663174508,56.3045649454805,1.11637067530075,0.365274152999032
"2022-07-14",141.110000610352,147.490005493164,140.610000610352,147.149993896484,9456100,147.149993896484,138.700499725342,134.902199707031,185.220950088501,140.888945443249,138.870058042802,59.1897744886542,1.45379603702951,0.582978529805128
"2022-07-15",149.169998168945,149.740005493164,144.649993896484,147.740005493164,7910400,147.740005493164,139.401499938965,134.785399780273,184.867600097656,141.942954681697,139.527091187273,59.7179143028257,1.7314655339453,0.812675930633162
"2022-07-18",153.309997558594,155.940002441406,147.199996948242,147.720001220703,13948500,147.720001220703,140.119499969482,134.600399780273,184.479400100708,142.831731072314,140.133973411972,59.6897092917847,1.92512750095997,1.03516624469852
"2022-07-19",149.610000610352,156.279998779297,148.970001220703,156.130004882812,14183000,156.130004882812,141.086000061035,134.713599853515,184.160350112915,144.877619350852,141.318864632034,66.7909765116714,2.51824462932393,1.3317819216236
"2022-07-20",156,159.399993896484,154.259994506836,158.380004882812,8668600,158.380004882812,142.167500305176,134.903200073242,183.822250137329,146.954909432692,142.582652798758,68.3951265903726,3.06647165564,1.67871986842688
"2022-07-21",158.889999389648,161.660003662109,156.190002441406,161.410003662109,8044100,161.410003662109,143.380000305176,135.465200195312,183.510350189209,149.178770083371,143.977271381229,70.4642282699687,3.61272209998336,2.06552031473818
"2022-07-22",161.800003051758,163.339996337891,157.770004272461,158.160003662109,7594900,158.160003662109,144.589500427246,135.96940032959,183.179050216675,150.560498326254,145.027844142776,65.5101595552547,3.81489100674486,2.41539445313951
"2022-07-25",156.940002441406,157.309997558594,152.839996337891,156.639999389648,5764700,156.639999389648,145.345000457764,136.51440032959,182.837300186157,151.495806182161,145.888003790692,63.2697093465799,3.84390919455897,2.70109740142341
"2022-07-26",155.240005493164,158.179992675781,154.5,155.919998168945,6053100,155.919998168945,146.205000305176,137.170000305176,182.484500198364,152.176451103205,146.631114485377,62.1848232311448,3.7818280501307,2.91724353116486
"2022-07-27",161.119995117188,162.740005493164,152.800003051758,156.089996337891,16356600,156.089996337891,147.074500274658,137.747800292969,182.133000183106,152.778534985464,147.331772400378,62.3489807364609,3.69693684963208,3.07318219485831
"2022-07-28",154.020004272461,160.100006103516,153.029998779297,159.089996337891,8729100,159.089996337891,148.106500244141,138.448600158691,181.796200180054,153.749529039684,148.202751951305,65.2184723270091,3.74269506830804,3.20708476954826
"2022-07-29",157.949996948242,159.839996337891,155.539993286133,159.309997558594,5743500,159.309997558594,149.236000061035,138.993800048828,181.474900131226,154.604985734901,149.025510885179,65.4265661809702,3.74397297253419,3.31446241014544
"2022-08-01",165.949996948242,171.759994506836,164.25,169.070007324219,18321600,169.070007324219,150.697500610352,139.864800262451,181.21135017395,156.830373671719,150.510288399182,73.1121453030345,4.19910515072248,3.49139095826085
"2022-08-02",167,167.330001831055,163.139999389648,163.279998779297,10874300,163.279998779297,151.976500701904,140.587600250244,180.94055015564,157.822623688269,151.456192871783,64.0200546236734,4.20348002664785,3.63380877193825
"2022-08-03",164.509994506836,167.520004272461,162.330001831055,166.639999389648,6709100,166.639999389648,153.493000793457,141.506400299072,180.688550186157,159.179143026943,152.580919280513,66.6146797119488,4.32440948549992,3.77192891465059
"2022-08-04",165.770004272461,168.119995117188,164.410003662109,166.5,5039600,166.5,154.819500732422,142.355000305176,180.43615020752,160.305428715106,153.611962296772,66.3998212349487,4.35738618155426,3.88902036803132
"2022-08-05",164.399993896484,167.070007324219,163.929992675781,165.039993286133,4709100,165.039993286133,156.118000030517,143.267800140381,180.181500167847,161.033823264494,154.458483110798,64.0786390839397,4.25702753339821,3.9626218011047
"2022-08-08",166.410003662109,171.089996337891,164.710006713867,165.889999389648,11293200,165.889999389648,157.562999725342,144.144400177002,179.93010017395,161.780927283749,155.305262094417,64.8490653211701,4.16963668970534,4.00402477882483
"2022-08-09",166.509994506836,166.509994506836,163.449996948242,164.850006103516,6064800,164.850006103516,158.448000335693,144.886800231933,179.682650222778,162.253093256021,156.012280169165,63.0668004149763,4.00020631714932,4.00326108648973
"2022-08-10",168.350006103516,171.139999389648,167.25,169.020004272461,7181700,169.020004272461,159.701500701904,145.622600402832,179.462900238037,163.294156489319,156.975815287928,66.9848652712404,4.02504117580298,4.00761710435238
"2022-08-11",170.5,171.759994506836,167.050003051758,167.880004882812,4996800,167.880004882812,160.738001251221,146.352200622558,179.237950286865,163.99967162678,157.783533035697,64.9561169172509,3.93966244226285,3.99402617193447
"2022-08-12",168.389999389648,170.110000610352,167.570007324219,169.990005493164,4345200,169.990005493164,161.850501251221,147.139000854492,179.038850326538,164.921261452377,158.687716180694,66.9512383266236,3.92818387063103,3.98085771167378
"2022-08-15",169.289993286133,172.550003051758,168.320007324219,170.470001220703,4734700,170.470001220703,162.988001251221,147.738400878906,178.85815032959,165.774913724427,159.56047803551,67.4058455164861,3.89472115239868,3.96363039981876
"2022-08-16",170,173.850006103516,169.149993896484,172.080001831055,5259600,172.080001831055,163.785501098633,148.395000915527,178.679300308228,166.744927279293,160.487850168513,68.9487314121232,3.89878554931724,3.95066142971846
"2022-08-17",169.610000610352,169.850006103516,166.089996337891,167.199996948242,6533500,167.199996948242,164.226500701904,148.954200744629,178.480150299072,166.814937997593,160.985046226271,59.7209058715555,3.6213871461874,3.88480657301225
"2022-08-18",167.199996948242,169.179992675781,165.770004272461,168.690002441406,4404600,168.690002441406,164.590500640869,149.511600646972,178.250700302124,167.103409450487,161.555783723688,61.4187644873624,3.43387627414635,3.79462051323907
"2022-08-19",166.330001831055,166.839996337891,162.580001831055,162.919998168945,5736100,162.919998168945,164.828500366211,149.977400512695,178.001450271606,166.459807714865,161.656836645559,52.2361574593759,2.97109059472498,3.62991452953625
"2022-08-22",159.399993896484,160.270004272461,157.910003662109,158.979995727539,5312300,158.979995727539,164.945500183105,150.482400512695,177.72945022583,165.309067409123,161.458552133113,47.0619924731568,2.38483203592401,3.3808980308138
"2022-08-23",159.139999389648,161.690002441406,159.080001831055,160.070007324219,3425200,160.070007324219,165.153000640869,151.14380065918,177.464650268555,164.503058165292,161.355696962084,48.5794789664713,1.95057333733124,3.09483309211729
"2022-08-24",162.270004272461,164.139999389648,161.380004882812,163.600006103516,4211300,163.600006103516,165.52850112915,152.098600769043,177.160350265503,164.364127078865,161.521942083672,53.2529501705384,1.7596277994977,2.82779203359337
"2022-08-25",164.559997558594,169.649993896484,163.699996948242,169.380004882812,4949400,169.380004882812,166.043001556396,153.043000793457,176.893850326538,165.135800587164,162.104020809534,59.7100525707212,1.87026809235811,2.63628724534632
"2022-08-26",170,171.369995117188,164.270004272461,164.529998779297,4957400,164.529998779297,166.304001617432,153.659200744629,176.612550354004,165.042600309031,162.283722881368,53.0841159609734,1.70003336051103,2.44903646837926
"2022-08-29",162.279998779297,166.899993896484,162.199996948242,165.419998168945,4727600,165.419998168945,166.121501159668,154.300400695801,176.347150344849,165.100661518248,162.516039569337,54.0908872677836,1.59037960545965,2.27730509579534
"2022-08-30",167.270004272461,169.919998168945,160.720001220703,162.210006713867,6248600,162.210006713867,166.068001556396,154.808600769043,176.061300354004,164.655945394497,162.493370468932,49.9292447395036,1.33086963445017,2.08801800352631
"2022-08-31",163,163.550003051758,160.139999389648,160.25,4123500,160.25,165.748501586914,155.278600769043,175.757750320435,163.978107641498,162.32719487864,47.5248815160935,1.01702783941506,1.87381997070406
"2022-09-01",158,158.899993896484,150.820007324219,153.660003662109,7652000,153.660003662109,165.106501770019,155.608600769043,175.360600357056,162.390707029284,161.685180714453,40.4686047212616,0.436358058118591,1.58632758818696
"2022-09-02",155.190002441406,156.990005493164,151.479995727539,151.820007324219,5262800,151.820007324219,164.445502471924,155.965600891113,174.990700378418,160.764445536197,160.954427129991,38.7391045391211,-0.118034400905653,1.24545519036844
"2022-09-06",152.389999389648,154.479995727539,150.460006713867,152.389999389648,5210500,152.389999389648,163.770502471924,156.18280090332,174.61955039978,159.476069205959,160.320025075151,39.6002451911469,-0.526419496751263,0.8910802529445
"2022-09-07",151.259994506836,156.350006103516,150.869995117188,155.949996948242,5298600,155.949996948242,163.32550201416,156.527400817871,174.263050384522,158.933596550925,159.996319287973,44.8176717490603,-0.664216990601085,0.580020804235383
"2022-09-08",155,158.300003051758,153.839996337891,157.789993286133,4949100,157.789993286133,162.764001464844,156.909200744629,173.981350326538,158.757657587111,159.832887732281,47.3491738987326,-0.672721465791515,0.329472350230003
"2022-09-09",158,159.75,156.949996948242,157.520004272461,5775800,157.520004272461,162.246001434326,157.290600891113,173.719450378418,158.567249384857,159.661563031553,47.008399030986,-0.685395799663913,0.12649872025122
"2022-09-12",158.460006713867,160.970001220703,157.449996948242,158.720001220703,5363100,158.720001220703,161.682501220703,157.730600891113,173.467400360107,158.590749667295,159.591817712231,48.7731032816258,-0.627267775557927,-0.0242545789106092
"2022-09-13",153.600006103516,155.190002441406,147.130004882812,147.309997558594,8724900,147.309997558594,160.524501037598,157.880000915527,173.150950317383,156.85524934288,158.682053256406,36.3706781162543,-1.15123536407403,-0.249650735943294
"2022-09-14",146.899993896484,149.699996948242,144.300003051758,149.259994506836,8478000,149.259994506836,159.383500671387,158.111200866699,172.901200256348,155.686748598873,157.98412297866,39.2154801368749,-1.45418054452068,-0.490556697658771
"2022-09-15",147.880004882812,153.449996948242,147.279998779297,149.779998779297,9792800,149.779998779297,158.512500762939,158.380600891113,172.657600250244,154.7780178574,157.376410075004,39.98603705211,-1.65106842656128,-0.722659043439272
"2022-09-16",145.229995727539,145.630004882812,141.350006103516,144.289993286133,10310700,144.289993286133,157.292500305176,158.467000732422,172.389800186157,153.164475615666,156.407045868421,34.9487780884689,-2.07316124075521,-0.992759482902458
"2022-09-19",142.619995117188,146.990005493164,142.350006103516,144.880004882812,5150700,144.880004882812,156.390500640869,158.583200683594,172.173250198364,151.889941656766,155.553190980598,35.8835970567543,-2.35498179159116,-1.2652039446402
"2022-09-20",145.259994506836,147.669998168945,143.899993896484,145.940002441406,6737600,145.940002441406,155.738500976562,158.762200622558,171.891050186157,150.974566392864,154.841102940658,37.6180402178166,-2.49709959071741,-1.51158307385564
"2022-09-21",146.770004272461,149.869995117188,143.210006713867,143.289993286133,6244300,143.289993286133,154.899500274658,158.685000610351,171.615050125122,149.792324376444,153.985465188471,35.0642639746471,-2.72307571814943,-1.7538816027144
"2022-09-22",143.130004882812,143.699996948242,138.289993286133,138.710006713867,6311800,138.710006713867,153.655000305176,158.580200805664,171.279200134277,148.087352428355,152.853949745907,31.1307735101962,-3.11839983557888,-2.02678524928729
"2022-09-23",135.649993896484,136.190002441406,129.5,131.259994506836,8927900,131.259994506836,151.748999786377,158.262400817871,170.891350097656,145.498528132737,151.254397505976,26.0179193929484,-3.80542282944991,-2.38251276531982
"2022-09-26",129.770004272461,132.449996948242,126.879997253418,127.339996337891,7095100,127.339996337891,149.889499664307,157.854400634765,170.472900085449,142.704907856607,149.482960382414,23.8027161879127,-4.53433120970287,-2.81287645419643
"2022-09-27",129.320007324219,130.449996948242,125.599998474121,127.51000213623,6682300,127.51000213623,147.993999862671,157.450200653076,170.072650108337,140.367230053472,147.85533384566,24.104516367057,-5.06447998690707,-3.26319716073856
"2022-09-28",128.039993286133,133.889999389648,127.400001525879,133.440002441406,10257200,133.440002441406,146.555499649048,156.996400604248,169.714550132751,139.301502728539,146.787531519419,33.9340586540336,-5.0999078146429,-3.63053929151942
"2022-09-29",131.199996948242,131.610000610352,123.800003051758,125.330001831055,8905400,125.330001831055,144.809499740601,156.335400543213,169.354200172424,137.152041052003,145.198084875836,28.4980161333451,-5.54142558472043,-4.01271655015963
"2022-09-30",123.139999389648,125.480003356934,120.98999786377,121.080001831055,8383000,121.080001831055,143.180499649048,155.528800506592,168.98210018158,134.679419633395,143.411560205853,26.1352216253758,-6.08886798241589,-4.42794683661088
"2022-10-03",122,127.150001525879,121.019996643066,126.050003051758,7962400,126.050003051758,141.891999435425,154.886600494385,168.635200233459,133.351817082374,142.125518935179,33.1186488501889,-6.17320655610498,-4.7769987805097
"2022-10-04",129.399993896484,133.570007324219,129.330001831055,133.509994506836,7235700,133.509994506836,140.947999191284,154.424000396728,168.348800239563,133.376152070753,141.487331940487,41.9848778027477,-5.73279583301892,-4.96815819101154
"2022-10-05",130.279998779297,133.550003051758,128.259994506836,132.110000610352,6268300,132.110000610352,139.75599937439,153.947800445556,168.046200218201,133.181359538384,140.792714804921,40.8893666996826,-5.40607181066421,-5.05574091494208
"2022-10-06",131.130004882812,133.309997558594,129.740005493164,132.199996948242,4454700,132.199996948242,138.476499557495,153.470000457764,167.764800224304,133.030380678362,140.156217185908,40.9959499821483,-5.08421006974971,-5.0614347459036
"2022-10-07",130.360000610352,130.610000610352,128.020004272461,129.789993286133,5097400,129.789993286133,137.089999008179,152.884000396728,167.416150169373,132.531859541096,139.388348748888,38.9695444780861,-4.91898302069996,-5.03294440086288
"2022-10-10",131.419998168945,135.740005493164,130.199996948242,131.899993896484,6829900,131.899993896484,135.748998641968,152.335800323486,167.067200126648,132.434649441925,138.833655796858,41.6872266208073,-4.60911752139987,-4.94817902497028
"2022-10-11",132.960006713867,135.360000610352,129.509994506836,131.570007324219,8508400,131.570007324219,134.961999130249,151.585800323486,166.703950157166,132.301627577662,138.295607761847,41.3769075623686,-4.33417971921932,-4.82537916382009
"2022-10-12",128.429992675781,131.339996337891,127.860000610352,130.419998168945,6393000,130.419998168945,134.019999313354,150.928600311279,166.340200157166,132.012146130167,137.712229273484,40.2523381387958,-4.13912633132754,-4.68812859732158
"2022-10-13",126.5,134.699996948242,124.169998168945,132.399993896484,7842300,132.399993896484,133.150999069214,150.243800201416,165.971550102234,132.071815017293,137.318730356669,43.1187903411382,-3.82097571521975,-4.51469802090121
"2022-10-14",135.589996337891,136.410003662109,131.369995117188,133.149993896484,6093900,133.149993896484,132.593999099731,149.576800079346,165.619000053406,132.237688691015,137.009935063322,44.2106252548225,-3.4831389198908,-4.30838620069913
"2022-10-17",136.979995727539,137.279998779297,133.259994506836,136.089996337891,9073500,136.089996337891,132.154498672485,148.997800140381,165.285900001526,132.830351405919,136.941791454031,48.3925094905003,-3.00232675829466,-4.04717431221824
"2022-10-18",139,139.419998168945,135.220001220703,137.339996337891,6146300,137.339996337891,131.72449836731,148.426800079346,164.965999946594,133.524142933914,136.971288112095,50.1049861659037,-2.51669180139369,-3.74107781005333
"2022-10-19",137.169998168945,141.199996948242,136.630004882812,138.389999389648,6321900,138.389999389648,131.479498672485,147.897599945068,164.618649940491,134.272736234797,137.076377836358,51.5590705899977,-2.04531345649396,-3.40192493934145
"2022-10-20",138.360000610352,141.880004882812,138.360000610352,139.130004882812,4331700,139.130004882812,131.500498580933,147.299799957275,164.246149940491,135.020008334491,137.228498358318,52.607339322104,-1.60935232130852,-3.04341041573487
"2022-10-21",138.479995727539,141.330001831055,136.619995117188,141.320007324219,5451300,141.320007324219,132.003499221802,146.768600006103,163.887399940491,135.989238948296,137.531573096533,55.6650785627539,-1.12144005446262,-2.65901634348042
"2022-10-24",142.850006103516,142.880004882812,139.279998779297,142.050003051758,5177800,142.050003051758,132.738999557495,146.209799957275,163.54094997406,136.921664194982,137.866271611734,56.6686583242092,-0.685162081856128,-2.26424549115556
"2022-10-25",142.089996337891,146.880004882812,141.880004882812,146.649993896484,6515600,146.649993896484,133.695999145508,145.733399810791,163.196699943543,138.418330302905,138.516917706901,62.4385727238039,-0.071173547338288,-1.82563110239211
"2022-10-26",147.050003051758,150.139999389648,132.210006713867,133.789993286133,29406500,133.789993286133,133.713498687744,144.967599639892,162.81909992218,137.706278454171,138.166775157215,44.5703316054184,-0.333290476324266,-1.52716297717854
"2022-10-27",137.100006103516,143.100006103516,136.619995117188,139.759994506836,13754900,139.759994506836,134.434998321533,144.418799591064,162.437799873352,138.022234769966,138.284791405335,51.5080490560311,-0.189866602610889,-1.25970370226501
"2022-10-28",141.160003662109,144.729995727539,139.929992675781,143.839996337891,7941100,143.839996337891,135.572998046875,143.921799468994,162.0697498703,138.917275011185,138.696288067005,55.5982533818101,0.159331548997743,-0.975896652012458
"2022-10-31",141.880004882812,144.449996948242,139.520004272461,142.509994506836,6212200,142.509994506836,136.395997619629,143.513599395752,161.662799873352,139.470001087439,138.978784840326,53.9992848420926,0.35344692909578,-0.71002793579081
"2022-11-01",143.990005493164,145.25,141.839996337891,143.380004882812,5758600,143.380004882812,136.889498138428,143.201599578857,161.249899864197,140.071540132881,139.30480113977,54.9127446555989,0.550403853160875,-0.457941578000473
"2022-11-02",142.119995117188,153.589996337891,141.539993286133,147.410003662109,20236100,147.410003662109,137.654498291016,142.948399505615,160.861899909973,141.200534521993,139.905186511795,58.9764590042094,0.92587561797719,-0.181178138804941
"2022-11-03",148.789993286133,158.690002441406,147.5,156.75,16212600,156.75,138.881998443603,142.811399383545,160.560249900818,143.592759980148,141.152950473884,66.5101676688273,1.72848636749912,0.200754762455871
"2022-11-04",156.660003662109,160.979995727539,154.5,160.009994506836,9396200,160.009994506836,140.392998504639,142.623999176025,160.289349861145,146.118488368869,142.549768550399,68.6726575201331,2.50349043338389,0.661301896641475
"2022-11-07",161.399993896484,166.699996948242,160.630004882812,164.910003662109,10220300,164.910003662109,142.04349899292,142.631599273681,160.086699867249,149.009490721675,144.206082262378,71.6371829181336,3.33093333092438,1.19522818349806
"2022-11-08",166,170.550003051758,164.910003662109,169.619995117188,11274500,169.619995117188,143.945998382568,142.715599212646,159.913799858093,152.180337551754,146.088594325697,74.1676646245074,4.16989653037261,1.79016185287297
"2022-11-09",169.289993286133,171.619995117188,166.860000610352,168.740005493164,8893800,168.740005493164,145.861998748779,142.846199188232,159.736999855042,154.72797877351,147.766476634398,72.8597374728814,4.71115120132117,2.37435972256261
"2022-11-10",172.139999389648,179.320007324219,171.75,177.580001831055,12375000,177.580001831055,148.120999145508,143.192799224853,159.653549842835,158.243674628517,149.974885908225,77.20795667927,5.51344891527503,3.00217756110509
"2022-11-11",176.399993896484,178.029998779297,172.990005493164,177.490005493164,8894300,177.490005493164,150.337999725342,143.669399261474,159.5922498703,161.204648607693,152.013042914516,77.0725766200359,6.04659015894153,3.61106008067238
"2022-11-14",176.5,178.190002441406,173.5,173.550003051758,5598300,173.550003051758,152.211000061035,144.103999176025,159.507149848938,163.10393390678,153.608373295053,71.1874925213025,6.18166862133744,4.12518178880539
"2022-11-15",175.490005493164,176.690002441406,172.75,175.350006103516,7207900,175.350006103516,154.111500549316,144.563199310303,159.38269985199,164.98794501397,155.218864614198,72.230719608025,6.29374555989268,4.55889454302285
"2022-11-16",174.110000610352,174.789993286133,171.850006103516,172.690002441406,4438600,172.690002441406,155.826500701904,144.897999420166,159.204449882507,166.172876925883,156.513022971769,68.2953749884239,6.1719170524593,4.88149904491014
"2022-11-17",169.300003051758,173.149993896484,168.520004272461,172.779998779297,4878600,172.779998779297,157.509000396729,145.197799530029,159.030749855042,167.189357211024,157.717984142697,68.3581879775066,6.00525876602469,5.10625098913305
"2022-11-18",173.979995727539,175.190002441406,171.529998779297,173.889999389648,4693200,173.889999389648,159.1375,145.525199432373,158.868249855042,168.220225238505,158.915911198027,69.1695046588986,5.85486624362206,5.25597404003085
"2022-11-21",172.529998779297,174.720001220703,171.119995117188,172.940002441406,3501800,172.940002441406,160.681999969482,145.809599456787,158.700699882507,168.946344808182,159.95473277161,67.572584276969,5.62134791560671,5.32904881514602
"2022-11-22",173.649993896484,174.990005493164,171,172.5,4370600,172.5,161.974500274658,146.313399505615,158.503599891663,169.493060991538,160.884011825565,66.8033048713995,5.35109055790284,5.33345716369739
"2022-11-23",172.089996337891,175,171.770004272461,174.850006103516,3523500,174.850006103516,164.027500915527,146.825199737549,158.311499900818,170.317206393381,161.918529920228,68.8434520453676,5.18697673286097,5.3041610775301
"2022-11-25",174.350006103516,178.460006713867,174.029998779297,178.360000610352,3476900,178.360000610352,165.957501220703,147.39679977417,158.123999900818,171.554559349838,163.136416638015,71.6462940011324,5.16018611007127,5.27536608403834
"2022-11-28",176.169998168945,177.139999389648,171.699996948242,171.830001831055,5355500,171.830001831055,167.357001495361,147.947599945068,157.889399909973,171.596935116179,163.780385911574,60.7050768731641,4.77257954980375,5.17480877719142
"2022-11-29",172.880004882812,175.949996948242,172.559997558594,175.320007324219,5077800,175.320007324219,168.99750213623,148.556399993896,157.704499931335,172.169715455878,164.635172682881,63.879893336692,4.57650856145413,5.05514873404396
"2022-11-30",178,179.979995727539,174.199996948242,178.880004882812,6778700,178.880004882812,170.77250213623,149.215200042724,157.548699989319,173.202067675406,165.690345438431,66.824379436736,4.53359078774207,4.95083714478358
"2022-12-01",178.880004882812,179.699996948242,174.690002441406,175.779998779297,4517500,175.779998779297,172.19100189209,149.865000152588,157.338950004578,173.59867246062,166.437727167384,62.0786773496179,4.30247721782098,4.82116515939106
"2022-12-02",173.119995117188,183.449996948242,172.850006103516,182.869995117188,10563800,182.869995117188,173.497001647949,150.748199920654,157.158650016785,175.0250297924,167.654932200703,67.7242724056183,4.39599211007629,4.73613054952811
"2022-12-05",182,188.449996948242,180.800003051758,185.100006103516,10456300,185.100006103516,174.751502227783,151.825000152588,157.016250038147,176.575026147956,168.947159897208,69.2737370314031,4.51494198268225,4.69189283615894
"2022-12-06",184.009994506836,184.789993286133,177.009994506836,178.429992675781,8236900,178.429992675781,175.427501678467,152.846800079346,156.863250007629,176.860405613775,169.64959195488,59.9961803699385,4.25041615237911,4.60359749940297
"2022-12-07",176.279998779297,178.429992675781,174.619995117188,176.5,5871200,176.5,175.771501922607,153.826600036621,156.752049980164,176.804958596271,170.157029587852,57.5926708101975,3.90693762374796,4.46426552427197
"2022-12-08",179.320007324219,184.880004882812,178.610000610352,179.080001831055,6707700,179.080001831055,176.288501739502,154.739400024414,156.665349998474,177.154965247777,170.817990494756,59.9050596269604,3.70978181786743,4.31336878299106
"2022-12-09",180.75,183.889999389648,179.25,179.539993286133,6359000,179.539993286133,176.386501312256,155.823599853516,156.570900001526,177.521892638293,171.464064775598,60.3204922976138,3.53300143130439,4.15729531265373
"2022-12-12",180.800003051758,186.690002441406,180.5,186.270004272461,8098400,186.270004272461,176.825501251221,157.127399902344,156.494850044251,178.867755966626,172.560801034625,65.8891917361856,3.6549175097627,4.05681975207552
"2022-12-13",191.110000610352,191.110000610352,184.850006103516,187.130004882812,10975300,187.130004882812,177.504501342773,158.348999938965,156.403800086975,180.138871184501,173.640001319676,66.5354997140368,3.74272622404588,3.99400104646959
"2022-12-14",187.330001831055,189.669998168945,185.410003662109,188.25,5814900,188.25,178.149501037598,159.443800048828,156.370500068665,181.386737156116,174.722223444145,67.4017508837191,3.81434804376926,3.95807044592953
"2022-12-15",186.25,187.979995727539,181.279998779297,183.720001220703,5343200,183.720001220703,178.701000976563,160.476000061035,156.300050086975,181.74570085836,175.388725501667,60.5720963898479,3.62450627228754,3.89135761120113
"2022-12-16",182.789993286133,186.610000610352,181.300003051758,184.699996948242,7906800,184.699996948242,179.29700088501,161.526000061035,156.279300041199,182.200207949111,176.078449312525,61.4813998252971,3.47672225674882,3.80843054031067
"2022-12-19",184.919998168945,188.039993286133,184.710006713867,185.679992675781,6605400,185.679992675781,179.886500549316,162.643800048828,156.303500022888,182.735559445522,176.78967474684,62.4148814083122,3.36325337279828,3.71939510680819
"2022-12-20",186.179992675781,189.910003662109,185.740005493164,188.289993286133,6156800,188.289993286133,180.654000091553,163.771600036621,156.399099998474,183.590087728693,177.641550194195,64.8575702761952,3.34861834294693,3.64523975403594
"2022-12-21",190.039993286133,196.399993896484,189.720001220703,196,9175400,196,181.829000091553,165.060199890137,156.510099983215,185.499305001202,179.001435364995,70.8785142667998,3.63006566006407,3.64220493524157
"2022-12-22",193.820007324219,194.169998168945,185.669998168945,188.25,6924800,188.25,182.498999786377,166.216799926758,156.558549995422,185.922488847171,179.686514226848,59.7895772977691,3.47047448004389,3.60785884420203
"2022-12-23",188.25,189.429992675781,184.720001220703,189.059997558594,3983600,189.059997558594,183.033999633789,167.35,156.611899986267,186.405182495082,180.380846325495,60.485401568292,3.33978706293223,3.55424448794807
"2022-12-27",189.580001831055,192.440002441406,187.619995117188,189.399993896484,5014800,189.399993896484,183.912499237061,168.475,156.677749977112,186.865922710682,181.048931330754,60.7920987203471,3.21293881006208,3.48598335237087
"2022-12-28",189.320007324219,191.320007324219,187.429992675781,188.380004882812,4426300,188.380004882812,184.56549911499,169.520800170898,156.742049980164,187.098858429472,181.591973816092,59.3049678687333,3.03255947807315,3.39529857751133
"2022-12-29",189,190.25,186.190002441406,188.910003662109,4518900,188.910003662109,185.066999053955,170.552200317383,156.787150001526,187.37749615757,182.134050100982,59.8545123403146,2.87889389912579,3.29201764183422
"2022-12-30",187.5,190.649993896484,187.039993286133,190.490005493164,4007400,190.490005493164,185.802499389648,171.594200439453,156.794650001526,187.856343747661,182.753009759662,61.522657799302,2.79247602800661,3.1921093190687
"2023-01-03",192.949996948242,197.179992675781,192.399993896484,195.389999389648,8624600,195.389999389648,186.428499603271,172.71940032959,156.820649986267,189.015367692582,183.689083065587,66.2117190776596,2.89961958441132,3.13361137213722
"2023-01-04",195.179992675781,203.759994506836,195.179992675781,203.639999389648,9746900,203.639999389648,187.355499267578,173.965800170898,156.87469997406,191.265311030592,185.166928719221,72.3265821450648,3.29345113274446,3.16557932425867
"2023-01-05",201.720001220703,204.990005493164,200.779998779297,204.990005493164,6913300,204.990005493164,188.683499908447,175.224600219726,156.970150032044,193.376802486372,186.63530477655,73.1818762851111,3.61212350358564,3.25488816012406
"2023-01-06",205.300003051758,213.039993286133,203.550003051758,213,11256400,213,190.508499908447,176.551600341797,157.079950065613,196.395755950007,188.588245163472,77.604624483803,4.13997743060153,3.43190601421956
"2023-01-09",212.360000610352,213.880004882812,207.910003662109,208.570007324219,9005600,208.570007324219,191.983000183105,178.047200622558,157.192600135803,198.268717699886,190.068375693898,70.6637239828089,4.31441683870375,3.6084081791164
"2023-01-10",203.899993896484,209.600006103516,203.460006713867,206.690002441406,8183200,206.690002441406,193.340500640869,179.38580078125,157.280800132751,199.564299967812,191.299607304824,67.8887023263818,4.32028731236158,3.75078400576543
"2023-01-11",209.869995117188,210.470001220703,206.690002441406,208.029998779297,7190700,208.029998779297,194.428500366211,180.669600830078,157.376200141907,200.866715169579,192.538895562193,68.8283372337847,4.32526611470898,3.86568042755414
"2023-01-12",209.580001831055,214.919998168945,207.369995117188,214.320007324219,8208100,214.320007324219,195.788000488281,182.105801086426,157.507000160217,202.936452424139,194.152311248269,72.8451452683704,4.52435570784311,3.99741548361194
"2023-01-13",212,216.639999389648,211.580001831055,214.130004882812,6213200,214.130004882812,197.082000732422,183.520801086426,157.608650169373,204.658537417781,195.632140406383,72.5410584285877,4.61396424567437,4.12072523602442
"2023-01-17",212.710006713867,213.339996337891,209.070007324219,211.410003662109,6150700,211.410003662109,198.466500854492,184.800801086426,157.691150169373,205.697224532293,196.800871017918,68.1548584105775,4.52048482730787,4.20067715428111
"2023-01-18",212.899993896484,213.419998168945,209.199996948242,209.410003662109,5403100,209.410003662109,199.702001190185,185.854001159668,157.780700187683,206.268421321496,197.734880843414,65.0407367414822,4.3156475183755,4.22367122709999
"2023-01-19",206.770004272461,209.669998168945,204.820007324219,207.089996337891,5813500,207.089996337891,200.772501373291,186.795601196289,157.862350196838,206.394817477864,198.427852361523,61.5286886101515,4.0150437660462,4.18194573488923
"2023-01-20",207.470001220703,207.990005493164,204.779998779297,206.759994506836,5475400,206.759994506836,201.696001434326,187.632601013183,157.940250205994,206.450998559244,199.045048075991,61.0239264018332,3.72074088496088,4.08970476490356
"2023-01-23",208.360000610352,211.089996337891,206.990005493164,209.970001220703,5481900,209.970001220703,202.394501495361,188.439601135254,158.076850242615,206.992383584084,199.854303864488,64.1083686671441,3.57164173178677,3.9860921582802
"2023-01-24",205,212.149993896484,205,211.979995727539,4753700,211.979995727539,203.581001281738,189.304400939941,158.243150215149,207.759708529231,200.752503261751,65.9266735546054,3.4904696846263,3.88696766354942
"2023-01-25",205.800003051758,214.75,203.110000610352,212.679992675781,16106500,212.679992675781,204.762001037598,190.006400756836,158.416700172424,208.516675321008,201.636020996124,66.5620040594443,3.41241326370774,3.79205678358108
"2023-01-26",213.479995727539,213.789993286133,207.199996948242,212.729995727539,7288100,212.729995727539,205.92850112915,190.711200561523,158.604350166321,209.164878460474,202.457796902155,66.6098988145127,3.31282946912697,3.69621132069026
"2023-01-27",211.320007324219,212.880004882812,209.419998168945,211.169998168945,5237900,211.169998168945,207.068000793457,191.463600463867,158.785050163269,209.473358415624,203.103145144139,63.5515571357222,3.13644245487379,3.58425754752697
"2023-01-30",209.190002441406,211.360000610352,207.710006713867,209.669998168945,6066800,209.669998168945,208.106000518799,192.150000305176,158.952000160217,209.503610685365,203.589578701532,60.6671735529162,2.90487952357499,3.44838194273657
"2023-01-31",210.149993896484,213.110000610352,208.240005493164,213,5163000,213,209.231500244141,192.956200256348,159.102650184631,210.041516733771,204.286646945863,64.5173510396356,2.81705626576407,3.32211680734207
"2023-02-01",212.110000610352,218.970001220703,211.899993896484,214.75,8462100,214.75,210.199500274658,193.795600280762,159.266700172424,210.765898774729,205.061710135058,66.3798803213223,2.78169368426404,3.21403218272647
"2023-02-02",215.149993896484,215.289993286133,208.300003051758,209.339996337891,6513400,209.339996337891,210.48450012207,194.504600219726,159.414150123596,210.546529169062,205.378620224157,56.5052650339793,2.51628379782871,3.07448250574692
"2023-02-03",207.710006713867,210.75,205.619995117188,206.009994506836,5400300,206.009994506836,210.535499572754,195.166000061035,159.514300117493,209.848600759488,205.425388689541,51.4334758746236,2.15319639805216,2.89022528420796
"2023-02-06",205.190002441406,208.210006713867,203.690002441406,206.809997558594,3903000,206.809997558594,210.225999450684,195.852200012207,159.630600090027,209.381123343966,205.527952309471,52.5357032176996,1.87476739353383,2.68713370607314
"2023-02-07",208.039993286133,215.149993896484,206.919998168945,214.759994506836,7311200,214.759994506836,210.535498809814,196.650399780273,159.799300041199,210.208641984408,206.211807287053,61.8110795819293,1.93821816021953,2.53735059690242
"2023-02-08",213.070007324219,215.770004272461,211.779998779297,213.5,4229800,213.5,210.875998687744,197.353199768066,159.982200050354,210.715004756037,206.751673413938,59.8159644047942,1.91695248539254,2.41327097460044
"2023-02-09",214.460006713867,215.449996948242,210.059997558594,211.990005493164,5018900,211.990005493164,211.073999023437,198.156399841308,160.162600059509,210.911158715595,207.139698012399,57.4238320073482,1.8207329350119,2.29476336668273
"2023-02-10",212.009994506836,214.5,210.5,212.889999389648,4862900,212.889999389648,211.002498626709,198.907799682617,160.391850090027,211.215595742373,207.565646262566,58.4893876275515,1.75845547927986,2.18750178920216
"2023-02-13",213.600006103516,216.360000610352,211.5,215.649993896484,5193300,215.649993896484,211.078498077393,199.64319946289,160.69780002594,211.897810843005,208.164486828041,61.6584619228915,1.7934490516857,2.10869124169887
"2023-02-14",214.020004272461,221.330001831055,213.149993896484,218.449996948242,10033100,218.449996948242,211.430497741699,200.496599426269,161.018950004578,212.90583947458,208.926376466575,64.6102535852382,1.90472025375985,2.06789704411106
"2023-02-15",217.160003662109,218.25,214.600006103516,217.440002441406,4846800,217.440002441406,211.831997680664,201.187999572754,161.361950035095,213.603403007938,209.557015427673,62.7341140697375,1.93092441787577,2.04050251886401
"2023-02-16",215,216.520004272461,212.169998168945,212.210006713867,4388000,212.210006713867,212.087998199463,201.730199584961,161.679950065613,213.389034347312,209.753533300725,53.9912439887457,1.73322517593766,1.97904705027874
"2023-02-17",211.210006713867,211.759994506836,207.619995117188,211.660003662109,4985700,211.660003662109,212.332998657227,202.394799804687,161.970350074768,213.123029626511,209.894753327494,53.1523232016311,1.5380452573678,1.89084669169655
"2023-02-21",208.990005493164,210.839996337891,205.050003051758,205.520004272461,4663800,205.520004272461,212.110498809814,202.975199890137,162.213100090027,211.953333418196,209.570697841936,44.7861108370743,1.13691255542652,1.74005986444254
"2023-02-22",205.309997558594,207.669998168945,204.649993896484,205.759994506836,2920000,205.759994506836,211.799498748779,203.508799743652,162.489550056458,211.000512047217,209.288423520817,45.1495209286729,0.818052187310658,1.55565832901617
"2023-02-23",207.449996948242,209.690002441406,205.759994506836,208.130004882812,4139400,208.130004882812,211.571999359131,204.080599975586,162.785700111389,210.558895560386,209.202614732817,48.7378079806563,0.64830969216183,1.3741886016453
"2023-02-24",200,201.699996948242,197.360000610352,198.149993896484,9658700,198.149993896484,210.842999267578,204.318199768066,163.109900093079,208.649833765939,208.383902078274,37.5869300026886,0.127616233794137,1.12487412807507
"2023-02-27",199.869995117188,203.130004882812,199.059997558594,200.460006713867,4318900,200.460006713867,210.307499694824,204.584799804687,163.447450141907,207.389860373313,207.796946866095,40.9543628058774,-0.195905906666183,0.860718121126817
"2023-02-28",201,202.380004882812,199.320007324219,201.550003051758,3589900,201.550003051758,209.901499938965,204.850799865723,163.808250160217,206.491420785381,207.334210287256,42.5300130599828,-0.406488394127869,0.60727681807588
"2023-03-01",201.470001220703,205.440002441406,200.850006103516,204.550003051758,4402300,204.550003051758,209.479000091553,205.267399902344,164.215300178528,206.192741134055,207.127972714256,46.7424561179116,-0.451523552297495,0.395516744001205
"2023-03-02",203.779998779297,210.330001831055,203.149993896484,210.059997558594,5451500,210.059997558594,209.244499969482,205.774599914551,164.62960018158,206.787703660907,207.345159739762,53.486041227153,-0.268854155821696,0.262642564036625
"2023-03-03",210.25,216.119995117188,209.399993896484,215.110000610352,7496800,215.110000610352,209.533000183105,206.363200073242,165.084900169373,208.068057037745,207.920333137584,58.6534640287479,0.0710483183301802,0.224323714895336
"2023-03-06",214.119995117188,214.75,209.600006103516,211.919998168945,7004400,211.919998168945,209.828500366211,206.835800170898,165.484250144959,208.660663365622,208.216604621388,54.532223537177,0.213267690653529,0.222112510046975
"2023-03-07",211.309997558594,213.179992675781,207.779998779297,207.919998168945,4619700,207.919998168945,209.884000396728,207.074200134277,165.896250152588,208.546714873825,208.194633773059,49.8064437073777,0.16911151569341,0.211512311176262
"2023-03-08",208.25,208.880004882812,205.940002441406,207.199996948242,2406900,207.199996948242,209.506000518799,207.453200073242,166.296550140381,208.339527500659,208.120956971221,48.9835784767777,0.105020913135556,0.190214031568121
"2023-03-09",208.320007324219,209.020004272461,200.300003051758,201.240005493164,4284000,201.240005493164,208.893000793457,207.696800231933,166.699250183106,207.247293345659,207.611256861735,42.6954442540403,-0.175310106772375,0.117109203900021
"2023-03-10",201.429992675781,205,197.789993286133,203.070007324219,8547100,203.070007324219,208.44700088501,207.970200500488,167.094250221252,206.604633957745,207.274868007104,45.0288831114577,-0.323355192939212,0.0290163245321748
"2023-03-13",200.199996948242,207.080001831055,197.110000610352,203.369995117188,6671200,203.369995117188,207.971000671387,208.270000305176,167.514100189209,206.106997213044,206.985618163407,45.4212278014127,-0.424484057471508,-0.0616837518685618
"2023-03-14",207.529998779297,213.559997558594,205,207.279998779297,8245700,207.279998779297,207.552500915527,208.637400207519,167.940200195313,206.287458992468,207.007424134954,50.3911609464917,-0.347796773712383,-0.118906356237326
"2023-03-15",201.919998168945,202.210006713867,192.410003662109,198.210006713867,10894200,198.210006713867,206.540501403809,208.791800231933,168.292600212097,205.044774026529,206.355763585244,41.0525663365751,-0.635305520881813,-0.222186189166223
"2023-03-16",196.210006713867,203.910003662109,194.429992675781,203.190002441406,6747300,203.190002441406,205.828001403809,208.947800292969,168.647400245667,204.759424551895,206.121262759775,46.8741337378266,-0.660697586287784,-0.309888468590536
"2023-03-17",201.350006103516,202.830001831055,199,201.050003051758,9858900,201.050003051758,205.270001220703,208.896000366211,168.995650291443,204.188744321105,205.745613892514,44.8254764874069,-0.756696360109477,-0.399250046894324
"2023-03-20",201.119995117188,205.869995117188,200.869995117188,204.770004272461,4764000,204.770004272461,204.925501251221,208.891600341797,169.366250343323,204.278168929006,205.673346513251,48.9983426501502,-0.678346323380064,-0.455069302191472
"2023-03-21",207.300003051758,207.860000610352,203.889999389648,204.699996948242,4673300,204.699996948242,204.88450088501,208.725600280762,169.687250328064,204.34306554735,205.601246545473,48.9233537188213,-0.611952028143281,-0.486445847381834
"2023-03-22",203.679992675781,203.830001831055,196.009994506836,196.160003662109,7311600,196.160003662109,204.404501342773,208.477400207519,169.971800346375,203.08413294962,204.901895220779,40.7336555727034,-0.887137851604569,-0.566584248226381
"2023-03-23",197.899993896484,201.5,195.139999389648,197.899993896484,6266900,197.899993896484,203.893000793457,208.301600036621,170.265100288391,202.286573095292,204.383235863424,42.8334072997407,-1.02584870000455,-0.658437138582015
"2023-03-24",195.5,197.570007324219,193.919998168945,197.529998779297,4511600,197.529998779297,203.862001037598,208.091600036621,170.548650245667,201.554792431292,203.875588672007,42.4886869026147,-1.13833944310432,-0.754417599486476
"2023-03-27",198.630004882812,201.550003051758,198.630004882812,200.570007324219,3891700,200.570007324219,203.867501068115,207.816600036621,170.853350257874,201.403287030204,203.630730794393,46.3118784925336,-1.09386424902531,-0.822306929394243
"2023-03-28",200.820007324219,206.300003051758,200.490005493164,204.960006713867,5460600,204.960006713867,204.038001251221,207.633200073242,171.209500312805,201.950474673845,203.729195677317,51.3422403433695,-0.873081051323488,-0.832461753780092
"2023-03-29",206.5,208.649993896484,205.880004882812,207.970001220703,3572200,207.970001220703,204.209001159668,207.564400024414,171.614350318909,202.876555681054,204.043329421272,54.4907608011037,-0.571826456433189,-0.780334694310711
"2023-03-30",208.970001220703,212.869995117188,206.520004272461,211.039993286133,6583400,211.039993286133,204.258000946045,207.596999816894,172.090250282288,204.132469158758,204.561600818669,57.5106481986246,-0.209781140836385,-0.666223983615846
"2023-03-31",211.75,214.800003051758,211.389999389648,212.429992675781,5147500,212.429992675781,204.124000549316,207.703799743652,172.541600227356,205.4090112383,205.144444659936,58.842340485839,0.128965997008779,-0.507185987490921
"2023-04-03",212.800003051758,218.570007324219,212.529998779297,215.389999389648,6085900,215.389999389648,204.297500610352,207.876399841308,172.949950218201,206.944547876969,205.903374639915,61.6022350696872,0.505661084416342,-0.304616573109468
"2023-04-04",212,213.990005493164,209.119995117188,213.899993896484,6192300,213.899993896484,204.596500396728,207.954999694824,173.352650184631,208.014616495356,206.495716807068,59.4414523740178,0.735559900114957,-0.0965812784645834
"2023-04-05",212.229995727539,214.229995727539,208.669998168945,210,4138400,210,204.736500549316,207.915399780273,173.718650169373,208.320060111455,206.755293339878,54.0931311229517,0.756820658034996,0.0740991088353324
"2023-04-06",210,212.369995117188,208.220001220703,211.369995117188,5618100,211.369995117188,205.243000030518,207.889199829101,174.091750144959,208.789280881568,207.09712310116,55.6042857189572,0.81708415600783,0.222696118269832
"2023-04-10",211,214.100006103516,209.729995727539,210.779998779297,3729300,210.779998779297,205.628499603272,207.850199890137,174.459850120544,209.095545173526,207.369928706948,54.7681547429362,0.832144022683567,0.344585699152579
"2023-04-11",213.289993286133,214.5,211.860000610352,212.320007324219,5277500,212.320007324219,206.076000213623,207.873200073242,174.851600151062,209.591616273633,207.736601197116,56.6025331305465,0.892964969016807,0.454261553125425
"2023-04-12",213.660003662109,214.300003051758,210.130004882812,212.339996337891,4600300,212.339996337891,206.329000091553,207.926600036621,175.205650138855,210.014443975826,208.077593429766,56.6271207108279,0.930830905017066,0.549575423503753
"2023-04-13",213,213.679992675781,211.5,213.589996337891,4501600,213.589996337891,207.097999572754,207.938399963379,175.580000114441,210.564528954605,208.485919571109,58.2212027733875,0.997002285704784,0.639060795943959
"2023-04-14",202.589996337891,204.279998779297,198.149993896484,201.710006713867,19066500,201.710006713867,207.023999786377,207.677600097656,175.895050163269,209.202294763723,207.984000100202,42.3067205115451,0.585763646690896,0.628401366093347
"2023-04-17",202,206.100006103516,200.800003051758,205.029998779297,6306800,205.029998779297,207.222999572754,207.591400146484,176.227950172424,208.560403073811,207.765185187542,46.6921130860091,0.382748382771969,0.579270769429071
"2023-04-18",205.5,208.940002441406,203.720001220703,208.369995117188,7445800,208.369995117188,207.40299911499,207.638600158691,176.586200141907,208.531109542023,207.809985923072,50.7481286691016,0.347011052307189,0.532818826004695
"2023-04-19",207.119995117188,210.869995117188,206.940002441406,208.710006713867,4757400,208.710006713867,207.603499603272,207.676600341797,176.930550193787,208.558632183845,207.876654129797,51.155561192502,0.328068612082744,0.491868783220305
"2023-04-20",207.419998168945,209.880004882812,206.080001831055,207.229995727539,3322900,207.229995727539,208.156999206543,207.526000366211,177.278200187683,208.354226575183,207.828753507408,49.2458889657419,0.252839445411968,0.444062915658637
"2023-04-21",208,208.380004882812,204.179992675781,205.149993896484,3432300,205.149993896484,208.519499206543,207.35900024414,177.622400169373,207.861267701537,207.630326869562,46.612288640644,0.11122692694121,0.377495717915152
"2023-04-24",204.869995117188,206.5,203.25,205.770004272461,3058900,205.770004272461,208.931499481201,207.234600219726,177.951400184631,207.539534866294,207.492525195702,47.5133383687472,0.0226560790792751,0.306527790147977
"2023-04-25",204.539993286133,204.940002441406,201.119995117188,202.190002441406,4699500,202.190002441406,209.012499237061,207.020600280762,178.267000160217,206.71652987785,207.099745732421,43.0004985227773,-0.185039268501253,0.208214378418131
"2023-04-26",208.25,211.699996948242,202.679992675781,203.029998779297,9137200,203.029998779297,208.915998840332,206.768200378418,178.597200126648,206.149371247303,206.798282995153,44.3364302298664,-0.313789717424573,0.10381355924959
"2023-04-27",204.649993896484,209.089996337891,203.529998779297,206.039993286133,5105200,206.039993286133,208.819498443604,206.520000305176,178.891650123596,206.132543868662,206.742113387077,48.9533608454558,-0.294845355128071,0.0240817763740579
"2023-04-28",204.509994506836,206.949996948242,202.899993896484,206.779998779297,3716100,206.779998779297,208.606498718262,206.306800231933,179.205800132752,206.232152316452,206.744919712427,50.0502667899113,-0.248019345137096,-0.0303384479281729
"2023-05-01",206.25,208.520004272461,203.619995117188,203.869995117188,3776800,203.869995117188,208.178498840332,206.14,179.489400138855,205.868743516565,206.531962335002,45.8755519658627,-0.32112163702821,-0.0884950857481803
"2023-05-02",203,204.190002441406,200.089996337891,203.25,3970800,203.25,207.57149887085,205.971799926758,179.766950111389,205.465859898632,206.28885401389,45.0140662515817,-0.398952293953336,-0.150586527389212
"2023-05-03",204.360000610352,206.100006103516,200.550003051758,200.929992675781,4537900,200.929992675781,206.922998809815,205.879999694824,180.033000068665,204.768034172039,205.891901322179,41.8472730067467,-0.545853014578024,-0.229639824826974
"2023-05-04",200.649993896484,201.25,193.270004272461,197.050003051758,6934100,197.050003051758,206.275498962402,205.705799865722,180.237600059509,203.580644768919,205.23694589474,37.1412516770392,-0.807018989003205,-0.34511565766222
"2023-05-05",198.089996337891,199.039993286133,196.759994506836,198.339996337891,3872200,198.339996337891,205.623999023438,205.509999694824,180.437400016785,202.774391164146,204.726060742381,39.5742959810509,-0.953307835435313,-0.466754093216839
"2023-05-08",199.160003662109,199.660003662109,196.399993896484,197.259994506836,4677400,197.259994506836,204.947998809814,205.492199707031,180.616649971008,201.926022447636,204.173018799007,38.2397870677402,-1.10053540109658,-0.593510354792787
"2023-05-09",201.210006713867,204.610000610352,198.779998779297,201.880004882812,9329500,201.880004882812,204.425998687744,205.52059967041,180.835249977112,201.918942822279,204.003165916326,46.544155662572,-1.02166213190142,-0.679140710214515
"2023-05-10",203.139999389648,203.199996948242,198.25,200.839996337891,3923700,200.839996337891,203.850998687744,205.506399536133,181.056249961853,201.75295105545,203.768857058664,45.0748545524003,-0.989310158732359,-0.741174599918084
"2023-05-11",199.389999389648,202.550003051758,198.070007324219,201.839996337891,3322000,201.839996337891,203.263498687744,205.452199401855,181.285849952698,201.766342637364,203.625978486755,46.8134372397912,-0.91326060810657,-0.775591801555781
"2023-05-12",201.839996337891,203.110000610352,198.820007324219,200.699996948242,3169800,200.699996948242,203.212998199463,205.264999389648,181.50889995575,201.602289454422,203.409239113532,45.0622743526066,-0.888332146064019,-0.798139870457429
"2023-05-15",200.009994506836,203.320007324219,198.649993896484,202.770004272461,2842700,202.770004272461,203.099998474121,205.01819946289,181.727299995422,201.781937887967,203.361888384564,48.80698824297,-0.776915728481709,-0.793895042062285
"2023-05-16",201.820007324219,202.360000610352,199.940002441406,200.869995117188,3012100,200.869995117188,202.724998474121,204.797199401855,181.935099983215,201.641639000154,203.177303698091,45.7260689140684,-0.755824922363779,-0.786281018122584
"2023-05-17",202.710006713867,208.580001831055,202.710006713867,206.869995117188,6641900,206.869995117188,202.632997894287,204.77619934082,182.12409992218,202.446001479698,203.450836395802,55.3180929527825,-0.493895691905277,-0.727803952879122
"2023-05-18",206.449996948242,208.169998168945,204.009994506836,207.240005493164,4349700,207.240005493164,202.633498382568,204.776999511719,182.34389995575,203.183540558693,203.731515588199,55.8364515150555,-0.268969200923319,-0.636037002487962
"2023-05-19",208.110000610352,208.369995117188,204.630004882812,205.490005493164,3896200,205.490005493164,202.650498962402,204.861999511719,182.538149986267,203.538381317842,203.861774099678,52.7212028723028,-0.158633359914695,-0.540556273973308
"2023-05-22",205.509994506836,206.979995727539,203.899993896484,205.910003662109,3094300,205.910003662109,202.657498931885,204.918799438476,182.735200004578,203.903246293883,204.013494808006,53.3932774998881,-0.0540398144872389,-0.443252982076095
"2023-05-23",204.580001831055,207.490005493164,202.449996948242,202.600006103516,4011100,202.600006103516,202.67799911499,204.903399658203,182.923000068665,203.702747803058,203.908791941007,47.6450514148244,-0.101047206443761,-0.374811826949628
"2023-05-24",201.320007324219,201.320007324219,197.5,199.270004272461,4371600,199.270004272461,202.489999389648,204.743199768066,183.089900093079,203.020787259889,203.565178039633,42.6682165220712,-0.26742824337006,-0.353335110233714
"2023-05-25",199.990005493164,201.75,196.600006103516,200.869995117188,3909200,200.869995117188,202.231499481201,204.796399536133,183.270000038147,202.689896161012,203.365534860193,45.6080823653279,-0.332228713014548,-0.349113830789881
"2023-05-26",201.600006103516,204.800003051758,201.179992675781,203.630004882812,3820300,203.630004882812,202.073999786377,204.805199584961,183.443050041199,202.834528272058,203.385125232239,50.3388004734529,-0.270716434917329,-0.333434351615371
"2023-05-30",204.089996337891,207.800003051758,203.309997558594,204.690002441406,3978200,204.690002441406,202.115000152588,204.877999572754,183.627100028992,203.119985836573,203.481782803288,52.0632106319405,-0.177803124059006,-0.302308106104098
"2023-05-31",203.5,206.190002441406,200.910003662109,205.699996948242,5461600,205.699996948242,202.2375,204.896599426269,183.805649986267,203.516910622984,203.646094962174,53.7124598950347,-0.0634357065447677,-0.254533626192232
"2023-06-01",206.460006713867,210.229995727539,206,207.960006713867,5125100,207.960006713867,202.589000701904,204.961799621582,183.993100013733,204.200463867735,203.965643980818,57.2562347247682,0.115127176486318,-0.180601465656522
"2023-06-02",210,215.240005493164,210,213.320007324219,7486300,213.320007324219,203.402500915527,205.304999694824,184.199300041199,205.603470553348,204.658559784033,64.2473903779791,0.46170107437109,-0.0521409576509994
"2023-06-05",213.279998779297,213.279998779297,207.5,208.779998779297,4996800,208.779998779297,203.924501037598,205.52259979248,184.407200050354,206.092167203494,204.96385156146,55.9064565381144,0.550494945054236,0.0683862228900478
"2023-06-06",208.369995117188,211.679992675781,200.610000610352,207.289993286133,10957200,207.289993286133,204.426000976563,205.717799682617,184.600200004578,206.276448139285,205.13615835588,53.4537086568476,0.555869717237489,0.165882921759536
"2023-06-07",207.990005493164,212.380004882812,207.199996948242,211.929992675781,6462400,211.929992675781,204.928500366211,205.944999389648,184.845249977112,207.146224221822,205.639405342539,59.4237529817042,0.732748121291893,0.279255961666007
"2023-06-08",212.339996337891,220,212.050003051758,218.110000610352,9359300,218.110000610352,205.792000579834,206.207999267578,185.140900001526,208.832959050827,206.563153140155,65.7286681423947,1.09884356244889,0.443173481822584
"2023-06-09",217.990005493164,219.160003662109,215.690002441406,217.309997558594,5297800,217.309997558594,206.565500640869,206.394799194336,185.427099952698,210.137118821253,207.359215689669,64.3350546577039,1.33965742604907,0.622470270667881
"2023-06-12",217.160003662109,223.910003662109,216.630004882812,221.559997558594,8065400,221.559997558594,207.608500671387,206.605199279785,185.716899909973,211.894484780844,208.411125457737,68.1932861307716,1.67138837499947,0.832253891534199
"2023-06-13",222.350006103516,223.119995117188,219.350006103516,220.380004882812,5881000,220.380004882812,208.489000701904,206.764199523926,185.971899909973,213.199949411916,209.297709118854,66.0566130250543,1.86444481857451,1.03869207694226
"2023-06-14",221.399993896484,221.589996337891,216.029998779297,216.899993896484,5629100,216.899993896484,209.290500640869,206.794399414062,186.233749885559,213.769187024926,209.860841324604,60.0780316265319,1.86235110640602,1.20342388283501
"2023-06-15",217.169998168945,220.610000610352,215.309997558594,219.410003662109,5001400,219.410003662109,209.917501068115,206.904599609375,186.503699913025,214.637004969108,210.568186682938,62.7002409118252,1.93230437620506,1.34919998150902
"2023-06-16",220.720001220703,223.869995117188,218.979995727539,219.990005493164,7803900,219.990005493164,210.555001068115,207.104399719238,186.792599906921,215.460543511271,211.266099187399,63.300113154467,1.98538447010881,1.47643687922898
"2023-06-20",218.889999389648,219.289993286133,211.880004882812,212.369995117188,8226400,212.369995117188,210.899000549316,207.124399719238,187.053199882507,214.985074527566,211.347869256273,51.5665107673203,1.72095667871754,1.52534083912669
"2023-06-21",211.830001831055,212.990005493164,209.389999389648,212.080001831055,5356400,212.080001831055,211.207500457764,207.150399780273,187.345299873352,214.538140266564,211.402101298849,51.1777120607571,1.48344739642945,1.51696215058724
"2023-06-22",205.610000610352,208.5,203.649993896484,205.610000610352,7057500,205.610000610352,211.358000183105,207.016199645996,187.614249839783,213.164580319454,210.973056803405,43.3284118630666,1.03876938091283,1.42132359665236
"2023-06-23",204.020004272461,205.610000610352,202.550003051758,205.410003662109,6338200,205.410003662109,211.665000152588,206.87759979248,187.879349861145,211.971568526017,210.560978792938,43.1083145174787,0.669919821404963,1.27104284160288
"2023-06-26",206.110000610352,207.089996337891,204.660003662109,205.580001831055,3444900,205.580001831055,211.900500488281,206.717399902344,188.127499885559,210.988250572946,210.192017536503,43.3716331729253,0.378812214552693,1.09259671619284
"2023-06-27",206.149993896484,209.660003662109,206.080001831055,209.429992675781,4465500,209.429992675781,212.19049987793,206.871799621582,188.385699882507,210.748518588767,210.135571250523,49.1156677388989,0.29169137552274,0.932415648058823
"2023-06-28",211.210006713867,212.190002441406,209.449996948242,210.720001220703,4276100,210.720001220703,212.491999816895,206.98559967041,188.651699867249,210.744131301372,210.178862359425,50.9123561584074,0.268946617942944,0.799721842035648
"2023-06-29",211.119995117188,213.220001220703,210.229995727539,211.830001831055,3443600,211.830001831055,212.798500061035,207.054799804687,188.9172498703,210.911188305939,210.301168986954,52.4675835482928,0.290069390447845,0.697791351718087
"2023-06-30",213.139999389648,213.240005493164,209.380004882812,211.160003662109,5488700,211.160003662109,212.958499908447,207.103799743652,189.236499900818,210.949467591503,210.364786370298,51.408830878847,0.277936831203185,0.613820447615107
"2023-07-03",210.5,212.169998168945,210.240005493164,210.919998168945,2143000,210.919998168945,212.838499450684,207.17759979248,189.544799919128,210.944933834187,210.405913170198,51.0117255459998,0.256181328683724,0.54229262382883
"2023-07-05",210,214.279998779297,207.889999389648,213.309997558594,4921000,213.309997558594,213.064999389648,207.340799865723,189.862449913025,211.308789791788,210.621030532302,54.7593663804198,0.326538740100202,0.499141847083105
"2023-07-06",212.479995727539,213.610000610352,209.580001831055,212.619995117188,4674700,212.619995117188,213.331499481201,207.477799682617,190.20409992218,211.510513688003,210.769101983034,53.4871734185429,0.351764892478879,0.469666456162259
"2023-07-07",212.940002441406,215.660003662109,211.830001831055,212.100006103516,4893600,212.100006103516,213.340000152588,207.675999755859,190.540199928284,211.601204828851,210.86768747344,52.4973445084539,0.347856688808124,0.445304502691432
"2023-07-10",211.839996337891,213.589996337891,211.220001220703,213.309997558594,3497100,213.309997558594,213.1,207.881599731445,190.87704990387,211.864096018043,211.0485993316,54.6026439040952,0.38640232108893,0.433524066370932
"2023-07-11",212.919998168945,218.979995727539,211.350006103516,218.759994506836,7451400,218.759994506836,213.172499847412,208.135999755859,191.254399909973,212.925003477857,211.619813789024,62.6352534559396,0.616761571359126,0.470171567368571
"2023-07-12",219.509994506836,221.559997558594,216.919998168945,217.110000610352,5123200,217.110000610352,212.95,208.34259979248,191.646399879456,213.568849190548,212.026494294308,59.2189416618827,0.727434984657904,0.521624250826437
"2023-07-13",218.130004882812,218.899993896484,216.300003051758,216.850006103516,4291700,216.850006103516,212.773500061035,208.602200012207,192.074349937439,214.073642561774,212.38379146536,58.6758606140177,0.795659162478701,0.57643123315689
"2023-07-14",217,217.020004272461,212.809997558594,213.119995117188,4294800,213.119995117188,212.58450012207,208.799599914551,192.503249931335,213.926927570299,212.4383250692,51.3939311750025,0.700722198132087,0.601289426151929
"2023-07-17",212.5,214.229995727539,211.740005493164,211.869995117188,3621500,211.869995117188,212.207499694824,209.018399963379,192.92504989624,213.610476423667,212.396226554236,49.190726617462,0.571690886005971,0.595369718122738
"2023-07-18",211,213.039993286133,209.570007324219,211.570007324219,5895800,211.570007324219,211.786499786377,209.308800048828,193.315699920654,213.296558100675,212.33502512979,48.6516888971563,0.452837665522732,0.566863307602737
"2023-07-19",211.119995117188,211.869995117188,208.240005493164,208.600006103516,4814100,208.600006103516,211.598000335693,209.51400024414,193.732049942017,212.574011639574,212.05835705377,43.5621026152755,0.243166359000413,0.502123917882272
"2023-07-20",208.830001831055,215.100006103516,208.800003051758,213.610000610352,5782200,213.610000610352,211.674500274658,209.841000366211,194.194699935913,212.733394558155,212.173293613517,52.5748740669174,0.263982773278948,0.454495688961607
"2023-07-21",213.889999389648,215.600006103516,211.639999389648,211.800003051758,4056800,211.800003051758,211.984000396729,210.03940032959,194.623449935913,212.589795864863,212.145642460794,49.499394527197,0.209362492162124,0.40546904960171
"2023-07-24",212.059997558594,215.940002441406,211.460006713867,215.869995117188,4898300,215.869995117188,212.506999969483,210.340000305176,195.035249938965,213.094441903682,212.421520435341,55.7654782596561,0.316785920259699,0.387732423733308
"2023-07-25",214.199996948242,214.820007324219,210.809997558594,214.119995117188,6513300,214.119995117188,212.933999633789,210.585600280762,195.445299911499,213.252219321145,212.547333374738,52.7355505775366,0.331637162986365,0.37651337158392
"2023-07-26",222.160003662109,233.089996337891,221.770004272461,232.800003051758,24923800,232.800003051758,214.102500152588,211.227600402832,195.948299942017,216.259570664316,214.047531128591,70.906728548213,1.03343380045628,0.507897457358393
"2023-07-27",235.25,238.669998168945,231.830001831055,233.75,12018300,233.75,215.254000091553,211.847200317383,196.468099975586,218.950405946729,215.506973267214,71.5066871204153,1.59782889031876,0.725883743950467
"2023-07-28",236.119995117188,240.130004882812,235.699996948242,238.690002441406,7054600,238.690002441406,216.597000122071,212.603600463867,197.002050018311,221.98726694591,217.224234687524,74.4565260463107,2.19267995821792,1.01924298680396
"2023-07-31",238.990005493164,239.070007324219,236.210006713867,238.850006103516,4894900,238.850006103516,217.981500244141,213.243200683594,197.538450012207,224.581534508619,218.826143681301,74.5484348877651,2.63012030029612,1.34141844950239
"2023-08-01",237.550003051758,243.100006103516,237.309997558594,238.009994506836,4975200,238.009994506836,219.336000061035,213.858600463867,198.076399993897,226.647451431421,220.247169668378,73.0621239777007,2.90595414809638,1.65432558922119
"2023-08-02",234.990005493164,236.679992675781,230.690002441406,231.380004882812,5326700,231.380004882812,220.239500427246,214.37640045166,198.571300048828,227.375536577789,221.071824128707,62.474757108049,2.85143187012946,1.89374684540284
"2023-08-03",231,233.580001831055,230.399993896484,231.360000610352,3282900,231.360000610352,221.176500701904,214.885400390625,199.062350082398,227.988531044337,221.833911275495,62.4453541924037,2.7744269275398,2.06988286183023
"2023-08-04",232.289993286133,234.910003662109,230.080001831055,231.360000610352,3500700,231.360000610352,222.139500427246,215.460600280762,199.53870010376,228.507218669878,222.539547522522,62.4453541924037,2.68162275595192,2.19223084065457
"2023-08-07",232.740005493164,238.979995727539,232.740005493164,238.25,6068000,238.25,223.386500549317,216.240200195312,200.04325012207,230.006108105281,223.703284743076,68.388273420547,2.81749254126717,2.31728318077709
"2023-08-08",236.520004272461,240.729995727539,236,238.039993286133,5149200,238.039993286133,224.350500488281,216.983600158691,200.541500091553,231.242090440797,224.765263153672,68.0348735237793,2.88159620229944,2.43014578508156
"2023-08-09",238.539993286133,241.240005493164,236.410003662109,237.860000610352,4044400,237.860000610352,225.388000488281,217.668200073242,201.03515007019,232.260230466882,225.735243706019,67.7119079973414,2.89054852655661,2.52222633337657
"2023-08-10",238.449996948242,241.580001831055,237.039993286133,238.259994506836,3710800,238.259994506836,226.458499908447,218.339599914551,201.519850006104,233.183271088414,226.663003024598,68.0746050937016,2.87663534710516,2.59310813612229
"2023-08-11",237.610000610352,238.259994506836,235.119995117188,235.720001220703,2652100,235.720001220703,227.588500213623,218.94,201.988199996948,233.573537262612,227.333891779865,63.2182747222426,2.74470534678966,2.62342757825576
"2023-08-14",237,238.649993896484,235.75,236.710006713867,2486300,236.710006713867,228.830500793457,219.515,202.438500061035,234.056071024344,228.028418812013,64.2876526338277,2.64337762974158,2.62741758855293
"2023-08-15",235,235.559997558594,231.539993286133,232.259994506836,3201900,232.259994506836,229.865000152588,219.893799743652,202.930850067139,233.779751560112,228.341868863482,56.3562582579299,2.38146544201276,2.57822715924489
"2023-08-16",231.5,234.669998168945,229.600006103516,229.949996948242,2273300,229.949996948242,230.932499694824,220.317199707031,203.381800079346,233.190558542901,228.460989462353,52.720174978864,2.07018672714252,2.47661907282442
"2023-08-17",230.570007324219,231.639999389648,224.259994506836,224.539993286133,4359400,224.539993286133,231.478999328613,220.662199707031,203.785300064087,231.859702349552,228.170545301151,45.3417937678182,1.61684193002718,2.30466364426497
"2023-08-18",222.229995727539,226.789993286133,221.679992675781,226.649993896484,3583200,226.649993896484,232.22149887085,220.956599731445,204.206000061035,231.058208741388,228.057911863769,48.3763992973216,1.31558552522892,2.10684802045776
"2023-08-21",226.800003051758,227.690002441406,225.100006103516,227.220001220703,2734600,227.220001220703,232.788999176025,221.138799743652,204.625200042725,230.467715276667,227.995844408727,49.1969756092672,1.0841736498973,1.90231314634567
"2023-08-22",228.080001831055,230.479995727539,226.929992675781,230.070007324219,3011000,230.070007324219,233.586499786377,221.393999938965,205.038500061035,230.406529437829,228.149486106171,53.202364004689,0.989282671716363,1.71970705141981
"2023-08-23",230,230.539993286133,227.110000610352,228.580001831055,3004500,228.580001831055,233.375499725342,221.534400024414,205.39765007019,230.125525190633,228.181376159866,50.9411055847463,0.852019154010653,1.54616947193798
"2023-08-24",222.509994506836,224.199996948242,217.089996337891,217.309997558594,9132600,217.309997558594,232.553499603271,221.47299987793,205.684150085449,228.153905554935,227.376088856068,37.8403732655336,0.342083770892532,1.30535233172889
"2023-08-25",218.410003662109,223.770004272461,212.880004882812,223.410003662109,12352300,223.410003662109,231.789499664307,221.603200073242,205.976650085449,227.4240744945,227.082304767626,45.9437169505013,0.150504781613536,1.07438282170582
"2023-08-28",224.210006713867,227.449996948242,223.289993286133,227.059997558594,4641800,227.059997558594,231.19999923706,221.756199951172,206.263850097656,227.368062658207,227.080652381772,50.1327859968062,0.126567487551221,0.884819754874899
"2023-08-29",225.880004882812,229.399993896484,225.660003662109,227.25,3716700,227.25,230.661999511719,221.901399841308,206.55640007019,227.349899172329,227.093196649789,50.3484886751004,0.113038402878951,0.730463484475709
"2023-08-30",227.080001831055,231.169998168945,226.649993896484,228.850006103516,3328300,228.850006103516,230.535499572754,222.231000061035,206.812750091553,227.58068485405,227.223330683398,52.2226610434845,0.15727001693735,0.615824790968037
"2023-08-31",229.330001831055,230.429992675781,222.929992675781,224.029998779297,6953800,224.029998779297,230.168999481201,222.47,207.045450057983,227.034425457934,226.986787579391,46.525262121697,0.0209870711203486,0.4968572469985
"2023-09-01",226,226.229995727539,221.949996948242,223.399993896484,3658400,223.399993896484,229.770999145508,222.825799865723,207.294700012207,226.475282140788,226.721099158435,45.821592646489,-0.108422647278716,0.375801268143056
"2023-09-05",223.100006103516,224.089996337891,221.199996948242,222.570007324219,3246500,222.570007324219,228.986999511719,223.168999938965,207.530800018311,225.874470630547,226.413610874419,44.8590026776748,-0.23812183454438,0.253016647605569
"2023-09-06",221.770004272461,222.789993286133,216.419998168945,217.949996948242,4233500,217.949996948242,227.982499694824,223.416399841308,207.757099990845,224.655320833269,225.786676509517,39.8417484399717,-0.501072824020377,0.10219875328038
"2023-09-07",217.5,220.550003051758,214.860000610352,216.050003051758,4929600,216.050003051758,226.891999816895,223.548800048828,207.973450012207,223.33142578996,225.065441438572,37.9613409274374,-0.77044953571227,-0.07233090451815
"2023-09-08",215.830001831055,216,210.509994506836,211.270004272461,5752000,211.270004272461,225.542500305176,223.559800109863,208.160350036621,221.475822479575,224.043557204045,33.65750443612,-1.14608728611257,-0.287082180837035
"2023-09-11",213.759994506836,214.199996948242,208.770004272461,211.009994506836,4522300,211.009994506836,224.306999969482,223.543399963379,208.350699996948,219.865695099154,223.078108115363,33.4354456851022,-1.4400395643251,-0.517673657534648
"2023-09-12",209.350006103516,212.259994506836,208.580001831055,210.649993896484,3256500,210.649993896484,223.003999328613,223.533199768066,208.541449966431,218.447894914128,222.157507062113,33.1097291027918,-1.66981174619851,-0.748101275267421
"2023-09-13",210,212.179992675781,207.75,208.399993896484,3538100,208.399993896484,221.810999298096,223.482799682617,208.709199905396,216.902063988336,221.138432012807,31.0723545354886,-1.91570862916545,-0.981622746047026
"2023-09-14",209.139999389648,210.440002441406,208.100006103516,209.050003051758,3974800,209.050003051758,220.765999603271,223.39759979248,208.862649917603,215.694054613478,220.242992830507,32.3671307254332,-2.0654179089046,-1.19838177861854
"2023-09-15",209.279998779297,209.830001831055,206.880004882812,208.110000610352,4670600,208.110000610352,219.944499969482,223.307399902344,209.044049911499,214.527277074536,219.344252666051,31.4471540833993,-2.1960801493391,-1.39792145276265
"2023-09-18",207.910003662109,207.910003662109,204.979995727539,205.119995117188,4299200,205.119995117188,218.868000030518,223.167799682617,209.193049850464,213.080002927251,218.290603958728,28.6569834708798,-2.38700197671429,-1.59573755755298
"2023-09-19",205.399993896484,205.660003662109,202.389999389648,204.479995727539,4039900,204.479995727539,217.730999755859,222.991199645996,209.321049804688,211.756924896526,217.267595941603,28.0826297451318,-2.53635201383524,-1.78386044880943
"2023-09-20",205.869995117188,206.25,202.309997558594,202.369995117188,3738800,202.369995117188,216.345999145508,222.663399658203,209.453999786377,210.312781853551,216.164069954609,26.2170232177453,-2.70687358092693,-1.96846307523293
"2023-09-21",201,203.600006103516,199.710006713867,199.949996948242,4745700,199.949996948242,214.914498901367,222.320199584961,209.539399795532,208.718507252734,214.963027509693,24.2289430732687,-2.90492757256915,-2.15575597470017
"2023-09-22",199.960006713867,200.740005493164,197.139999389648,197.710006713867,4450900,197.710006713867,213.934499359131,221.937399597168,209.602449798584,207.024891785216,213.685025969261,22.5261814327531,-3.11679966990437,-2.34796471374101
"2023-09-25",196.839996337891,198.979995727539,195.190002441406,198.779998779297,3527100,198.779998779297,212.70299911499,221.65059967041,209.704199829102,205.756446707383,212.580949881116,25.2293291630912,-3.21030796858788,-2.52043336471039
"2023-09-26",197.789993286133,199.389999389648,195.419998168945,195.639999389648,3666300,195.639999389648,211.131999206543,221.325999755859,209.79989982605,204.200070196962,211.326064659526,22.7236440826407,-3.37203764904472,-2.69075422157725
"2023-09-27",196.009994506836,196.399993896484,192.770004272461,195.460006713867,4015500,195.460006713867,209.542499542236,221.003799743652,209.881799850464,202.855445045717,210.150801107995,22.5851745620218,-3.47148620124929,-2.84690061751166
"2023-09-28",193.699996948242,195.259994506836,190.029998779297,190.429992675781,8009500,190.429992675781,207.62149887085,220.640399475098,209.936249847412,200.943836988803,208.690000483387,19.0851517495844,-3.71180386057848,-3.01988126612502
"2023-09-29",191.919998168945,192.949996948242,190.169998168945,191.679992675781,5158400,191.679992675781,206.003998565674,220.201799316406,209.963299789429,199.518630171415,207.429999905046,22.3073542751928,-3.81399495601022,-3.17870400410206
"2023-10-02",191.470001220703,192.440002441406,186.929992675781,187.830001831055,5244700,187.830001831055,204.225498962402,219.722399291992,209.96679977417,197.720379657514,205.978148195861,19.7046347719629,-4.00905077100479,-3.34477335748261
"2023-10-03",188.630004882812,192.490005493164,188.199996948242,188.919998168945,7285500,188.919998168945,202.542998504639,219.183399353027,209.970149765015,196.366474813119,204.714581527201,22.4629175186348,-4.07792481209898,-3.49140364840588
"2023-10-04",188.850006103516,190.630004882812,184.339996337891,186.729995727539,7419800,186.729995727539,200.981998443604,218.635599365234,209.985199737549,194.883939569183,203.382389986485,20.9088073246276,-4.17855765086971,-3.62883444889865
"2023-10-05",186.160003662109,188.100006103516,184.139999389648,186.289993286133,4331700,186.289993286133,199.493997955322,217.705399169922,209.993149719238,193.561793987175,202.1162865272,20.600426735232,-4.23246077147431,-3.74955971341378
"2023-10-06",185.369995117188,188.639999389648,182.550003051758,187.380004882812,5364300,187.380004882812,198.29949798584,216.777999267578,210.001649780273,192.610749509581,201.024710109097,23.6063357492049,-4.18553549707875,-3.83675487014678
"2023-10-09",188,189.490005493164,185.679992675781,188.490005493164,4575800,188.490005493164,197.173498535156,215.773999328613,210.002649841309,191.976788891671,200.09621347088,26.6516007100878,-4.05776023362412,-3.88095594284224
"2023-10-10",190.009994506836,194.300003051758,188.759994506836,193.529998779297,8062400,193.529998779297,196.317498779297,214.867599182129,209.990299835205,192.215744258998,199.609827197429,38.6165407577543,-3.70426799233586,-3.84561835274097
"2023-10-11",195.470001220703,199.619995117188,194.270004272461,196.070007324219,7394000,196.070007324219,195.700999450684,214.028799438476,210.029399871826,192.808707807493,199.347618317932,43.6090534110318,-3.28015481981331,-3.73252564615544
"2023-10-12",195.100006103516,195.699996948242,189.960006713867,191.300003051758,5668300,191.300003051758,194.813499450684,213.227199401855,210.040599899292,192.576599383534,198.751498668586,37.4490994382729,-3.10684413773819,-3.60738934447199
"2023-10-13",186.270004272461,187.289993286133,183.179992675781,184.910003662109,8215700,184.910003662109,193.653499603272,212.29819946289,210.01814994812,191.3971231187,197.72620274218,31.1095151326476,-3.20093115414416,-3.52609770640642
"2023-10-16",185.910003662109,186.229995727539,182.5,184.929992675781,4701000,184.929992675781,192.643999481201,211.369599304199,210.000899887085,190.402179973635,196.778335329854,31.1487801934023,-3.24027304404776,-3.46893277393469
"2023-10-17",183.75,188.330001831055,183.300003051758,185.600006103516,5121800,185.600006103516,191.7,210.316599426269,209.984349899292,189.663383993617,195.950310942718,32.5367847526293,-3.20842917720053,-3.41683205458786
"2023-10-18",187.220001220703,190.25,185.050003051758,185.690002441406,6268100,185.690002441406,190.866000366211,209.269599609375,209.960349884033,189.052094524046,195.190288090769,32.732943505767,-3.14472283778214,-3.36241021122672
"2023-10-19",185.5,187.050003051758,182.539993286133,182.789993286133,4043700,182.789993286133,190.008000183105,208.16819946289,209.897349853516,188.088694333598,194.27174773487,29.7328398312182,-3.18268274896595,-3.32646471877456
"2023-10-20",182.679992675781,183.389999389648,179.850006103516,180.039993286133,4523500,180.039993286133,189.124499511719,207.003799438476,209.779349822998,186.850432633988,193.21754370163,27.1880749180138,-3.29530690933258,-3.32023315688617
"2023-10-23",179.440002441406,183.720001220703,178.429992675781,181.029998779297,4146200,181.029998779297,188.236999511719,205.909999389648,209.659549789429,185.954981271728,192.314762596272,29.526516942257,-3.30696470655025,-3.31757946681898
"2023-10-24",183.210006713867,184.350006103516,181.800003051758,182.360000610352,4652900,182.360000610352,187.572999572754,204.822999267578,209.506349792481,185.401907323824,191.577372819537,32.6556537613088,-3.22348375741166,-3.29876032493752
"2023-10-25",186,187,176.25,177.729995727539,13806400,177.729995727539,186.686499023438,203.732399291992,209.352149734497,184.221613232088,190.551641183093,27.9954936361109,-3.32194879650671,-3.30339801925136
"2023-10-26",177.110000610352,182.949996948242,176.529998779297,179.089996337891,6961800,179.089996337891,186.119499206543,202.715199279785,209.21414970398,183.432133709903,189.702630453819,31.1055552894996,-3.30543478965724,-3.30380537333253
"2023-10-27",180,182.330001831055,179.009994506836,179.690002441406,4606300,179.690002441406,185.519999694824,201.81819946289,209.07244972229,182.856421207058,188.960954304751,32.4909470019021,-3.23057910040416,-3.28916011874686
"2023-10-30",179.419998168945,184.160003662109,179.419998168945,182.350006103516,5507100,182.350006103516,185.245999908447,200.932199707031,208.912599716187,182.778511191128,188.471254437993,38.4045015216604,-3.02048355535182,-3.23542480606785
"2023-10-31",183.380004882812,187.289993286133,181.320007324219,186.820007324219,5043000,186.820007324219,185.141000366211,200.124199829101,208.776049728394,183.400279826988,188.348939836973,46.832809411184,-2.62738936267324,-3.11381771738893
"2023-11-01",189.690002441406,190.779998779297,187.5,189.380004882812,5832200,189.380004882812,185.273500823975,199.310399780273,208.665899734497,184.320237527884,188.425315025554,50.9705655745246,-2.17862313092723,-2.92677880009659
"2023-11-02",190.899993896484,192.940002441406,190.339996337891,192.009994506836,4313000,192.009994506836,185.55950088501,198.578999633789,208.578899688721,185.503277063108,188.690846838982,54.8574896337292,-1.68930810861976,-2.67928466180122
"2023-11-03",194,197.139999389648,193.710006713867,195.050003051758,4485100,195.050003051758,185.943000793457,198.133799743652,208.51869972229,186.972004138285,189.161895447336,58.9122652246005,-1.15768099271383,-2.37496392798374
"2023-11-06",195.880004882812,196.149993896484,192.460006713867,192.949996948242,4222200,192.949996948242,186.166000366211,197.524599609375,208.449649734497,187.891695339817,189.442495558514,55.222269968621,-0.818612642388017,-2.0636936708646
"2023-11-07",192.169998168945,192.169998168945,189.570007324219,191.410003662109,4012900,191.410003662109,186.060000610352,196.811599731445,208.356849746704,188.432973543246,189.588236899521,52.6194202239034,-0.609353921513101,-1.7728257209943
"2023-11-08",191.449996948242,192.440002441406,190.139999389648,191.830001831055,2984200,191.830001831055,185.848000335693,196.103199768066,208.256099777222,188.955593279832,189.754293561116,53.2663803518546,-0.420912890188019,-1.50244315483304
"2023-11-09",193.029998779297,197.070007324219,192.559997558594,193.330001831055,4576300,193.330001831055,185.949500274658,195.392799682617,208.159349822998,189.628579210789,190.019160840371,55.5982576944919,-0.205548549869361,-1.24306423384031
"2023-11-10",195,197.259994506836,194.210006713867,196.649993896484,4788500,196.649993896484,186.536499786377,194.845199584961,208.078949813843,190.708796854742,190.510333659342,60.3178253617218,0.104174504127008,-0.973616486246844
"2023-11-13",203.490005493164,206.850006103516,202.509994506836,204.539993286133,13040300,204.539993286133,187.516999816895,194.467999572754,208.045799789429,192.836673228803,191.549567705771,68.8042113622921,0.671943841193379,-0.644504420758799
"2023-11-14",207.25,208.559997558594,205.979995727539,207.470001220703,7280100,207.470001220703,188.610499572754,194.165999450683,208.034799804688,195.087954458326,192.728859077248,71.2620825607962,1.22404884892335,-0.270793766822369
"2023-11-15",208.210006713867,211.089996337891,207.600006103516,208.710006713867,5205900,208.710006713867,189.761499786377,193.981199645996,208.013349838257,197.183654805332,193.912647791071,72.2582592085988,1.68684562431696,0.120734111405496
"2023-11-16",207.5,207.889999389648,204.809997558594,206.600006103516,4655100,206.600006103516,190.952000427246,193.792199707031,207.972599868774,198.632324235822,194.852452110512,67.9424155633133,1.93986377095556,0.48456004331551
"2023-11-17",208.360000610352,209.419998168945,206.820007324219,208.039993286133,3564600,208.039993286133,192.352000427246,193.727599487305,207.966099853516,200.07965793587,195.829307012409,69.2904839056405,2.17043658495455,0.821735351643318
"2023-11-20",211.009994506836,218.880004882812,210.940002441406,217.710006713867,11568100,217.710006713867,194.186000823975,193.861599731445,208.024599914551,202.792019286331,197.450099582888,76.4517888905187,2.70545303077985,1.19847888747062
"2023-11-21",216.5,219.380004882812,216.070007324219,218.270004272461,5362100,218.270004272461,195.98150100708,194.013999938965,208.08189994812,205.173247745735,198.992314745078,76.7893483403628,3.10611643900682,1.58000639777786
"2023-11-22",218,221.5,217.699996948242,219.910003662109,5384400,219.910003662109,198.090501403809,194.244200134277,208.107649993897,207.440440963639,200.541773183377,77.7933128489078,3.44001534979645,1.95200818818158
"2023-11-24",220.610000610352,221.589996337891,218.960006713867,220,2312100,220,200.136001586914,194.463200073242,208.140149993897,209.372680815387,201.983123317942,77.8499331145903,3.65850244122297,2.29330703878986
"2023-11-27",218.809997558594,219.529998779297,217.660003662109,219.300003051758,3691200,219.300003051758,202.116501617432,194.68700012207,208.176699981689,210.899961159444,203.265855150076,76.2220443936426,3.75572473976575,2.58579057898504
"2023-11-28",222.009994506836,224.800003051758,219.410003662109,222.369995117188,7817800,222.369995117188,204.117501068115,195.03200012207,208.224099960327,212.664581768328,204.680976629122,78.359331798705,3.90051155250855,2.84873477368974
"2023-11-29",223.350006103516,224.990005493164,221.339996337891,224.429992675781,5424400,224.429992675781,205.998000335693,195.431000061035,208.267999954224,214.474644984859,206.143866706652,79.679236489357,4.04124479243519,3.08723677743883
"2023-11-30",225,233,225,231.630004882812,8736200,231.630004882812,208.110500335694,196.016200256348,208.333899993897,217.113931123006,208.031728793775,83.4733331343359,4.36577746187654,3.34294491432637
"2023-12-01",231.770004272461,235.380004882812,231.380004882812,233.869995117188,6956200,233.869995117188,210.203500366211,196.694600219726,208.416049957275,219.691787122111,209.945674447361,84.4463033958038,4.64220694253608,3.60279731996831
"2023-12-04",231.300003051758,234.940002441406,230.070007324219,234.869995117188,5228500,234.869995117188,212.194499969483,197.437799987793,208.529349899292,222.02689604443,211.791920422904,84.8744227003572,4.83256188483931,3.84875023294251
"2023-12-05",233.539993286133,234.740005493164,231.490005493164,234.160003662109,3589800,234.160003662109,214.255000305176,198.145400085449,208.641849899292,223.893527985612,213.44881547766,83.1249767467495,4.893310128978,4.05766221214961
"2023-12-06",234.779998779297,239.229995727539,234.429992675781,236.889999389648,4740600,236.889999389648,216.529000091553,198.970400085449,208.798699874878,225.892985124694,215.18519947114,84.4520372317838,4.97607906113908,4.24134558194751
"2023-12-07",236.899993896484,238.300003051758,230,237.330001831055,6363700,237.330001831055,218.804000091553,199.807799987793,208.956549911499,227.652526156442,216.825555201504,84.6614049509216,4.99340169791134,4.39175680514027
"2023-12-08",237.320007324219,244.699996948242,237.320007324219,244.699996948242,7171200,244.699996948242,221.372499847412,200.893200073242,209.139399871826,230.275213970565,218.890328664226,87.6590578475491,5.20118242583647,4.55364192927951
"2023-12-11",243.5,248.080001831055,243.309997558594,248.080001831055,7545000,248.080001831055,223.944000244141,202.021200256347,209.389049911499,233.014412102948,221.052526676583,88.7453863257432,5.41133168944317,4.72517988131224
"2023-12-12",247.949996948242,250.570007324219,247.399993896484,248.630004882812,5719200,248.630004882812,226.148500823975,203.237200317383,209.629899902344,235.416810992158,223.095302840008,88.9163594066501,5.52297963932775,4.88473983291535
"2023-12-13",249.100006103516,251.869995117188,247.529998779297,250.910003662109,5513400,250.910003662109,228.320500946045,204.477000427246,209.876699905396,237.800379095227,225.155651049052,89.6203002062308,5.61599408554054,5.03099068344039
"2023-12-14",250.910003662109,257.119995117188,249.259994506836,256.239990234375,7883600,256.239990234375,230.697000122071,205.867200317383,210.135149841309,240.637242347404,227.458194692409,91.0511587193057,5.79405269298665,5.18360308534964
"2023-12-15",255.699996948242,265.519989013672,255.699996948242,264.269989013672,14995900,264.269989013672,233.580499267578,207.426800231933,210.406199798584,244.27304952683,230.184994271762,92.6868164183017,6.12031870263219,5.37094620880615
"2023-12-18",260.630004882812,263.130004882812,260.25,260.410003662109,6140100,260.410003662109,236.198999786377,208.887400207519,210.632699813843,246.755657855334,232.423883856232,84.6749208999131,6.1662225763196,5.53000148230884
"2023-12-19",261.040008544922,265.339996337891,260.799987792969,263.510009765625,6089500,263.510009765625,238.488999938965,210.387800292969,210.890649871826,249.333250456917,234.726559849521,85.7409509575549,6.22285378218843,5.66857194228476
"2023-12-20",262.25,266.130004882812,260.149993896484,260.25,5151700,260.25,240.587999725342,211.722200317383,211.152299880981,251.012750386622,236.617185045853,79.479661658729,6.08390524888558,5.75163860360492
"2023-12-21",265.950012207031,267.540008544922,260.190002441406,262.019989013672,6487200,262.019989013672,242.69349899292,213.041199951172,211.426399841309,252.706171713861,238.498874228654,80.3199679757971,5.95696626709694,5.79270413630333
"2023-12-22",261.829986572266,262.839996337891,259.200012207031,260.440002441406,4434000,260.440002441406,244.71549911499,214.423999938965,211.72239982605,253.895991825791,240.124142985154,77.2778527067283,5.73530369309354,5.78122404766137
"2023-12-26",259.799987792969,263.760009765625,259.540008544922,262.790008544922,3938600,262.790008544922,246.889999389649,215.981600036621,212.020999832153,255.264302090273,241.803095989581,78.5774917099329,5.56701147501901,5.7383815331329
"2023-12-27",262.630004882812,264.660003662109,260.899993896484,262.100006103516,3484900,262.100006103516,248.876499938965,217.525000305176,212.314649887085,256.315948861541,243.306570812836,77.1815945208718,5.34690781479654,5.66008678946563
"2023-12-28",261.529998779297,262.100006103516,257.679992675781,260.350006103516,5096400,260.350006103516,250.672500610352,219.020000305176,212.579999923706,256.936573052614,244.569047501034,73.6099839557901,5.05686458607453,5.53944234878741
"2023-12-29",260.670013427734,262.220001220703,259.559997558594,260.660003662109,3686600,260.660003662109,252.124000549317,220.51940032959,212.892249908447,257.509408530998,245.760970179632,73.8409126230315,4.78043293155057,5.38764046534004
"2024-01-02",257.279998779297,258.589996337891,250.869995117188,251.759994506836,5815200,251.759994506836,253.018500518799,221.898800354004,213.135099868774,256.624883296511,246.205342352018,58.1170676999027,4.23205314919439,5.15652300211091
"2024-01-03",248.320007324219,250.130004882812,243,243.910003662109,7219900,243.910003662109,253.470500946045,223.176200561523,213.349399871826,254.668747968142,246.035317263876,48.3395674361923,3.5090209000384,4.82702258169641
"2024-01-04",244.580001831055,248.279998779297,244.179992675781,244.940002441406,5170700,244.940002441406,254.00950088501,224.454400634765,213.550249862671,253.172017887105,245.954182832582,49.5391521662301,2.93462586055555,4.44854323746824
"2024-01-05",245.039993286133,250.190002441406,245.039993286133,249,3849700,249,254.615000915527,225.787200622558,213.77174987793,252.530168981397,246.179798919058,54.0668066335161,2.57956586617698,4.07474776320999
"2024-01-08",228,233.850006103516,225.789993286133,229,40730400,229,254.198500823975,226.812600708008,213.935949859619,248.910142984259,244.90722122135,36.630609126647,1.63446457109211,3.58669112478641
"2024-01-09",225.660003662109,228.789993286133,223.199996948242,225.759994506836,20687500,225.759994506836,253.251500701904,227.746000671387,214.075249862671,245.34858168004,243.488908131386,34.6794457209253,0.763761094058024,3.02210511864073
"2024-01-10",226.899993896484,231.610000610352,226.639999389648,227.839996337891,12883700,227.839996337891,252.239500427246,228.709000549316,214.226799850464,242.654953165863,242.329729480016,36.9994897279305,0.134207093180572,2.4445255135487
"2024-01-11",228.070007324219,228.279998779297,222.619995117188,222.660003662109,11830500,222.660003662109,250.941000366211,229.515200500488,214.337249832153,239.578807088363,240.872712752763,33.7815625820543,-0.537174032547627,1.84818560432944
"2024-01-12",219.970001220703,222.070007324219,217.039993286133,217.699996948242,11285500,217.699996948242,249.280500030518,230.132800292969,214.400949783325,236.212836297575,239.156215285762,31.0012273509356,-1.23073489211648,1.23240150504025
"2024-01-16",210.070007324219,210.979995727539,199.5,200.520004272461,35290000,200.520004272461,246.494500732422,230.355600280762,214.363699798584,230.721631370634,236.294273729221,23.7193211890844,-2.35834845704842,0.514251512622518
"2024-01-17",202.630004882812,206.300003051758,201.649993896484,203.059997558594,20140100,203.059997558594,243.434001159668,230.576600341797,214.323799819946,226.465995399551,233.83247549436,26.469298905043,-3.15032378596461,-0.218663547094908
"2024-01-18",205.639999389648,213.039993286133,203.320007324219,211.610000610352,20046800,211.610000610352,240.99400100708,230.907800292969,214.319699859619,224.180457739674,232.186366243693,34.9681309366793,-3.44805280066084,-0.864541397808094
"2024-01-19",210.889999389648,215.160003662109,209.229995727539,215.020004272461,14345400,215.020004272461,238.569500732422,231.349200439453,214.317849884033,222.771157206257,230.914783875453,38.0438605009803,-3.52668050634155,-1.39696921951479
"2024-01-22",213.070007324219,217,212.360000610352,214.929992675781,10760800,214.929992675781,236.303500366211,231.819600219726,214.32299987793,221.564824201568,229.73072526807,37.9927804534668,-3.55455329580886,-1.8284860347736
"2024-01-23",215.350006103516,216.850006103516,211.130004882812,211.5,9076900,211.5,233.777500915527,232.213000183105,214.33049987793,220.016389709019,228.380301174139,36.0087247388727,-3.66227359457861,-2.1952435467346
"2024-01-24",209.830001831055,217.589996337891,209.360000610352,214.130004882812,15119100,214.130004882812,231.462001037598,232.62900024414,214.344299926758,219.110792043449,227.324723671078,38.6540946597867,-3.61330324963407,-2.4788554873145
"2024-01-25",208.199996948242,208.729995727539,198.320007324219,201.880004882812,22112500,201.880004882812,228.416500854492,232.733600463867,214.299799957275,216.459901711043,225.439929686762,32.0153227518885,-3.98333515637437,-2.77975142112647
"2024-01-26",203.080001831055,206.75,203,205.470001220703,9911200,205.470001220703,225.585000610352,232.752200622558,214.265549926758,214.769147789452,223.960675726313,35.5109172096501,-4.10408117722094,-3.04461737234536
"2024-01-29",206.059997558594,207.039993286133,203.850006103516,205.190002441406,7535400,205.190002441406,222.827000427246,232.706600646973,214.229799957275,213.295433120522,222.570255482986,35.3582143598254,-4.16714369237591,-3.26912263635147
"2024-01-30",203.649993896484,203.979995727539,199.139999389648,200.440002441406,13321200,200.440002441406,219.816000366211,232.541200561523,214.164049987793,211.317674554504,220.930977479906,32.7827651484834,-4.3512698106251,-3.4855520712062
"2024-01-31",204.919998168945,213.770004272461,203.25,211.039993286133,22409400,211.039993286133,217.780000305176,232.630000305176,214.210699920654,211.27495435937,220.198311984071,42.7962202567892,-4.05241872396669,-3.5989254017583
"2024-02-01",213.839996337891,214.630004882812,206.809997558594,209.809997558594,10679200,209.809997558594,216.075,232.665400390625,214.234599914551,211.04957639002,219.428807211814,42.0140864939772,-3.81865577645203,-3.64287147669704
"2024-02-02",209.059997558594,209.539993286133,206.350006103516,209.380004882812,6275300,209.380004882812,214.29700012207,232.498800354004,214.239649963379,210.792719235065,218.68445148374,41.726985451943,-3.60873038532481,-3.6360432584226
"2024-02-05",204.639999389648,207.339996337891,202,206.630004882812,8682500,206.630004882812,212.178500366211,232.266000366211,214.229249954224,210.152301642411,217.791529513301,39.8513880792339,-3.50758722708878,-3.61035205215583
"2024-02-06",206.020004272461,210.639999389648,203.889999389648,208.580001831055,7556900,208.580001831055,211.157500457764,232.03940032959,214.235999984741,209.910409363741,217.10919412943,41.8474645762529,-3.31574385624512,-3.55143041297369
"2024-02-07",208.759994506836,213.770004272461,207.990005493164,211.919998168945,7747700,211.919998168945,210.465500640869,231.877800292969,214.269850006104,210.219576872234,216.724809243469,45.2018590877785,-3.00160945760807,-3.44146622190057
"2024-02-08",212.399993896484,213.100006103516,208.720001220703,209.220001220703,5787700,209.220001220703,209.53450088501,231.676200256347,214.287099990845,210.065796002767,216.168897538079,43.0405102750031,-2.82330233665374,-3.3178334448512
"2024-02-09",209.770004272461,211.440002441406,207.899993896484,209.199996948242,4349700,209.199996948242,208.861500549316,231.412800292969,214.322149963379,209.932596148225,215.652682679572,43.0240958947961,-2.65245322259511,-3.18475740039998
"2024-02-12",208.699996948242,209.800003051758,207.600006103516,209.330001831055,4077400,209.330001831055,208.443000793457,231.110800476074,214.353649978638,209.839889330199,215.184335950052,43.1757667891715,-2.48365969402811,-3.04453785912561
"2024-02-13",206.899993896484,207.809997558594,202.330001831055,204.460006713867,8263600,204.460006713867,208.640000915527,230.567400512695,214.345750045776,209.012215081532,214.389941191816,38.9887571675196,-2.50838545893927,-2.93730737908834
"2024-02-14",205.949996948242,206.580001831055,202.210006713867,203.380004882812,6503000,203.380004882812,208.656001281738,229.957600708008,214.328750076294,208.145721204806,213.574390354112,38.106205272823,-2.54181652599138,-2.85820920846895
"2024-02-15",204.119995117188,206.550003051758,203.399993896484,205.330001831055,5309100,205.330001831055,208.342001342773,229.366800842285,214.336050109863,207.712533608844,212.96369490796,40.715574860682,-2.46575422227951,-2.77971821123106
"2024-02-16",204.880004882812,205.050003051758,202.809997558594,203.889999389648,5986500,203.889999389648,207.785501098633,228.761400756836,214.339250106812,207.124451421276,212.291569314011,39.394763005391,-2.4339722530819,-2.71056901960123
"2024-02-20",203.550003051758,205.580001831055,202.710006713867,203.369995117188,5248400,203.369995117188,207.207501220703,228.091000671387,214.351450119019,206.546842759108,211.630711966098,38.9039651885213,-2.40223602697328,-2.64890242107564
"2024-02-21",202.899993896484,203.630004882812,201.210006713867,201.570007324219,4171600,201.570007324219,206.711001586914,227.37580078125,214.374050140381,205.781175769125,210.885474585218,37.1773715243492,-2.4204127032135,-2.60320447750321
"2024-02-22",202,204.100006103516,200.399993896484,201.5,6513500,201.5,206.079501342773,226.511800842285,214.389850158691,205.122533343106,210.190254245572,37.1083909191801,-2.41101611521217,-2.564766805045
"2024-02-23",200.990005493164,202.070007324219,197.149993896484,200.830001831055,7433400,200.830001831055,206.027001190186,225.566800842285,214.407700195313,204.462143879714,209.496902214867,36.41207147014,-2.40326147161349,-2.5324657383587
"2024-02-26",201.009994506836,202.75,200,200.539993286133,4807200,200.539993286133,205.780500793457,224.605000610351,214.401000137329,203.858736096086,208.833427479406,36.0963374332743,-2.38213366670441,-2.50239932402784
"2024-02-27",200.929992675781,202,200.039993286133,201.399993896484,3932900,201.399993896484,205.591000366211,223.614800415039,214.403800125122,203.480468065378,208.28280276956,37.8182519644721,-2.3056798930706,-2.4630554378364
"2024-02-28",201.139999389648,208.100006103516,200.179992675781,207,9654700,207,205.919000244141,222.630000610351,214.429600143433,204.021934516858,208.187780342185,47.7005392746254,-2.00100400632516,-2.37064515153415
"2024-02-29",206.440002441406,206.619995117188,202.699996948242,203.720001220703,6670300,203.720001220703,205.553000640869,221.419000854492,214.444700164795,203.975483240527,207.856833740594,43.3544549793071,-1.86731916878462,-2.26997995498424
"2024-03-01",204,205.059997558594,199.009994506836,200,11609500,200,205.062500762939,220.21080078125,214.430850143433,203.363870434292,207.274846056105,39.012973137426,-1.88685491569716,-2.19335494712683
"2024-03-04",199.5,201.539993286133,196.919998168945,200.539993286133,7213900,200.539993286133,204.620500183106,218.95140045166,214.429200134277,202.929427796114,206.775968073144,39.9529686075603,-1.86024532390052,-2.12673302248156
"2024-03-05",199.490005493164,202.850006103516,198.699996948242,201.139999389648,5034700,201.139999389648,204.345999908447,217.769200439453,214.40055015564,202.654131118196,206.358488911404,41.0403826734763,-1.79510802426859,-2.06040802283897
"2024-03-06",201.770004272461,202.350006103516,199.860000610352,201,4736600,201,203.966999816895,216.54880065918,214.369350128174,202.399649407704,205.961563806855,40.8544746249077,-1.72940733859036,-1.99420788598925
"2024-03-07",200.699996948242,203.729995727539,200.570007324219,203.029998779297,5965300,203.029998779297,203.522499847412,215.400600585937,214.357050094605,202.496626234103,205.744410841851,44.7618088126004,-1.57855301850434,-1.91107691249227
"2024-03-08",201.839996337891,203.800003051758,198.460006713867,198.490005493164,9010200,198.490005493164,202.986000061035,214.114600524902,214.31995010376,201.880223043189,205.207047482689,38.6173303296707,-1.62120379407551,-1.85310228880891
"2024-03-11",194.210006713867,196.070007324219,189.800003051758,192.490005493164,14160600,192.490005493164,202.150500488281,212.722400512695,214.269400100708,200.435574189339,204.265044372354,32.3057519832732,-1.87475551422975,-1.85743293389308
"2024-03-12",188.240005493164,188.580001831055,183.160003662109,184.240005493164,18714800,184.240005493164,200.896000671387,211.200200500488,214.194250106812,197.943948236082,202.781708159081,26.0107486505167,-2.38569837827967,-1.9630860227704
"2024-03-13",183.160003662109,185.970001220703,182.080001831055,182.350006103516,10196100,182.350006103516,199.790500640869,209.634000549316,214.101650161743,195.544880215687,201.268248747557,24.8176688475692,-2.84365197565215,-2.13919921334675
"2024-03-14",182,184.940002441406,180.520004272461,181.149993896484,10016200,181.149993896484,198.679000091553,208.221800537109,213.989250106812,193.330282320425,199.778007647478,24.0629685382381,-3.22744500407189,-2.35684837149178
"2024-03-15",180.990005493164,184.179992675781,180.910003662109,182.529998779297,10800700,182.529998779297,197.538999938965,206.994200439453,213.878450088501,191.668700237174,198.500377360946,26.8190449747142,-3.44164440118365,-2.57380757743015
"2024-03-18",180.259994506836,181.190002441406,177.520004272461,179.839996337891,9497800,179.839996337891,196.336499786377,205.692200317383,213.749150085449,189.848899637285,197.118126914794,24.9203771629515,-3.68775180207104,-2.79659642235833
"2024-03-19",180.110000610352,181.860000610352,179.740005493164,181.139999389648,7648000,181.139999389648,195.225,204.335000305176,213.615050048828,188.509068829956,195.934561912931,27.5884039186758,-3.78978216526944,-2.99523357094055
"2024-03-20",178.990005493164,188.300003051758,178.600006103516,187.779998779297,12770000,187.779998779297,194.535499572754,203.510600280762,213.487350006104,188.396904206778,195.330520199328,39.4282617183034,-3.54968388220914,-3.10612363319427
"2024-03-21",189.789993286133,190.380004882812,187.550003051758,187.699996948242,7436400,187.699996948242,193.845499420166,202.74940032959,213.381949996948,188.289687705464,194.765296254804,39.3447894600793,-3.32482668825526,-3.14986424420647
"2024-03-22",188.75,192.940002441406,188.190002441406,188.850006103516,7827000,188.850006103516,193.246499633789,201.969600524902,213.289750061035,188.375890535934,194.327126613967,41.2695809330723,-3.06248344311481,-3.13238808398814
"2024-03-25",196.009994506836,196.179992675781,189.5,191.410003662109,12953000,191.410003662109,192.790000152588,201.344600524902,213.187150115967,188.84267717073,194.111043432348,45.4215997235519,-2.71409919212263,-3.04873030561503
"2024-03-26",192.020004272461,192.029998779297,186.809997558594,187.5,8972200,187.5,192.095000457764,200.740600585937,213.034100112915,188.636111452156,193.621336511434,40.6900175770717,-2.57472918486077,-2.95393008146418
"2024-03-27",188.839996337891,191.990005493164,188.330001831055,191.949996948242,7372800,191.949996948242,191.342500305176,200.569200439453,212.907300109863,189.145939990016,193.497533580827,47.4051476751794,-2.24891424209988,-2.81292691359132
"2024-03-28",192,193.380004882812,191.199996948242,192.990005493164,4471700,192.990005493164,190.806000518799,200.367800598144,212.764450149536,189.737334682808,193.459938907667,48.8623807464493,-1.92422485289611,-2.63518650145228
"2024-04-01",192.240005493164,192.869995117188,189.029998779297,189.5,5107800,189.5,190.281000518799,199.925600585937,212.610050125122,189.700821654683,193.166610099691,44.41513943836,-1.79419644172418,-2.46698848950666
"2024-04-02",189,189.229995727539,187.130004882812,188.039993286133,4477200,188.039993286133,189.656000518799,199.386000366211,212.46575012207,189.445309597983,192.786860706094,42.6656633944036,-1.73328778521129,-2.32024834864758
"2024-04-03",187.679992675781,188.779998779297,184.270004272461,184.919998168945,6609300,184.919998168945,188.845000457764,198.785800476074,212.293300094605,188.74910783967,192.204130147787,39.1195354289427,-1.79757963861685,-2.21571460664144
"2024-04-04",185.929992675781,188,182.809997558594,183.289993286133,6513800,183.289993286133,187.95950012207,198.221600341797,212.109800033569,187.909244062203,191.54382371359,37.3719387775583,-1.89751858395734,-2.15207540210462
"2024-04-05",184.160003662109,184.660003662109,182.440002441406,183.139999389648,4130400,183.139999389648,186.965000152588,197.601800231933,211.963650054932,187.175514112579,190.921318208113,37.2072196253682,-1.96196220028783,-2.11405276174126
"2024-04-08",182.139999389648,184.550003051758,181.490005493164,181.559997558594,6176400,181.559997558594,186.118499755859,197.195400085449,211.811050033569,186.311588488889,190.22788704889,35.4354583291116,-2.05874050369609,-2.10299031013223
"2024-04-09",181.509994506836,183.050003051758,176.570007324219,178.119995117188,11427800,178.119995117188,185.399999237061,196.648399963379,211.673600006104,185.051343354781,189.33100616506,31.8764147533348,-2.260413070719,-2.13447486224958
"2024-04-10",176.309997558594,178.100006103516,172.440002441406,174.630004882812,9727700,174.630004882812,184.919499206543,196.037200012207,211.519700012207,183.44806051294,188.242043107116,28.7243468966471,-2.54671194332926,-2.21692227846552
"2024-04-11",174.470001220703,174.699996948242,171.380004882812,173.360000610352,7625100,173.360000610352,184.469998931885,195.495599975586,211.358600006104,181.896051297157,187.139669588837,27.6527532706892,-2.80198116369479,-2.33393405551137
"2024-04-12",172.199996948242,173.240005493164,169.369995117188,169.550003051758,7568300,169.550003051758,183.889999389649,194.665800170898,211.159200057983,179.996659259403,185.836731326831,24.6783473911959,-3.1425822148996,-2.49566368738902
"2024-04-15",170.740005493164,171.179992675781,167.529998779297,167.820007324219,6490700,167.820007324219,183.154499816895,193.826000366211,210.944700088501,178.123328192452,184.502159178489,23.4451842944578,-3.45732050748878,-2.68799505140897
"2024-04-16",168.139999389648,170.639999389648,167.75,170.550003051758,7986700,170.550003051758,182.690000152588,193.04940032959,210.738300094605,176.95820124773,183.468666132065,29.4373135545654,-3.54854320445581,-2.86010468201834
"2024-04-17",170,170.850006103516,168.119995117188,170.210006713867,8162600,170.210006713867,182.143500518799,192.321000366211,210.533550109863,175.920017473289,182.486543212198,29.131491826042,-3.59836162345043,-3.00775607030476
"2024-04-18",169.479995727539,172.039993286133,169.100006103516,170.229995727539,5123000,170.229995727539,181.266000366211,191.55400024414,210.330100097656,175.044629512405,181.578650805927,29.1780761389257,-3.5984523866224,-3.12589533356829
"2024-04-19",170,172,169.649993896484,169.820007324219,4693900,169.820007324219,180.37200088501,190.712000427246,210.112650146484,174.240841483453,180.707640177653,28.7604885775781,-3.57859727892087,-3.2164357226388
"2024-04-22",169.820007324219,172.149993896484,168.160003662109,170.479995727539,4724900,170.479995727539,179.453500366211,189.937200317383,209.901950149536,173.662249828697,179.950036885052,30.4852044715679,-3.49418492221321,-3.27198556255368
"2024-04-23",170.949996948242,171.179992675781,168.429992675781,169.179992675781,7632100,169.179992675781,178.341999816895,189.136800231933,209.687350082398,172.972671805171,179.152255832513,28.9960875908059,-3.44934759466204,-3.30745796897536
"2024-04-24",176.5,177.639999389648,162.740005493164,164.330001831055,20889300,164.330001831055,177.183499908447,188.236800231933,209.44245010376,171.643030270692,178.054311091664,24.2390507675748,-3.60074450411465,-3.36611527600321
"2024-04-25",163.589996337891,168.130004882812,159.699996948242,166.809997558594,12504700,166.809997558594,175.926499938965,187.483800048828,209.182700119019,170.899486776523,177.221398978104,30.5163712094812,-3.5672397566174,-3.40634017212605
"2024-04-26",165.979995727539,168.649993896484,164.929992675781,167.220001220703,7208100,167.220001220703,174.637999725342,186.760599975586,208.93325012207,170.333412075628,176.480554699778,31.5264911887109,-3.48318410184465,-3.42170895806977
"2024-04-29",167.899993896484,173.809997558594,167.550003051758,173.490005493164,7788600,173.490005493164,173.8375,186.123800048828,208.716450119019,170.819041832172,176.259032536325,44.7534602107073,-3.0863613772712,-3.35463944191006
"2024-04-30",171.490005493164,174.070007324219,167.759994506836,167.839996337891,8248800,167.839996337891,172.827500152588,185.402799987793,208.490050125122,170.360727140744,175.63540022533,37.6884604895296,-3.00319473057175,-3.28435049964239
"2024-05-01",167.5,173.860000610352,167.5,171.460006713867,6191900,171.460006713867,172.154500579834,184.764600219726,208.288000183106,170.529847075071,175.326111817073,43.8091008078008,-2.73562488342112,-3.17460537639814
"2024-05-02",173,178.899993896484,172.25,178.850006103516,10223700,178.850006103516,171.932501220703,184.310200195312,208.124400177002,171.809871540985,175.587141023476,53.788373731646,-2.15122215697222,-2.96992873251296
"2024-05-03",179.589996337891,180.490005493164,177.899993896484,179.789993286133,5416300,179.789993286133,171.765000915528,183.876000061035,207.980350112915,173.0375825787,175.898463413303,54.8858815098931,-1.62643878694968,-2.7012307434003
"2024-05-06",180.880004882812,183.979995727539,174.710006713867,178.350006103516,11913400,178.350006103516,171.604501342774,183.426400146484,207.804050140381,173.854878505595,176.080059168133,52.8164688813182,-1.26373234598562,-2.41373106391737
"2024-05-07",177.220001220703,178.350006103516,176.130004882812,176.710006713867,5097500,176.710006713867,171.534001922608,182.949800415039,207.628600158691,174.294128999175,176.126721949299,50.4819760680808,-1.04049682515013,-2.13908421616392
"2024-05-08",175.949996948242,181.660003662109,175.949996948242,180.350006103516,4956800,180.350006103516,171.820001983643,182.52880065918,207.451000213623,175.225802399843,176.439557812574,55.2136140068356,-0.687915696331742,-1.84885051219748
"2024-05-09",179.550003051758,181.75,179.309997558594,181.25,5107400,181.25,172.214501953125,182.01380065918,207.286650238037,176.152602030636,176.795886863495,56.3248481087795,-0.363857352266783,-1.55185188021134
"2024-05-10",181.25,181.880004882812,177.919998168945,178.509994506836,3715500,178.509994506836,172.662501525879,181.509600524902,207.015200195313,176.515277796206,176.922857800038,52.087540925109,-0.230371591834333,-1.28755582253594
"2024-05-13",179.039993286133,180.75,178.070007324219,178.440002441406,3105200,178.440002441406,173.193501281739,181.07840057373,206.73865020752,176.811389280083,177.035238884584,51.9799667617926,-0.126443529498332,-1.05533336392842
"2024-05-14",180.229995727539,183.660003662109,179.630004882812,180.759994506836,4686500,180.759994506836,173.704000854492,180.682800598144,206.449000167847,177.418867007275,177.311146708455,55.2770289778983,0.0607521302639524,-0.832116265089945
"2024-05-15",180.139999389648,180.669998168945,176.169998168945,176.990005493164,5858900,176.990005493164,174.043000793457,180.199800720215,206.139700164795,177.352888312797,177.287358470285,49.3476473057711,0.0369625014875252,-0.658300511774451
"2024-05-16",177.600006103516,183.759994506836,177.25,182.960006713867,6993200,182.960006713867,174.679501342774,179.839000854492,205.86445022583,178.215521912961,177.707554636476,57.1805818034065,0.28584450307938,-0.469471508803685
"2024-05-17",183.25,185.380004882812,181.220001220703,184.949996948242,5562400,184.949996948242,175.436000823975,179.477400817871,205.632300186157,179.251594995312,178.244031844755,59.4325575549034,0.565271745779716,-0.262522857887005
"2024-05-20",184.649993896484,188.630004882812,184.009994506836,186.610000610352,6228600,186.610000610352,176.242501068115,179.239800720215,205.408550186157,180.383657397626,178.863733234799,61.2627409872661,0.849766543132224,-0.040064977683159
"2024-05-21",185.300003051758,186.389999389648,183.110000610352,184.779998779297,4349100,184.779998779297,177.022501373291,179.085600585937,205.175650177002,181.060017610191,179.301975126984,58.1482927263621,0.980492536103572,0.164046525074187
"2024-05-22",184.600006103516,186.820007324219,183.410003662109,186.279998779297,3785400,186.279998779297,178.120001220703,179.12640045166,204.915800170898,181.863091636207,179.818865767896,59.9457466058551,1.13682502644037,0.358602225347424
"2024-05-23",185.789993286133,186,171.610000610352,172.210006713867,17116000,172.210006713867,178.390001678467,178.923600463867,204.586650238037,180.378001648155,179.255246578709,41.8077694384308,0.626344327920525,0.412150645862044
"2024-05-24",173.199996948242,174.860000610352,169.570007324219,174.520004272461,9489400,174.520004272461,178.755001831055,178.791000671387,204.269950256348,179.476771282663,178.904487889357,44.762816199038,0.319882077893974,0.39369693226843
"2024-05-28",174.729995727539,178.490005493164,173.380004882812,175.080001831055,5274400,175.080001831055,178.834501647949,178.642000732422,203.954050292969,178.800345213185,178.621192625779,45.4855367258648,0.100297498170399,0.335017045448824
"2024-05-29",173.610000610352,175.830001831055,171.610000610352,171.649993896484,3666400,171.649993896484,179.025001525879,178.478200683594,203.633700256348,177.700291164462,178.104807534721,41.8718179454041,-0.227122656517686,0.222589105055522
"2024-05-30",172.639999389648,174.679992675781,171.550003051758,172.75,3924700,172.75,179.089501190186,178.310400695801,203.313900222778,176.938707908391,177.708155124741,43.4241922510263,-0.432983627459438,0.0914745585525297
"2024-05-31",173.119995117188,177.899993896484,172.210006713867,177.610000610352,5774500,177.610000610352,179.027500915528,178.107000732422,203.040650253296,177.041983708693,177.700884419972,49.8026594467169,-0.370792026966982,-0.000978758551372569
"2024-06-03",178.089996337891,186.009994506836,178.020004272461,184.570007324219,8951600,184.570007324219,179.266501617432,178.044400939941,202.813750305176,178.200141188004,178.209708338805,57.23801058142,-0.00536847901813076,-0.00185670264472421
"2024-06-04",185.050003051758,188.839996337891,183.25,188.619995117188,7176800,188.619995117188,179.780001068115,178.039800720215,202.634150314331,179.803195638648,178.980840692759,60.8701131565906,0.459465349869803,0.0904077078581813
"2024-06-05",187.899993896484,190.339996337891,186.529998779297,189.850006103516,5944000,189.850006103516,180.437001037598,178.008600769043,202.450150375366,181.348858787089,179.785964056519,61.9277787546426,0.869308535164093,0.246187873319364
"2024-06-06",188.830001831055,192.100006103516,187.350006103516,191.419998168945,5942200,191.419998168945,180.990500640869,178.087000732422,202.271150360107,182.898264845836,180.647744361143,63.2916634066753,1.24580602578359,0.446111503812209
"2024-06-07",190.460006713867,191.979995727539,189.660003662109,190.240005493164,3374500,190.240005493164,181.440000915528,178.05280090332,202.072000350952,184.027763406964,181.358282222774,61.5081809270361,1.47193784120117,0.65127677129
"2024-06-10",190,192.630004882812,189.600006103516,190.119995117188,4385000,190.119995117188,182.020500946045,177.995400695801,201.879700317383,184.965029823921,182.007297992731,61.3189286715337,1.62506221663079,0.846033860358158
"2024-06-11",189.320007324219,189.320007324219,182.75,185.5,5010100,185.5,182.373500823975,177.915400695801,201.72065032959,185.047332927933,182.266016659936,54.3819499780502,1.52596535490581,0.982020159267689
"2024-06-12",186.5,187.160003662109,181.710006713867,182.669998168945,5245200,182.669998168945,182.46900100708,177.808000793457,201.516950302124,184.681589118858,182.295941216159,50.6053408394647,1.30866759116191,1.04734964564653
"2024-06-13",181.740005493164,183.869995117188,178.990005493164,180.699996948242,4201000,180.699996948242,182.654500579834,177.723600769043,201.285150299072,184.069036477225,182.177723122239,48.1011512999234,1.03816938897461,1.04551359431215
"2024-06-14",178.899993896484,180.289993286133,175.220001220703,177.270004272461,5106000,177.270004272461,182.370000457764,177.603200988769,201.035250320435,183.023031522646,181.814188392626,44.0169927641147,0.664878324792562,0.96938654040823
"2024-06-17",176.75,180.449996948242,176.320007324219,178.389999389648,4790000,178.389999389648,182.042000579834,177.508200988769,200.782950286865,182.310257348339,181.560544762776,45.6400498329212,0.412927041248135,0.858094640576211
"2024-06-18",177.610000610352,178,173.820007324219,174.990005493164,6179900,174.990005493164,181.461000823975,177.376801147461,200.537750320435,181.184064755235,181.073838150212,41.6887238591262,0.060873843592768,0.698650481179523
"2024-06-20",173.020004272461,176.649993896484,172.050003051758,176.300003051758,5479300,176.300003051758,181.037001037598,177.340401306152,200.302250366211,180.432670647008,180.720220735512,43.7108060816528,-0.159113400444988,0.527097704854621
"2024-06-21",176.830001831055,178.410003662109,175.660003662109,176.559997558594,8628200,176.559997558594,180.551000976563,177.379001159668,200.072200317383,179.836874787252,180.41205605574,44.1249417372996,-0.318815317037635,0.357915100476169
"2024-06-24",176.149993896484,180.600006103516,175.589996337891,179.100006103516,7388300,179.100006103516,180.895500946045,177.493801269531,199.877950363159,179.723510374369,180.31486717039,48.1392616373943,-0.327957869087914,0.220740506563353
"2024-06-25",176.289993286133,178.759994506836,173.289993286133,175.100006103516,7434000,175.100006103516,180.924501037598,177.604801330566,199.673200378418,179.012202025007,179.928581165436,42.9108410810701,-0.509301598719614,0.0747320855067596
"2024-06-26",174.960006713867,178.820007324219,173.759994506836,178.5,6553900,178.5,181.095500946045,177.818401184082,199.509350357056,178.933401713468,179.822760338367,48.0733868545785,-0.494575115644902,-0.0391293547235727
"2024-06-27",178.910003662109,183.679992675781,178.009994506836,182.509994506836,8199000,182.509994506836,181.638500976563,178.057601013183,199.366850357056,179.483646758601,180.021814721217,53.4231074995943,-0.298945971325038,-0.0910926780438657
"2024-06-28",182.600006103516,184.440002441406,180.649993896484,182.009994506836,5899900,182.009994506836,182.101500701905,178.293600769043,199.223650360107,179.872315642945,180.169087297929,52.6941297813892,-0.164718409486808,-0.105817824332454
"2024-07-01",182.199996948242,189.470001220703,182.199996948242,186.699996948242,9056700,186.699996948242,182.556000518799,178.623000793457,199.115150375366,180.922728151452,180.652858383137,58.4248207073881,0.149385828007476,-0.0547770938644682
"2024-07-02",186.339996337891,189.229995727539,184.520004272461,185.419998168945,4110500,185.419998168945,182.598500061035,178.935000610351,198.997000350952,181.614615846451,181.005979848753,56.4161150774648,0.33625187311872,0.0234286995321695
"2024-07-03",185.050003051758,185.419998168945,182.850006103516,184.309997558594,2764800,184.309997558594,182.383000183106,179.211600646972,198.878000335693,182.029289956012,181.250721901334,54.6610421720157,0.429553077919187,0.104653575209573
"2024-07-05",184,185.380004882812,182.229995727539,184.830001831055,3290400,184.830001831055,182.131999969483,179.524600830078,198.776550369263,182.460168706018,181.51585374798,55.3616396929781,0.520238281417384,0.187770516451135
"2024-07-08",186.940002441406,191.5,182.279998779297,185.839996337891,9878100,185.839996337891,181.85299987793,179.954800720215,198.683350372314,182.980142187845,181.836160606492,56.7592530226988,0.629127659502715,0.276041945061451
"2024-07-09",185.110000610352,186.25,183.149993896484,183.240005493164,3942900,183.240005493164,181.50299987793,180.283400878906,198.587700424194,183.020121157894,181.940149116615,52.2260663125571,0.593586432968252,0.339550842642811
"2024-07-10",183.600006103516,184.899993896484,182.800003051758,183.729995727539,3583200,183.729995727539,181.183499908447,180.613600769043,198.506600418091,183.129332630147,182.072730347054,52.9881014809527,0.580318799569124,0.387704434028074
"2024-07-11",184.169998168945,186.100006103516,183.399993896484,183.910003662109,4840600,183.910003662109,181.104000091553,180.822000732422,198.437600402832,183.249435865833,182.208824666688,53.2829158510288,0.571109111234924,0.424385369469444
"2024-07-12",183.729995727539,184.490005493164,180.449996948242,182.309997558594,5129300,182.309997558594,181.086000061035,181.111400756836,198.355250396729,183.104906895489,182.216318954977,50.2655631061824,0.487655521529451,0.437039399881445
"2024-07-15",183.5,183.720001220703,178.880004882812,179.110000610352,5189000,179.110000610352,181.006500244141,181.264400634765,198.272600402832,182.490305928545,181.98622129982,44.8011909629254,0.276990546385636,0.405029629182284
"2024-07-16",180.050003051758,187.440002441406,179.199996948242,186.050003051758,8546400,186.050003051758,181.445500183106,181.40840057373,198.225550384522,183.037951639808,182.287242170334,55.9783365582025,0.411827761798644,0.406389255705556
"2024-07-17",185.320007324219,188.449996948242,183.789993286133,184.839996337891,4899600,184.839996337891,181.768000030518,181.509400634765,198.197600402832,183.315189285667,182.476335071634,53.9279854478831,0.45970575510712,0.417052555585869
"2024-07-18",184.240005493164,187.369995117188,179.880004882812,180.229995727539,5354800,180.229995727539,182.029999542237,181.547000427246,198.140350418091,182.840544122878,182.309939564664,46.8824157303188,0.291045326152251,0.391851109699145
"2024-07-19",181.399993896484,181.5,177.389999389648,179.669998168945,5121300,179.669998168945,182.198499298096,181.606200256348,198.09955039978,182.352767822273,182.114388350167,46.094605071694,0.130895463157032,0.339659980390723
"2024-07-22",181.360000610352,182.720001220703,177.229995727539,178.899993896484,4883500,178.899993896484,182.31549911499,181.577200012207,198.049450378418,181.82157183369,181.876285057301,44.9754781469993,-0.0300826595362902,0.26571145240532
"2024-07-23",179.100006103516,187.039993286133,179,186.479995727539,7614300,186.479995727539,182.684498596192,181.681799926758,198.048200378418,182.538252432744,182.217300662504,56.2390646987754,0.176136826236006,0.247796527171457
"2024-07-24",185.619995117188,187,179.970001220703,180.070007324219,5109100,180.070007324219,182.932998657227,181.713000183105,198.017100448608,182.158522416048,182.058241896705,47.402314346772,0.0550815597788024,0.209253533692926
"2024-07-25",179.449996948242,188.350006103516,179.449996948242,184.350006103516,6128000,184.350006103516,183.225498962403,181.831200256348,198.001950454712,182.495673752581,182.228002208321,52.7418368200147,0.146888261417999,0.196780479237941
"2024-07-26",185.860000610352,189.589996337891,184.630004882812,186.889999389648,6272000,186.889999389648,183.444499206543,181.953800354004,197.993950424194,183.171723850592,182.573335332863,55.6211283914499,0.327752416111071,0.222974866612567
"2024-07-29",186.699996948242,187.080001831055,183.830001831055,185.429992675781,3608600,185.429992675781,183.61549911499,182.122600097656,197.953450393677,183.519149823698,182.784939580487,53.5996113059722,0.40167983472581,0.258715860235216
"2024-07-30",186.100006103516,188.130004882812,185.149993896484,186.860000610352,4789000,186.860000610352,183.623499298096,182.200599975586,197.907400360107,184.033126867798,183.08679595307,55.3127386175212,0.516875567024089,0.31034780159299
"2024-07-31",189.880004882812,196.949996948242,183.860000610352,190.600006103516,15417000,190.600006103516,183.882499694824,182.313600158691,197.903900375366,185.043415980986,183.643330038288,59.5219969060601,0.762394116032317,0.400757064480855
"2024-08-01",190,191.169998168945,176.690002441406,178.309997558594,13887000,178.309997558594,183.582499694824,182.147600097656,197.870900344849,184.007505454464,183.248268373125,44.6412993318063,0.414321558440323,0.403469963272749
"2024-08-02",175.220001220703,175.460006713867,167.25,169.949996948242,11742800,169.949996948242,182.838499450684,181.851000061035,197.796000366211,181.844811838122,182.263211230541,37.7311874592345,-0.229557786014312,0.276864413415337
"2024-08-05",162.520004272461,167.679992675781,162.5,167.029998779297,9255100,167.029998779297,181.897999572754,181.466000061035,197.70315032959,179.565609829072,181.134825123042,35.6551667701211,-0.866324459089451,0.0482266389143792
"2024-08-06",168.889999389648,169.190002441406,163.389999389648,165.039993286133,5817300,165.039993286133,180.987998962403,181.32259979248,197.599900283814,177.330899591697,179.942615357345,34.2712268553397,-1.45141591971505,-0.251701872811506
"2024-08-07",167,167.979995727539,162.990005493164,163.240005493164,5186400,163.240005493164,179.963499450684,181.096999816894,197.502150344849,175.163069730384,178.705384997035,33.0226739001041,-1.98220958294565,-0.597803414838335
"2024-08-08",164.229995727539,169.350006103516,164,168.869995117188,6063800,168.869995117188,179.211499023438,180.972799682617,197.446300354004,174.194904405277,177.976837598528,40.3434656554112,-2.12495808122074,-0.903234348114816
"2024-08-09",168.389999389648,169.850006103516,166.899993896484,167.910003662109,3635600,167.910003662109,178.491499328613,180.89799987793,197.380700378418,173.227996598636,177.23114619583,39.5496541411447,-2.25871675668751,-1.17433082982935
"2024-08-12",167.729995727539,168.050003051758,163.520004272461,164.130004882812,4715600,164.130004882812,177.742499542236,180.725599975586,197.28955039978,171.828305565432,176.260691283755,36.503915604366,-2.5146762366813,-1.44239991119974
"2024-08-13",164.5,168.880004882812,162.619995117188,168.759994506836,6475500,168.759994506836,176.87799911499,180.548599853515,197.244700393677,171.356257710263,175.705084115094,42.3592608984511,-2.47507146804133,-1.64893422256806
"2024-08-14",167.889999389648,169.75,167.330001831055,168.5,3852700,168.5,176.060999298096,180.227199707031,197.191750411987,170.916833447146,175.171374180643,42.1243476058561,-2.42878766773237,-1.80490491160092
"2024-08-15",170,176.559997558594,169.979995727539,176.410003662109,5942200,176.410003662109,175.869999694824,179.98299987793,197.175350418091,171.76193655714,175.263124512603,51.0234222464457,-1.99767518991774,-1.84345896726429
"2024-08-16",176.300003051758,180.509994506836,176.300003051758,179.990005493164,6731500,179.990005493164,175.886000061035,179.785799865723,197.163550415039,173.027793316529,175.613263844497,54.4380436706161,-1.47225242066992,-1.76921765794541
"2024-08-19",180.039993286133,180.699996948242,177.630004882812,179.639999389648,3894200,179.639999389648,175.923000335693,179.550199890137,197.127650375366,174.045055789316,175.911540551545,54.0413480993007,-1.0610359936458,-1.62758132508549
"2024-08-20",176.490005493164,177.5,170.039993286133,172.100006103516,9549100,172.100006103516,175.204000854492,179.187399902344,197.04125038147,173.745817376116,175.629204666506,46.2264178245219,-1.0723656660439,-1.51653819327717
"2024-08-21",173,174.199996948242,171.039993286133,173.429992675781,4493600,173.429992675781,174.87200012207,178.853599853515,196.948350372314,173.69722896068,175.4663000746,47.6640894400818,-1.00821132785504,-1.41487282019274
"2024-08-22",173,175.210006713867,172.300003051758,172.759994506836,2788000,172.759994506836,174.292499542236,178.598799743652,196.83690032959,173.553039044704,175.265832995507,46.9826314152657,-0.977254905607594,-1.32734923727571
"2024-08-23",173.880004882812,176.919998168945,173.169998168945,174.960006713867,4405900,174.960006713867,173.695999908447,178.444599914551,196.746950378418,173.769495609191,175.243179196867,49.5340539474021,-0.840936345956433,-1.23006665901186
"2024-08-26",173,174.919998168945,172.300003051758,173.479995727539,4034300,173.479995727539,173.098500061035,178.300199890137,196.657300338745,173.72495716586,175.112573013953,47.8652360266257,-0.792413602410669,-1.14253604769162
"2024-08-27",173.619995117188,173.929992675781,171.25,173.050003051758,3295800,173.050003051758,172.408000183106,178.215799865723,196.563400344849,173.621118071382,174.959790053791,47.3659469001534,-0.765131223578197,-1.06705508286894
"2024-08-28",172.300003051758,174.25,170.149993896484,170.710006713867,4550300,170.710006713867,171.413500213623,178.062200012207,196.450300369263,173.173254785611,174.644991287871,44.6371739745773,-0.842701809772406,-1.02218442824963
"2024-08-29",171.710006713867,175.279998779297,170.619995117188,172.259994506836,4119500,172.259994506836,171.111000061035,178.00759979248,196.328350372315,173.032753204261,174.468324859646,46.8225514051286,-0.822826525410736,-0.982312847681851
"2024-08-30",173.139999389648,174.360000610352,171.490005493164,173.740005493164,4146200,173.740005493164,171.300500488281,177.956399841308,196.17435043335,173.141561248707,174.414375276943,48.8968772885252,-0.729764405150046,-0.93180315917549
"2024-09-03",167.029998779297,169.600006103516,158.300003051758,161.020004272461,17925400,161.020004272461,171.000000762939,177.645599975586,195.942100448608,171.276706329285,173.422199646982,35.926089924661,-1.23715033142483,-0.992872593625358
"2024-09-04",160.279998779297,166.699996948242,160.279998779297,163.220001220703,7316300,163.220001220703,170.909001159668,177.32799987793,195.714650421143,170.037213235657,172.666481245035,38.9428538442081,-1.52274372560302,-1.09884682002089
"2024-09-05",164.149993896484,164.619995117188,160.100006103516,162.149993896484,4717500,162.149993896484,170.854500579834,177.068999633789,195.492400360107,168.823794875784,171.88748218218,38.0056003872536,-1.78237953543833,-1.23555336310438
"2024-09-06",162.5,162.850006103516,156.699996948242,157.619995117188,7328600,157.619995117188,170.292000579834,176.651399536133,195.240300369263,167.100133374462,170.830631288476,34.2476107910808,-2.18374063590224,-1.42519081766395
"2024-09-09",162.300003051758,164.550003051758,161.110000610352,162.910003662109,9091500,162.910003662109,170.042000579834,176.259399719238,194.966300354004,166.4554980341,170.243918130968,41.519719982261,-2.22528953660104,-1.58521056145137
"2024-09-10",162.610000610352,163.899993896484,157.929992675781,160.070007324219,6367100,160.070007324219,169.839000701904,175.820599975586,194.675300369263,165.473114847964,169.490295108246,39.0243733597148,-2.37015355818209,-1.74219916079751
"2024-09-11",159.789993286133,161.869995117188,156.100006103516,161.330001831055,6664800,161.330001831055,169.467501068115,175.313200073242,194.382400360107,164.835712845363,168.885828939565,40.7264265603199,-2.39813850554115,-1.87338702974624
"2024-09-12",159.419998168945,163.5,159.059997558594,162.770004272461,4742700,162.770004272461,169.181001281738,174.860200195312,194.09625038147,164.517911526455,168.43280489015,42.6951622118248,-2.32430574688118,-1.96357077317323
"2024-09-13",159.779998779297,162.889999389648,155.600006103516,156.770004272461,19003400,156.770004272461,168.199001312256,174.30940032959,193.783600387573,163.325925795071,167.568893733284,37.1572888593128,-2.5320737302033,-2.07727136457924
"2024-09-16",156.25,157.759994506836,154.020004272461,155.550003051758,9955200,155.550003051758,166.977001190186,173.723800354004,193.449500427246,162.129629988408,166.678605534652,36.1310725704472,-2.72918982712452,-2.2076550570883
"2024-09-17",156.169998168945,158.880004882812,155.139999389648,156.389999389648,8123200,156.389999389648,165.814501190186,173.134800415039,193.109300460815,161.246609896291,165.916486560948,37.4127610739814,-2.8145947165667,-2.32904298898398
"2024-09-18",157,158.449996948242,154.800003051758,155.110000610352,7714400,155.110000610352,164.965000915527,172.572200317383,192.726700439453,160.302516159993,165.116006120163,36.2199875016724,-2.91521704847191,-2.44627780088156
"2024-09-19",157,157.179992675781,154.270004272461,154.589996337891,9570000,154.589996337891,164.023001098633,171.98940032959,192.330300445557,159.423666956592,164.336301691847,35.7217312164293,-2.98937890452625,-2.5548980216105
"2024-09-20",154.009994506836,154.639999389648,152.600006103516,153.289993286133,13919400,153.289993286133,163.049501037598,171.37700012207,191.922400436401,158.480024853445,163.518056624757,34.4459823030285,-3.08102473531329,-2.66012336435106
"2024-09-23",153,158.429992675781,151.649993896484,156.300003051758,12476800,156.300003051758,162.116500854492,170.856800231933,191.53310043335,158.144636883954,162.98338598972,39.8063162522307,-2.96886033897396,-2.72187075927564
"2024-09-24",155.800003051758,155.899993896484,153.690002441406,155.809997558594,7414900,155.809997558594,161.233000946045,170.390800170898,191.127700424194,157.78546160313,162.452023883711,39.2437409517896,-2.8725787275642,-2.75201235293335
"2024-09-25",156.419998168945,157.220001220703,152.039993286133,152.220001220703,9587700,152.220001220703,160.191500854492,169.714200134277,190.702150421143,156.92923692891,161.694096279043,35.3067521389096,-2.9468356976437,-2.79097702187542
"2024-09-26",153.940002441406,157.330001831055,152.660003662109,154.580001831055,11414400,154.580001831055,159.385000610352,169.10900024414,190.251550445557,156.567816144625,161.167126319933,39.5967481958743,-2.85375205249878,-2.80353202800009
"2024-09-27",155.369995117188,157.330001831055,154.389999389648,156.320007324219,7637000,156.320007324219,158.588001251221,168.630800476074,189.792750473022,156.529691710716,160.808080468399,42.6180653200597,-2.66055582855077,-2.77493678811023
"2024-09-30",154.789993286133,155.300003051758,151.240005493164,152.039993286133,10902200,152.039993286133,157.503000640869,168.078200378418,189.309800415039,155.838968876165,160.158592528972,37.6318521244021,-2.69709141707486,-2.75936771390315
"2024-10-01",151.460006713867,156.399993896484,149.490005493164,154.220001220703,12588800,154.220001220703,157.163000488281,167.584600524902,188.826350402832,155.589896929171,159.718696876507,41.3930305959496,-2.58504484952623,-2.72450314102777
"2024-10-02",153.759994506836,154.850006103516,152.839996337891,152.889999389648,4357000,152.889999389648,156.646500396729,166.912800598144,188.309600448608,155.174528076937,159.212867433036,39.8154499473304,-2.53644031491255,-2.68689057580473
"2024-10-03",152.119995117188,152.740005493164,150.509994506836,150.520004272461,5704800,150.520004272461,156.065000915528,166.321800537109,187.740850524902,154.458447491633,158.568951643364,37.1018850233208,-2.59225031705854,-2.66796252405549
"2024-10-04",152.259994506836,155,150.850006103516,155,6657500,155,155.934001159668,165.734800415039,187.213800506592,154.541763262151,158.304584854967,44.7651927230117,-2.3769504820492,-2.60976011565423
"2024-10-07",155,158.759994506836,154.679992675781,155.910003662109,6267900,155.910003662109,155.584001159668,165.115200500488,186.675800476074,154.752261785221,158.127208470311,46.1990914113025,-2.1343238255693,-2.51467285763724
"2024-10-08",155.990005493164,156.699996948242,154.139999389648,154.649993896484,5336300,154.649993896484,155.313000488281,164.499600524902,186.147800445557,154.736528263877,157.869637020398,44.4773803146465,-1.98461769828212,-2.40866182576622
"2024-10-09",152.050003051758,152.190002441406,148.800003051758,149.369995117188,12488500,149.369995117188,154.715000152588,163.749800415039,185.584550476074,153.910907779771,157.240033916456,38.0741180423227,-2.11722552696341,-2.35037456600566
"2024-10-10",149.070007324219,149.110000610352,146.259994506836,146.619995117188,11275800,146.619995117188,153.907499694824,162.870200195312,185.015450439453,152.789228908604,156.45336437577,35.2293292978289,-2.3419985129656,-2.34869935539765
"2024-10-11",146.300003051758,151.119995117188,146.300003051758,151.020004272461,10688600,151.020004272461,153.619999694824,162.32440032959,184.456600418091,152.517040503044,156.050893257006,42.6170219912822,-2.26455144229267,-2.33186977277665
"2024-10-14",148,150.089996337891,146.020004272461,148.990005493164,9737000,148.990005493164,153.291999816895,161.905200500488,183.891050415039,151.974419732293,155.527864533758,40.3314189300306,-2.28476409170654,-2.32244863656263
"2024-10-15",150.5,153.949996948242,148.550003051758,152.350006103516,11241700,152.350006103516,153.090000152588,161.611600646973,183.351050415039,152.032202250943,155.292467613,45.5378569188351,-2.09943560828831,-2.27784603090777
"2024-10-16",151.910003662109,154.990005493164,151.339996337891,154.899993896484,8356200,154.899993896484,153.079499816895,161.40880065918,182.822250366211,152.473400965641,155.26339548585,49.1632585318468,-1.79694287341746,-2.18166539940971
"2024-10-17",155,157.139999389648,154.25,155.309997558594,6291800,155.309997558594,153.11549987793,161.250200500488,182.34000038147,152.90980044148,155.266847491239,49.74254872304,-1.51806202537312,-2.04894472460239
"2024-10-18",155.839996337891,156.369995117188,153.899993896484,155,6030200,155,153.201000213623,160.972800598144,181.895450363159,153.23136960433,155.247081010406,49.2852597381618,-1.29838924697185,-1.89883362907628
"2024-10-21",160.25,163.440002441406,158.360000610352,159.820007324219,13277600,159.820007324219,153.377000427246,160.811000671387,181.469850387573,154.24500617662,155.585816292911,56.0506016259451,-0.86178171522171,-1.69142324630537
"2024-10-22",160.5,160.660003662109,158.369995117188,159.880004882812,7380800,159.880004882812,153.580500793457,160.726000671387,181.024250411987,155.111929054496,155.903904336607,56.1290534618816,-0.507989383255947,-1.45473647369548
"2024-10-23",160,161.470001220703,153.529998779297,157.059997558594,15931500,157.059997558594,153.822500610352,160.492000732422,180.66455039978,155.41163190128,155.989540871569,51.4777853629424,-0.370479307176708,-1.23788504039173
"2024-10-24",152.610000610352,155.889999389648,151.979995727539,155.199996948242,9774400,155.199996948242,153.853500366211,160.226000671387,180.311750411987,155.379072677736,155.931056136508,48.6161658212467,-0.35399199649423,-1.06110643161223
"2024-10-25",156.199996948242,157.479995727539,154.520004272461,155.009994506836,8153000,155.009994506836,153.787999725342,159.798000488281,179.947600402832,155.322291420674,155.862829349125,48.3206670109186,-0.346803616171876,-0.918245868524158
"2024-10-28",153.5,155.199996948242,150.610000610352,150.690002441406,20992500,150.690002441406,153.720500183106,159.212000427246,179.587750396729,154.60963157771,155.47965698559,42.0608513762565,-0.559575075445917,-0.84651170990851
"2024-10-29",147.860000610352,155.990005493164,147.580001831055,152.979995727539,66387700,152.979995727539,153.658499908447,158.678800354004,179.264150390625,154.358918369991,155.294496892401,46.0506483363221,-0.602454395443297,-0.797700247015467
"2024-10-30",152.509994506836,156.910003662109,152.509994506836,154.289993286133,50738400,154.289993286133,153.728499603272,158.322600097656,179.033000335693,154.348314510936,155.220089217863,48.2461914093805,-0.561637808172477,-0.75048775924687
"2024-10-31",154.309997558594,154.479995727539,147.880004882812,149.309997558594,29388200,149.309997558594,153.667999267578,157.840200195312,178.764250335693,153.573188825961,154.78230465051,41.3559165133476,-0.781171870569564,-0.756624581511408
"2024-11-01",152.779998779297,156,151.229995727539,154.589996337891,18894500,154.589996337891,153.647499084473,157.476800231933,178.479150314331,153.729620750873,154.768059590316,49.5780200964454,-0.670964566068455,-0.739492578422818
"2024-11-04",154.619995117188,156.720001220703,152.460006713867,155.070007324219,10290400,155.070007324219,153.605499267578,157.079000244141,178.17940032959,153.935834069849,154.790426089123,50.2607671922336,-0.552096173430017,-0.702013297424258
"2024-11-05",157.470001220703,157.660003662109,150.649993896484,151,23126600,151,153.422999572754,156.62940032959,177.859750366211,153.484167289872,154.509653786225,44.7302019254316,-0.663703834177054,-0.694351404774817
"2024-11-06",152.300003051758,153.199996948242,144.130004882812,147.160003662109,28069300,147.160003662109,153.3125,156.111600341797,177.538050384522,152.511219039447,153.965235258513,40.2320616089965,-0.944379565052056,-0.744357036830265
"2024-11-07",148.800003051758,152.800003051758,148.029998779297,150.979995727539,14709200,150.979995727539,153.530500030518,155.71700012207,177.222300338745,152.275646222231,153.744106404367,46.0448121233797,-0.955132665881775,-0.786512162640567
"2024-11-08",151.119995117188,152.600006103516,149.429992675781,151.679992675781,12996800,151.679992675781,153.563499450684,155.305400085449,176.97130027771,152.184007215084,153.591209091138,47.0608473428221,-0.916199491091085,-0.812449628330671
"2024-11-11",152,152.5,148.070007324219,148.960006713867,12799100,148.960006713867,153.561999511719,154.809800109863,176.688750305176,151.688007137974,153.248157063192,43.6232957417194,-1.01805460836615,-0.853570624337766
"2024-11-12",148.399993896484,148.5,143.850006103516,145.169998168945,16746700,145.169998168945,153.20299911499,154.492799987793,176.388650283814,150.685236527354,152.649774922877,39.3141017037083,-1.28695793787824,-0.940248087045861
"2024-11-13",145.580001831055,145.580001831055,139.100006103516,139.970001220703,21249600,139.970001220703,152.456499481201,154.027799987793,176.08630027771,149.036738787869,151.71053242642,34.3067837919017,-1.76243112181252,-1.10468469399919
"2024-11-14",140.800003051758,141.550003051758,137.220001220703,138.139999389648,15646700,138.139999389648,151.597999572754,153.547600097656,175.721800308228,147.360317341989,150.70530775703,32.7270053087385,-2.21955713758485,-1.32765918271632
"2024-11-15",138.139999389648,140.320007324219,137.029998779297,140.190002441406,12120100,140.190002441406,150.857499694824,153.199000244141,175.373700332642,146.257191972669,149.926396252169,36.2675066623243,-2.44733707420568,-1.5515947610142
"2024-11-18",140.259994506836,144.690002441406,138.199996948242,143.869995117188,12251600,143.869995117188,150.059999084473,152.818200073242,175.046150283814,145.889930917979,149.477773945874,42.1529889597101,-2.40025184559778,-1.72132617793091
"2024-11-19",143,145.990005493164,142.690002441406,145.600006103516,8247300,145.600006103516,149.345999145508,152.528800048828,174.741000289917,145.84532710037,149.190531883477,44.7367034815358,-2.24223664925326,-1.82550827219538
"2024-11-20",146.039993286133,147.300003051758,145.020004272461,146.080001831055,9232100,146.080001831055,148.796999359131,152.223800048828,174.428500289917,145.88143090509,148.960122249964,45.4645101240395,-2.06678894886202,-1.87376440752871
"2024-11-21",146.389999389648,146.419998168945,141.339996337891,143.410003662109,7845100,143.410003662109,148.207499694824,151.836600036621,174.085950317383,145.501211329247,148.549002354567,42.139968964924,-2.05170750190943,-1.90935302640485
"2024-11-22",143.610000610352,150.339996337891,143.490005493164,149.289993286133,13353100,149.289993286133,147.921499633789,151.686999816894,173.78630027771,146.084100861076,148.60389057172,50.6912884452029,-1.69564181728376,-1.86661078458063
"2024-11-25",150.699996948242,153.279998779297,150.259994506836,153.100006103516,11479400,153.100006103516,148.041999816895,151.63799987793,173.505800323486,147.163470898374,148.936936166668,55.301125919605,-1.19074912774452,-1.73143845321341
"2024-11-26",152.5,153.139999389648,149.800003051758,150.759994506836,8235000,150.759994506836,147.93099975586,151.525399780273,173.212950286865,147.716782222753,149.071977525199,52.0806880208456,-0.909087894951388,-1.56696834156101
"2024-11-27",151.110000610352,152.910003662109,150.25,152.399993896484,5210100,152.399993896484,147.836499786377,151.471199645996,172.952650222778,148.437276326404,149.318497256406,54.0982218478565,-0.590161933178601,-1.37160705988453
"2024-11-29",153,157.5,152.850006103516,155.440002441406,7100100,155.440002441406,148.143000030518,151.488199768066,172.712950210571,149.514618805635,149.771942084924,57.6570511094759,-0.171810070502521,-1.13164766200812
"2024-12-02",155.910003662109,160.350006103516,155.699996948242,156.539993286133,10097900,156.539993286133,148.24049987793,151.553199768066,172.469000167847,150.595445648789,150.27327921094,58.8987925450362,0.214387041755271,-0.862440721255445
"2024-12-03",156,156.649993896484,154.419998168945,155,6130300,155,148.236999511719,151.527199707031,172.224550170898,151.273069395129,150.623406676796,56.4048801481445,0.431315910764751,-0.603689394851406
"2024-12-04",155.880004882812,160.199996948242,154.210006713867,158.279998779297,9269300,158.279998779297,148.600999450684,151.576599731445,171.999100189209,152.351058531155,151.190561647352,60.2640827829159,0.767572308190734,-0.329437054242978
"2024-12-05",158.5,160.020004272461,156.050003051758,156.669998168945,7119800,156.669998168945,149.076499176025,151.66559967041,171.774600143433,153.015510783122,151.596445834136,57.5701064199737,0.936080619290247,-0.076333519536333
"2024-12-06",157.029998779297,158.949996948242,153.369995117188,153.929992675781,8182700,153.929992675781,149.223999023438,151.652599487305,171.536750106812,153.15620030507,151.76930115574,53.2105430276301,0.913820607177462,0.121697305806426
"2024-12-09",154.270004272461,161.949996948242,154.270004272461,157.039993286133,13540000,157.039993286133,149.491999053955,151.666999206543,171.317800064087,153.753706917541,152.159722795028,57.1746102709571,1.04757296690166,0.306872438025472
"2024-12-10",160,166.679992675781,159.419998168945,164.100006103516,17149200,164.100006103516,150.248999023438,151.908199462891,171.135600128174,155.345445253845,153.044188225286,64.5226834064156,1.50365528756382,0.546229007933142
"2024-12-11",165.520004272461,169.300003051758,164.380004882812,165.960006713867,13116600,165.960006713867,151.288499450684,152.142999572754,170.958400192261,156.978454709233,154.000915520737,66.1695998348228,1.93345551124029,0.823674308594571
"2024-12-12",168.229995727539,168.820007324219,165.649993896484,167.75,10617700,167.75,152.677499389649,152.440199584961,170.762150192261,158.635615523197,155.019366222904,67.7225005135485,2.33277260022651,1.12549396692096
"2024-12-13",168,170.429992675781,166.330001831055,169.649993896484,9754900,169.649993896484,154.25299911499,152.822799377441,170.59180015564,160.330135272934,156.103116420947,69.3317065118552,2.70783758127393,1.44196268979155
"2024-12-16",168.089996337891,175.199996948242,166.100006103516,173.169998168945,13050700,173.169998168945,155.901998901367,153.18619934082,170.457650146484,162.305498795397,157.367329883762,72.1062662457484,3.13798862526447,1.78116787688614
"2024-12-17",173.039993286133,175.789993286133,171.710006713867,173.029998779297,13557100,173.029998779297,157.359999084473,153.528599243164,170.32010017395,163.955421869843,158.527527579728,71.8279327520564,3.42394432877635,2.10972316726418
"2024-12-18",173.279998779297,177.940002441406,171,172.619995117188,15437200,172.619995117188,158.710998535156,153.887999267578,170.177500152588,165.288433138665,159.571414063984,70.9640061148703,3.58273385506824,2.40432530482499
"2024-12-19",175,179.580001831055,173.720001220703,177.039993286133,14777100,177.039993286133,160.25899810791,154.441399230957,170.057700119019,167.096365469045,160.865382895254,74.5217316566441,3.87341419368519,2.69814308259703
"2024-12-20",176.860000610352,182,175.309997558594,177.350006103516,23233700,177.350006103516,161.955998229981,155.055999450683,169.92930015564,168.673848643579,162.086466095866,74.7553715356844,4.06411633641066,2.97133773335976
"2024-12-23",178.119995117188,179.649993896484,174.289993286133,177.690002441406,8486400,177.690002441406,163.375998687744,155.589399414062,169.825300140381,170.06094922786,163.242283602943,75.0258588488698,4.17702170933971,3.21247452855575
"2024-12-24",177.690002441406,180.949996948242,177.5,179.339996337891,4317000,179.339996337891,164.687998199463,156.196399230957,169.759550094605,171.488494937096,164.434706768495,76.3501950814457,4.2897197965218,3.42792358214896
"2024-12-26",178.979995727539,182.570007324219,178.330001831055,180.380004882812,5905700,180.380004882812,166.168998718262,156.756999206543,169.740250091553,172.856419544129,165.615839962148,77.1719015196819,4.3719124835135,3.61672136242187
"2024-12-27",180.009994506836,181.429992675781,179.399993896484,180.720001220703,6806900,180.720001220703,167.584999084473,157.273399353027,169.732100067139,174.066201340525,166.734666722041,77.4477690911614,4.39712674191874,3.77280243832124
"2024-12-30",173.720001220703,178.169998168945,170.149993896484,176.550003051758,18082300,176.550003051758,168.64049911499,157.69819946289,169.709100112915,174.448324680715,167.46172867239,66.7874101991739,4.17205534883276,3.85265302042355
"2024-12-31",177.539993286133,179.350006103516,175.820007324219,177,9748600,177,169.663499450684,158.13819946289,169.681450119019,174.840890114451,168.16826728925,67.3103261490998,3.9678251627125,3.87568744888134
"2025-01-02",178.309997558594,179.190002441406,169.820007324219,171.869995117188,12450000,171.869995117188,170.506999206543,158.37919921875,169.641600112915,174.383829345641,168.442469350579,56.4070833210044,3.52723396775689,3.80599675265645
"2025-01-03",171.399993896484,173.979995727539,169.800003051758,169.899993896484,10513800,169.899993896484,171.087998962402,158.579598999023,169.585400085449,173.694008507309,168.550434131757,52.8656355033224,3.05165299754218,3.65512800163359
"2025-01-06",173.5,173.940002441406,170.190002441406,170.779998779297,11133400,170.779998779297,171.79349899292,158.853999023437,169.500400085449,173.245699318384,168.715587068612,54.24749951746,2.68505852273746,3.46111410585437
"2025-01-07",171.169998168945,175.020004272461,170.800003051758,172.509994506836,7045000,172.509994506836,172.722499084473,159.200198974609,169.424450073242,173.132513962761,168.996654286258,56.9213340569531,2.44730269600348,3.25835182388419
"2025-01-08",171.149993896484,173.779998779297,169.610000610352,171.759994506836,5108700,171.759994506836,173.458499145508,159.535198974609,169.339000015259,172.921357123388,169.201346154449,55.4094975678489,2.19857055129071,3.0463955693655
"2025-01-10",171.490005493164,173.539993286133,167.410003662109,172,7556800,172,173.853498840332,159.961398925781,169.241949996948,172.779609873636,169.408653846712,55.8139426940902,1.98983697135939,2.83508384976428
"2025-01-13",171.179992675781,172.5,167.910003662109,170.570007324219,6049600,170.570007324219,174.08399887085,160.313199157715,169.157300033569,172.43967101988,169.494680030231,52.7442848951537,1.73751234500299,2.61556954881202
"2025-01-14",171.369995117188,171.880004882812,164.619995117188,167.020004272461,7966900,167.020004272461,174.047499084473,160.567799377441,169.03265007019,171.605876135662,169.311370714841,45.9830688918258,1.3551986562587,2.36349537030136
"2025-01-15",169.009994506836,169.990005493164,165.970001220703,166.199996948242,6451000,166.199996948242,173.874999237061,160.905599365234,168.898700027466,170.77420241452,169.080898583982,44.5620867804063,1.00147553314389,2.09109140286986
"2025-01-16",166.789993286133,170.639999389648,166.570007324219,168.929992675781,5812300,168.929992675781,173.662998962402,161.192399291992,168.795849990845,170.490477839329,169.069720368559,50.091672486227,0.840338215307224,1.84094076535734
"2025-01-17",169.800003051758,171.770004272461,169.449996948242,171.089996337891,9557100,171.089996337891,173.565998840332,161.512799072266,168.711100006104,170.582711454493,169.219370440362,54.0010768034083,0.805664866015743,1.63388558548902
"2025-01-21",172.380004882812,177.089996337891,171.929992675781,175.559997558594,8755300,175.559997558594,173.712998962403,162.003999023437,168.664300003052,171.348447778201,169.689046523194,60.8377262042409,0.977907112454712,1.50268989088216
"2025-01-22",175.289993286133,176.229995727539,173.880004882812,174.800003051758,5134400,174.800003051758,173.600999450684,162.55679901123,168.62185005188,171.879456281825,170.06763589568,59.2259845593615,1.06535283835911,1.41522248037755
"2025-01-23",174.009994506836,178.669998168945,173.75,178.5,7097300,178.5,173.658499145508,163.10719909668,168.598650054932,172.898001469236,170.692255458963,64.1987325589605,1.29223555242302,1.39062509478664
"2025-01-24",176,180.429992675781,174.369995117188,176.059997558594,9304200,176.059997558594,173.576998901367,163.594799194336,168.571150054932,173.384462406061,171.089865984862,59.0814684972271,1.34116442723855,1.38073296127702
"2025-01-27",175.550003051758,178.179992675781,174.399993896484,175.160003662109,7148600,175.160003662109,173.367999267578,164.118799133301,168.556350097656,173.657622599299,171.391357664658,57.2682130427863,1.32227491836274,1.36904135269417
"2025-01-28",181.309997558594,188.479995727539,174.020004272461,177.779998779297,22768900,177.779998779297,173.237998962403,164.770999145508,168.572100067139,174.291834319299,171.864590339816,61.0188730902591,1.41230021535161,1.37769312522566
"2025-01-29",179.130004882812,182.550003051758,170.649993896484,173.660003662109,12263500,173.660003662109,172.884999084473,165.444799194336,168.573600082397,174.194629602808,171.997583919245,53.1226836806428,1.27737008479964,1.35762851714045
"2025-01-30",174.589996337891,179.940002441406,173.720001220703,179.529998779297,6996300,179.529998779297,173.03399887085,166.272599182129,168.623500061035,175.01545562996,172.555540575545,60.888447108661,1.42557871292326,1.37121855629702
"2025-01-31",180.509994506836,181.779998779297,175.740005493164,176.520004272461,6104000,176.520004272461,173.009999084473,166.99919921875,168.667000045776,175.246924651883,172.849204553095,55.7851304721653,1.38717450565531,1.37440974616867
"2025-02-03",174.110000610352,178.199996948242,173.130004882812,175.869995117188,6501700,175.869995117188,173.209999084473,167.63919921875,168.693600006104,175.342781646546,173.072966817102,54.7185571702548,1.31147854641134,1.36182350621721
"2025-02-04",176.899993896484,177.449996948242,174.25,176.229995727539,4503600,176.229995727539,173.526499176026,168.25179901123,168.723699951172,175.479276120545,173.306820810467,55.229105051028,1.25353133818837,1.34016507261144
"2025-02-05",176,181.860000610352,175.509994506836,181.839996337891,7430400,181.839996337891,174.079499053955,168.966998901367,168.781749954224,176.457848461675,173.938907886573,62.3526337055351,1.44817545752591,1.36176714959433
"2025-02-06",182,185.850006103516,182,184.800003051758,6919400,184.800003051758,174.693999481201,169.79479888916,168.856649932861,177.741256860149,174.743433454364,65.4741015114816,1.71555711509339,1.43252514269415
"2025-02-07",185.259994506836,186.110000610352,180.929992675781,181.490005493164,5392300,181.490005493164,175.180500030518,170.438799133301,168.911699981689,178.317987419074,175.243179531312,59.5300798142279,1.75459489834962,1.49693909382524
"2025-02-10",183.119995117188,183.550003051758,179.899993896484,180.550003051758,3989100,180.550003051758,175.608000183106,170.987799072266,168.968550033569,178.661374439487,175.636277569864,57.9218819021555,1.72236448612961,1.54202417228611
"2025-02-11",179.779998779297,182.139999389648,177.600006103516,180.440002441406,4366700,180.440002441406,176.101499938965,171.581399230957,169.049100036621,178.935009516706,175.99210904183,57.7253557081347,1.6721775146044,1.56805484074977
"2025-02-12",178.339996337891,186.270004272461,178.25,186.25,7686800,186.25,177.062999725342,172.258399353027,169.146300048828,180.060392667982,176.751952816509,64.5642375430452,1.87179818879113,1.62880351035804
"2025-02-13",187,188.240005493164,185.089996337891,185.440002441406,6846300,185.440002441406,178.025,172.858399353027,169.237400054932,180.888024940816,177.395512047983,63.0332650601797,1.96877184349984,1.6967971769864
"2025-02-14",186.75,186.820007324219,183.580001831055,184.419998168945,5044700,184.419998168945,178.799500274658,173.415999450683,169.292050018311,181.431405437451,177.91584435324,61.0694423549061,1.97596852432769,1.75263144645466
"2025-02-18",185.679992675781,188.660003662109,184.220001220703,184.970001220703,6929600,184.970001220703,179.493500518799,174.015399475098,169.377700042725,181.975804788721,178.43837449157,61.7612478015525,1.98243808666716,1.79859277449716
"2025-02-19",185.309997558594,187.229995727539,181.830001831055,186.149993896484,7264800,186.149993896484,180.023000335693,174.572799377441,169.451149978638,182.617987728377,179.009605558601,63.2693169410439,2.01574779102827,1.84202377780338
"2025-02-20",185.580001831055,185.800003051758,180.110000610352,180.880004882812,7863000,180.880004882812,180.327000427246,175.056999511719,169.461299972534,182.350605752136,179.148153656691,53.1815778584773,1.78759983291956,1.83113898882662
"2025-02-21",181.279998779297,182.199996948242,174.710006713867,177.149993896484,8980300,177.149993896484,180.25950012207,175.521399536133,169.448099975586,181.550511620497,179.000141822601,47.4187472325402,1.4247864677245,1.74986848460619
"2025-02-24",177.479995727539,183.039993286133,176.550003051758,179.910003662109,8392900,179.910003662109,180.452000427246,175.978799743652,169.455899963379,181.298125780745,179.067538995898,51.5982170037437,1.24566786216807,1.64902836011857
"2025-02-25",180.449996948242,181.880004882812,176.339996337891,178.270004272461,5613900,178.270004272461,180.607500457764,176.262199707031,169.463699951172,180.832260933317,179.008462349718,49.100769824743,1.01883372420477,1.52298943293581
"2025-02-26",179.490005493164,179.490005493164,171.830001831055,173.039993286133,7111700,173.039993286133,180.370500183105,176.403799438476,169.427149887085,179.633450526058,178.566353530193,42.1021902561961,0.597591301367228,1.33790980662209
"2025-02-27",174.520004272461,177.149993896484,173.589996337891,173.830001831055,4695200,173.830001831055,180.379000091553,176.525399475098,169.39004989624,178.740612265288,178.21551266359,43.4142173438051,0.294643038560527,1.12925645300978
"2025-02-28",174.360000610352,176.300003051758,173.479995727539,174.630004882812,5803300,174.630004882812,180.134000396729,176.624999694824,169.37064994812,178.108211129523,177.949919494643,44.7788956648506,0.0889529117679144,0.921195744761407
"2025-03-03",177.020004272461,178.399993896484,169.460006713867,170.059997558594,6045600,170.059997558594,179.811000061035,176.562799682617,169.328749923706,176.870024426303,177.365480832714,38.9935921760526,-0.279342070443978,0.68108818172033
"2025-03-04",167.369995117188,168.380004882812,156.690002441406,158.899993896484,15870200,158.899993896484,178.9625,176.280199584961,169.219449920654,174.105404344792,175.997666985586,29.1046935850369,-1.0751634798366,0.329837849408943
"2025-03-05",159.960006713867,164.330001831055,158.809997558594,163.160003662109,7355800,163.160003662109,178.309000396728,176.090999755859,169.150299911499,172.421496547456,175.046728961624,35.797908850502,-1.49973234560905,-0.0360761895946557
"2025-03-06",161.419998168945,162.690002441406,157.940002441406,158.429992675781,6892600,158.429992675781,177.138500213623,175.718799743652,169.027649841309,170.268957490276,173.815859607118,32.1666336776389,-2.04060902431986,-0.436982756539697
"2025-03-07",157.190002441406,158.360000610352,149.050003051758,154.179992675781,12526700,154.179992675781,175.607499694824,175.255399475098,168.873799819946,167.793732134199,172.361350945537,29.2915208773451,-2.65002495413306,-0.879591196058369
"2025-03-10",150.029998779297,150.389999389648,146.300003051758,148.149993896484,10204000,148.149993896484,173.94049911499,174.664599304199,168.681499786377,164.771618559166,170.567917090052,25.7718086945211,-3.39823492587127,-1.38331994202095
"2025-03-11",148,155.009994506836,145.449996948242,154.059997558594,10030500,154.059997558594,172.615998840332,174.158999328613,168.527899780273,163.123676866771,169.34510823587,34.1265131439182,-3.67381817751332,-1.84141958911942
"2025-03-12",157,159.539993286133,153.610000610352,158.800003051758,8706900,158.800003051758,171.53399887085,173.727399291992,168.390499801636,162.458496279846,168.563989333343,39.9630669020426,-3.62206250436047,-2.19754817216763
"2025-03-13",159.220001220703,161.740005493164,157.25,159.320007324219,5701600,159.320007324219,170.18749923706,173.299399414062,168.326049804688,161.975651825134,167.87924992526,40.585015617513,-3.51657402731668,-2.46135334319744
"2025-03-14",160.919998168945,162.320007324219,159.199996948242,161.809997558594,5215100,161.809997558594,169.00599899292,173.004599304199,168.262499771118,161.950166553358,167.429675675877,43.5980600326759,-3.27272277175409,-2.62362722890877
"2025-03-17",160.5,162.770004272461,159.619995117188,161.850006103516,5602700,161.850006103516,167.877499389648,172.701599426269,168.196349792481,161.934757253383,167.016366818665,43.6475095954918,-3.04258179128011,-2.70741814138304
"2025-03-18",161.440002441406,162.229995727539,158.789993286133,161.570007324219,4195200,161.570007324219,166.707499694824,172.49559967041,168.145949859619,161.878641879665,166.612932782039,43.3609891224749,-2.84149064740818,-2.73423264258807
"2025-03-19",165.320007324219,174.199996948242,165,172.619995117188,14114800,172.619995117188,166.030999755859,172.549999694824,168.145299835205,163.531157762361,167.057900362421,55.7157830003014,-2.11108998281951,-2.60960411063436
"2025-03-20",171.139999389648,173.100006103516,170.309997558594,172.830001831055,4934400,172.830001831055,165.628499603272,172.590999755859,168.121399841309,164.961749157545,167.485463434171,55.9126125379324,-1.50682586111038,-2.38904846072956
"2025-03-21",172.059997558594,183.460006713867,170.770004272461,178.110000610352,26802400,178.110000610352,165.676499938965,172.70299987793,168.089099807739,166.984557073361,168.272466187963,60.6483690483656,-0.765371271829285,-2.06431302294951
"2025-03-24",182.029998779297,184.399993896484,180.440002441406,180.899993896484,9986100,180.899993896484,165.725999450684,172.885799865723,168.050499801636,169.125393507688,169.207838610816,62.9152286654065,-0.048724163020486,-1.6611952509637
"2025-03-25",182.160003662109,183.850006103516,180.360000610352,182.589996337891,7174400,182.589996337891,165.941999053955,173.09759979248,168.014199752808,171.196870866181,170.199109553562,64.2583204811319,0.586231805345805,-1.2117098397018
"2025-03-26",182.529998779297,183.229995727539,177.279998779297,178.550003051758,6615900,178.550003051758,166.217499542237,173.257199707031,167.949849777222,172.328121971654,170.817694257132,58.7780353164498,0.884233756397679,-0.792521120481905
"2025-03-27",178.529998779297,182.220001220703,178.029998779297,179.110000610352,4788600,179.110000610352,166.481499481201,173.498999633789,167.894199752808,173.371487916069,171.431939172186,59.2962366490965,1.13138120775467,-0.407740654834591
"2025-03-28",177.75,178.5,172.449996948242,173.309997558594,8211100,173.309997558594,166.41549911499,173.641199645996,167.810149765015,173.362027861073,171.571054608216,52.0044033949396,1.04386678565729,-0.117419166736215
"2025-03-31",170.649993896484,172.210006713867,166.789993286133,170.550003051758,7477500,170.550003051758,166.439999389649,173.673599853516,167.735399780273,172.92940865964,171.495421159589,48.9214056702706,0.836166639525682,0.0732979945161642
"2025-04-01",170,170.979995727539,164.220001220703,168.169998168945,8252800,168.169998168945,166.903499603272,173.615199890137,167.662899780273,172.197191661071,171.249093530653,46.3686355048309,0.553636875309338,0.169365770674799
"2025-04-02",166.399993896484,170.380004882812,165.550003051758,168.559997558594,5826600,168.559997558594,167.173499298096,173.475199890137,167.602199783325,171.637623337613,171.049901236426,46.857987706402,0.343596866726537,0.204211989885146
"2025-04-03",160,160.210006713867,150.410003662109,150.910003662109,15877400,150.910003662109,166.797499847412,172.997399902344,167.470399780273,168.448758772151,169.558056971662,32.4343865684743,-0.654229129139028,0.0325237660803116
"2025-04-04",143.300003051758,146,132.789993286133,136.589996337891,22282000,136.589996337891,165.918000030518,172.159199829101,167.261399765015,163.547410705342,167.115978406197,25.5599958433008,-2.13538390217938,-0.401057767571626
"2025-04-07",132.050003051758,143.970001220703,128.880004882812,138.860000610352,18825000,138.860000610352,165.453500366211,171.415199890137,167.080749740601,159.749347613805,165.022943013913,28.1593583177638,-3.19567407040059,-0.959981028137419
"2025-04-08",146.850006103516,147.770004272461,137.399993896484,139.389999389648,14527900,139.389999389648,164.720000457764,170.699799804687,166.89619972229,156.617140194704,163.124206449152,28.784627586457,-3.98902553832599,-1.56578993017513
"2025-04-09",138.850006103516,162.429992675781,137.940002441406,160.820007324219,16775200,160.820007324219,164.821000671387,170.360599975586,166.817499771118,157.263735137706,162.953525032491,48.3569025926834,-3.49166419913272,-1.95096478396665
"2025-04-10",154.979995727539,157.350006103516,149.410003662109,155.520004272461,10375000,155.520004272461,164.631000518799,169.997799987793,166.699599761963,156.995468850745,162.402893865081,45.0586479195388,-3.32963587387044,-2.22669900194741
"2025-04-11",154.619995117188,157.589996337891,152,156.839996337891,8810700,156.839996337891,164.382500457764,169.543999938965,166.608299713135,156.971550002614,161.990827381585,46.0456812290203,-3.09849480992401,-2.40105816354273
"2025-04-14",159.820007324219,162.550003051758,157.600006103516,159.279998779297,7288700,159.279998779297,164.254000091553,169.199199829101,166.512199707031,157.326695968257,161.790025262897,47.9086339624186,-2.75871722461706,-2.47258997575759
"2025-04-15",155.279998779297,159.119995117188,155.279998779297,155.520004272461,11541100,155.520004272461,163.951499938965,168.792200012207,166.377249755859,157.048743399673,161.325579263606,45.3122275771855,-2.65105873690618,-2.50828372798731
"2025-04-16",154.369995117188,157.660003662109,153.539993286133,156.470001220703,6809600,156.470001220703,163.144000244141,168.39700012207,166.249549789429,156.95970614137,160.965906815983,46.1069425336983,-2.48885043662875,-2.5043970697156
"2025-04-17",157.130004882812,163.899993896484,157,161.899993896484,9227300,161.899993896484,162.597499847412,167.998200073242,166.12554977417,157.719750411388,161.035098451576,50.5318906407479,-2.05877356679802,-2.41527236913208
"2025-04-21",160,160,156.470001220703,159.339996337891,5703800,159.339996337891,161.658999633789,167.488999938965,165.995149765015,157.969019015465,160.909535332044,48.5096694133422,-1.827434471494,-2.29770478960447
"2025-04-22",162.5,163.089996337891,158.5,162.520004272461,9147300,162.520004272461,160.740000152588,167.109599914551,165.886199798584,158.669170593465,161.02882932763,51.1261241979679,-1.46536414877906,-2.13123666143939
"2025-04-23",174,176.580001831055,169.910003662109,172.369995117188,16264700,172.369995117188,160.229000091553,166.945999755859,165.823899765015,160.77698975096,161.868915682412,58.2097391004917,-0.674574192857513,-1.83990416772301
"2025-04-24",171.199996948242,177.399993896484,169,176.259994506836,10984200,176.259994506836,160.114499664307,166.862399597168,165.775999755859,163.158990482634,162.934921521259,60.6362014260351,0.137520526160428,-1.44441922894632
"2025-04-25",176.5,180.330001831055,175.860000610352,177.949996948242,7644200,177.949996948242,160.056499481201,166.696399536133,165.749549713135,165.434529938881,164.047149330665,61.6772654604125,0.845720644264225,-0.986391254304214
"2025-04-28",182.75,184.529998779297,180.75,182.300003051758,9302600,182.300003051758,160.50599975586,166.63359954834,165.742399749756,168.029218110093,165.399212569264,64.2948376741517,1.59009556331917,-0.471093890779537
"2025-04-29",182.520004272461,184.25,181.199996948242,182,6795000,182,161.078499603272,166.585199584961,165.732849731445,170.178569170079,166.628900527096,63.9703178891918,2.13028390138417,0.0491816676532038
"2025-04-30",178.470001220703,183.789993286133,177.630004882812,183.240005493164,6266800,183.240005493164,161.831999969483,166.55059967041,165.737499771118,172.188020912092,167.859352746805,64.7620144678435,2.57874708465953,0.555094751054468
"2025-05-01",182.850006103516,184.75,182.029998779297,182.889999389648,7322900,182.889999389648,162.548500061035,166.485399780273,165.756399765015,173.834479139408,168.972733979608,64.3323155958271,2.87723648975609,1.01952309879479
"2025-05-02",185,187.580001831055,184.080001831055,185.460006713867,8695900,185.460006713867,164.276000213623,166.576999816894,165.753449783325,175.623021843171,170.194013441405,66.1104052947474,3.18989386993616,1.45359725302306
"2025-05-05",184.389999389648,187.580001831055,184.389999389648,186.460006713867,5413700,186.460006713867,166.769500732422,166.763200073242,165.761549835205,177.290250284817,171.398901831958,66.8038577497056,3.43721481870081,1.85032076615861
"2025-05-06",184.710006713867,186.199996948242,183.630004882812,185.960006713867,4948000,185.960006713867,169.124501037598,166.884200134277,165.790199890137,178.624058966209,172.477502193581,66.0758305032202,3.56368610077007,2.1929938330809
"2025-05-07",185,186.720001220703,183.5,185.559997558594,6094800,185.559997558594,171.433000946045,167.03,165.819649887085,179.69112644196,173.446575924323,65.4611992240239,3.60027315867133,2.47444969819899
"2025-05-08",186.759994506836,194.75,186.220001220703,191.699996948242,15344100,191.699996948242,172.977000427246,167.403200073242,165.883649902344,181.538644981388,174.798681185354,70.0642452717939,3.85584361983129,2.75072848252545
"2025-05-09",193.550003051758,195.300003051758,192.179992675781,194.850006103516,7669900,194.850006103516,174.943500518799,167.823600158691,165.925499954224,183.586546692485,176.283964512625,72.1173023607228,4.14251074965868,3.0290849359521
"2025-05-12",198.160003662109,198.779998779297,193.059997558594,198.529998779297,9340700,198.529998779297,177.028000640869,168.301600036621,166.017799911499,185.885539321225,177.931818902749,74.3320386055111,4.47009448199014,3.3172868451597
"2025-05-13",200.300003051758,205.729995727539,199.669998168945,203.419998168945,13509500,203.419998168945,179.235000610352,168.968800048828,166.113149871826,188.583148374721,179.819832181726,76.9518489317759,4.87338692660888,3.62850686144954
"2025-05-14",205.800003051758,209.660003662109,204.050003051758,204.720001220703,16872300,204.720001220703,181.695000457764,169.885200195312,166.202299880981,191.065741120256,181.664289147576,77.6062229867985,5.17517890653929,3.93784127046749
"2025-05-15",207.350006103516,208.600006103516,205.419998168945,206.240005493164,9583900,206.240005493164,184.183500671387,170.746800231933,166.306349945068,193.400243331473,183.484712580583,78.3791661147203,5.40400920133075,4.23107485664014
"2025-05-16",205.690002441406,206.240005493164,203.020004272461,205.820007324219,8496800,205.820007324219,186.379501342774,171.694600524902,166.401149978638,195.310976253434,185.139178857889,77.5823276901327,5.49413552457867,4.48368699022785
"2025-05-19",203,205.600006103516,202.300003051758,205.25,5740200,205.25,188.675001525879,172.716000671387,166.47439994812,196.840056829829,186.62886931286,76.4464162260013,5.47138690523297,4.68122697322887
"2025-05-20",205,208.619995117188,205,207.669998168945,5876000,207.669998168945,190.932501220703,173.906400756836,166.621199951172,198.506201651231,188.187471450348,77.9242207904155,5.48321847429969,4.84162527344304
"2025-05-21",206.600006103516,207.119995117188,202.429992675781,203.210006713867,6616300,203.210006713867,192.474501800537,174.889400939941,166.7875,199.22986396856,189.300251840239,69.2951060494513,5.24542996208026,4.92238621117048
"2025-05-22",202.529998779297,204.729995727539,201.850006103516,203.410003662109,3634500,203.410003662109,193.832002258301,175.781600952148,166.969400024414,199.872962382952,190.345418641859,69.4584334725831,5.00539692999902,4.93898835493619
"2025-05-23",199.949996948242,203.199996948242,198.75,202.360000610352,5255200,202.360000610352,195.052502441406,176.642400817871,167.156000061035,200.255583648706,191.235387676562,67.4304725260621,4.71680272241242,4.89455122843143
"2025-05-27",204.279998779297,205,200.880004882812,201.029998779297,5857900,201.029998779297,195.989002227783,177.426800842285,167.344950027466,200.374724438028,191.960914424913,64.8477607193158,4.38308498285787,4.79225797931672
"2025-05-28",201.949996948242,202.449996948242,200.220001220703,201.5,5481500,201.5,196.964002227783,178.219800720215,167.50810005188,200.547843755254,192.6675133564,65.3527933068865,4.09011891084947,4.65183016562327
"2025-05-29",201.779998779297,212.279998779297,201.5,208.179992675781,16334000,208.179992675781,198.211001586914,179.152000427246,167.709449996948,201.722020512258,193.816585898577,71.5983559694123,4.0788225512435,4.53722864274732
"2025-05-30",206.770004272461,207.699996948242,204.350006103516,207.320007324219,7485100,207.320007324219,199.432501983643,179.846000671387,167.925400009155,202.58324925256,194.816839337513,69.8525916309719,3.98651879450296,4.42708667309845
"2025-06-02",210.979995727539,212.339996337891,207.899993896484,211.470001220703,7561800,211.470001220703,200.733001708985,180.61880065918,168.138950042725,203.950441863043,196.050406884416,73.2430627907825,4.02959376834386,4.34758809214753
"2025-06-03",212,215.800003051758,211.770004272461,213.429992675781,8106100,213.429992675781,202.08150100708,181.325200500488,168.363600006104,205.408834295772,197.337783609702,74.6907689578714,4.08996723203947,4.29606392012592
"2025-06-04",214.770004272461,214.990005493164,211.029998779297,211.979995727539,5705300,211.979995727539,203.382500457764,181.946800537109,168.541449966431,206.419782208352,198.422391914727,71.6041718510889,4.0304877974968,4.24294869560009
"2025-06-05",212.5,212.990005493164,208.220001220703,209.020004272461,4733800,209.020004272461,204.555500793457,182.475400695801,168.686599960327,206.819816372061,199.207400237523,65.6407617201072,3.82135208102803,4.15862937268568
"2025-06-06",210.240005493164,211.110000610352,208.039993286133,210.800003051758,6079700,210.800003051758,205.510501098633,183.120400695801,168.842399978638,207.432152784322,200.066111557095,67.3990901722838,3.68180356478032,4.06326421110461
"2025-06-09",211.229995727539,218.800003051758,211.089996337891,217.509994506836,9419200,217.509994506836,206.643500518799,183.88840057373,169.069449920654,208.982589972401,201.358251034854,73.00693109687,3.78645468877621,4.00790230663893
"2025-06-10",217.580001831055,217.899993896484,213.25,215.729995727539,8190100,215.729995727539,207.503500366211,184.736800537109,169.280949935913,210.020652396268,202.422824715794,69.5873066478212,3.75344415391015,3.95701067609317
"2025-06-11",215.5,216.210006713867,212.210006713867,214,5398800,214,208.032500457764,185.605800476074,169.487149963379,210.632859719919,203.280393255365,66.3351743468621,3.6169088158535,3.88899030404524
"2025-06-12",202.169998168945,206.339996337891,201.279998779297,203.75,30586600,203.75,207.984000396729,186.317400512695,169.63109992981,209.573958224547,203.315178940152,51.0979686328159,3.07836302091209,3.72686484741861
"2025-06-13",200.679992675781,202.229995727539,195.279998779297,200.320007324219,16093500,200.320007324219,207.688000488281,186.952600708008,169.765299987793,208.150273470651,203.093314376009,47.1915423093725,2.48996827403138,3.47948553274116
"2025-06-16",200.570007324219,204,199.080001831055,201.699996948242,6902700,201.699996948242,207.481999969483,187.96840057373,169.908549957275,207.157923236434,202.990105677656,48.8846880019624,2.05321217251657,3.19423086069625
"2025-06-17",201.309997558594,205.309997558594,198.869995117188,200.259994506836,10844600,200.259994506836,207.232499694824,189.241800537109,170.05629989624,206.09670343188,202.787875220558,47.1846309362668,1.63166964875161,2.88171861830732
"2025-06-18",199,201.059997558594,196.800003051758,197.679992675781,7928300,197.679992675781,206.732999420166,190.418200378418,170.183399887085,204.801824854019,202.409513550575,44.2175666244911,1.18191643341232,2.54175818132832
"2025-06-20",198.660003662109,200.679992675781,197.449996948242,198.75,8934700,198.75,206.509999084473,191.605400390625,170.308449859619,203.870774876478,202.138438472754,45.741430441178,0.857004940184414,2.20480753309954
"2025-06-23",197.830001831055,202.199996948242,197.470001220703,201.309997558594,5875200,201.309997558594,206.404998779297,192.415200195312,170.50989982605,203.476809135265,202.077072479113,49.3093422600412,0.69267465080507,1.90238095664064
"2025-06-24",203,203.509994506836,200.179992675781,200.940002441406,5900900,200.940002441406,206.33399887085,193.323600158691,170.698499832153,203.086531182363,201.992845068912,48.8097753024791,0.541447947365592,1.63019435478563
"2025-06-25",201,201.130004882812,198.300003051758,198.899993896484,4690900,198.899993896484,206.227498626709,194.164800109863,170.882249832153,202.442448522997,201.763744982066,46.0401446767486,0.336385281206897,1.37143254006989
"2025-06-26",200.410003662109,204.389999389648,199.759994506836,202.580001831055,6931700,202.580001831055,206.281498718262,195.030800170898,171.107049865723,202.463610570391,201.824208452361,51.3977739337625,0.31681140876636,1.16050831380918
"2025-06-27",205.110000610352,214.809997558594,204.380004882812,214.550003051758,14805400,214.550003051758,206.599999237061,196.211400146484,171.365249862671,204.323055567524,202.766859904168,63.9396379297841,0.767480279613353,1.08190270697002
"2025-06-30",213.880004882812,214.710006713867,208.020004272461,209.529998779297,9087100,209.529998779297,206.710498809815,197.272600097656,171.612549819946,205.124123753951,203.267833154178,57.2655222888929,0.913223981860822,1.04816696194818
"2025-07-01",209.5,211.860000610352,206.770004272461,209.789993286133,5978900,209.789993286133,206.626498413086,198.230400085449,171.854849777222,205.841949835825,203.750956126915,57.5128800924681,1.02624976523158,1.04378352260486
"2025-07-02",210.399993896484,214.399993896484,208.25,212.029998779297,5870900,212.029998779297,206.556498718262,199.284200134277,172.101149749756,206.79395736559,204.36421854561,59.6783639712139,1.18892575093192,1.07281196827027
"2025-07-03",211.789993286133,217.679992675781,211.669998168945,215.919998168945,4476100,215.919998168945,206.753498840332,200.352200012207,172.396899719238,208.197963643029,205.220202221413,63.1873370055777,1.45100793654005,1.14845116192423
"2025-07-07",215.600006103516,218.630004882812,214.5,218.630004882812,5807400,218.630004882812,207.23399887085,201.277400207519,172.712299728394,209.802893064534,206.213520937072,65.4435325773675,1.74060949599781,1.26688282873894
"2025-07-08",219,220,214.720001220703,218.520004272461,6769600,218.520004272461,207.619998931885,202.122600402832,173.022949752808,211.143987096523,207.125112295249,65.2686712823336,1.94031267224863,1.40156879744088
"2025-07-09",220.119995117188,230.199996948242,220.009994506836,226.600006103516,16462300,226.600006103516,208.074499511719,203.095600585937,173.380399780273,213.521836174522,208.567697021787,71.3287081414845,2.37531469325138,1.59631797660298
"2025-07-10",226.649993896484,228.5,223.929992675781,226.089996337891,6116600,226.089996337891,208.592499542236,203.97140045166,173.737899780273,215.455399276579,209.865645119277,70.4926253805254,2.66349175641645,1.80975273256568
"2025-07-11",225.429992675781,228.740005493164,225.429992675781,226.839996337891,6632000,226.839996337891,209.234499359131,204.868200378418,174.105649795532,217.20687574755,211.123004468804,71.0303933893445,2.88167141901641,2.02413646985582
"2025-07-14",231.399993896484,233.039993286133,227.270004272461,230.509994506836,8750200,230.509994506836,210.572499084473,205.813600158691,174.476699752808,219.253509402825,212.559077804954,73.5688498666782,3.14944516461131,2.24919820880692
"2025-07-15",230.119995117188,233.610000610352,228.419998168945,230,9156800,230,212.056498718262,206.755800170898,174.847649765015,220.906815648544,213.85099796755,72.6166076866917,3.29940834882823,2.45924023681118
"2025-07-16",232.130004882812,233.570007324219,227.300003051758,229.899993896484,7474300,229.899993896484,213.466498565674,207.644599914551,175.236049728394,222.290381532842,215.039812480804,72.4186603665737,3.37173334016239,2.64173885748142
"2025-07-17",230.110000610352,232.589996337891,227.75,231,7892600,231,215.003498840332,208.535399780273,175.618149719238,223.630322835482,216.222048593337,73.281401713131,3.42623441519498,2.79863796902413
"2025-07-18",231.429992675781,232.25,227.520004272461,229.339996337891,5974500,229.339996337891,216.586499023438,209.402999572754,175.983249664307,224.508734143545,217.193748426267,69.7363458965995,3.36795408260144,2.9125011917396
"2025-07-21",229.399993896484,232.5,228.020004272461,229.320007324219,4183300,229.320007324219,218.114999389649,210.278199768066,176.369649734497,225.248930017495,218.091989826116,69.6926255960954,3.28161533905276,2.98632402120223
"2025-07-22",228.300003051758,230.309997558594,225.550003051758,228.479995727539,4737700,228.479995727539,219.473499298096,211.013799743652,176.740949707031,225.746017049809,218.86147174474,67.7698049057361,3.1456177508937,3.01818276714052
"2025-07-23",230.320007324219,235.270004272461,229.309997558594,233.880004882812,7302900,233.880004882812,221.120499420166,211.794399719238,177.145899734497,226.997399793348,219.973955680893,72.9386679816058,3.19285257689492,3.0531167290914
"2025-07-24",233.910003662109,235.229995727539,231.050003051758,231.270004272461,6160200,231.270004272461,222.738999938965,212.449199829101,177.549649734497,227.654723559365,220.810700021009,67.3191207638623,3.09949813922292,3.06239301111771
"2025-07-25",232.020004272461,233.309997558594,228.839996337891,233.059997558594,4628500,233.059997558594,224.262999725342,213.041999816894,177.93994972229,228.486304174631,221.718055394164,69.0786535745194,3.05263762503933,3.06044193390203
"2025-07-28",233.240005493164,236.630004882812,232.910003662109,236.410003662109,7923800,236.410003662109,225.355999755859,213.675799865723,178.34244972229,229.705334865013,222.806347858456,72.105567349891,3.09640504988642,3.06763455709891
"2025-07-29",239.5,242.690002441406,225.259994506836,226.080001831055,20163600,226.080001831055,226.183499908447,214.07259979248,178.699599761963,229.147591321327,223.048840745315,54.4162907744163,2.73426687878442,3.00096102143601
"2025-07-30",227.839996337891,231.720001220703,224.350006103516,225.839996337891,9354600,225.839996337891,226.986000061035,214.472999572754,179.081949768066,228.638730554644,223.255593011432,54.0843061250137,2.41119941077443,2.8830086993037
"2025-07-31",224.020004272461,225,221.149993896484,221.839996337891,7825000,221.839996337891,227.476499938965,214.804799499512,179.45804977417,227.592771444375,223.150733998577,48.7465752878881,1.9905995226644,2.70452686397584
"2025-08-01",219.449996948242,222.460006713867,215.899993896484,221.899993896484,8572200,221.899993896484,227.775499725342,215.089399414062,179.81244972229,226.71695951393,223.058086583607,48.8281536094932,1.64032292501151,2.49168607618297
"2025-08-04",220.149993896484,222.850006103516,218.029998779297,222.339996337891,5997300,222.339996337891,227.960999298096,215.471999206543,180.179199676514,226.04358056377,223.004894713554,49.4634316091592,1.36260948627127,2.26587075820063
"2025-08-05",222.369995117188,226.029998779297,221.070007324219,224.860000610352,5687400,224.860000610352,228.27799911499,215.900999145508,180.541749649048,225.861491340167,223.142309965169,53.0578342510856,1.21858619076907,2.05641384471432
"2025-08-06",225.699996948242,226.570007324219,224.039993286133,225.039993286133,3898800,225.039993286133,228.199998474121,216.354598999023,180.892449645996,225.735107024162,223.282879100055,53.3132530334091,1.09826061630469,1.86478319903239
"2025-08-07",226.149993896484,230.389999389648,224.580001831055,227.330001831055,4563100,227.330001831055,228.261998748779,216.880599060058,181.252549667358,225.980475455992,223.582665969018,56.552343075995,1.07244874131078,1.70631630748807
"2025-08-08",227.5,230.899993896484,227.380004882812,229.119995117188,4724200,229.119995117188,228.375998687744,217.432998962402,181.623149642944,226.463478480791,223.992838498512,58.949762728051,1.10299954178921,1.5856529543483
"2025-08-11",229,229.320007324219,225.169998168945,225.960006713867,4872700,225.960006713867,228.148499298096,217.788599243164,181.953849639893,226.38602128588,224.138554662612,53.3527851593048,1.00271308818354,1.46906498111535
"2025-08-12",226.949996948242,232.610000610352,226.460006713867,232.610000610352,7396400,232.610000610352,228.278999328613,218.294399108887,182.31749961853,227.343556566568,224.76606917726,61.6127617163861,1.14674221013109,1.4046004269185
"2025-08-13",233.25,235.600006103516,229.330001831055,233.369995117188,6670400,233.369995117188,228.452499389649,218.732398986816,182.699049606323,228.270700958971,225.403397024662,62.4315105965196,1.27207662890518,1.37809566731583
"2025-08-14",231.649993896484,233.970001220703,230.860000610352,233.190002441406,5320800,233.190002441406,228.561999511719,219.127599182129,183.088999633789,229.027516571653,225.980182611087,62.0937253861377,1.3484961049927,1.37217575485121
"2025-08-15",233.360000610352,236.449996948242,231.429992675781,235.259994506836,6291400,235.259994506836,228.857999420166,219.593199157715,183.490249633789,229.986359330912,226.667576084846,64.474280294001,1.46416320472027,1.39057324482502
"2025-08-18",234.470001220703,235.160003662109,229.110000610352,232.410003662109,8456000,232.410003662109,229.012499237061,220.060999145508,183.898849639893,230.359227689558,227.09294109057,58.9820767287527,1.43830388707922,1.40011937327586
"2025-08-19",232,232.429992675781,223.75,225,9061100,225,228.838499450684,220.344999084473,184.258949661255,229.534731121934,226.937908417194,47.6231376695551,1.14428775820281,1.34895305026125
"2025-08-20",224.490005493164,226.369995117188,223.600006103516,225.619995117188,5016000,225.619995117188,228.425498962403,220.50719909668,184.61559967041,228.93246404428,226.840285209786,48.5165256136096,0.92231361486752,1.2636251631825
"2025-08-21",227.130004882812,227.580001831055,223.710006713867,224.460006713867,6101100,224.460006713867,228.084999084473,220.681799316406,184.991349716187,228.244393685755,226.663968284163,46.9045242446865,0.69725480126217,1.15035109079844
"2025-08-22",225.410003662109,233.699996948242,225.240005493164,230.119995117188,8678400,230.119995117188,227.937998962403,221.00419921875,185.368999710083,228.53294775213,226.919970271794,54.7966332239779,0.710813366669982,1.06244354597275
"2025-08-25",229.600006103516,230.25,226.600006103516,226.869995117188,4757600,226.869995117188,227.460998535157,221.466599121094,185.727999649048,228.277108885215,226.91626840849,50.1839570871854,0.599710406957588,0.969896918169715
"2025-08-26",228,234.830001831055,227.979995727539,234.830001831055,7380200,234.830001831055,227.898498535157,222.15679901123,186.147149658203,229.285246261498,227.502470884235,59.2350454771703,0.783629017449283,0.932643338025628
"2025-08-27",235.360000610352,236.339996337891,232.399993896484,235.619995117188,4757400,235.619995117188,228.387498474122,222.835198974609,186.589449615479,230.259823008528,228.103768975565,60.0115794837994,0.945207544200333,0.935156179260569
"2025-08-28",235.850006103516,237.350006103516,234.5,236.160003662109,4039600,236.160003662109,229.103498840332,223.553199157715,187.015349655151,231.167543109079,228.700527100494,60.5645754369271,1.07871024166906,0.963866991742267
"2025-08-29",236.130004882812,238.050003051758,233.169998168945,234.679992675781,5008600,234.679992675781,229.742498779297,224.293199157715,187.430349655151,231.707919965494,229.143450476442,58.1894794527288,1.11915460979601,0.994924515353016
"2025-09-02",231.279998779297,238.330001831055,230.800003051758,237.380004882812,6339100,237.380004882812,230.494499206543,225.065799255371,187.872449645996,232.580548414312,229.753565617654,61.1803625288516,1.2304413161373,1.04202787550987
"2025-09-03",237.059997558594,237.059997558594,230.759994506836,232.380004882812,5999000,232.380004882812,230.870499420166,225.687199401855,188.308499679565,232.549695563312,229.948116674333,53.5420439654436,1.13137647161698,1.0598975947313
"2025-09-04",233.009994506836,233.100006103516,229.210006713867,230.75,4093200,230.75,231.15599975586,226.283399353027,188.762399673462,232.272819322803,230.007515439197,51.2937467200418,0.984882550155097,1.04489458581606
"2025-09-05",231.800003051758,232.229995727539,225.5,229.610000610352,8203600,229.610000610352,231.269999694825,226.897599487305,189.219749679565,231.863154905503,229.978069896319,49.7212097457399,0.819680333013073,0.999851735255459
"2025-09-08",231.699996948242,232.199996948242,228.089996337891,230.949996948242,5955000,230.949996948242,231.361499786377,227.464999389648,189.6735496521,231.722669065924,230.050064492758,51.5995302330093,0.727061119002048,0.945293612004777
"2025-09-09",231.009994506836,232.279998779297,228.449996948242,229.520004272461,5510400,229.520004272461,231.539499664307,227.764399414062,190.101799697876,231.383797559237,230.010800772736,49.4753627896241,0.596927092940258,0.875620308191873
"2025-09-10",229.600006103516,230.100006103516,226.589996337891,227.520004272461,4949500,227.520004272461,231.284999847412,228.124199523926,190.511399688721,230.78936782281,229.826297328271,46.5867690974674,0.419042775232703,0.784304801600039
"2025-09-11",228,229.690002441406,219.649993896484,219.990005493164,12010800,219.990005493164,230.616000366211,228.328199768066,190.880949707031,229.127927464403,229.097683118263,37.6694161950309,0.0132015067669355,0.630084142633419
"2025-09-12",219.889999389648,220,215.699996948242,215.940002441406,11094900,215.940002441406,229.753500366211,228.406399841308,191.243599700928,227.099015922404,228.123040105163,33.9097983900181,-0.448891169557974,0.41428908019514
"2025-09-15",216.25,217.259994506836,214.070007324219,215.75,6896200,215.75,228.778000640869,228.40299987793,191.575899734497,225.353013472803,227.206518615892,33.7396671309345,-0.815779914405534,0.168275281275005
"2025-09-16",216.860000610352,217.130004882812,213.75,215.020004272461,6330600,215.020004272461,227.908500671387,228.330799865723,191.885499725342,223.763319749673,226.303813849712,33.05351196232,-1.12260330783694,-0.0899004365473848
"2025-09-17",215.589996337891,218.050003051758,213.130004882812,214.630004882812,6019500,214.630004882812,227.390000915528,228.25299987793,192.204849777222,222.358194385541,225.439087259571,32.6712373812571,-1.3666187667281,-0.345244102583528
"2025-09-18",215.229995727539,217.399993896484,213.699996948242,215.660003662109,6414000,215.660003662109,226.892001342774,228.034199829101,192.52114982605,221.327703505013,224.714710696796,34.8154122424348,-1.50724764804246,-0.577644811675315
"2025-09-19",217.729995727539,217.729995727539,213.619995117188,215.649993896484,10513700,215.649993896484,226.451500701904,227.825399780273,192.822199783325,220.454209719085,224.043250193069,34.8038122350408,-1.60194090689665,-0.782504030719582
"2025-09-22",215.169998168945,215.899993896484,211.429992675781,212.089996337891,7467700,212.089996337891,225.55000076294,227.530399780273,193.099949798584,219.16740766044,223.157823981574,30.8650144622533,-1.78815882407229,-0.983634989390124
"2025-09-23",217.119995117188,219.820007324219,214.009994506836,216.339996337891,12760900,216.339996337891,225.023500823975,227.246999816894,193.406649780273,218.732421303125,222.652799711672,39.646416157339,-1.76075864018947,-1.13905971954999
"2025-09-24",217.559997558594,218.179992675781,214.770004272461,215.100006103516,7354800,215.100006103516,224.037001037598,226.948999938965,193.690749816895,218.173588195493,222.093333518475,38.1248591325804,-1.76490904111555,-1.26422958386311
"2025-09-25",214.869995117188,216.860000610352,211.979995727539,213.529998779297,6649300,213.529998779297,222.932501220703,226.621600036621,193.975049819946,217.45918982377,221.459012426684,36.2289888956976,-1.80612320044463,-1.37260830717941
"2025-09-26",223.360000610352,224.100006103516,219.110000610352,221.259994506836,17281700,221.259994506836,222.187500762939,226.426799926758,194.311699829102,218.04392900578,221.444270358547,49.53512161194,-1.53552916373103,-1.40519247848973
"2025-09-29",222.369995117188,222.809997558594,215.119995117188,217.080001831055,11290600,217.080001831055,221.307501220703,226.181600036621,194.611899871826,217.895632517361,221.120991208363,44.1682666992833,-1.45863975797861,-1.41588193438751
"2025-09-30",217.100006103516,217.679992675781,212.830001831055,215.830001831055,9289300,215.830001831055,220.230001068115,225.911799926758,194.870549850464,217.577843181006,220.729066069303,42.6791075098906,-1.42764292189191,-1.41823413188839
"2025-10-01",214.009994506836,215.630004882812,213.699996948242,215.199996948242,7178000,215.199996948242,219.371000671387,225.646199951172,195.116749801636,217.212020683658,220.319505393669,41.9121187993393,-1.410444665105,-1.41667623853171
"2025-10-02",215.449996948242,218.860000610352,215.309997558594,217.429992675781,8281100,217.429992675781,218.705000305176,225.317199707031,195.365149765015,217.245554836292,220.105467414566,45.6362730756277,-1.29933736397699,-1.39320846362077
"2025-10-03",216.75,218.830001831055,215.25,216.300003051758,6634100,216.300003051758,218.039500427246,225.017799682617,195.598399810791,217.100085330979,219.823581165469,44.0936037944479,-1.23894616767236,-1.36235600443109
"2025-10-06",217.869995117188,221.800003051758,215.899993896484,219.729995727539,7665300,219.729995727539,217.478500366211,224.751199645996,195.831199798584,217.50468693045,219.816648910808,49.6565983954757,-1.05176836777983,-1.30023847710084
"2025-10-07",220.110000610352,223.949996948242,219.199996948242,221.820007324219,7610600,221.820007324219,217.093500518799,224.459399719238,196.075149841309,218.168582375645,219.965045830319,52.742339895435,-0.816704057634698,-1.20353159320761
"2025-10-08",222.729995727539,226.190002441406,221.470001220703,225.320007324219,6189700,225.320007324219,216.983500671387,224.444199829101,196.338649902344,219.268801598503,220.361709644682,57.4462484488864,-0.495960957982178,-1.06201746616252
"2025-10-09",225.699996948242,225.699996948242,215.899993896484,216,12974800,216,216.784000396729,224.247399902344,196.533449935913,218.765909044887,220.038620041373,44.6898415581607,-0.578403462195132,-0.965294665369044
"2025-10-10",217,217.899993896484,210.729995727539,210.729995727539,10647900,210.729995727539,216.523500061035,224.025199890137,196.700349884033,217.529614688372,219.349092314422,39.3666235194287,-0.829489471258904,-0.938133626547016
"2025-10-13",212.089996337891,215.800003051758,212.059997558594,215.559997558594,5657300,215.559997558594,216.513999938965,223.898399963379,196.889699859619,217.226596668406,219.068418628805,45.7452111897791,-0.840751931258477,-0.918657287489308
"2025-10-14",213.539993286133,217.949996948242,212.240005493164,214.300003051758,5975700,214.300003051758,216.47799987793,223.737600097656,197.064499893189,216.776351496614,218.715202660135,44.4320584354036,-0.886472974873054,-0.912220424966057
"2025-10-15",215.039993286133,215.929992675781,212.479995727539,214,5055600,214,216.446499633789,223.520400085449,197.232599868774,216.349220497135,218.365928389014,44.1074029067341,-0.923545127555869,-0.91448536548402
"2025-10-16",214.660003662109,214.960006713867,210.660003662109,211.889999389648,5555200,211.889999389648,216.257999420166,223.257400207519,197.388449859619,215.663186480599,217.886229944616,41.7943501516927,-1.02027717152338,-0.935643726691891
"2025-10-17",210.910003662109,214.679992675781,210.75,212.940002441406,6482700,212.940002441406,216.122499847412,222.969600219726,197.570399856567,215.244235089954,217.519842722156,43.3854405225455,-1.04616094041108,-0.957747169435729
"2025-10-20",215.130004882812,217.380004882812,214.559997558594,216.820007324219,5865100,216.820007324219,216.359000396729,222.723600463867,197.769499893189,215.486661587533,217.46800306305,48.9398533713567,-0.911095631361736,-0.94841686182093
"2025-10-21",217.210006713867,217.699996948242,215.550003051758,217.259994506836,4209500,217.259994506836,216.405000305176,222.549600219726,197.996449890137,215.759482036656,217.452595021849,49.5443752852113,-0.778612453451011,-0.914455980146946
"2025-10-22",216.679992675781,217.399993896484,213.800003051758,216.589996337891,6310300,216.589996337891,216.479499816895,222.229200134277,198.229899902344,215.887253467616,217.388698823037,48.6007677614283,-0.690673141497511,-0.869699412417059
"2025-10-23",216.399993896484,219.300003051758,216.25,217.770004272461,5356200,217.770004272461,216.691500091553,221.917200317383,198.46484992981,216.176907437592,217.416943671143,50.3927678613317,-0.570349399919134,-0.809829409917474
"2025-10-24",219.039993286133,221.740005493164,218.509994506836,221.350006103516,5238100,221.350006103516,216.696000671387,221.680400390625,198.709049987793,216.972768770811,217.708281629096,55.4656997885326,-0.337843307007679,-0.715432189335515
"2025-10-27",222.779998779297,223.580001831055,221.820007324219,223,6084300,223,216.992000579834,221.435200500488,198.965250015259,217.900035113763,218.100260767682,57.6169457167639,-0.091804408309204,-0.590706633130253
"2025-10-28",224.360000610352,225.559997558594,222.600006103516,223.330001831055,7027200,223.330001831055,217.367000579834,221.253600463867,199.221900024414,218.735414608731,218.487648994598,58.0533722796509,0.113400283848075,-0.449885249734587
"2025-10-29",221.360000610352,221.899993896484,212.5,213.580001831055,20940100,213.580001831055,217.286000823975,221.025200500488,199.436949996948,217.942274181396,218.124119575076,43.7268676889239,-0.0833678522276227,-0.376581770233195
"2025-10-30",210.009994506836,210.279998779297,200.020004272461,200.080001831055,19417000,200.080001831055,216.418501281738,220.514400634766,199.602249984741,215.194232281344,216.787518260705,31.9645041379826,-0.734952820228651,-0.448255980232286
"2025-10-31",201.25,202.600006103516,198.300003051758,201.020004272461,10696600,201.020004272461,215.654501342774,220.045600585937,199.776350021362,213.013581818439,215.619554261575,33.3097099430404,-1.20859745400237,-0.600324274986303
"2025-11-03",202.039993286133,205.660003662109,201.580001831055,204.550003051758,8103900,204.550003051758,214.895501708985,219.534200744629,199.954450073242,211.711492777411,214.799587505293,38.2475564183368,-1.43766324868086,-0.767792069725215
"2025-11-04",201.800003051758,202.220001220703,197.570007324219,198.050003051758,8619600,198.050003051758,213.707001495361,218.95780090332,200.089250106812,209.60972512731,213.558877545772,33.3508372007172,-1.8492101400068,-0.984075683781531
"2025-11-05",197.75,198.509994506836,195.309997558594,197.619995117188,9885700,197.619995117188,212.32200088501,218.213600769043,200.199550094605,207.765151279599,212.378219588099,33.0493889704897,-2.17210047124714,-1.22168064127465
"2025-11-06",198.100006103516,201.270004272461,195.449996948242,196.5,7740500,196.5,211.34700088501,217.431200866699,200.308050079346,206.032051082738,211.202055174165,32.2322040478269,-2.44789478358257,-1.46692346973624
"2025-11-07",195.5,195.850006103516,191.490005493164,194.610000610352,7869500,194.610000610352,210.541001129151,216.600200805664,200.388600082397,204.274812548525,209.973014095364,30.8461257815288,-2.7137780401875,-1.71629438382649
"2025-11-10",195.889999389648,196.440002441406,193.190002441406,194.809997558594,7447400,194.809997558594,209.503501129151,215.80280090332,200.482350082397,202.818687165458,208.849827685233,31.1833646111928,-2.88778812346675,-1.95059313175454
"2025-11-11",194.740005493164,196.399993896484,194.350006103516,195.210006713867,5783400,195.210006713867,208.549001312256,214.959400939941,200.582600097656,201.648120942137,207.839470576243,31.8986967323387,-2.97890945205973,-2.15625639581558
"2025-11-12",195.75,196.660003662109,193.800003051758,195.5,8288300,195.5,207.624001312256,214.221800842285,200.67120010376,200.702256181808,206.925435718744,32.446925857882,-3.00745025149759,-2.32649516695198
"2025-11-13",195.630004882812,196.199996948242,193.110000610352,194.580001831055,6739300,194.580001831055,206.758501434326,213.498400878906,200.775800094605,199.760370897077,206.010959134471,31.5784043733693,-3.03410472125119,-2.46801707781182
"2025-11-14",192.880004882812,197.029998779297,192.149993896484,194.520004272461,6189800,194.520004272461,205.837501525879,212.796600952148,200.85075012207,198.954160647136,205.15977729284,31.5191510355401,-3.02477255902195,-2.57936817405385
"2025-11-17",194.839996337891,194.839996337891,190.229995727539,191.809997558594,5877800,191.809997558594,204.587001037598,212.013800964355,200.927200088501,197.855058633514,204.170904719933,28.8829103294948,-3.09341142171196,-2.68217682358547
"2025-11-18",190,191.160003662109,187.850006103516,189.630004882812,8195800,189.630004882812,203.205501556397,211.216000976562,200.996000137329,196.589665748791,203.093801028294,26.9315341676517,-3.20252772195528,-2.78624700325943
"2025-11-19",189.210006713867,189.210006713867,183.009994506836,185.699996948242,12550400,185.699996948242,201.661001586914,210.379600830078,201.043350143433,194.914332087168,201.805371096439,23.8086371955215,-3.41469554146697,-2.91193671090094
"2025-11-20",187.740005493164,188.100006103516,178.419998168945,179.380004882812,13706400,179.380004882812,199.741501617432,209.567400817871,201.031050186157,192.52443559419,200.144232858392,19.8270024915466,-3.80715304926801,-3.09097997857435
"2025-11-21",180.559997558594,181.429992675781,176.770004272461,179.699996948242,10134000,179.699996948242,197.659001159668,208.842600708008,201.00555015564,190.551445033275,198.629845013196,20.5514719660469,-4.06706251992716,-3.28619648684491
"2025-11-24",180.309997558594,180.309997558594,177.300003051758,179.119995117188,9386000,179.119995117188,195.465000915527,208.110000610351,200.99370010376,188.7927604308,197.184670946825,20.1952537513715,-4.25586353935601,-3.48012989734713
"2025-11-25",179.490005493164,183.479995727539,177.520004272461,182.440002441406,9676200,182.440002441406,193.420500946045,207.45840057373,201.003150100708,187.815413047816,196.092473279757,27.8991100874441,-4.22099843686103,-3.62830360524991
"2025-11-26",184,188.179992675781,183.029998779297,186.919998168945,7644500,186.919998168945,192.087500762939,206.904200439453,201.035550079346,187.677656912605,195.413030678956,36.7692600063079,-3.95847387427259,-3.69433765905445
"2025-11-28",187.869995117188,189.75,186.910003662109,189,3757000,189,191.533500671387,206.371000366211,201.049300079346,187.881094310666,194.937991369404,40.4333355372033,-3.62007272628816,-3.67948467250119
"2025-12-01",188.960006713867,189.949996948242,186.410003662109,186.460006713867,6763700,186.460006713867,190.805500793457,205.787200622558,201.054400100708,187.66246544962,194.309992506031,37.5702533707073,-3.42109377427119,-3.62780649285519
"2025-12-02",198.300003051758,205.779998779297,195.509994506836,205.380004882812,22624000,205.380004882812,190.84700088501,205.653000793457,201.159200134277,190.388240747034,195.129993422829,60.1857452423363,-2.4300480887734,-3.38825481203883
"2025-12-03",204.600006103516,205.850006103516,197.399993896484,202.539993286133,14139900,202.539993286133,191.071500396728,205.377000732422,201.247050094605,192.257741137665,195.678882301593,56.8562645889245,-1.74834459584398,-3.06027276879986
"2025-12-04",202.850006103516,202.889999389648,198.529998779297,201.869995117188,9513300,201.869995117188,191.284000396728,205.112400512695,201.325650100708,193.736549442207,196.137483250896,56.0682432323948,-1.2241075845854,-2.69303973195697
"2025-12-05",201.399993896484,202.949996948242,200.559997558594,201.889999389648,6857200,201.889999389648,191.553500366211,204.879600524902,201.430700073242,194.990926357198,196.56359555747,56.0878126798353,-0.800081620308268,-2.31444810962723
"2025-12-08",203.610000610352,206.860000610352,202.559997558594,206.270004272461,8823900,206.270004272461,192.136500549316,204.579800720215,201.576300125122,196.726169113392,197.282588795618,60.2617441239782,-0.282041961037904,-1.90796687990936
"2025-12-09",205.350006103516,207.100006103516,200.020004272461,200.369995117188,9101900,200.369995117188,192.414500427246,204.245600585937,201.678600082398,197.286757729361,197.511285560178,52.9593441975508,-0.113678481804658,-1.54910920028842
"2025-12-10",200.369995117188,201.350006103516,198.350006103516,198.720001220703,15159600,198.720001220703,192.590000152588,203.90340057373,201.780850067139,197.507256728029,197.600820053551,51.0946248898862,-0.0473496645896798,-1.24875729314867
"2025-12-11",198.729995727539,201.860000610352,198.050003051758,200.710006713867,7917800,200.710006713867,192.850500488281,203.613600769043,201.919200134277,197.999987495081,197.831130176537,53.2333913621402,0.0853542707829336,-0.981934980362353
"2025-12-12",202.199996948242,206.119995117188,201.580001831055,204.380004882812,7069700,204.380004882812,193.340500640869,203.352601013183,202.071950149536,198.981528631655,198.316232006631,56.9707660756799,0.335472602666798,-0.718453463756523
"2025-12-15",204.380004882812,206.630004882812,203.169998168945,205.5,6721600,205.5,193.889500427246,203.136600952148,202.226300125122,199.984370380631,198.848362969103,58.0719760226545,0.571293318469168,-0.460504107311385
"2025-12-16",205,208.649993896484,204.389999389648,206.710006713867,6120200,206.710006713867,194.63450088501,202.876201171875,202.409550170898,201.019083662667,199.430706950197,59.2843164182427,0.796455438964672,-0.209112198056173
"2025-12-17",206.779998779297,210.660003662109,205.820007324219,206.330001831055,7301100,206.330001831055,195.469500732422,202.566401062012,202.646700210571,201.836147996265,199.94176583026,58.7101740067167,0.947466957760756,0.0222036331072125
"2025-12-18",207.990005493164,210.550003051758,207.660003662109,208.270004272461,5652100,208.270004272461,196.598001098633,202.225401000976,202.872250213623,202.825972038757,200.558672381534,60.7975049166623,1.13049195544603,0.243861297574977
"2025-12-19",209.759994506836,215.979995727539,209.270004272461,214.080001831055,14793700,214.080001831055,198.333000946045,202.187001037598,203.150500259399,204.557361237572,201.560252340758,66.2932163620453,1.48695432854837,0.492479903769656
"2025-12-22",215.339996337891,217.149993896484,214.220001220703,216.839996337891,5458900,216.839996337891,200.190000915527,202.309201049805,203.46380027771,206.446997406852,202.692085229435,68.5488264055171,1.8525203750146,0.764487998018645
"2025-12-23",216.899993896484,217.559997558594,215.320007324219,216.850006103516,4496300,216.850006103516,202.076501464844,202.335001220703,203.807300338745,208.047460283262,203.740820108996,68.5570444869813,2.11378366493351,1.03434713140162
"2025-12-24",217,219.270004272461,216.190002441406,218.160003662109,2943500,218.160003662109,203.862501525879,202.41220123291,204.127800369263,209.6032361877,204.808907779597,69.6738613515293,2.34087885145209,1.29565347541171
"2025-12-26",218.050003051758,218.669998168945,216.139999389648,216.440002441406,2801500,216.440002441406,205.338501739502,202.461001281738,204.416000366211,210.655046380578,205.670470347139,66.3419766711665,2.42357399437361,1.52123757920409
"2025-12-29",215.899993896484,218.139999389648,215.110000610352,217.25,5292000,217.25,206.751001739502,202.568201293945,204.70565032959,211.66965462972,206.528213284388,67.1389452849302,2.48946197885918,1.71488245913511
"2025-12-30",219.139999389648,221.880004882812,218.399993896484,218.5,5653500,218.5,208.353001403808,202.679401245117,204.989100341797,212.720476994378,207.415012300359,68.3831234111204,2.55789811700631,1.88348559070935
"2025-12-31",218.929992675781,219.320007324219,216.139999389648,217.119995117188,5563000,217.119995117188,208.940000915527,202.685401000976,205.265450286865,213.397325936349,208.13389991642,65.4374621423849,2.52886532277645,2.01256153712277
"2026-01-02",218.149993896484,227.770004272461,215.240005493164,227.770004272461,11261000,227.770004272461,210.201501464844,202.895601196289,205.596450271606,215.608507218828,209.588426165016,74.549016676888,2.8723346818168,2.18451616606158
"2026-01-05",228.789993286133,230.960006713867,227.5,228.130004882812,8278800,228.130004882812,211.514501953125,203.126401367187,205.874000320435,217.534891474825,210.961876440408,74.7909420449982,3.11573595444095,2.37076012373745
"2026-01-06",229.229995727539,231.639999389648,228.600006103516,229.839996337891,6714300,229.839996337891,212.912001800537,203.367801208496,206.159050292969,219.427984530681,212.360255692074,75.9598733304958,3.3281787194946,2.56224384288888
"2026-01-07",232.149993896484,233.570007324219,227.309997558594,228.119995117188,9693100,228.119995117188,214.004501342773,203.503200988769,206.409100265503,220.765216928606,213.527643797638,72.3269835899606,3.38952512295181,2.72770009890147
"2026-01-08",231.789993286133,233.110000610352,225.100006103516,227.380004882812,7126800,227.380004882812,215.355001831055,203.590801086426,206.641500320435,221.782876613868,214.553744618762,70.7590350550333,3.3693804822432,2.85603617556981
"2026-01-09",228.339996337891,235.139999389648,228.300003051758,234.529998779297,8621600,234.529998779297,217.145501708984,203.814801025391,206.901200332642,223.743972331626,216.033467149172,76.1410726925077,3.56912532312903,2.99865400508166
"2026-01-12",234.289993286133,239.949996948242,234,239.809997558594,7894000,239.809997558594,219.100501251221,204.339400939941,207.207500305176,226.215668520391,217.794691623944,79.1875079304155,3.86647481334719,3.17221816673476
"2026-01-13",241.119995117188,247.399993896484,240.100006103516,244.550003051758,11460500,244.550003051758,221.109001159668,205.228800964355,207.534700317383,229.03633537137,219.776566544522,81.4743876100354,4.21326485004119,3.38042750339605
"2026-01-14",244.440002441406,244.889999389648,239.600006103516,242.610000610352,7748600,242.610000610352,222.964501190185,206.060600891113,207.881200332642,231.124591561983,221.46793203088,77.7107446630428,4.3602969705592,3.57640139682868
"2026-01-15",244.380004882812,248.75,243.970001220703,247.740005493164,6517200,247.740005493164,225.01600112915,206.924400939941,208.267150344849,233.680809089857,223.414011546605,80.3019969401502,4.59541345333669,3.78020380813028
"2026-01-16",247.75,248.190002441406,244.960006713867,247.679992675781,5944200,247.679992675781,227.083500671387,207.917000732422,208.664700317383,235.834529641537,225.211491630248,80.1845570078302,4.7169165011929,3.96754634674281
"2026-01-20",244.399993896484,249.520004272461,243.699996948242,249,11293200,249,229.120000457764,208.944600830078,209.06690032959,237.859986619762,226.97360336134,80.8480250673917,4.79632128899634,4.13330133519351
"2026-01-21",248.889999389648,251.309997558594,244.679992675781,250.070007324219,8160700,250.070007324219,230.919500732422,210.016000976562,209.5627003479,239.738451343525,228.684448099331,81.3919174192252,4.83373632796935,4.27338833374868
"2026-01-22",252,254.139999389648,249.779998779297,251.410003662109,9742600,251.410003662109,232.648001098633,211.152001037598,210.136800384522,241.534074777153,230.367822585463,82.0783211300972,4.84714057126954,4.38813878125285
"2026-01-23",252.740005493164,253.770004272461,249.020004272461,252.149993896484,7078700,252.149993896484,234.413000488281,212.298800964355,210.703250350952,243.167293103204,231.98131675665,82.4630364298516,4.82192984458683,4.47489699391965
"2026-01-26",251.490005493164,251.589996337891,247.410003662109,248.429992675781,8469200,248.429992675781,235.926499938965,213.363200683594,211.248450317383,243.976939191293,233.199737195104,73.8773707183948,4.62144688746897,4.50420697262951
"2026-01-27",242.5,254.350006103516,238.75,244.559997558594,20509200,244.559997558594,237.332499694824,214.344400634766,211.667150268555,244.06664047857,234.04123796277,66.1601145074527,4.28360514713861,4.46008660753133
"2026-01-28",244.089996337891,245.860000610352,237.100006103516,241.589996337891,9999200,241.589996337891,238.549499511719,215.284600524902,212.097500228882,243.685618303081,234.600405249816,60.9021794565157,3.87263314553552,4.34259591513217
"2026-01-29",242.080001831055,243.770004272461,233.350006103516,234.039993286133,9142500,234.039993286133,239.326499176025,216.075000305176,212.483500213623,242.201675992781,234.558893252506,50.0195481506328,3.25836408685967,4.12574954947767
"2026-01-30",233.5,234.649993896484,229.940002441406,233.720001220703,6916100,233.720001220703,240.156499481201,216.913200378418,212.85570022583,240.896802950923,234.496753102002,49.6148885327828,2.72927013455788,3.84645366649371
"2026-02-02",232.639999389648,236.289993286133,230.330001831055,233.020004272461,6105300,233.020004272461,240.418999481201,217.781000366211,213.24320022583,239.684987769621,234.387364299814,48.6869812760333,2.26020011173935,3.52920295554284
"2026-02-03",236.419998168945,238.850006103516,228.960006713867,233.149993896484,7655200,233.149993896484,240.669998931885,218.730000305176,213.626600189209,238.679604096831,234.295707232901,48.8781848655045,1.87109568318831,3.19758150107193
"2026-02-04",233.240005493164,236.570007324219,229.910003662109,235.949996948242,7053400,235.949996948242,240.975498962402,219.861400146484,213.996850204468,238.25966453551,234.418247211815,52.9454682514087,1.63870234906405,2.88580567067036
"2026-02-05",234.110000610352,240.330001831055,232.600006103516,236.949996948242,7377300,236.949996948242,241.416999053955,221.006400146484,214.38490020752,238.058177214391,234.605784229328,54.342594258768,1.47157198037744,2.60295893261177
"2026-02-06",239.399993896484,246.300003051758,239.399993896484,243.029998779297,6701200,243.029998779297,242.199498748779,222.284600219726,214.787450180054,238.823072839762,235.229800121918,61.7741489422899,1.52755846239763,2.38787883856894
"2026-02-09",242,245.839996337891,240.5,244.710006713867,4707200,244.710006713867,242.708499145508,223.530000305176,215.149150238037,239.728754974239,235.932037647248,63.5400905474372,1.60924195156076,2.23215146116731
"2026-02-10",245,247.860000610352,240.860000610352,242.589996337891,5184400,242.589996337891,242.847499084473,224.643400268555,215.480800247192,240.168945953263,236.425219772481,59.7866077905309,1.58347158750018,2.10241548643388
"2026-02-11",244.479995727539,244.699996948242,235.5,236.259994506836,5791000,236.259994506836,242.432998657226,225.588600158691,215.772350234985,239.567568807659,236.412980863914,50.2429979988548,1.33435479397814,1.94880334794273
"2026-02-12",239.259994506836,245.669998168945,235.970001220703,239.350006103516,6980800,239.350006103516,242.269998931885,226.646400146484,216.057600250244,239.534097622406,236.63053828907,54.0951898964347,1.22704337078796,1.80445135251178
"2026-02-13",241.240005493164,246.509994506836,240.720001220703,242.960006713867,6835400,242.960006713867,242.03099899292,227.398000183105,216.362400283814,240.061160559554,237.099387802018,58.1697097292925,1.24916929773307,1.69339494155604
"2026-02-17",243.610000610352,245.419998168945,238.929992675781,244.039993286133,4864700,244.039993286133,241.848999023437,228.228000183105,216.666400222778,240.673288671335,237.613506726767,59.3326564265143,1.28771381169273,1.61225871558338
"2026-02-18",244.550003051758,245.080001831055,238.600006103516,238.929992675781,4923000,238.929992675781,241.345498657226,228.969200134277,216.946600189209,240.405089287404,237.711024204472,51.9703802426837,1.13333619757345,1.51647421198139
"2026-02-19",238.910003662109,240,233.419998168945,233.710006713867,5827500,233.710006713867,240.527498626709,229.605600280762,217.187850189209,239.375076583783,237.414652538501,45.7282103624474,0.825738438769541,1.37832705733902
"2026-02-20",232.630004882812,236.080001831055,231.139999389648,232.029998779297,5460900,232.029998779297,239.558498382568,230.120800170898,217.415700149536,238.245064613862,237.015789297079,43.9006274127325,0.518647015217377,1.20639104891469
"2026-02-23",231.5,233.5,227.460006713867,230.440002441406,5380000,230.440002441406,238.472998809814,230.722200317383,217.638100128174,237.044285818099,236.528693974436,42.182350544091,0.217982788895332,1.00870939691082
"2026-02-24",229.270004272461,236.130004882812,228.389999389648,233.389999389648,4408900,233.389999389648,237.720999145508,231.415600280762,217.877250137329,236.48208790603,236.296198079267,46.3759966302202,0.0786681412033863,0.822701145769334
"2026-02-25",234.100006103516,234.160003662109,229.190002441406,230.360000610352,4442600,230.360000610352,237.010999298096,232.008600158691,218.07055015564,235.540228322079,235.856479748236,42.931593880659,-0.134086384437726,0.631343639727922
"2026-02-26",230.380004882812,230.660003662109,225.669998168945,229.410003662109,4613300,229.410003662109,236.401999664307,232.509200134277,218.243350143433,234.59711683593,235.378963001115,41.8813131407,-0.332164843967631,0.438641942988811
"2026-02-27",227.470001220703,228.800003051758,224.910003662109,227.529998779297,6278100,227.529998779297,236.076499938965,232.949800109863,218.388350143433,233.50986790414,234.797558243944,39.8059330431297,-0.548425779822392,0.241228398426571
"2026-03-02",226,230.229995727539,223.619995117188,229.740005493164,4709000,229.740005493164,235.877500152588,233.410400085449,218.519950180054,232.929889071683,234.422924706849,43.3591861291004,-0.636898305502098,0.0656030576408369
"2026-03-03",225.75,226.5,221.110000610352,224.119995117188,6211600,224.119995117188,235.432499694824,233.766199951172,218.616950149536,231.574520770991,233.659744737244,37.3252179573641,-0.892419003794709,-0.126001354646272
"2026-03-04",226.380004882812,227.529998779297,221.789993286133,227.309997558594,5068700,227.309997558594,235.14049987793,234.146999816894,218.722300109863,230.918440276776,233.189393094381,42.2387840469064,-0.973866258439193,-0.295574335404856
"2026-03-05",226.119995117188,227.679992675781,218.130004882812,222.059997558594,7199300,222.059997558594,234.445999908447,234.306599731445,218.803500061035,229.555602935517,232.364993425064,37.0857396311404,-1.20904205411325,-0.478267879146536
"2026-03-06",219.479995727539,231.960006713867,218.639999389648,231.110000610352,10684700,231.110000610352,234.154000091553,234.591999816894,218.932800064087,229.794741039338,232.272030994344,48.7033234084495,-1.06654681771252,-0.595923666859733
"2026-03-09",226.75,227.589996337891,220.449996948242,225,8400100,225,233.252500152588,234.754999694824,219.019450073242,229.057088571748,231.7333620318,42.9384439482429,-1.15489346746955,-0.707717626981697
"2026-03-10",224.100006103516,226.110000610352,217.029998779297,217.759994506836,9285300,217.759994506836,231.904999542236,234.746999511719,219.092200012207,227.319074100223,230.698297770692,37.3037937489315,-1.46478049605206,-0.859130200795771
"2026-03-11",217.940002441406,217.940002441406,213.529998779297,214.100006103516,7937400,214.100006103516,230.480500030518,234.700199584961,219.145650024414,225.285371331499,229.468794684234,34.8164776168738,-1.82309030667657,-1.05192222197193
"2026-03-12",212.210006713867,212.610000610352,204.300003051758,204.759994506836,10758600,204.759994506836,228.905500030518,234.450399475098,219.157649993897,222.127621050781,227.638513189612,29.4245903846912,-2.42089621022992,-1.32571701962353
"2026-03-13",205,210.839996337891,204.919998168945,209.889999389648,8926600,209.889999389648,227.432499694824,234.278199462891,219.201949996948,220.244910025992,226.323808463689,35.3470156875196,-2.68592972120861,-1.59775955994054
"2026-03-16",210.75,216.149993896484,210.75,213.470001220703,7347100,213.470001220703,225.957999420166,234.205199584961,219.261800003052,219.202616363639,225.371674593838,39.1825389719873,-2.73728197712358,-1.82566404337715
"2026-03-17",214.679992675781,217.149993896484,206.669998168945,210.820007324219,7308100,210.820007324219,224.29700012207,233.866199645996,219.275000076294,217.912984203729,224.293773314607,37.4132149081343,-2.84483559957257,-2.02949835461624
"2026-03-18",209,210.5,205.75,205.990005493164,5881900,205.990005493164,222.650000762939,233.423399658203,219.268350067139,216.078679786719,222.937938661167,34.36710953833,-3.07675710811757,-2.2389501053165
"2026-03-19",203.050003051758,203.050003051758,197.460006713867,201.179992675781,9967600,201.179992675781,221.023500061035,232.850199584961,219.216900024414,213.786574077344,221.326238958546,31.6072310208681,-3.40658428782782,-2.47247694181877
"2026-03-20",201.050003051758,201.990005493164,192.539993286133,195.119995117188,12925400,195.119995117188,219.17799987793,232.190199584961,219.125350036621,210.914792698858,219.385035711038,28.5017467451898,-3.86090281168316,-2.75016211579165
"2026-03-23",198.910003662109,201.690002441406,197.190002441406,198.410003662109,6247900,198.410003662109,217.576499938965,231.610799560547,219.057500076294,208.990979000897,217.831329633339,32.385841288638,-4.05834672511199,-3.01179903765571
"2026-03-24",196.110000610352,197.619995117188,194.360000610352,196.419998168945,5691800,196.419998168945,215.72799987793,230.84859954834,218.994500045776,207.056981949827,216.245305080421,31.2789906408917,-4.24902780070847,-3.25924479026627
"2026-03-25",198.190002441406,200.75,198,199.610000610352,5055900,199.610000610352,214.19049987793,230.044599609375,218.938550033569,205.911292512985,215.013060304861,35.1076669615715,-4.23312322468713,-3.45402047715044
"2026-03-26",197.300003051758,198.240005493164,194.270004272461,194.360000610352,5772600,194.360000610352,212.437999725342,229.040799560547,218.822800064087,204.134170681811,213.483204031193,31.9525357596688,-4.37928285356658,-3.63907295243367
"2026-03-27",192.929992675781,193.639999389648,189.279998779297,190.520004272461,6000100,190.520004272461,210.5875,227.998999633789,218.696750106812,202.039683541911,211.782226271287,29.8401526591887,-4.60026457408969,-3.83131127676487
"2026-03-30",191.479995727539,192.5,187.720001220703,189.210006713867,6606100,189.210006713867,208.561000061035,226.828399658203,218.572800140381,200.065887106827,210.110210007775,29.1325806064912,-4.78050205203062,-4.02114943181802
"2026-03-31",191.130004882812,199.330001831055,190.350006103516,199.029998779297,9668300,199.029998779297,207.306500244141,225.855399780273,218.549200134277,199.906519671822,209.28945362048,40.5186930170902,-4.48323304702791,-4.11356615486
"2026-04-01",203.5,210.279998779297,203.5,207.320007324219,9664500,207.320007324219,206.307000732422,225.021799926758,218.584200134277,201.04705623373,209.143568709646,48.0997052539602,-3.87127011644169,-4.06510694717634
"2026-04-02",203,208.779998779297,202.300003051758,208.220001220703,6698600,208.220001220703,205.615000915527,224.184799804687,218.61680015564,202.150586231725,209.075156303057,48.8617177618912,-3.31200042787231,-3.91448564331553
"2026-04-06",207.369995117188,212.399993896484,207.369995117188,212.300003051758,4172300,212.300003051758,204.674501037598,223.40259979248,218.677000198364,203.712034973269,209.314033839998,52.28213257955,-2.67636085548449,-3.66686068574933
"2026-04-07",211.009994506836,211.990005493164,206.919998168945,210,4084800,210,203.924501037598,222.559599914551,218.738600234985,204.679414208151,209.364846148146,50.2420274964891,-2.23792677051448,-3.38107390270236
"2026-04-08",218.940002441406,220.850006103516,216,217.800003051758,6267200,217.800003051758,203.926501464844,221.94700012207,218.833850250244,206.697966337936,209.989672585451,56.4486071908201,-1.56755625502256,-3.0183703731664
"2026-04-09",216,221.289993286133,216,220.059997558594,4768700,220.059997558594,204.224501037598,221.45700012207,218.927600250244,208.753663448807,210.735622583462,58.080179656167,-0.940495541454966,-2.60279540682411
"2026-04-10",220.169998168945,220.369995117188,216.660003662109,217.630004882812,4829000,217.630004882812,204.868001556396,220.977800292969,219.011050262451,210.119254438654,211.246317568599,55.6654297944446,-0.533530308559804,-2.18894238717125
"2026-04-13",216.25,222.210006713867,215.460006713867,222.139999389648,4136900,222.139999389648,205.480501556396,220.739800415039,219.127250289917,211.96859981573,212.053256962751,59.0669570966109,-0.0399225874826326,-1.75913842723353
"2026-04-14",221.690002441406,225.100006103516,221.320007324219,223.770004272461,4820900,223.770004272461,205.995501708984,220.540800476074,219.233200302124,213.784200501381,212.921164170877,60.2538833530442,0.405331397592246,-1.32624446226837
"2026-04-15",224.179992675781,224.720001220703,221.649993896484,223.929992675781,4397700,223.929992675781,206.651000976562,220.359000244141,219.280100250244,215.345091605135,213.736632949018,60.3753339360396,0.752542338635998,-0.910487102087498
"2026-04-16",225,225.100006103516,215.399993896484,218.880004882812,7089600,218.880004882812,207.295500946045,220.073600463867,219.326850280762,215.888924417085,214.117623462633,54.6942277906887,0.8272560314315,-0.562938475383699
"2026-04-17",223.070007324219,230.240005493164,222.5,223.380004882812,8874900,223.380004882812,208.405501556396,219.822200622558,219.394800338745,217.041398334889,214.803725790053,58.4464484885932,1.0417289256067,-0.242004995185619
"2026-04-20",222.229995727539,225.369995117188,220.350006103516,225.080001831055,5014500,225.080001831055,209.90350189209,219.584800720215,219.460050354004,218.278106565069,215.56493142272,59.8009241876829,1.25863475308419,0.0581229544683422
"2026-04-21",223.289993286133,225.660003662109,218.899993896484,219.160003662109,7566300,219.160003662109,210.94100189209,219.107400817871,219.47625038147,218.413783041536,215.831233070082,53.2870032814448,1.19655989298615,0.285810342171904
"2026-04-22",227.050003051758,232.600006103516,221.220001220703,231.279998779297,15779500,231.279998779297,212.684001922607,218.83880065918,219.539500350952,220.393200847346,216.97558608558,62.3330797318323,1.57511488892488,0.543671251522498
"2026-04-23",231.509994506836,235.910003662109,228.770004272461,234.149993896484,8087600,234.149993896484,214.411001586914,218.670000610351,219.617650299072,222.509630547213,218.247764441943,64.1056832701867,1.952765067797,0.825490014777399
"2026-04-24",234.990005493164,236.449996948242,232.070007324219,232.440002441406,5732700,232.440002441406,216.315001678467,218.593600769043,219.646850280762,224.037380069397,219.299041330792,62.2266881498306,2.16067462486405,1.09252693679473
"2026-04-27",233,235.449996948242,229.389999389648,231.330001831055,4402600,231.330001831055,218.355501556396,218.433200683594,219.673050308228,225.159321878883,220.190223590071,60.9772608495843,2.25672975293523,1.32536750002283
"2026-04-28",231.050003051758,231.330001831055,227.070007324219,230.720001220703,3807800,230.720001220703,220.431001281738,218.18840057373,219.692450332642,226.014811008393,220.970207118266,60.2611773746037,2.28293395562944,1.51688079114415
"2026-04-29",230.220001220703,230.259994506836,221.149993896484,224.110000610352,6377700,224.110000610352,221.685001373291,217.789800720215,219.660450363159,225.721763254849,221.202784413976,52.9982282109701,2.04291227745825,1.62208708840697
"2026-04-30",225.899993896484,229.550003051758,224.610000610352,229.029998779297,4841300,229.029998779297,222.770500946045,217.591800842285,219.655600357056,226.230722566302,221.782578070666,57.1390393020136,2.00563296464993,1.69879626365556
"2026-05-01",230.399993896484,231.509994506836,227.259994506836,227.380004882812,3494200,227.380004882812,223.72850112915,217.465200805664,219.643000411987,226.407535230381,222.197202278973,55.3770507166274,1.89486317029361,1.73800964498317
"2026-05-04",226.490005493164,227.869995117188,221.039993286133,221.300003051758,4860900,221.300003051758,224.17850112915,217.250600891113,219.594500427246,225.621761049054,222.130743076958,49.3393741004871,1.57160504833274,1.70472872565309
"2026-05-05",223.100006103516,225.559997558594,221.740005493164,224.380004882812,3852100,224.380004882812,224.897501373291,217.129400939941,219.569700469971,225.430721638863,222.297355062576,52.1835058147922,1.40953839752367,1.6456906600272
"2026-05-06",230.929992675781,232.080001831055,228.100006103516,229.929992675781,7166900,229.929992675781,225.504000854492,217.060200805664,219.572750396729,226.122917183004,222.862735626517,56.8810713953116,1.46286526875909,1.60912558177358
"2026-05-07",231.449996948242,236.630004882812,229.600006103516,231.029998779297,8489800,231.029998779297,226.052500915527,217.073600769043,219.585500411987,226.877852813203,223.467718082279,57.7666725428181,1.52600776532232,1.59250201848333
"2026-05-08",233.800003051758,238.539993286133,231.75,237.360000610352,7525300,237.360000610352,227.039000701904,217.232600708008,219.602900390625,228.490490935841,224.496776047321,62.5352269258509,1.77896313650321,1.62979424208731
"2026-05-11",239.440002441406,241.210006713867,236.520004272461,238.210006713867,6267000,238.210006713867,227.842501068115,217.446200866699,219.637600402832,229.985801055538,225.51257091151,63.137125793578,1.98358349867021,1.70055209340389
"2026-05-12",239,239.020004272461,231.110000610352,236.869995117188,7041000,236.869995117188,228.497500610351,217.58880065918,219.656650390625,231.044907834253,226.353861593412,61.4607571751356,2.07243923643208,1.77492952200952
"2026-05-13",237.229995727539,242.270004272461,234.399993896484,240.600006103516,7438700,240.600006103516,229.331001281738,217.918400878906,219.677600402832,232.514922952601,227.409131557123,64.3020393015272,2.24520069203784,1.86898375601519
"2026-05-14",243.520004272461,244.070007324219,227.5,229.210006713867,17761100,229.210006713867,229.847501373291,217.956401062012,219.693250427246,232.006474300488,227.542529716882,51.7545230860962,1.96180669572419,1.88754834395699
"2026-05-15",226.850006103516,226.850006103516,220.449996948242,220.490005493164,9479900,220.490005493164,229.703001403808,217.925001220703,219.666500473022,230.234709868592,227.020120515125,44.5820264596756,1.41599314905336,1.79323730497626
"2026-05-18",220.479995727539,221.169998168945,216.789993286133,220.610000610352,6568200,220.610000610352,229.479501342773,217.715001220703,219.660350494385,228.753985367324,226.545296818475,44.6956094672456,0.974943457166,1.62957853541421
"2026-05-19",218.839996337891,220.050003051758,214,215.009994506836,5355300,215.009994506836,229.27200088501,217.51520111084,219.625900497437,226.639525234942,225.690829980576,40.5215521786834,0.420351706113631,1.38773316955409
"2026-05-20",216.800003051758,223.020004272461,216.5,222.199996948242,7708500,222.199996948242,228.818000793457,217.604001159668,219.625200500488,225.956520883142,225.432249755959,47.3235329829652,0.232562611494291,1.15669905794213
"2026-05-21",219.389999389648,221.169998168945,215.720001220703,219.610000610352,6412800,219.610000610352,228.09100112915,217.714201049805,219.598950500488,224.980133148866,225.000972041469,45.313256263193,-0.00926169003364619,0.923506908346978
"2026-05-22",220.850006103516,221.110000610352,217.169998168945,219.020004272461,4647100,219.020004272461,227.420001220703,217.999401245117,219.56885055542,224.063190244804,224.557937391913,44.8459125567428,-0.220320489605264,0.69474142875653
"2026-05-26",221.300003051758,222.410003662109,217.910003662109,218.899993896484,5908000,218.899993896484,226.798500823974,218.179601135254,219.526700515747,223.268852345062,224.138830466326,44.7448225837518,-0.388142527313762,0.478164637542471
"2026-05-27",221.5,226.899993896484,220.699996948242,224.300003051758,11049100,224.300003051758,226.477500915527,218.396201171875,219.50260055542,223.427490915323,224.150769176358,50.1860466201832,-0.322674895871344,0.317996730859708
"2026-05-28",224,229.910003662109,222.850006103516,228.779998779297,6526400,228.779998779297,226.711000823974,218.755401000976,219.516700515747,224.250953663627,224.493675072872,54.2143383250332,-0.108119486736624,0.232773487340442
"2026-05-29",228.440002441406,232.300003051758,226.25,231.149993896484,6938100,231.149993896484,226.817000579834,219.258600769043,219.509400482178,225.312344468682,224.986735726473,56.2308136418786,0.144723528326107,0.215163495537575
"2026-06-01",228.360000610352,228.800003051758,222.210006713867,224.300003051758,6400900,224.300003051758,226.663000488281,219.721000976562,219.464050521851,225.156599635309,224.935866639457,49.4517144100586,0.0981315248429926,0.191757101398658
"2026-06-02",222.520004272461,224.690002441406,215.009994506836,217.699996948242,7655600,217.699996948242,226.483000183105,220.172601013183,219.386600494385,224.009429991145,224.399876291959,43.9534049749187,-0.173995773645907,0.118606526389745
"2026-06-03",216.100006103516,216.350006103516,209.630004882812,210.580001831055,9105900,210.580001831055,225.793000030517,220.416000976562,219.263200531006,221.943364120362,223.376181887448,38.9253461464187,-0.641437128604971,-0.0334022046091981
"2026-06-04",213,221.600006103516,212.800003051758,217.419998168945,8055000,217.419998168945,225.167500305176,220.836000976562,219.18825050354,221.247461666298,222.934983093485,45.388610364041,-0.75695676101204,-0.178113115889766
"2026-06-05",216.580001831055,218.369995117188,213.630004882812,215.449996948242,4804000,215.449996948242,224.388500213623,221.15280090332,219.140500488281,220.355544017366,222.380539675319,43.9461398678296,-0.910599309143334,-0.32461035454048
"2026-06-08",216.300003051758,217.789993286133,215,215.919998168945,3711700,215.919998168945,223.316500091553,221.584000854492,219.09200050354,219.673152348378,221.901981045217,44.4001347588215,-1.00442036900275,-0.460572357432933
"2026-06-09",216.5,220.009994506836,212.229995727539,214.509994506836,5198800,214.509994506836,222.131499481201,222.06380065918,219.042250442505,218.878820372756,221.354426486818,43.2679490013705,-1.11839015526056,-0.592135916998459
"2026-06-10",213.070007324219,213.699996948242,207.949996948242,209,7038100,209,220.737999725342,222.459600524902,218.936650466919,217.359001853871,220.439283784091,39.0747522489817,-1.39733802312537,-0.753176338223841
"2026-06-11",209.839996337891,221.770004272461,209.800003051758,221.630004882812,6651500,221.630004882812,219.789499664306,222.911600646973,218.910450515747,218.016079242939,220.527485346959,50.8362137073533,-1.13881773061959,-0.830304616702991
"2026-06-12",222.369995117188,223.509994506836,216.699996948242,219.050003051758,5665800,219.050003051758,219.281499481201,223.146200561523,218.831550521851,218.175144444295,220.418042213981,48.765235674108,-1.017565416677,-0.867756776697793
"2026-06-15",225.300003051758,231.339996337891,225.220001220703,228.949996948242,8596000,228.949996948242,219.704499053955,223.560800476074,218.798200531006,219.832814060287,221.050038860964,56.1475968626691,-0.550655773212549,-0.804336576000745
"2026-06-16",229.470001220703,230.300003051758,225.300003051758,227.490005493164,3705900,227.490005493164,220.048499298096,223.864600524902,218.754850540161,221.010843511499,221.527073426312,54.8914644141391,-0.233032426614244,-0.690075746123445
"2026-06-17",227.020004272461,230.539993286133,225.300003051758,225.630004882812,5006800,225.630004882812,220.579499816894,224.177200622558,218.709600601196,221.72148372247,221.830994274941,53.2568066573444,-0.0493666598886167,-0.561933928876479
"2026-06-18",227.75,228.990005493164,220.119995117188,222.720001220703,8822500,222.720001220703,220.605500030517,224.275600585937,218.636300582886,221.875101799121,221.896846641294,50.712317456374,-0.00979952734881939,-0.451507048570947
"2026-06-22",223,223.550003051758,220.110000610352,220.830001831055,4300300,220.830001831055,220.666500091553,224.291000671387,218.578550567627,221.71431718865,221.817821099795,49.0724233426469,-0.0466616751675475,-0.370537973890267
"2026-06-23",218.889999389648,221.479995727539,216.639999389648,216.710006713867,4572500,216.710006713867,220.551000213623,224.272600708008,218.508350601196,220.944423269452,221.439464478615,45.6099853607315,-0.223555999978753,-0.341141579107964
"2026-06-24",218.190002441406,222.25,217.679992675781,220.25,4354300,220.25,220.618500518799,224.234800720215,218.461550598145,220.837588920306,221.351355998718,48.9433817749988,-0.232104780245768,-0.319334219335525
"2026-06-25",220.600006103516,224.130004882812,217.160003662109,218.119995117188,4687600,218.119995117188,220.30950012207,224.121800537109,218.397400588989,220.41949756598,221.111995933419,47.0739431531937,-0.313188963138711,-0.318105168096162
"2026-06-26",217.550003051758,222.580001831055,215.360000610352,217.25,11704500,217.25,219.733000183105,223.988200683594,218.336050567627,219.931882555829,220.825922160573,46.2961167150535,-0.404861710073146,-0.335456476491559
"2026-06-29",218.630004882812,219.509994506836,213.949996948242,214.690002441406,5848500,214.690002441406,218.910000610351,223.904400634766,218.271900558472,219.125439461303,220.371409588783,43.992611071368,-0.565395542827252,-0.381444289758697
"2026-06-30",216.5,219.229995727539,214.729995727539,216.470001220703,7006200,216.470001220703,218.518500518799,223.766200561523,218.254300537109,218.71691050121,220.082416376333,46.0043352930769,-0.620452055009912,-0.42924584280894
