"Date","F.Open","F.High","F.Low","F.Close","F.Volume","F.Adjusted","SMA20","SMA50","SMA200","EMA12","EMA26","RSI","MACD","Signal"
"2020-01-02",9.28999996185303,9.42000007629395,9.1899995803833,9.42000007629395,43425700,6.86606931686401,NA,NA,NA,NA,NA,NA,NA,NA
"2020-01-03",9.3100004196167,9.36999988555908,9.14999961853027,9.21000003814697,45040800,6.71300315856934,NA,NA,NA,NA,NA,NA,NA,NA
"2020-01-06",9.10000038146973,9.17000007629395,9.0600004196167,9.15999984741211,43372300,6.67655897140503,NA,NA,NA,NA,NA,NA,NA,NA
"2020-01-07",9.19999980926514,9.25,9.11999988555908,9.25,44984100,6.74215936660767,NA,NA,NA,NA,NA,NA,NA,NA
"2020-01-08",9.22999954223633,9.30000019073486,9.17000007629395,9.25,45994900,6.74215936660767,NA,NA,NA,NA,NA,NA,NA,NA
"2020-01-09",9.30000019073486,9.3100004196167,9.18000030517578,9.26000022888184,51817400,6.74944829940796,NA,NA,NA,NA,NA,NA,NA,NA
"2020-01-10",9.27000045776367,9.35999965667725,9.25,9.25,39796300,6.74215936660767,NA,NA,NA,NA,NA,NA,NA,NA
"2020-01-13",9.25,9.26000022888184,9.10999965667725,9.23999977111816,48553700,6.73487091064453,NA,NA,NA,NA,NA,NA,NA,NA
"2020-01-14",9.22000026702881,9.32999992370605,9.21000003814697,9.28999996185303,42935600,6.77131462097168,NA,NA,NA,NA,NA,NA,NA,NA
"2020-01-15",9.27000045776367,9.30000019073486,9.18000030517578,9.1899995803833,55923900,6.69842672348022,NA,NA,NA,NA,NA,NA,NA,NA
"2020-01-16",9.22999954223633,9.27999973297119,9.14999961853027,9.17000007629395,44310400,6.68384885787964,NA,NA,NA,NA,NA,NA,NA,NA
"2020-01-17",9.1899995803833,9.22999954223633,9.13000011444092,9.15999984741211,41644900,6.67655897140503,NA,NA,NA,6.73304816087087,NA,NA,NA,NA
"2020-01-21",9.14999961853027,9.22000026702881,9.10000038146973,9.21000003814697,49556400,6.71300315856934,NA,NA,NA,6.72996431436294,NA,NA,NA,NA
"2020-01-22",9.22000026702881,9.25,9.14999961853027,9.15999984741211,39914800,6.67655897140503,NA,NA,NA,6.72174810775403,NA,NA,NA,NA
"2020-01-23",9.14000034332275,9.15999984741211,8.93000030517578,9.14000034332275,75848700,6.66198253631592,NA,NA,NA,6.71255340445586,NA,29.4118439344458,NA,NA
"2020-01-24",9.10999965667725,9.11999988555908,8.96000003814697,9,68100900,6.55993938446045,NA,NA,NA,6.68907432445657,NA,24.074165945076,NA,NA
"2020-01-27",8.88000011444092,8.96000003814697,8.77999973297119,8.89000034332275,60769300,6.47976207733154,NA,NA,NA,6.65687244028349,NA,20.8694252790943,NA,NA
"2020-01-28",8.9399995803833,9,8.85999965667725,8.97000026702881,85163400,6.5380711555481,NA,NA,NA,6.63859531955497,NA,28.340526929243,NA,NA
"2020-01-29",8.85000038146973,8.96000003814697,8.84000015258789,8.85999965667725,59057400,6.56772184371948,NA,NA,NA,6.62769170788797,NA,31.8634545546598,NA,NA
"2020-01-30",8.8100004196167,8.84000015258789,8.72999954223633,8.84000015258789,42827800,6.55289793014526,6.67732574939728,NA,NA,6.61618497285063,NA,31.0417990407128,NA,NA
"2020-01-31",8.77999973297119,8.84000015258789,8.73999977111816,8.81999969482422,59813700,6.53807163238525,6.66092586517334,NA,NA,6.60416753585595,NA,30.2029180633347,NA,NA
"2020-02-03",8.85000038146973,9.14000034332275,8.85000038146973,8.97999954223633,71405400,6.65667676925659,6.6581095457077,NA,NA,6.61224587945605,NA,43.3839273917175,NA,NA
"2020-02-04",9.07999992370605,9.23999977111816,9.06999969482422,9.18000030517578,86196400,6.804931640625,6.6645281791687,NA,NA,6.64188984271281,NA,54.8593642833343,NA,NA
"2020-02-05",8.40999984741211,8.47999954223633,8.26000022888184,8.3100004196167,145792500,6.16002130508423,6.63542127609253,NA,NA,6.56775622153919,NA,28.1399208012171,NA,NA
"2020-02-06",8.36999988555908,8.38000011444092,8.25,8.25,68823400,6.11554384231567,6.60409049987793,NA,NA,6.49818508627403,NA,27.1575126019723,NA,NA
"2020-02-07",8.21000003814697,8.21000003814697,8.02000045776367,8.10999965667725,98256500,6.01176452636719,6.56720631122589,NA,NA,6.42335115398067,6.60898171938383,24.967254116623,-2.80876197400746,NA
"2020-02-10",8.14999961853027,8.14999961853027,8.05000019073486,8.0600004196167,71834900,5.97470140457153,6.52883341312408,NA,NA,6.35432811561003,6.56199799236069,24.2161060260158,-3.16473545088591,NA
"2020-02-11",8.10000038146973,8.14999961853027,8.07999992370605,8.10000038146973,80164500,6.00435161590576,6.49230744838715,NA,NA,6.30048557719399,6.52069085336403,26.1307539803665,-3.37702370994075,NA
"2020-02-12",8.14000034332275,8.32999992370605,8.13000011444092,8.23999977111816,111536800,6.10812997817993,6.45914821624756,NA,NA,6.2708924081149,6.49013078853558,32.5536942776403,-3.3780271548294,NA
"2020-02-13",8.21000003814697,8.35999965667725,8.21000003814697,8.25,67648800,6.11554384231567,6.43000407218933,NA,NA,6.24699262876118,6.4623836073341,33.0018772440237,-3.33299586747656,NA
"2020-02-14",8.27000045776367,8.27000045776367,8.07999992370605,8.10000038146973,46359700,6.00435161590576,6.39602921009064,NA,NA,6.20966324216804,6.42845531167275,29.8031724428945,-3.40349366833785,NA
"2020-02-18",8.11999988555908,8.14999961853027,8.02000045776367,8.0600004196167,65094800,5.97470140457153,6.36093633174896,NA,NA,6.17351526715319,6.39484391114673,28.9960988463683,-3.46104841758135,NA
"2020-02-19",8.0600004196167,8.10000038146973,8,8,69668200,5.93022441864014,6.3217973947525,NA,NA,6.13608590584349,6.36042765244254,27.7807878142632,-3.52714878397992,NA
"2020-02-20",8,8.06999969482422,7.98999977111816,8.02999973297119,52318200,5.95246267318726,6.28559257984161,NA,NA,6.10783617774253,6.33020802434955,29.374677801575,-3.512867914477,-3.3295669935018
"2020-02-21",8.02000045776367,8.02999973297119,7.8899998664856,7.8899998664856,58326300,5.84868335723877,6.24492762088776,NA,NA,6.06796651304964,6.2945395304895,26.4418156013715,-3.59951695183385,-3.38355698516821
"2020-02-24",7.69999980926514,7.71999979019165,7.55000019073486,7.57000017166138,110048200,5.61147499084473,6.19750440120697,NA,NA,5.99773704809504,6.24394215718248,21.225340924655,-3.94310361770764,-3.4954663116761
"2020-02-25",7.67999982833862,7.67999982833862,7.21999979019165,7.23000001907349,108888300,5.35943937301636,6.14148826599121,NA,NA,5.89953740577524,6.17842343242943,17.3163931413857,-4.51387040244546,-3.69914712982997
"2020-02-26",7.30000019073486,7.46000003814697,7.21000003814697,7.21000003814697,92469500,5.34461450576782,6.0818154335022,NA,NA,5.81416465192795,6.11665980823228,17.1167110619724,-4.94543044387078,-3.94840379263813
"2020-02-27",7.13000011444092,7.28000020980835,6.92000007629395,6.96999979019165,118642400,5.16670703887939,6.01176469326019,NA,NA,5.71455578838202,6.04629293642836,14.8966793888026,-5.48662050506447,-4.2560471351234
"2020-02-28",6.84000015258789,6.96000003814697,6.67000007629395,6.96000003814697,116490700,5.15929555892944,5.9420845746994,NA,NA,5.629131137697,5.98058942698399,14.8104998802296,-5.87664967772633,-4.58016764364399
"2020-03-02",7.1100001335144,7.23000001907349,6.88000011444092,7.19999980926514,96766000,5.33720111846924,5.8820410490036,NA,NA,5.58421882704658,5.93293103376068,25.8931175545033,-5.87757054194281,-4.83964822330375
"2020-03-03",7.28999996185303,7.34000015258789,6.8899998664856,6.96999979019165,97457800,5.16670703887939,5.80754256248474,NA,NA,5.51998624425163,5.87617370080651,22.8281152587298,-6.06155424755392,-5.08402942815379
"2020-03-04",7.09000015258789,7.09000015258789,6.92000007629395,7.07999992370605,70588100,5.2482476234436,5.72970836162567,NA,NA,5.47818030258885,5.82966065803889,27.2626988461409,-6.02917349855271,-5.27305824223357
"2020-03-05",6.96000003814697,6.96999979019165,6.71000003814697,6.73999977111816,78070900,4.99621391296387,5.67151799201965,NA,NA,5.40403162726193,5.7679238621074,22.8852684816599,-6.30889456145697,-5.48022550607825
"2020-03-06",6.59999990463257,6.67999982833862,6.40000009536743,6.48999977111816,109932200,4.81089353561401,5.60628547668457,NA,NA,5.31277961316225,5.6970327268116,20.3037466005845,-6.74479386156515,-5.73313917717563
"2020-03-09",5.96999979019165,6.1399998664856,5.86999988555908,5.90000009536743,103901700,4.37353992462158,5.52437424659729,NA,NA,5.16828119954061,5.59899622294567,15.7798158083078,-7.69271859194893,-6.12505506013029
"2020-03-10",6.26000022888184,6.28999996185303,5.80000019073486,6.26000022888184,101873600,4.64039993286133,5.45765917301178,NA,NA,5.08706869697457,5.52798909034683,26.53581788867,-7.97614442007879,-6.49527293211999
"2020-03-11",6.05999994277954,6.1100001335144,5.88000011444092,5.90000009536743,98587100,4.37353992462158,5.37611858844757,NA,NA,4.97729503968949,5.44247433733014,23.3274338923516,-8.54720240847016,-6.90565882739002
"2020-03-12",5.38000011444092,5.69000005722046,5.19999980926514,5.34999990463257,89453100,3.96583724021912,5.26900395154953,NA,NA,4.82168614746328,5.33309381161822,19.4568896326057,-9.58932436254594,-7.44239193442121
"2020-03-13",5.86999988555908,5.90000009536743,5.11999988555908,5.63000011444092,125375300,4.17339515686035,5.17189651727676,5.98948363780975,NA,4.72194907198591,5.24719020756208,26.1727573646583,-10.0099503696133,-7.95590362145962
"2020-03-16",5.03999996185303,5.21999979019165,5,5.01000022888184,110310900,3.71380162239075,5.05736901760101,5.92643828392029,NA,4.56684946435588,5.13360586791976,21.8318245791922,-11.0401230274722,-8.57274750266214
"2020-03-17",5.07999992370605,5.1399998664856,4.69999980926514,5.01000022888184,104233500,3.71380162239075,4.94432402849197,5.86645425319672,NA,4.43561133482279,5.02843518306576,21.8318245791922,-11.7894300445479,-9.2160840110393
"2020-03-18",4.75,4.84000015258789,4.09999990463257,4.5,125954700,3.33575129508972,4.81460037231445,5.79963809967041,NA,4.26640209794077,4.90305119136383,18.849360169255,-12.9847531378917,-9.96981783640979
"2020-03-19",4.32999992370605,4.57999992370605,4.09999990463257,4.46999979019165,126603800,3.31351280212402,4.68265287876129,5.73106516838074,NA,4.1198037447382,4.78530760697569,18.6876341199925,-13.9072326566294,-10.7573008004537
"2020-03-20",4.53999996185303,4.75,4.25,4.32999992370605,129378600,3.20973348617554,4.55070538520813,5.66041665077209,NA,3.97979293572856,4.66859841284235,17.915142519319,-14.7540100090646,-11.5566426421759
"2020-03-23",4.26999998092651,4.51999998092651,3.96000003814697,4.01000022888184,134925000,2.97252511978149,4.41875789165497,5.58487818717957,NA,3.82482865635209,4.5429633540971,16.2605932228845,-15.8076269115699,-12.4068394960547
"2020-03-24",4.46999979019165,4.98999977111816,4.26000022888184,4.94999980926514,146192100,3.6693263053894,4.33425223827362,5.5234215259552,NA,3.80090521774244,4.47824949863727,35.1943190475864,-15.1252019589562,-12.950511988635
"2020-03-25",5.76999998092651,5.86999988555908,5.11999988555908,5.3899998664856,198999400,3.9954891204834,4.2667959690094,5.46863389015198,NA,3.83084120277951,4.44248947062587,41.8249275476039,-13.7681422069908,-13.1140380323061
"2020-03-26",5.3600001335144,5.65000009536743,5.15999984741211,5.25,138227600,3.89170837402344,4.2030460357666,5.41104176521301,NA,3.84020538297089,4.40169087087755,40.4082299380206,-12.7561317770305,-13.042456781251
"2020-03-27",5.07000017166138,5.30000019073486,4.90999984741211,5.19000005722046,106324000,3.84723258018494,4.13744288682938,5.35401788234711,NA,3.84128649023459,4.3606198863818,39.7862638246325,-11.9096231654836,-12.8158900580975
"2020-03-30",5.1100001335144,5.11999988555908,4.92999982833862,5.03000020980835,97879700,3.72862958908081,4.05701431035996,5.29491349697113,NA,3.82395465928785,4.31380579028543,38.1020328108858,-11.3554284734076,-12.5237977411595
"2020-03-31",5.03000020980835,5.19000005722046,4.75,4.82999992370605,231800800,3.58037209510803,3.97769756317139,5.23298975944519,NA,3.7864804186448,4.25947736842044,36.0477852245106,-11.1045771315141,-12.2399536192304
"2020-04-01",4.63000011444092,4.76999998092651,4.3600001335144,4.40000009536743,119174500,3.26162338256836,3.87836635112762,5.16396216392517,NA,3.70573318232535,4.18556225835732,32.0473009692177,-11.4639096593031,-12.084744827245
"2020-04-02",4.3899998664856,4.57000017166138,4.25,4.3600001335144,90891700,3.23197197914124,3.79015425443649,5.0950704240799,NA,3.63284684337395,4.11492594137835,31.6949258654448,-11.7153772600564,-12.0108713138073
"2020-04-03",4.40000009536743,4.42000007629395,4.17000007629395,4.23999977111816,85659900,3.14301872253418,3.7067605137825,5.02469114780426,NA,3.55748867093706,4.04293281405656,30.6076372387341,-12.0072275609354,-12.0101425632329
"2020-04-06",4.53999996185303,4.67000007629395,4.40999984741211,4.53000020980835,102205300,3.357990026474,3.65598301887512,4.96065216064453,NA,3.5267965717889,3.99219631127267,36.2952526743502,-11.657736824455,-11.9396614154773
"2020-04-07",4.84999990463257,5.03000020980835,4.63000011444092,4.71000003814697,115150400,3.49141955375671,3.59853399991989,4.90088531017303,NA,3.5213539536301,3.95510173664185,39.6041391330337,-10.9667920547611,-11.7450875433341
"2020-04-08",4.8600001335144,5.09000015258789,4.80000019073486,5.03000020980835,117022200,3.72862958908081,3.56628848314285,4.84469647884369,NA,3.55324251293021,3.9383260220077,45.0668746013932,-9.7778474134852,-11.3516395173643
"2020-04-09",5.51000022888184,5.75,5.23999977111816,5.36999988555908,175681700,3.98066306114197,3.567029774189,4.79295530319214,NA,3.6189995203474,3.94146209898061,50.2188928568152,-8.18129340166962,-10.7175702942254
"2020-04-13",5.42999982833862,5.42999982833862,5.01999998092651,5.15999984741211,99320000,3.82499384880066,3.54960970878601,4.73839722156525,NA,3.65069095549406,3.9328348211895,47.2700071438544,-7.17405837070246,-10.0088679095208
"2020-04-14",5.26999998092651,5.44000005722046,5.15999984741211,5.28999996185303,74877000,3.92136120796204,3.55998768806458,4.68606301307678,NA,3.69233253279682,3.9319849239134,49.2564829750021,-6.09494684628782,-9.22608369687419
"2020-04-15",5.05999994277954,5.1399998664856,4.94999980926514,5.03000020980835,74727700,3.72862958908081,3.56072908639908,4.62750206947327,NA,3.69791669530205,3.91692156577765,45.5597774082121,-5.59124983224205,-8.49911692394776
"2020-04-16",5.05999994277954,5.07000017166138,4.8899998664856,4.94000005722046,58951200,3.66191387176514,3.57703721523285,4.56464171409607,NA,3.6923777993733,3.89803210696191,44.3198128992997,-5.27584950419752,-7.85446343999771
"2020-04-17",5.17000007629395,5.28000020980835,5.03000020980835,5.11999988555908,91989300,3.79534292221069,3.60112872123718,4.5173481464386,NA,3.70821858750213,3.89042550068404,47.4029709854672,-4.68347005102335,-7.22026476220284
"2020-04-20",5.01000022888184,5.09000015258789,4.90999984741211,4.98000001907349,71079400,3.69156455993652,3.62522027492523,4.46886856079102,NA,3.70565642941511,3.87569506062867,45.3018449808135,-4.3873067553972,-6.65367316084171
"2020-04-21",4.8899998664856,4.92000007629395,4.71999979019165,4.76999998092651,82400200,3.53589630126953,3.65338883399963,4.41935119628906,NA,3.67953948662348,3.85052478215762,42.274883507793,-4.44057122619861,-6.21105277391309
"2020-04-22",4.86999988555908,4.8899998664856,4.75,4.76999998092651,62237200,3.53589630126953,3.64671733379364,4.37057509422302,NA,3.65744053503057,3.8272189687585,42.274883507793,-4.43607839305337,-5.85605789774115
"2020-04-23",4.80000019073486,4.98000001907349,4.76999998092651,4.8899998664856,61959800,3.62484955787659,3.6281853556633,4.32298505306244,NA,3.65242653854534,3.81222864202651,44.7226466798945,-4.19182894015039,-5.523212106223
"2020-04-24",4.92999982833862,4.96000003814697,4.80000019073486,4.86999988555908,54320400,3.61002421379089,3.61410114765167,4.27302293777466,NA,3.64590310396773,3.79725053623128,44.3848410679388,-3.98571099850989,-5.21571188468038
"2020-04-27",4.90999984741211,5.19000005722046,4.88000011444092,5.17000007629395,91082800,3.83240699768066,3.61335986852646,4.22736020088196,NA,3.6745960106928,3.79985471856086,50.4328742281604,-3.2964078141257,-4.83185107056944
"2020-04-28",5.48999977111816,5.53999996185303,5.21999979019165,5.38000011444092,106222800,3.98807549476624,3.62633216381073,4.18703467845917,NA,3.72282362362717,3.81379699827978,54.1884795050617,-2.38537538032673,-4.3425559325209
"2020-04-29",5.32999992370605,5.5,5.21000003814697,5.26000022888184,126393000,3.8991219997406,3.64226965904236,4.14552309036255,NA,3.74994645072155,3.82011736875836,51.774417647591,-1.83687858940362,-3.84142046389744
"2020-04-30",5.15999984741211,5.23999977111816,5.05999994277954,5.09000015258789,93437900,3.77310514450073,3.66784374713898,4.10238070487976,NA,3.75350932668758,3.81663498177631,48.4794623401357,-1.65396102561942,-3.40392857624184
"2020-05-01",5.01999998092651,5.05000019073486,4.90000009536743,4.92000007629395,82660100,3.64708805084229,3.68859955072403,4.05627321243286,NA,3.73713682271138,3.80407594985527,45.3699779647281,-1.75966852466346,-3.07507656592616
"2020-05-04",4.88000011444092,4.96999979019165,4.76999998092651,4.8600001335144,84214700,3.60261082649231,3.71157915592194,4.01135176181793,NA,3.71644051560075,3.78915260738394,44.2902080916443,-1.9189539012363,-2.84385203298819
"2020-05-05",4.98999977111816,5.09000015258789,4.94000005722046,4.96999979019165,96301300,3.6841516494751,3.72788723707199,3.97280529499054,NA,3.71147299773527,3.78137475864995,46.7904076071312,-1.84858061885524,-2.6447977501616
"2020-05-06",5.05000019073486,5.09000015258789,4.82000017166138,4.86999988555908,89390400,3.61002421379089,3.7338174700737,3.93781699180603,NA,3.69586549251306,3.76868212569743,44.821097166505,-1.93215110098734,-2.50226842032675
"2020-05-07",4.90000009536743,4.98000001907349,4.84999990463257,4.86999988555908,67222900,3.61002421379089,3.7278872013092,3.90312518596649,NA,3.68265914194041,3.75692968777843,44.821097166505,-1.97689475210627,-2.39719368668266
"2020-05-08",4.96000003814697,5.25,4.94999980926514,5.23999977111816,101207100,3.88429641723633,3.72306886911392,3.87747697353363,NA,3.71368026121671,3.76636426033087,53.2621772029255,-1.39880254464629,-2.19751545827538
"2020-05-11",5.17999982833862,5.19000005722046,5.05000019073486,5.11999988555908,75734000,3.79534292221069,3.72158632278442,3.85019792079926,NA,3.72624374752347,3.76851082787752,50.5606844548276,-1.12158574791331,-1.98232951620297
"2020-05-12",5.15000009536743,5.21999979019165,4.96999979019165,4.98000001907349,70965200,3.69156455993652,3.71009649038315,3.8172851896286,NA,3.72090848789471,3.76281110432633,47.531702140209,-1.11359872366282,-1.80858335769494
"2020-05-13",5,5.01000022888184,4.65999984741211,4.71999979019165,100192300,3.4988317489624,3.69860659837723,3.78392768383026,NA,3.68674283575128,3.74325707800308,42.4459668691964,-1.50976118054783,-1.74881892226552
"2020-05-14",4.6399998664856,4.92000007629395,4.51999998092651,4.8899998664856,108061100,3.62484955787659,3.6967533826828,3.75145972251892,NA,3.67722079300133,3.7344861505863,46.4783417069973,-1.5334200014635,-1.70573913810512
"2020-05-15",4.80000019073486,4.94000005722046,4.75,4.90000009536743,80544700,3.63226222991943,3.68859934806824,3.72418068885803,NA,3.67030409098873,3.72691400831468,46.7148350895998,-1.51894884614076,-1.66838107971224
"2020-05-18",5.11999988555908,5.32999992370605,5.11999988555908,5.30999994277954,136157700,3.93618607521057,3.70083042383194,3.70668653964996,NA,3.71120901163824,3.74241564289956,55.4137494767016,-0.83386331821611,-1.50147752741302
"2020-05-19",5.26999998092651,5.44999980926514,5.15000009536743,5.30000019073486,94836300,3.92877411842346,3.72047431468964,3.697791223526,NA,3.74468056652828,3.75621997441985,55.1771733172341,-0.307207990217817,-1.26262361997398
"2020-05-20",5.38000011444092,5.53999996185303,5.36999988555908,5.48999977111816,87685400,4.06961631774902,3.74716031551361,3.68637555122376,NA,3.7946706821007,3.77943451837016,58.7784947808129,0.403133422645152,-0.929472211450151
"2020-05-21",5.44999980926514,5.69000005722046,5.44000005722046,5.63000011444092,87098200,4.17339515686035,3.7745875954628,3.68237265586853,NA,3.85293598590988,3.80861678788795,61.2491095229354,1.16365600663384,-0.510846567833353
"2020-05-22",5.67999982833862,5.73000001907349,5.5,5.65000009536743,76656500,4.18822145462036,3.80349745750427,3.68682034015656,NA,3.90451836571149,3.83673565209035,61.6031762170278,1.76667666911601,-0.0553419204434809
"2020-05-26",5.92000007629395,5.98999977111816,5.82000017166138,5.84000015258789,86046300,4.3290638923645,3.82833030223846,3.68993371486664,NA,3.96983306211964,3.87320441062918,64.8854582342197,2.49479865367521,0.454686194380258
"2020-05-27",6.01000022888184,6.09000015258789,5.84000015258789,6.03000020980835,110413900,4.46990585327148,3.85242182016373,3.70505579948425,NA,4.04676733768147,3.91740451749157,67.8455482293759,3.30225841146292,1.02420063779679
"2020-05-28",6.05000019073486,6.07000017166138,5.80999994277954,5.84999990463257,76930200,4.33647632598877,3.87428953647614,3.71750929355621,NA,4.0913379512672,3.94844687367655,62.4726068084108,3.6189185814625,1.54314422652993
"2020-05-29",5.75,5.80000019073486,5.57000017166138,5.71000003814697,92936300,4.23269701004028,3.89726912975311,3.73544820785522,NA,4.11308549877075,3.96950243933312,58.5863564187633,3.61715508762239,1.95794639874843
"2020-06-01",5.73000001907349,5.88000011444092,5.67000007629395,5.86999988555908,61879700,4.35130214691162,3.93247983455658,3.75620399475098,NA,4.14973421386935,3.99778389915375,61.5316090339044,3.80086364217342,2.32652984743343
"2020-06-02",5.96000003814697,6,5.82999992370605,5.90000009536743,80046000,4.37353992462158,3.97102628946304,3.7794801235199,NA,4.18416586167739,4.02561767881804,62.0761914609759,3.93848088688595,2.64892005532393
"2020-06-03",5.98999977111816,6.26999998092651,5.92000007629395,6.19000005722046,98876600,4.58851099014282,4.01624425649643,3.81179984092712,NA,4.24637280451822,4.06731347965691,66.9474177442946,4.40239794048078,2.9996156323553
"2020-06-04",6.19999980926514,6.57999992370605,6.11999988555908,6.57000017166138,115798600,4.8701958656311,4.07925283908844,3.83581723213196,NA,4.34234558315097,4.12678624898833,72.019141569237,5.22341893078389,3.44437629204102
"2020-06-05",7.23999977111816,7.5,7.01999998092651,7.34000015258789,208648200,5.44098091125488,4.17080067396164,3.86472706794739,NA,4.51136640285927,4.22413400174881,79.0381232083443,6.79979378001587,4.11545978963599
"2020-06-08",7.53000020980835,7.73999977111816,7.36999988555908,7.53000020980835,113169300,5.58182430267334,4.25567706823349,3.89852938652039,NA,4.67605223359989,4.32470365366915,80.3481073167842,8.12422325475763,4.91721248266032
"2020-06-09",7.21999979019165,7.44000005722046,7.05000019073486,7.23999977111816,115749600,5.36685228347778,4.33425253629684,3.92892178058624,NA,4.78232916435034,4.40189984846979,72.8633903305314,8.64238917232054,5.66224782059236
"2020-06-10",7.32999992370605,7.34000015258789,6.76999998092651,6.80999994277954,147327100,5.04810285568237,4.40207945108414,3.95531124591827,NA,4.82321742455527,4.44976673789294,63.4285098622208,8.39259018865239,6.20831629420437
"2020-06-11",6.07000017166138,6.46000003814697,6.03999996185303,6.13000011444092,116184700,4.54403448104858,4.45433958768845,3.97458449363709,NA,4.78026620247731,4.45674953368225,51.9683500049629,7.25902737746555,6.41845851085661
"2020-06-12",6.55999994277954,6.63000011444092,6.30000019073486,6.46000003814697,88778000,4.78865575790405,4.51252989768982,4.0051251411438,NA,4.7815569033122,4.4813351799209,56.1125087629709,6.69938112945601,6.47464303457649
"2020-06-15",6.17999982833862,6.57999992370605,6.1100001335144,6.5,104742600,4.81830739974976,4.57183215618134,4.03685184955597,NA,4.78721082584105,4.50629608509341,56.6013015448175,6.23382785869071,6.42647999939933
"2020-06-16",6.86999988555908,6.86999988555908,6.44000005722046,6.55000019073486,109535200,4.85537052154541,4.61779137849808,4.07109888553619,NA,4.79769693287249,4.53215345075652,57.2423280883449,5.85910174933828,6.31300434938712
"2020-06-17",6.55999994277954,6.55999994277954,6.30999994277954,6.32999992370605,67831400,4.69229125976562,4.65596723556519,4.09778491020203,NA,4.78148067547144,4.54401551068312,53.4979646904911,5.22588807696687,6.09558109490307
"2020-06-18",6.26000022888184,6.44999980926514,6.19000005722046,6.32999992370605,61301800,4.69229125976562,4.68710098266602,4.1218023443222,NA,4.76775922690131,4.55499889950405,53.4979646904911,4.6709194028659,5.81064875649564
"2020-06-19",6.6399998664856,6.69000005722046,6.23000001907349,6.23000001907349,126127800,4.61816167831421,4.70933930873871,4.13959298610687,NA,4.74474421942637,4.55967762386036,51.714616326776,4.05876491350134,5.46027198789678
"2020-06-22",6.26999998092651,6.28000020980835,6.13000011444092,6.28000020980835,71724300,4.65522527694702,4.73268949985504,4.15308423042297,NA,4.73097207442955,4.5667552277927,52.5660078555882,3.59591960693326,5.08740151170408
"2020-06-23",6.32999992370605,6.38000011444092,6.1399998664856,6.15000009536743,86672800,4.55885982513428,4.74417929649353,4.16776154994965,NA,4.70449326684566,4.56617038315134,50.0928716888533,3.0292974656557,4.6757807024944
"2020-06-24",6.05999994277954,6.11999988555908,5.8600001335144,5.94999980926514,75536300,4.41060447692871,4.74121422767639,4.17754641532898,NA,4.65927960685844,4.5546469826904,46.4704918140411,2.29727187564008,4.20007893712354
"2020-06-25",5.8600001335144,6.05000019073486,5.80000019073486,6.03000020980835,73612700,4.46990585327148,4.74788570404053,4.19237194061279,NA,4.63014518322967,4.5483698619927,48.0875609372883,1.79790394620953,3.71964393894074
"2020-06-26",6.03999996185303,6.07000017166138,5.80999994277954,5.90999984741211,118435400,4.38095378875732,4.75529854297638,4.20675273895264,NA,4.59180804561854,4.53596867138268,45.8501191618096,1.23103527121247,3.22192220539508
"2020-06-29",5.90999984741211,6.07000017166138,5.80999994277954,6.01000022888184,58208400,4.45508098602295,4.76048748493195,4.21994750022888,NA,4.57077311337307,4.52997699098566,48.0206025424539,0.900581227423247,2.75765400980072
"2020-06-30",5.98000001907349,6.09999990463257,5.90000009536743,6.07999992370605,61909300,4.50697088241577,4.76715903282166,4.23625562667847,NA,4.56095738553348,4.5282728347953,49.5451869301301,0.721788459543293,2.35048089974923
"2020-07-01",6.09999990463257,6.17999982833862,5.94999980926514,5.98000001907349,62454700,4.43284368515015,4.75937566757202,4.25419457435608,NA,4.54124758547451,4.52120400889566,47.4060741690071,0.443323869911993,1.96904949378178
"2020-07-02",6.09999990463257,6.17000007629395,6,6.05000019073486,67270500,4.48473167419434,4.74010245800018,4.27317128181457,NA,4.53255282989294,4.51850235447334,49.0638738911182,0.31095425690546,1.63743044640652
"2020-07-06",6.1399998664856,6.19999980926514,6.1100001335144,6.19000005722046,63921800,4.58851099014282,4.69747896194458,4.2924445104599,NA,4.54116177762369,4.52368817933774,52.3022201605344,0.386268849514515,1.38719812702812
"2020-07-07",6.1399998664856,6.19999980926514,6.09000015258789,6.11999988555908,56652000,4.53662204742432,4.64521884918213,4.31097646713257,NA,4.54046335759302,4.52464624364045,50.5710180580009,0.349576808900842,1.17967386340266
"2020-07-08",6.13000011444092,6.17999982833862,6.05000019073486,6.09000015258789,60928600,4.51438331604004,4.60259540081024,4.32461599349976,NA,4.53645104350795,4.52388602678116,49.8100533351757,0.277748304276493,0.999288751577429
"2020-07-09",6.09000015258789,6.09999990463257,5.82000017166138,5.84000015258789,82693000,4.3290638923645,4.56664345264435,4.33143576145172,NA,4.50454532794742,4.50945475756511,43.8840109030841,-0.108869694489311,0.777657062364081
"2020-07-10",5.80000019073486,6.09999990463257,5.73999977111816,6.09999990463257,73710700,4.52179479598999,4.56553146839142,4.34388921737671,NA,4.50719909226166,4.51036883448547,50.4821924083146,-0.0702767853391184,0.608070292823441
"2020-07-13",6.15000009536743,6.21999979019165,6.05000019073486,6.05999994277954,80190700,4.49214506149292,4.55070593357086,4.35827001571655,NA,4.50488308752801,4.50901892537491,49.5175836205458,-0.0917236746031724,0.468111499338119
"2020-07-14",6.17999982833862,6.3899998664856,6.07999992370605,6.3600001335144,106131800,4.71452760696411,4.54551694393158,4.37961880683899,NA,4.53713609051818,4.52424179067782,56.267277711919,0.285004657950183,0.431490131060531
"2020-07-15",6.53999996185303,6.78000020980835,6.51999998092651,6.73999977111816,101648700,4.99621391296387,4.5525591135025,4.40749086856842,NA,4.60776344781751,4.55920268862493,63.0131881981393,1.06511516396806,0.558215137642036
"2020-07-16",6.65999984741211,6.90000009536743,6.63000011444092,6.8600001335144,93498500,5.08516693115234,4.57220289707184,4.43551117420197,NA,4.68121013756133,4.59816300288622,64.8567416101113,1.80609375141738,0.807790860397105
"2020-07-17",6.90000009536743,6.90999984741211,6.73000001907349,6.80000019073486,80769000,5.04069089889526,4.58962287902832,4.46412450790405,NA,4.73651487007425,4.63094284703504,63.1615772035397,2.27970904686938,1.10217449769156
"2020-07-20",6.80000019073486,6.84999990463257,6.57999992370605,6.65999984741211,71361700,4.93691205978394,4.60556039810181,4.49066226482391,NA,4.76734520695266,4.65360723316459,59.2688778855845,2.44408193664269,1.37055598548179
"2020-07-21",6.71000003814697,6.80999994277954,6.6399998664856,6.67999982833862,63285100,4.95173645019531,4.62038595676422,4.51201106548309,NA,4.79571309052845,4.67569087887057,59.6514196621991,2.56694068892078,1.60983292616959
"2020-07-22",6.6399998664856,6.88000011444092,6.6100001335144,6.84000015258789,75629600,5.07034158706665,4.64596004486084,4.53751103878021,NA,4.83796362845741,4.70492426466287,62.6720525352284,2.82766217500572,1.85339877593681
"2020-07-23",6.86999988555908,7.05999994277954,6.80000019073486,6.98000001907349,88652600,5.17412042617798,4.6841358423233,4.56716215610504,NA,4.88968005887596,4.73967953588621,65.1317930435844,3.16478196160785,2.11567541307102
"2020-07-24",6.90000009536743,7.01000022888184,6.8600001335144,6.88000011444092,62292000,5.0999927520752,4.71564018726349,4.5991853761673,NA,4.92203585782968,4.76636940375206,61.9896178836025,3.26593347874136,2.34572702620509
"2020-07-27",6.92000007629395,6.94000005722046,6.76999998092651,6.92999982833862,60370200,5.13705587387085,4.75344529151917,4.62942950248718,NA,4.95511586029756,4.7938276607979,62.9520019165896,3.36449724337426,2.54948106963892
"2020-07-28",6.90000009536743,7.05000019073486,6.90000009536743,7.01000022888184,56312500,5.19635915756226,4.79050920009613,4.66071144104004,NA,4.99223021372289,4.82364480870637,64.5007704928054,3.49497966169152,2.73858078804944
"2020-07-29",7.05000019073486,7.05999994277954,6.82999992370605,6.92000007629395,59437200,5.1296443939209,4.82164287567139,4.68458060741425,NA,5.01337085683028,4.84631144464819,61.3915039796313,3.44714560940111,2.88029375231978
"2020-07-30",6.73999977111816,6.82999992370605,6.67000007629395,6.73999977111816,58991000,4.99621391296387,4.84981138706207,4.70592940330505,NA,5.01073132700468,4.85741533119009,55.6169553794084,3.1563287337224,2.9355007486003
"2020-07-31",6.8899998664856,6.90000009536743,6.51999998092651,6.6100001335144,115301700,4.89984750747681,4.8705671787262,4.72253402709961,NA,4.99367227784654,4.86055845535947,51.8254787577626,2.73865284636772,2.89613116815379
"2020-08-03",6.65000009536743,6.71999979019165,6.53000020980835,6.69000005722046,53845900,4.95915031433105,4.88909914493561,4.73824913024902,NA,4.98836120653647,4.86786155602404,53.9078695140759,2.4754124398487,2.81198742249277
"2020-08-04",6.90999984741211,6.90999984741211,6.73000001907349,6.8600001335144,69377600,5.08516693115234,4.91652638912201,4.75618803977966,NA,5.00325439493891,4.88395825047798,58.0568649632547,2.44261188041992,2.7381123140782
"2020-08-05",6.8600001335144,7.03000020980835,6.8600001335144,6.96000003814697,81728400,5.15929555892944,4.94877200126648,4.77279267311096,NA,5.02726072786053,4.90435360665957,60.3196066240078,2.50608196427886,2.69170624411833
"2020-08-06",6.92999982833862,7,6.8899998664856,6.92999982833862,48668500,5.13705587387085,4.9891716003418,4.78613567352295,NA,5.04415228878519,4.92159081163819,59.2862378553945,2.49028173689658,2.65142134267398
"2020-08-07",6.86999988555908,6.92000007629395,6.78999996185303,6.8600001335144,47480100,5.08516693115234,5.01734020709991,4.80110948562622,NA,5.05046223376475,4.93370756123183,56.8395512527002,2.36646925428581,2.59443092499635
"2020-08-10",6.90999984741211,7.13000011444092,6.90999984741211,7.09000015258789,57229000,5.25566053390503,5.05551598072052,4.82156875610352,NA,5.0820312030171,4.95755592957799,62.3391667405437,2.51081934742203,2.57770860948148
"2020-08-11",7.21000003814697,7.38000011444092,7.19000005722046,7.23000001907349,74016400,5.35943937301636,5.08776156902313,4.84173150062561,NA,5.12470938301699,4.98732507353639,65.2423977103698,2.75466923561061,2.61310073470731
"2020-08-12",7.32999992370605,7.36999988555908,7.05999994277954,7.1100001335144,59161400,5.27048635482788,5.10147519111633,4.85967042922974,NA,5.14713660944943,5.00829998326168,60.9082440363131,2.77213079591394,2.64490674694864
"2020-08-13",7.03000020980835,7.17999982833862,7,7.03000020980835,50066800,5.21118450164795,5.10777606964111,4.87212389945984,NA,5.15699013132613,5.02332846610511,58.1355104513883,2.6608187404606,2.64808914565103
"2020-08-14",6.96999979019165,7.1100001335144,6.92999982833862,7.03999996185303,43517700,5.21859693527222,5.11667137145996,4.87909192085266,NA,5.16646810116399,5.03779279715453,58.3904879884689,2.55420000763311,2.62931131804745
"2020-08-17",7.05000019073486,7.05999994277954,6.86999988555908,6.98000001907349,64555200,5.17412042617798,5.12853178977966,4.87375471115112,NA,5.16764538193537,5.04789114004515,56.1794893875245,2.3723618154164,2.57792141752124
"2020-08-18",6.98000001907349,7.01000022888184,6.8899998664856,6.8899998664856,40444200,5.10740566253662,5.13631525039673,4.86426633834839,NA,5.1583777327971,5.05229962319267,52.9411969793348,2.09960052878653,2.4822572397743
"2020-08-19",6.8899998664856,7.01999998092651,6.8600001335144,6.86999988555908,44158100,5.09257984161377,5.13742716312408,4.85878088951111,NA,5.14825498030736,5.05528334307571,52.2208140819744,1.83909844260244,2.35362548033992
"2020-08-20",6.76999998092651,6.8899998664856,6.73000001907349,6.84000015258789,41824500,5.07034158706665,5.13223822116852,4.85922566413879,NA,5.13626830442417,5.05639876855652,51.0976652127843,1.57957351711109,2.19881508769416
"2020-08-21",6.78000020980835,6.84999990463257,6.65000009536743,6.65999984741211,39158900,4.93691205978394,5.12408418655396,4.8670832157135,NA,5.10559811294106,5.04754790124004,44.8629395768009,1.15006757413365,1.98906558498206
"2020-08-24",6.73000001907349,7,6.69000005722046,6.98000001907349,64974700,5.17412042617798,5.12593741416931,4.87479250907898,NA,5.1161400072852,5.05692364382803,55.3040599891694,1.17099579957953,1.82545162790155
"2020-08-25",7.01000022888184,7.09999990463257,6.8600001335144,6.94000005722046,49550000,5.14446830749512,5.12334287166595,4.88131572723389,NA,5.1204982073175,5.0634084337293,53.9292635580115,1.12749690915517,1.68586068415227
"2020-08-26",6.94000005722046,6.96999979019165,6.76999998092651,6.82000017166138,48600100,5.0555157661438,5.1196364402771,4.88531863212585,NA,5.11050090867539,5.06282379168593,49.9201823097113,0.941709981448646,1.53703054361155
"2020-08-27",6.82999992370605,6.98000001907349,6.82999992370605,6.90999984741211,45740900,5.12223052978516,5.12593727111816,4.89391741752624,NA,5.1123054657692,5.06722429080439,52.7568440099936,0.889662118304524,1.40755685855014
"2020-08-28",6.92999982833862,6.94999980926514,6.8600001335144,6.94000005722046,39936900,5.14446830749512,5.13816831111908,4.90296095848084,NA,5.1172535952655,5.07294606981852,53.6982911530397,0.873408170265932,1.3007271208933
"2020-08-31",6.90000009536743,6.92999982833862,6.78999996185303,6.82000017166138,50089500,5.0555157661438,5.14298658370972,4.91170804023743,NA,5.10775546770831,5.07165493621298,49.4530552680444,0.711809694259036,1.18294363556645
"2020-09-01",6.76999998092651,6.86999988555908,6.71999979019165,6.82999992370605,48189900,5.06292915344238,5.14187469482422,4.91986211776733,NA,5.1008591116674,5.07100858193368,49.8091853167876,0.58865074376071,1.0640850572053
"2020-09-02",6.80999994277954,6.96999979019165,6.76999998092651,6.94999980926514,59008900,5.15188217163086,5.14150402545929,4.93172256469727,NA,5.10870881320024,5.07699921820754,53.9973631780557,0.624573564616226,0.976182758687486
"2020-09-03",6.92000007629395,7.09000015258789,6.76000022888184,6.82000017166138,78130900,5.0555157661438,5.13742702007294,4.94462079048157,NA,5.10052526749925,5.07540785138801,49.2069097908834,0.494884684082542,0.879923143766497
"2020-09-04",6.8600001335144,6.94999980926514,6.75,6.90000009536743,70017500,5.11481857299805,5.13890960216522,4.9575190448761,NA,5.10272423757599,5.07832716409986,52.0274429319638,0.480415551967495,0.800021625406697
"2020-09-08",6.82999992370605,7.17000007629395,6.80999994277954,7.03000020980835,84749300,5.21118450164795,5.13668580055237,4.97412365913391,NA,5.1194104320486,5.08816844836268,56.2763383460995,0.614012370128325,0.762819774351022
"2020-09-09",7.07000017166138,7.09999990463257,6.92999982833862,6.96999979019165,56501400,5.16670703887939,5.12704918384552,4.98835618019104,NA,5.12668683309949,5.09398612173429,53.9033264406557,0.641947398044018,0.738645299089622
"2020-09-10",6.98999977111816,7.03999996185303,6.86999988555908,6.90999984741211,69228600,5.12223052978516,5.11963639259338,5.00066137313843,NA,5.12600124797421,5.09607830010843,51.5619110868161,0.587175983248511,0.7083514359214
"2020-09-11",6.94000005722046,7,6.84999990463257,7,55080600,5.18894672393799,5.11852450370789,5.01578343391418,NA,5.13568516735325,5.10295744261432,54.7379264573171,0.64134818106889,0.694950784950898
"2020-09-14",7.01000022888184,7.17999982833862,6.98000001907349,7.11999988555908,58704300,5.27789926528931,5.12148962020874,5.03164678573608,NA,5.15756425934341,5.11591609614581,58.632555254741,0.814090036171322,0.718778635194983
"2020-09-15",7.15999984741211,7.17999982833862,7,7.03999996185303,65198500,5.21859693527222,5.12371344566345,5.04424850463867,NA,5.166953901794,5.12352208422924,55.2211364031505,0.847694551731193,0.744561818502225
"2020-09-16",7.05000019073486,7.11999988555908,6.98999977111816,7.01999998092651,46245800,5.20377206802368,5.12853176593781,5.05759150505066,NA,5.1726182350601,5.12946652747328,54.3694979056973,0.841251372939222,0.763899729389624
"2020-09-17",7.03999996185303,7.34000015258789,6.98000001907349,7.28000020980835,84850100,5.3965048789978,5.14372801780701,5.07523393630981,NA,5.20706233412744,5.14924714610472,62.4725483901973,1.12278914533079,0.835677612577858
"2020-09-18",7.30999994277954,7.40000009536743,7.21999979019165,7.23000001907349,71929400,5.35943937301636,5.15818290710449,5.09584144592285,NA,5.23050495549497,5.16481694069077,60.2564167216153,1.27183626367624,0.922909342797535
"2020-09-21",7.09000015258789,7.09000015258789,6.80999994277954,6.86999988555908,72850300,5.09257984161377,5.16596629619598,5.10725714683533,NA,5.20928570720555,5.15946604446284,47.2582655063651,0.965597259743101,0.931446926186648
"2020-09-22",6.8899998664856,6.98999977111816,6.76999998092651,6.78000020980835,55865500,5.02586507797241,5.15855352878571,5.11793154716492,NA,5.18106714886199,5.14956967657466,44.6643082728951,0.61165251206543,0.867488043362404
"2020-09-23",6.80999994277954,6.92999982833862,6.63000011444092,6.6399998664856,52588600,4.92208576202393,5.14743440151215,5.12208271026611,NA,5.14122385857921,5.13271901623757,40.9031998498805,0.16569857642188,0.7271301499743
"2020-09-24",6.59999990463257,6.76000022888184,6.40999984741211,6.65999984741211,59822900,4.93691205978394,5.14150421619415,5.12089667320251,NA,5.10979127414917,5.11821479724101,41.6590493667082,-0.164579319656077,0.548788256048224
"2020-09-25",6.6100001335144,6.71000003814697,6.5,6.51000022888184,53761800,4.82572031021118,5.12667870521545,5.11570774078369,NA,5.06608804892794,5.0965485389425,37.7586232681465,-0.597668986801814,0.319496807478217
"2020-09-28",6.59000015258789,6.76999998092651,6.57999992370605,6.69000005722046,47582600,4.95915031433105,5.11741280555725,5.11407692909241,NA,5.04963608975919,5.08637089267499,44.4766810635709,-0.722220295981568,0.11115338678626
"2020-09-29",6.69000005722046,6.69999980926514,6.53999996185303,6.59999990463257,38987300,4.89243507385254,5.10925877094269,5.11318738937378,NA,5.02545131808124,5.07200527646592,42.0337090119014,-0.917861000671338,-0.0946494907052599
"2020-09-30",6.6100001335144,6.75,6.59000015258789,6.65999984741211,55944600,4.93691205978394,5.10295791625977,5.11289090156555,NA,5.01182989372781,5.06199837152651,44.2328815690706,-0.991080480801687,-0.273935688724545
"2020-10-01",6.71000003814697,6.76999998092651,6.63000011444092,6.75,58340600,5.00362682342529,5.09554514884949,5.11155660629272,NA,5.01056788291204,5.05767455314864,47.4532177254033,-0.931389905411695,-0.405426532061975
"2020-10-02",6.61999988555908,6.92999982833862,6.59999990463257,6.8899998664856,60798400,5.10740566253662,5.09813964366913,5.1102223110199,NA,5.02546600285428,5.06135833902923,52.0880925035952,-0.709144339735379,-0.466170093596656
"2020-10-05",6.94999980926514,7.05000019073486,6.94999980926514,7.01999998092651,42359400,5.20377206802368,5.10258731842041,5.11229789733887,NA,5.05289770518804,5.07190750413993,55.9716178215106,-0.374805710403436,-0.447897216958012
"2020-10-06",7.05999994277954,7.25,6.96000003814697,6.98000001907349,78203800,5.17412042617798,5.10073411464691,5.11303918838501,NA,5.0715473545711,5.07947883169831,54.5075962403391,-0.156147459020939,-0.389547265370597
"2020-10-07",7.1100001335144,7.25,7.05999994277954,7.23000001907349,50664100,5.35943937301636,5.11037073135376,5.11630079269409,NA,5.11583843433191,5.10021664957372,61.3176191936681,0.306296493493075,-0.250378513597863
"2020-10-08",7.28999996185303,7.34999990463257,7.19999980926514,7.34999990463257,54513300,5.44839382171631,5.12667889595032,5.12267578125,NA,5.16700080162182,5.12600755121391,64.0959601460214,0.799711081155197,-0.0403605946472512
"2020-10-09",7.3600001335144,7.44000005722046,7.23000001907349,7.25,50977900,5.37426614761353,5.13594486713409,5.13023682594299,NA,5.19888777792824,5.14439707687314,60.2147041728015,1.05922424417935,0.179556373118068
"2020-10-12",7.3600001335144,7.86999988555908,7.32999992370605,7.67000007629395,97692900,5.68560171127319,5.15632998943329,5.14595191001892,NA,5.27376684459669,5.18448630905092,68.768633498324,1.72207100614585,0.488059299723625
"2020-10-13",7.82000017166138,7.88000011444092,7.63000011444092,7.76000022888184,74562600,5.75231695175171,5.18301599025726,5.16181524276733,NA,5.34738993800516,5.22654783813987,70.2449671091504,2.31208253722388,0.852863947223677
"2020-10-14",7.73000001907349,7.75,7.55000019073486,7.57000017166138,57752100,5.61147499084473,5.20340113639832,5.17234140396118,NA,5.38801840767278,5.25506096056245,63.4283539023036,2.53008382030451,1.18830792183984
"2020-10-15",7.42000007629395,7.61999988555908,7.36999988555908,7.61999988555908,49336200,5.64853858947754,5.2160028219223,5.18212626457214,4.90858407258987,5.42809843564275,5.2842074515932,64.4072030340419,2.7230381351921,1.49525396451029
"2020-10-16",7.71000003814697,7.75,7.6100001335144,7.67000007629395,47509400,5.68560171127319,5.23231093883514,5.19309718132019,4.90268173456192,5.46771432420128,5.31394035971764,65.4043782760093,2.89378416154831,1.7749600039179
"2020-10-19",7.67999982833862,7.71999979019165,7.57000017166138,7.59000015258789,38960700,5.6262993812561,5.25899691581726,5.20391983032227,4.89724821567535,5.49211202528663,5.33707806501679,62.3923757169105,2.90484715383972,2.00093743390226
"2020-10-20",7.61999988555908,7.84999990463257,7.57999992370605,7.73999977111816,63447000,5.73749113082886,5.29457821846008,5.21355644226074,4.89255287647247,5.52986265690851,5.36673829211398,65.5919625903525,3.03954387032872,2.20865872118755
"2020-10-21",7.76999998092651,7.88000011444092,7.73000001907349,7.84999990463257,51981100,5.81903171539307,5.33942551612854,5.22274828910828,4.8879372382164,5.57435020436768,5.40024150865317,67.758280277059,3.22409091214753,2.41174515937955
"2020-10-22",7.92999982833862,8.22000026702881,7.8899998664856,8.21000003814697,74008500,6.08589220046997,5.39687452316284,5.23905640602112,4.88465590238571,5.6530489729988,5.45103044878775,73.6134555151964,3.70606119538328,2.67060836658029
"2020-10-23",8.30000019073486,8.35000038146973,8.09000015258789,8.15999984741211,62249000,6.04882764816284,5.45802989006043,5.25580926895142,4.88115279912949,5.71393799994711,5.49531172281553,71.6667573266074,3.97841447690552,2.93216958864534
"2020-10-26",8.03999996185303,8.06999969482422,7.94000005722046,8.02999973297119,62131000,5.95246267318726,5.50769550800324,5.27048658370972,4.87720431566238,5.75063410352252,5.5291747561764,66.7261257750718,4.0052875358793,3.14679317809213
"2020-10-27",8.01000022888184,8.09000015258789,7.90000009536743,7.92000007629395,64154500,5.87092065811157,5.55661978721619,5.28442258834839,4.87288456439972,5.76913972730545,5.55448926743086,62.7820340622814,3.86444998882631,3.29032454023897
"2020-10-28",7.67999982833862,7.88000011444092,7.63000011444092,7.69999980926514,82938300,5.70783996582031,5.59516618251801,5.29643127441406,4.86756719112396,5.75970899476927,5.56584857842267,55.6919800385965,3.48303432289103,3.32886649676938
"2020-10-29",8.17000007629395,8.23999977111816,7.84999990463257,7.90000009536743,118999900,5.85609722137451,5.63778970241547,5.31170162200928,4.86335554361343,5.77453795270854,5.58734847790058,60.1031232223186,3.35023805206243,3.33314080782799
"2020-10-30",7.84999990463257,7.90999984741211,7.6100001335144,7.73000001907349,79345600,5.73007917404175,5.66892337799072,5.32489637374878,4.85858669519424,5.76769814060596,5.59792112205919,55.0832808010282,3.03285835660929,3.27308431758425
"2020-11-02",7.82999992370605,7.8600001335144,7.67999982833862,7.71000003814697,59962900,5.7152533531189,5.69449744224548,5.34046319961548,4.85378016710281,5.75962971176179,5.60661239843398,54.5064983816753,2.72922938940012,3.16431333194743
"2020-11-03",7.76000022888184,7.92999982833862,7.73000001907349,7.88000011444092,65108800,5.84127044677734,5.72785494327545,5.35380620002747,4.84942150354385,5.77218982484111,5.62399447608905,58.4856112274059,2.6350550197396,3.05846166950586
"2020-11-04",7.8600001335144,7.86999988555908,7.63000011444092,7.6399998664856,67326800,5.66336441040039,5.74305119514465,5.36418412208557,4.84435553073883,5.75544745338869,5.62691076751952,51.6210939549587,2.2843206722085,2.90363347004639
"2020-11-05",7.76000022888184,7.98999977111816,7.71000003814697,7.98999977111816,61442600,5.92281198501587,5.76677210330963,5.38153004646301,4.84065967798233,5.78119584286979,5.64882937622295,59.1509481114973,2.34325482026418,2.79155774008995
"2020-11-06",8.01000022888184,8.02000045776367,7.75,7.78999996185303,50912100,5.77455520629883,5.7867865562439,5.39457653999329,4.83673275709152,5.78017420647426,5.65814240067302,53.9806209500999,2.15674681122786,2.66459555431753
"2020-11-09",8.10999965667725,8.38000011444092,8.07999992370605,8.19999980926514,110511300,6.0784797668457,5.80643045902252,5.4132567691803,4.83472634553909,5.82606736960833,5.68927850187099,61.4245645336026,2.40432715136643,2.61254187372731
"2020-11-10",8.22999954223633,8.59000015258789,8.18000030517578,8.38000011444092,87468400,6.21190929412842,5.82941007614136,5.43638463973999,4.83309553623199,5.88542766568834,5.72799189389006,64.1651229914177,2.74853342523436,2.63974018402872
"2020-11-11",8.60000038146973,8.60000038146973,8.28999996185303,8.32999992370605,75644400,6.17484617233276,5.85757863521576,5.4586229801178,4.83113115787506,5.92995358978748,5.76109221081174,62.8298532396294,2.93106537435459,2.69800522209389
"2020-11-12",8.26000022888184,8.28999996185303,8.10000038146973,8.21000003814697,81064900,6.08589220046997,5.87944631576538,5.47730318069458,4.82879612922668,5.9539441452771,5.78515146930495,59.6229106567339,2.91768809974535,2.74194179762419
"2020-11-13",8.22999954223633,8.56999969482422,8.22999954223633,8.53999996185303,79475100,6.33051347732544,5.91169190406799,5.50280313491821,4.82775833845139,6.01187788866915,5.82554865508424,64.9248870000621,3.19848386164094,2.83325021042754
"2020-11-16",8.73999977111816,8.85000038146973,8.60999965667725,8.80000019073486,84853900,6.52324676513672,5.95653927326202,5.53097169876099,4.82709118843079,6.09055002351032,5.87722999656961,68.4410755489612,3.62960148003761,2.99252046434955
"2020-11-17",8.65999984741211,8.85000038146973,8.63000011444092,8.75,46754500,6.48618173599243,5.9939738035202,5.55647164344788,4.82549743890762,6.15141644081526,5.92233753282315,67.049016092563,3.86804883582685,3.16762613864501
"2020-11-18",8.81999969482422,9.05000019073486,8.77999973297119,8.81999969482422,77759300,6.53807163238525,6.02992579936981,5.58389893531799,4.82738769054413,6.21090185490295,5.96794746612405,68.0293971810856,4.07098738985194,3.3482983888864
"2020-11-19",8.88000011444092,8.88000011444092,8.73999977111816,8.81999969482422,56672700,6.53807163238525,6.05253477096558,5.61221575737,4.82950032949448,6.2612356668233,6.0101788858471,68.0293971810856,4.17719315422367,3.51407734195385
"2020-11-20",8.8100004196167,8.81999969482422,8.68000030517578,8.73999977111816,57024300,6.47876882553101,6.07403182983398,5.63801219940186,4.8318353509903,6.29470230662449,6.04488925174961,65.4484008323887,4.13263245149729,3.63778836386254
"2020-11-23",8.81999969482422,8.97999954223633,8.77999973297119,8.85999965667725,71537100,6.56772184371948,6.1047947883606,5.66380865097046,4.83480045318603,6.33670531233141,6.08361759189553,67.4436476637016,4.1601516961395,3.74226103031793
"2020-11-24",9.14999961853027,9.5,9.14000034332275,9.44999980926514,99520500,7.00507736206055,6.16150262355804,5.69953825950623,4.83980408191681,6.43953178152051,6.15187387116701,75.0672100798296,4.6759396629003,3.92899675683441
"2020-11-25",9.19999980926514,9.25,9,9.07999992370605,95217800,6.7308030128479,6.21265077590942,5.73007887840271,4.84291744709015,6.48434274018626,6.19475751129152,64.8167218980586,4.67468223521093,4.07813385250971
"2020-11-27",9.11999988555908,9.14000034332275,9.02999973297119,9.09000015258789,27853900,6.73821783065796,6.2567568063736,5.75691313743591,4.84603081703186,6.52340044641268,6.23501383124459,64.9560399601776,4.62527627000497,4.18756233600876
"2020-11-30",9.22999954223633,9.22999954223633,8.97999954223633,9.07999992370605,77970100,6.7308030128479,6.3067929983139,5.78434041023254,4.84966307401657,6.55530853355656,6.2717389558078,64.6802189855625,4.52138680750038,4.25432723030709
"2020-12-01",9.15999984741211,9.39999961853027,9.15999984741211,9.23999977111816,68863000,6.84940958023071,6.36350080966949,5.81947700500488,4.85403661489487,6.6005548484295,6.31452937243172,67.0876795781206,4.52964043918345,4.30938987208236
"2020-12-02",9.15999984741211,9.23999977111816,9.07999992370605,9.19999980926514,48345000,6.81975841522217,6.41242520809174,5.85535487174988,4.85848428487778,6.63427847408991,6.35195374597175,65.8787411448126,4.44469118335762,4.33645013433741
"2020-12-03",9.26000022888184,9.31999969482422,9.14999961853027,9.21000003814697,50302100,6.82716941833496,6.47061545848846,5.8934565448761,4.86285781860352,6.66395400397377,6.38715490688755,66.0434454489513,4.33368379382402,4.33589686623473
"2020-12-04",9.26000022888184,9.4399995803833,9.23999977111816,9.34000015258789,48775500,6.92353630065918,6.52065167427063,5.9331890296936,4.86823208332062,6.70388974192537,6.42688686198174,68.1934156155692,4.31006311286168,4.33073011556012
"2020-12-07",9.3100004196167,9.32999992370605,9.14999961853027,9.22000026702881,58305200,6.83458280563354,6.57365305423737,5.97336627960205,4.87434762239456,6.72399636711124,6.4570865615115,64.1554530957889,4.13359497440684,4.29130308732947
"2020-12-08",9.1899995803833,9.32999992370605,9.17000007629395,9.25,56296700,6.85682106018066,6.61257011890411,6.01131969451904,4.88183453083038,6.74443093527577,6.48669652437589,64.7179192489398,3.97327684332636,4.22769783852885
"2020-12-09",9.3100004196167,9.48999977111816,9.28999996185303,9.44999980926514,60780300,7.00507736206055,6.65222852230072,6.0535725402832,4.89013684511185,6.78453038555035,6.52509510494512,68.2903357842936,3.97596167462164,4.1773506057474
"2020-12-10",9.3100004196167,9.31999969482422,9.10000038146973,9.11999988555908,83372800,6.7604546546936,6.68150894641876,6.0900433921814,4.89810558319092,6.780826426957,6.54252914566723,57.8771558777426,3.64228077528073,4.07033663965407
"2020-12-11",9.1899995803833,9.1899995803833,9.01000022888184,9.02000045776367,73438200,6.68632745742798,6.71153070926666,6.12369740486145,4.90574074268341,6.76628812395254,6.55318087246432,55.1336471820954,3.25196657372404,3.90666262646806
"2020-12-14",9.13000011444092,9.18000030517578,8.88000011444092,8.90999984741211,76826000,6.60478591918945,6.72524433135986,6.15364500999451,4.91207866668701,6.74144163091206,6.55700346851803,52.202251794516,2.81284222708691,3.68789854659183
"2020-12-15",9.02999973297119,9.14999961853027,8.9399995803833,9.14999961853027,69606100,6.78269290924072,6.73821663856506,6.18522342681885,4.92015859603882,6.74778798142416,6.57372120486786,57.5103573605461,2.6479184487989,3.47990252703325
"2020-12-16",9.17000007629395,9.18000030517578,8.97000026702881,9.03999996185303,55274500,6.70115232467651,6.74896516799927,6.21576406478882,4.92742311954498,6.74061326500145,6.58316054707591,54.5217595801458,2.39174962845885,3.26227194731837
"2020-12-17",9.09000015258789,9.13000011444092,9,9.07999992370605,49301600,6.7308030128479,6.7586017370224,6.24319133758545,4.9360960650444,6.73910399543936,6.59409702602199,55.4287892125169,2.19904209545516,3.04962597694573
"2020-12-18",9.09000015258789,9.09000015258789,8.90999984741211,8.94999980926514,78764600,6.63443851470947,6.76342008113861,6.26691223144531,4.94521378993988,6.72300161378861,6.59708528444328,51.8120626625766,1.90866608382732,2.82143399832204
"2020-12-21",8.86999988555908,9.01000022888184,8.78999996185303,8.93000030517578,63908100,6.61961364746094,6.77046232223511,6.29181918144226,4.95644415855408,6.70709577281512,6.59875405207422,51.2579476355948,1.64185117199287,2.58551743305621
"2020-12-22",8.97999954223633,8.98999977111816,8.75,8.78999996185303,59031200,6.51583337783813,6.76786789894104,6.30842381477356,4.96582132577896,6.67767078897251,6.59261177990858,47.4335475646447,1.29021716890947,2.32645738022686
"2020-12-23",8.81999969482422,9.02999973297119,8.80000019073486,8.98999977111816,54086700,6.66408967971802,6.75081851482391,6.32665926933289,4.97727407455444,6.67558138754874,6.59790643915373,52.8461073503326,1.1772665937497,2.09661922293143
"2020-12-24",9.01000022888184,9.02000045776367,8.80000019073486,8.85999965667725,27927000,6.56772184371948,6.74266445636749,6.34578420639038,4.99028349757195,6.65898761157501,6.59567054319563,49.2931939329672,0.959979246457321,1.86929122763661
"2020-12-28",8.92000007629395,8.97999954223633,8.85999965667725,8.89000034332275,38068400,6.58996200561523,6.73525166511536,6.36461267471313,5.00236633181572,6.6483682875812,6.59524768856005,50.1265517976912,0.805437513943419,1.65652048489797
"2020-12-29",8.93000030517578,8.93000030517578,8.77999973297119,8.81999969482422,37537900,6.53807163238525,6.72561509609222,6.38166207313538,5.01648768186569,6.63139957139721,6.59101242513969,48.1386596874159,0.61276088789437,1.44776856549725
"2020-12-30",8.82999992370605,8.92000007629395,8.8100004196167,8.85999965667725,38461900,6.56772184371948,6.71153070926666,6.40049052238464,5.03075728297234,6.62160299790833,6.58928719688634,49.374104582609,0.490429390257141,1.25630073044923
"2020-12-31",8.84000015258789,8.85999965667725,8.77999973297119,8.78999996185303,40176500,6.51583337783813,6.69633445739746,6.41605736732483,5.04665769338608,6.60533074866676,6.58384617325314,47.2526509611466,0.326322560525405,1.07030509646446
"2021-01-04",8.8100004196167,8.84000015258789,8.43000030517578,8.52000045776367,85043100,6.31568908691406,6.67076044082642,6.42599051475525,5.06166857481003,6.56077049301249,6.56398268537617,40.0962435663022,-0.0489366367592003,0.846456749819731
"2021-01-05",8.47000026702881,8.72000026702881,8.46000003814697,8.64999961853027,70127800,6.41205501556396,6.64518637657166,6.43251377105713,5.07768018245697,6.53789118878964,6.5527287839086,44.4579438410668,-0.226433835555573,0.63187863274467
"2021-01-06",8.78999996185303,8.9399995803833,8.68000030517578,8.84000015258789,72590200,6.55289793014526,6.63110213279724,6.44259517669678,5.09558204650879,6.54019991822897,6.55274131325947,50.168777135681,-0.19139157843937,0.467224590507862
"2021-01-07",8.9399995803833,9.07999992370605,8.88000011444092,9.0600004196167,77117100,6.715980052948,6.62406008243561,6.45786552429199,5.11081531524658,6.56724301587805,6.56483307175491,55.8317416428191,0.0367099071186816,0.381121653830026
"2021-01-08",9.10000038146973,9.14000034332275,8.89000034332275,9,59162200,6.67150259017944,6.60738134384155,6.47387716293335,5.12419538259506,6.58328295038596,6.57273451756414,54.0283810260264,0.160487736019643,0.33699487026795
"2021-01-11",8.86999988555908,9.31999969482422,8.81999969482422,9.30000019073486,95968300,6.89388608932495,6.61405291557312,6.49759808540344,5.13920627117157,6.63106804868426,6.59652352287975,60.8392115067783,0.523677747599849,0.374331445734329
"2021-01-12",9.30000019073486,9.81999969482422,9.28999996185303,9.77999973297119,124808500,7.24969911575317,6.64222149848938,6.52547012329102,5.15621860384941,6.72624205900256,6.64490690012963,68.8031074549052,1.22402254983192,0.544269666553847
"2021-01-13",9.90999984741211,9.92000007629395,9.64000034332275,9.77999973297119,89549300,7.24969911575317,6.67446715831757,6.55586252212524,5.17382395148277,6.80677391388727,6.68970632350915,68.8031074549052,1.74996606303492,0.785408945850062
"2021-01-14",9.8100004196167,10.1999998092651,9.78999996185303,10.1700000762939,112695300,7.53879833221436,6.71227242946625,6.59233342170715,5.1936160826683,6.91939305516836,6.75260202785769,73.8200332532586,2.47002602289574,1.1223323612592
"2021-01-15",10.039999961853,10.0500001907349,9.81999969482422,9.82999992370605,99985000,7.28676271438599,6.74155294895172,6.62124326705933,5.21374177932739,6.97591146427876,6.79216948611904,64.136549643435,2.70520308032991,1.43890650507334
"2021-01-19",10.0600004196167,10.210000038147,9.97000026702881,10.0200004577637,78732800,7.42760324478149,6.7763929605484,6.65652804374695,5.23471993565559,7.04540250743303,6.83923865342737,66.760537344685,3.01442696260263,1.7540105965792
"2021-01-20",10.2299995422363,10.8699998855591,10.1899995803833,10.8599996566772,125033200,8.05027961730957,6.84718501567841,6.69907739639282,5.25925624012947,7.19999898587557,6.92894539149272,75.3482411080488,3.91190259221339,2.18558899570604
"2021-01-21",11.2799997329712,12.1499996185303,11.1199998855591,11.5299997329712,282394100,8.54693698883057,6.94355118274689,6.75452503204346,5.28520097494125,7.40722021709942,7.04879662092515,79.8254393834864,5.08489059125701,2.76544931481623
"2021-01-22",11.6599998474121,11.6899995803833,11.3400001525879,11.5200004577637,130866600,8.53952312469482,7.04473567008972,6.80374589920044,5.31044149279594,7.58142066442179,7.15922080638957,79.5930554951972,5.89728783969623,3.39181701979223
"2021-01-25",11.4899997711182,11.5200004577637,10.8800001144409,11.289999961853,118954500,8.36902713775635,7.12998254299164,6.846888256073,5.33364348053932,7.70259089108864,7.24883609019452,74.2405157795383,6.25969183532671,3.96539198289913
"2021-01-26",11.3100004196167,11.5299997329712,11.1199998855591,11.1899995803833,66267500,8.29490089416504,7.21634149551392,6.88928935050964,5.35521466970444,7.79371550694655,7.32632237197012,71.9742826659139,6.37964194374849,4.448241975069
"2021-01-27",11.0200004577637,11.1700000762939,10.6999998092651,10.789999961853,82863000,7.99838829040527,7.28676280975342,6.92753927230835,5.37608164191246,7.82520362747866,7.37610503259494,63.609725195898,6.08856019402051,4.7763056188593
"2021-01-28",10.8400001525879,11.0500001907349,10.710000038147,10.7200002670288,77388700,7.94650030136108,7.35718424320221,6.95985900878906,5.39620733737946,7.8438646542298,7.41835653398503,62.2464345064921,5.73588123320086,4.96822074172761
"2021-01-29",10.5900001525879,10.8400001525879,10.4499998092651,10.5299997329712,73925800,7.80565643310547,7.41908097267151,6.98550720214844,5.41659247159958,7.83798646636452,7.44704541540136,58.5766125830063,5.24961282167897,5.02449915771789
"2021-02-01",10.6499996185303,11.4399995803833,10.3599996566772,10.8299999237061,157114400,8.02803993225098,7.49469130039215,7.01634436607361,5.43842310190201,7.86722546111628,7.49008204627911,62.3508955684752,5.03523743140484,5.02664681245528
"2021-02-02",11.1400003433228,11.1999998092651,10.710000038147,10.8599996566772,80440700,8.05027961730957,7.58142082691193,7.0465885257721,5.4596977853775,7.89538763899217,7.53157816265173,62.7167542115429,4.83045476636668,4.98740840323756
"2021-02-03",10.9200000762939,11.3599996566772,10.8400001525879,11.1999998092651,82968600,8.30231380462646,7.67593376636505,7.08187336921692,5.48275153160095,7.95799166447437,7.5886696916869,66.6696392911003,4.86675514671635,4.96327775193332
"2021-02-04",11.3999996185303,11.6199998855591,11.1700000762939,11.3699998855591,106845000,8.42833137512207,7.76970543861389,7.12086462020874,5.50721370697021,8.03035161995863,7.65086685342284,68.4696912018864,4.96002314255442,4.96262683005754
"2021-02-05",11.8000001907349,11.8999996185303,11.3000001907349,11.5100002288818,113402100,8.5321102142334,7.86051194667816,7.16015238761902,5.53219477653503,8.10754524984706,7.7161441394088,69.9108673759519,5.07249609865692,4.98460068377741
"2021-02-08",11.5200004577637,11.5799999237061,11.3100004196167,11.5600004196167,75756700,8.56917190551758,7.95539541244507,7.19143427848816,5.55691638827324,8.17856473533483,7.77933138134279,70.4306617375466,5.13197515855319,5.01407557873257
"2021-02-09",11.539999961853,12.039999961853,11.4899997711182,11.9300003051758,102250800,8.8434476852417,8.05287349224091,7.23368717193603,5.58308350563049,8.28085441993589,7.85815481126122,74.0090753223945,5.3791204020174,5.08708454338954
"2021-02-10",12,12.0200004577637,11.5299997329712,11.7600002288818,76282500,8.71743011474609,8.12626004219055,7.2732714176178,5.60750862121582,8.34801991144515,7.92180483374158,69.8278286134436,5.3802774323368,5.14572312117899
"2021-02-11",11.6599998474121,11.7399997711182,11.3100004196167,11.4499998092651,55762900,8.48763179779053,8.18815667629242,7.30840799331665,5.63000640273094,8.36949866319059,7.96371794218965,62.8542472961185,5.09536781622086,5.13565206018736
"2021-02-12",11.4200000762939,11.6199998855591,11.3699998855591,11.4499998092651,44401200,8.48763179779053,8.23559834957123,7.34117243766785,5.65294895172119,8.38767299159058,8.00252637593787,62.8542472961185,4.81281282384498,5.07108421291889
"2021-02-16",11.5,11.6999998092651,11.3800001144409,11.539999961853,48392100,8.55434894561768,8.29897766113281,7.37586424827576,5.67685517072678,8.41331544605629,8.04340212184007,64.0627083843486,4.59896594267988,4.97666055887109
"2021-02-17",11.6099996566772,11.6099996566772,11.3699998855591,11.4799995422363,49554000,8.50986957550049,8.35309097766876,7.40951825141907,5.70116907835007,8.42816992750924,8.07795526655566,62.6005069748445,4.33543699361076,4.84841584581902
"2021-02-18",11.3699998855591,11.4799995422363,11.3000001907349,11.4300003051758,37777100,8.47280788421631,8.3742173910141,7.44050368309021,5.72552006363869,8.43503730546418,8.1072036086046,61.344112325247,4.04373335969546,4.68747934859431
"2021-02-19",11.5200004577637,11.5900001525879,11.460000038147,11.5799999237061,48615600,8.58399963378906,8.37607052326202,7.47549201965332,5.75001930356026,8.45795458674493,8.14252183269234,63.6981275502963,3.87389509704628,4.5247624982847
"2021-02-22",11.5200004577637,11.9399995803833,11.5,11.6999998092651,62183000,8.67295265197754,8.38274199962616,7.51181465148926,5.77533394575119,8.49103121216533,8.18181300449124,65.507749899145,3.77933604085485,4.37567720679873
"2021-02-23",11.5900001525879,11.6499996185303,11.1300001144409,11.6199998855591,72904500,8.61365127563477,8.39497320652008,7.54398612976074,5.80035208106041,8.50989583731447,8.21380102457595,63.2443090723769,3.60484520933244,4.22151080730547
"2021-02-24",11.6700000762939,12.3999996185303,11.6400003433228,12.2700004577637,95152800,9.09548187255859,8.43500225543976,7.59068667411804,5.82640800833702,8.5999859965828,8.2791107170191,71.7771193163353,3.87572156637646,4.15235295911967
"2021-02-25",12.2200002670288,12.3999996185303,11.7200002670288,11.7600002288818,75249400,8.71743011474609,8.4709543466568,7.6313087272644,5.8510184442997,8.61805432245407,8.31157882055444,60.0063176137585,3.68733195601449,4.05934875849864
"2021-02-26",11.8900003433228,11.9799995422363,11.539999961853,11.6999998092651,69614500,8.67295265197754,8.50727696418762,7.67267206192017,5.8759253847599,8.62650021930384,8.3383472525117,58.7849136364875,3.45575637552558,3.93863028190402
"2021-03-01",11.8699998855591,12.0799999237061,11.7799997329712,11.9799995422363,43172800,8.88050937652588,8.56101961135864,7.71462839126587,5.90283377289772,8.66557855118415,8.37850740984609,62.6096649091735,3.42628021072955,3.83616026766913
"2021-03-02",12.039999961853,12.8000001907349,11.9399995803833,12.5500001907349,104789000,9.30303859710693,8.62476954460144,7.76666611671448,5.93122471809387,8.76364932747997,8.44699120149504,68.930638009587,3.74876827063439,3.81868186826218
"2021-03-03",12.6099996566772,12.6099996566772,12.1400003433228,12.1700000762939,80169700,9.02135372161865,8.67332324981689,7.81247713088989,5.95817017555237,8.80329615734746,8.48953657335605,61.4699495484137,3.69583876905748,3.79411324842124
"2021-03-04",12.2399997711182,12.460000038147,11.6300001144409,11.9300003051758,88339600,8.8434476852417,8.70037994384766,7.85665731430054,5.98270648360252,8.80947331548503,8.5157522112735,57.2550046660729,3.44915043233278,3.72512068520355
"2021-03-05",12.0600004196167,12.289999961853,11.6700000762939,12.2700004577637,79345700,9.09548187255859,8.73373746871948,7.90617467880249,6.0085400223732,8.85347463195789,8.55869514914647,61.3031670084571,3.44421056801878,3.6689386617666
"2021-03-08",12.3900003433228,12.8800001144409,12.3000001907349,12.6499996185303,86129700,9.37716674804688,8.77599029541016,7.96340134620667,6.03507777452469,8.93404264981773,8.61932267499095,65.2628104684893,3.651330698408,3.66541706909488
"2021-03-09",12.7600002288818,12.7600002288818,12.3800001144409,12.5699996948242,61568700,9.31786346435547,8.81342487335205,8.01647682189941,6.06080011606216,8.99309200590046,8.6710664371661,63.7830685929543,3.71379427280238,3.67509250983638
"2021-03-10",12.7200002670288,12.9799995422363,12.6199998855591,12.9099998474121,62111200,9.569899559021,8.84974746704102,8.07652037620544,6.08770850658417,9.08183162945747,8.73764666841461,67.188093838893,3.93910367521542,3.72789474291219
"2021-03-11",12.9399995803833,13.0600004196167,12.75,12.8100004196167,56536500,9.49577140808105,8.88866453170776,8.13463656425476,6.11354204416275,9.14551467232263,8.79380405653805,65.2451422618241,3.99952754829798,3.78222130398934
"2021-03-12",12.7799997329712,13.4300003051758,12.7700004577637,13.3699998855591,87160100,9.91088581085205,8.95982723236084,8.2020928478241,6.14074694395065,9.26326407825024,8.8765508531539,70.4062100365172,4.35657082907301,3.89709120900608
"2021-03-15",13.3900003433228,13.6199998855591,13.0500001907349,13.1999998092651,64476000,9.78487014770508,9.02468914985657,8.26643581390381,6.16798891305923,9.34351116585867,8.9438337638614,67.1464293603318,4.46874810679307,4.01142258856348
"2021-03-16",13.0600004196167,13.1499996185303,12.4300003051758,12.4899997711182,125425300,9.25856018066406,9.05989971160889,8.32129034996033,6.19311822891235,9.33044178352104,8.96714683177271,55.5734203837109,4.05139960975207,4.0194179928012
"2021-03-17",12.3400001525879,12.6999998092651,12.2200002670288,12.6899995803833,109324400,9.40681838989258,9.10474715232849,8.3831129360199,6.21839581012726,9.34219203065512,8.99971509533714,57.7808878020159,3.80541974595869,3.9766183434327
"2021-03-18",12.6999998092651,13.0100002288818,12.4399995803833,12.4899997711182,76733300,9.25856018066406,9.14403476715088,8.4400430393219,6.24282091140747,9.32932559219496,9.01888880536135,54.8460669462872,3.44207355843065,3.86970938643229
"2021-03-19",12.8500003814697,12.9499998092651,12.5500001907349,12.8299999237061,90885200,9.51059627532959,9.19036459922791,8.49919700622559,6.2674313378334,9.35721338960029,9.05531158091456,58.6876154755152,3.33397482779094,3.76256247470402
"2021-03-22",12.8500003814697,12.9300003051758,12.5100002288818,12.8500003814697,81362100,9.52542209625244,9.23298807144165,8.55538584709167,6.29070746898651,9.38309165216216,9.0901345820507,58.9090765143798,3.22280234101187,3.65461044796559
"2021-03-23",12.5699996948242,12.6800003051758,12.1199998855591,12.210000038147,73020200,9.05100345611572,9.2548556804657,8.6029758644104,6.30875758171082,9.33200116046271,9.08723598012959,49.7234996583159,2.69350527342227,3.46238941305692
"2021-03-24",12.3599996566772,12.5299997329712,12.1199998855591,12.1400003433228,54534400,8.99911594390869,9.2500373840332,8.64508046150208,6.32584403991699,9.28078805022363,9.08070857003915,48.8267568812391,2.20334656311529,3.2105808430686
"2021-03-25",11.9399995803833,12.3500003814697,11.7200002670288,12.3199996948242,54201800,9.13254642486572,9.27079319953918,8.68273740768433,6.34467251062393,9.25798164632241,9.08454841113742,51.2609773073366,1.90910133708315,2.95028494187151
"2021-03-26",12.4300003051758,12.4899997711182,12.0600004196167,12.3000001907349,49239800,9.11771965026855,9.29303154945373,8.72009781837463,6.36502059459686,9.23640287769874,9.08700553996195,50.9708323654054,1.64407666617772,2.68904328673275
"2021-03-29",12.1999998092651,12.3599996566772,12.0699996948242,12.1499996185303,44747900,9.00652694702148,9.29933242797852,8.74945239067078,6.38733305692673,9.20103734990224,9.0810441627071,48.7426460116665,1.32135892134424,2.41550641365505
"2021-03-30",12.1599998474121,12.4799995422363,12.1099996566772,12.460000038147,49762300,9.23632335662842,9.29599666595459,8.78844360351562,6.40957139492035,9.20646596632165,9.09254632521979,53.2874484385638,1.25289041185181,2.1829832132944
"2021-03-31",12.460000038147,12.539999961853,12.210000038147,12.25,60456900,9.08065700531006,9.29896183013916,8.8215046787262,6.43088314294815,9.18711074155064,9.0916656348561,50.0500263471398,1.04980880872489,1.9563483323805
"2021-04-01",12.2799997329712,12.289999961853,12.0200004577637,12.1700000762939,61907500,9.02135372161865,9.30785713195801,8.84092616081238,6.45171305894852,9.1616096615611,9.08645734498666,48.8328454979698,0.827080497064148,1.73049476531723
"2021-04-05",12.3900003433228,12.7799997329712,12.3299999237061,12.6999998092651,82332700,9.41422939300537,9.32379450798035,8.85827200889587,6.47532274961472,9.20047423562945,9.11073675595101,56.3980072284398,0.984964027413304,1.58138861773645
"2021-04-06",12.6999998092651,12.9899997711182,12.6400003433228,12.9200000762939,67499400,9.57731151580811,9.33380174636841,8.87902777671814,6.49974785089493,9.25844920181078,9.14529784927376,59.101178996551,1.2372626283135,1.51256341985186
"2021-04-07",12.8699998855591,12.9300003051758,12.6599998474121,12.7299995422363,42264000,9.43646907806396,9.33973202705383,8.90037661552429,6.52383938789368,9.2858368750805,9.1668660884434,55.8791534230928,1.2978348924185,1.46961771436519
"2021-04-08",12.6700000762939,12.7600002288818,12.4300003051758,12.5100002288818,52622000,9.27338790893555,9.32490644454956,8.9199463558197,6.54693020105362,9.28392164951974,9.17475659366504,52.3222335663399,1.18984143873715,1.41366245923958
"2021-04-09",12.4899997711182,12.6199998855591,12.3900003433228,12.5100002288818,40555400,9.27338790893555,9.31378726959229,8.94544634819031,6.57050284147263,9.28230107404525,9.18206261701842,52.3222335663399,1.09167690537253,1.34926534846617
"2021-04-12",12.5,12.5500001907349,12.3199996948242,12.3800001144409,40422800,9.17702198028564,9.27709407806396,8.9700567817688,6.59433492898941,9.26610429038993,9.18168923651969,50.135196976134,0.919384785258015,1.26328923582454
"2021-04-13",12.3900003433228,12.4499998092651,12.1000003814697,12.1999998092651,51556000,9.04358959197998,9.24003005027771,8.99481544494629,6.61720334768295,9.23187125986532,9.17145963322045,47.1936500966774,0.658691517608001,1.14236969218123
"2021-04-14",12.1999998092651,12.4899997711182,12.1999998092651,12.2399997711182,49877500,9.07324409484863,9.23076424598694,9.01571952819824,6.64066479921341,9.20746708063198,9.16418440815587,47.9249189479388,0.472302504493327,1.00835625464365
"2021-04-15",12.3000001907349,12.3199996948242,12.1300001144409,12.2399997711182,38209300,9.07324409484863,9.21408553123474,9.03617881774902,6.66375561475754,9.18681739051147,9.15744808865163,47.9249189479388,0.320714915067088,0.870827986728337
"2021-04-16",12.3199996948242,12.3599996566772,12.1899995803833,12.2299995422363,33132900,9.06582927703857,9.20444898605347,9.05144912719727,6.68654990673065,9.16820383459256,9.15066151001363,47.7332326911646,0.191705534728093,0.735003496328289
"2021-04-19",12.2200002670288,12.25,12.0200004577637,12.1099996566772,39063500,8.97687721252441,9.17776303291321,9.06242004394531,6.70927007436752,9.138768969659,9.1377885990885,45.3878719992571,0.0107287508335885,0.590148547229349
"2021-04-20",12.0600004196167,12.0600004196167,11.3500003814697,11.4499998092651,83170800,8.48763179779053,9.12587351799011,9.06153047561646,6.7292845749855,9.03859402014077,9.08962883602939,35.1562086326979,-0.561462044372274,0.359826428909024
"2021-04-21",11.3599996566772,11.7399997711182,11.1800003051758,11.7299995422363,49641100,8.69519233703613,9.10808296203613,9.06405088424683,6.74981798171997,8.98576299197083,9.06041131758545,41.2110761046863,-0.823895549529141,0.123082033221391
"2021-04-22",12.0600004196167,12.1499996185303,11.8299999237061,11.9399995803833,73064400,8.85085964202881,9.10067014694214,9.06419912338257,6.77138916969299,8.96500863044129,9.04488897124792,45.3338721827794,-0.883154465030567,-0.0781652664290005
"2021-04-23",11.9700002670288,12.2399997711182,11.8699998855591,12.2200002670288,51833300,9.05841636657715,9.09696364402771,9.07101884841919,6.79410933494568,8.97937905138527,9.04589100053157,50.335030488972,-0.7352725026467,-0.20958671367254
"2021-04-26",12.2799997329712,12.4399995803833,12.2299995422363,12.2700004577637,40863800,9.09548187255859,9.09585175514221,9.08317584991455,6.81794142484665,8.99724102387347,9.04956439845949,51.1937387435558,-0.57818666492867,-0.283306703923766
"2021-04-27",12.289999961853,12.5,12.2700004577637,12.4899997711182,42037800,9.25856018066406,9.10845341682434,9.09859441757202,6.84162525177002,9.03744397107202,9.06504556751168,54.8893438304175,-0.304483813502077,-0.287542125839429
"2021-04-28",12.6000003814697,12.6000003814697,12.3900003433228,12.4300003051758,68023400,9.21408748626709,9.10734162330627,9.11178918838501,6.86523496389389,9.06461989648665,9.07608570964171,53.6952786216997,-0.126329934752423,-0.255299687622027
"2021-04-29",11.9099998474121,11.9099998474121,11.1400003433228,11.2600002288818,230430600,8.3467903137207,9.07064828872681,9.10852760314941,6.88339627742767,8.95418457606112,9.02206382846238,36.8564286515701,-0.752369454393775,-0.354713640976377
"2021-04-30",11.3599996566772,11.539999961853,11.3299999237061,11.539999961853,90786500,8.55434894561768,9.04729804992676,9.11015842437744,6.90118695259094,8.89267140214674,8.98741828158499,41.5782388345966,-1.05421686706609,-0.49461428619432
"2021-05-03",11.5600004196167,11.6800003051758,11.4300003051758,11.6300001144409,61987300,8.62106227874756,9.00763969421387,9.11089967727661,6.91886642932892,8.85088538316225,8.96028079989333,43.0522887179919,-1.22089272841069,-0.639869974637595
"2021-05-04",11.5299997329712,11.5500001907349,11.2299995422363,11.4099998474121,71007700,8.45798206329346,8.95167322158813,9.10660026550293,6.93595288515091,8.79043871856705,8.92307348607112,40.3707870432314,-1.48642469112361,-0.809180917934798
"2021-05-05",11.5,11.6400003433228,11.3999996185303,11.6099996566772,64495500,8.60623931884766,8.91016173362732,9.10645202636719,6.95429952144623,8.76210034937946,8.89960428849901,43.7979395404096,-1.5450567762575,-0.956356089599339
"2021-05-06",11.5500001907349,11.7600002288818,11.4799995422363,11.7399997711182,50032800,8.70260429382324,8.8816225528717,9.09859447479248,6.97305386066437,8.75294711006311,8.88501169630081,45.9715648450745,-1.48637492838278,-1.06235985735603
"2021-05-07",11.6499996185303,11.8299999237061,11.5200004577637,11.8199996948242,41525800,8.76190757751465,8.85604853630066,9.09948402404785,6.99151169061661,8.7543256435172,8.87589287268702,47.3217944558273,-1.36963380375973,-1.12381464663677
"2021-05-10",11.7799997329712,11.9300003051758,11.6999998092651,11.710000038147,51703500,8.68036460876465,8.83121566772461,9.09963226318359,7.00904291152954,8.74294702278604,8.86140929758166,45.6330752718209,-1.33683335028835,-1.16641838736708
"2021-05-11",11.4499998092651,11.7600002288818,11.4200000762939,11.5799999237061,56882600,8.58399963378906,8.80823616981506,9.09370206832886,7.02646294593811,8.71849357832496,8.84086043359702,43.6506172543153,-1.38410572354521,-1.20995585460271
"2021-05-12",11.539999961853,11.6800003051758,11.2799997329712,11.3299999237061,55663100,8.39867877960205,8.77450790405273,9.07561487197876,7.04277106046677,8.66929130159836,8.8081062370048,40.0474159663266,-1.57599070301003,-1.28316282428417
"2021-05-13",11.3599996566772,11.6800003051758,11.3500003814697,11.5500001907349,56598500,8.56176090240479,8.74893374443054,9.06642301559448,7.05959806919098,8.65274816326089,8.78985843444184,44.3971428529452,-1.55986893535969,-1.33850404649928
"2021-05-14",11.6499996185303,11.8699998855591,11.6199998855591,11.8400001525879,48619200,8.77673053741455,8.73447880744934,9.06508867263794,7.07783349990845,8.67182237466914,8.788885997625,49.5891312252577,-1.33195063614994,-1.33719336442941
"2021-05-17",11.8199996948242,12.1800003051758,11.789999961853,12.1499996185303,52201700,9.00652694702148,8.73596129417419,9.0633095741272,7.09788506507874,8.72331538580027,8.80500754943215,54.4820713036111,-0.927792090730739,-1.25531310968968
"2021-05-18",12.289999961853,12.5299997329712,12.1300001144409,12.1400003433228,72472900,8.99911594390869,8.7615355014801,9.05574855804443,7.11838140726089,8.76574624089388,8.819385949023,54.2990270064636,-0.608202299334359,-1.12589094761861
"2021-05-19",12.0299997329712,12.210000038147,11.8500003814697,12.1099996566772,70220800,8.97687721252441,8.77561974525452,9.04892883300781,7.13847004175186,8.79822792883703,8.83105196854163,53.7158203104101,-0.371688897557398,-0.97505053760637
"2021-05-20",12.5200004577637,12.6899995803833,12.3000001907349,12.4899997711182,106243900,9.25856018066406,8.79600477218628,9.04270204544067,7.15933700799942,8.86904827527196,8.86271924351366,59.6303557574688,0.0714118498443161,-0.765758060116232
"2021-05-21",12.6999998092651,13.4700002670288,12.5699996948242,13.3299999237061,200958600,9.88123416900635,8.83714566230774,9.05041130065918,7.1829467010498,9.02476918200033,8.93816479355015,69.046658716694,0.968928079203346,-0.418820832252317
"2021-05-24",13.3800001144409,13.3800001144409,12.9200000762939,13.0600004196167,111374300,9.68109130859375,8.8664261341095,9.04581541061401,7.20566687822342,9.12574181686086,8.99319638725709,63.8883070907066,1.47384115609417,-0.0402884345830197
"2021-05-25",13.1300001144409,13.4300003051758,12.8000001907349,12.8100004196167,113383400,9.49577140808105,8.87828669548035,9.04003343582153,7.22771990060806,9.18266944627935,9.03042416657738,59.4588412523104,1.68591504555726,0.304952261445037
"2021-05-26",13.1599998474121,13.9499998092651,13.1000003814697,13.8999996185303,227538700,10.3037643432617,8.93277053833008,9.06093751907349,7.25296041965485,9.35514558427663,9.12474566114659,69.415291195577,2.52500104316431,0.748962017788891
"2021-05-27",14.3800001144409,15.0500001907349,14.1199998855591,14.8800001144409,278939100,11.030216217041,9.06694183349609,9.09340547561646,7.28131430387497,9.61284875854807,9.26589162824988,75.2908604268003,3.74445486973312,1.34806058817774
"2021-05-28",15.0100002288818,15.0500001907349,14.4099998474121,14.5299997329712,152105300,10.7707672119141,9.17776274681091,9.12364961624146,7.3088157081604,9.79099005906592,9.37736389370649,70.1105163287998,4.41090022790982,1.96062851612415
"2021-06-01",14.7200002670288,14.8400001525879,14.460000038147,14.8100004196167,89071000,10.978328704834,9.29562606811523,9.15300426483154,7.33765142917633,9.97365754303024,9.49595387971594,71.7831627314394,5.0306021845232,2.57462324980396
"2021-06-02",14.8999996185303,15.0200004577637,14.6800003051758,14.9099998474121,77517200,11.0524559020996,9.42534976005554,9.18354494094849,7.36682072401047,10.1396265213486,9.61125032581843,72.3776758240728,5.49747616198084,3.15919383223934
"2021-06-03",15.1499996185303,16.0599994659424,14.9899997711182,15.9899997711182,179671400,11.8530349731445,9.58768954277038,9.23958557128906,7.4002152967453,10.4032278216249,9.77730844784258,77.8143829474931,6.40175542299091,3.80770615038965
"2021-06-04",16.3299999237061,16.4500007629395,15.8000001907349,15.9700002670288,151788000,11.8382091522217,9.74446978569031,9.29636743545532,7.43386931419373,10.6239941801783,9.92996775927807,77.5101309823235,6.98921122127223,4.44400716456617
"2021-06-07",16.0100002288818,16.2000007629395,15.6499996185303,15.8800001144409,90915300,11.7714967727661,9.89494924545288,9.34914644241333,7.46726389884949,10.8005330405764,10.0663773158327,76.0688367343955,7.29314729330615,5.01383519031416
"2021-06-08",15.7600002288818,15.8000001907349,15.3299999237061,15.6300001144409,93891100,11.5861759185791,10.0402398109436,9.39851556777954,7.49984307050705,10.9214011756537,10.1789549901102,72.0602394395293,7.29393327964243,5.46985480817982
"2021-06-09",15.6000003814697,15.6199998855591,15.3900003433228,15.4799995422363,60079100,11.4749822616577,10.184788942337,9.44788467407226,7.53253342151642,11.0065674965774,10.2749570102249,69.6873367688823,7.1203264950354,5.79994914555093
"2021-06-10",15.5900001525879,15.7799997329712,15.0799999237061,15.1099996566772,78147500,11.2007112503052,10.3248905658722,9.4871724319458,7.56266637563705,11.0364357663817,10.343531398379,64.081962618607,6.69891491905084,5.97974230025091
"2021-06-11",15.3000001907349,15.4300003051758,15.1700000762939,15.2799997329712,50613500,11.3267288208008,10.463138961792,9.53209386825561,7.59357767820358,11.0810962362923,10.4163608370769,65.4567934605971,6.38164719533638,6.06012327926801
"2021-06-14",15.2299995422363,15.3000001907349,14.8199996948242,14.8699998855591,82666000,11.0228042602539,10.575442647934,9.57212287902832,7.62341412067413,11.0721282399787,10.461282572127,59.5377879870445,5.83910876740119,6.01592037689465
"2021-06-15",14.9099998474121,15.1599998474121,14.7600002288818,15,62612700,11.1191711425781,10.6810748577118,9.60622171401977,7.6533988237381,11.0793656096094,10.5100150588271,60.7497341076357,5.41721917233691,5.8961801359831
"2021-06-16",15.1000003814697,15.289999961853,14.8800001144409,15.0200004577637,69112900,11.133994102478,10.7878187656403,9.63735536575317,7.68334645271301,11.0877699931276,10.5562357287272,60.943518420283,5.03526330843456,5.72399677047339
"2021-06-17",15.3000001907349,15.3999996185303,14.5799999237061,14.7700004577637,126653100,10.9486770629883,10.8864087581635,9.66759952545166,7.71281225919723,11.0663710807985,10.585305457191,57.1449580322553,4.54465509335622,5.48812843504996
"2021-06-18",14.539999961853,14.7700004577637,14.4399995803833,14.5200004577637,76319700,10.7633571624756,10.961648607254,9.69739891052246,7.7413143992424,11.0197535549027,10.5984944723972,53.5503990735613,3.97470681899745,5.18544411183946
"2021-06-21",14.6300001144409,14.8999996185303,14.5500001907349,14.7799997329712,63385000,10.9560899734497,11.0153913974762,9.73105295181274,7.7703354382515,11.0099591577561,10.6249830280308,56.6074399576459,3.62331053809377,4.87301739709032
"2021-06-22",15.0200004577637,15.1099996566772,14.8199996948242,14.9099998474121,65545900,11.0524559020996,11.0839596271515,9.76856163024902,7.80032013893127,11.0164971184243,10.6566476853692,58.0925645289354,3.37676015647175,4.5737659489666
"2021-06-23",15.1400003433228,15.5299997329712,15.0299997329712,15.4200000762939,94985700,11.4305067062378,11.1806963920593,9.81629997253418,7.83189857959747,11.0801909011648,10.7139705758039,63.3867295327417,3.41815690802814,4.34264414077891
"2021-06-24",15.539999961853,15.5500001907349,15.1499996185303,15.2600002288818,79859800,11.3119029998779,11.2311033248901,9.86107315063476,7.86240217208862,11.1158389163515,10.758261866476,60.792037229812,3.32374368939345,4.13886405050182
"2021-06-25",15.2399997711182,15.5200004577637,15.1800003051758,15.1899995803833,111760500,11.2600116729736,11.2425930976868,9.90480850219726,7.89286869525909,11.1380193404472,10.7954285188092,59.6417167465039,3.17348052503033,3.94578734540752
"2021-06-28",15.1999998092651,15.210000038147,14.8299999237061,14.960000038147,79477400,11.0895185470581,11.258530664444,9.94528228759765,7.92270513534546,11.1305576799258,10.8172129653462,55.8991129595381,2.89672317244245,3.73597451081451
"2021-06-29",15.0500001907349,15.1999998092651,14.8800001144409,15.0100002288818,68208200,11.1265821456909,11.2659433364868,9.98827638626098,7.95239331245422,11.1299460592743,10.8401292009272,56.5376155448956,2.67355538827183,3.52349068630597
"2021-06-30",14.9499998092651,15.1099996566772,14.8100004196167,14.8599996566772,72213500,11.0153923034668,11.2640901565552,10.0388315963745,7.98108077764511,11.1123224045347,10.8531116529672,54.0112189511499,2.38835423292243,3.29646339562926
"2021-07-01",14.9099998474121,14.9700002670288,14.8400001525879,14.9099998474121,51112200,11.0524559020996,11.2240612030029,10.0859768676758,8.01025007247925,11.1031121733908,10.8678778936437,54.7372778649193,2.16449137586185,3.07006899167578
"2021-07-02",14.960000038147,15.039999961853,14.8299999237061,14.9300003051758,43652000,11.0672807693481,11.1855147838592,10.1303052902222,8.03956761598587,11.0975996496919,10.8826484770292,55.0430128055283,1.97517335156454,2.85108986365353
"2021-07-06",14.8699998855591,14.8800001144409,14.3900003433228,14.5,73990600,10.7485322952271,11.1343665599823,10.1641076087952,8.06632775306702,11.0438969797743,10.8727139450439,47.5984499650898,1.57442783462938,2.5957574578487
"2021-07-07",14.4099998474121,14.460000038147,14.0200004577637,14.2299995422363,72992500,10.5483856201172,11.0824770450592,10.1931656837463,8.09227248430252,10.9676644629039,10.8486896246789,43.6099672662676,1.09667473530051,2.29594091333906
"2021-07-08",13.960000038147,14.2299995422363,13.7399997711182,14.0600004196167,62706800,10.4223690032959,11.0298463821411,10.216441860199,8.11892143011093,10.8837728537335,10.8171103193913,41.2653878236463,0.61626933972081,1.96000659861541
"2021-07-09",14.4499998092651,14.5799999237061,14.2700004577637,14.4799995422363,65981200,10.7337045669556,11.0064960479736,10.2468342018127,8.14746062755585,10.8606854249984,10.8109321155072,48.6155438255768,0.460212948889827,1.6600478686703
"2021-07-12",14.3599996566772,14.7399997711182,14.2399997711182,14.6099996566772,49205200,10.8300704956055,10.9816631317139,10.2964998054504,8.17700055122375,10.855975435861,10.8123497732922,50.6731638302138,0.403479941766016,1.40873428328944
"2021-07-13",14.5,14.6300001144409,14.3000001907349,14.4200000762939,45360600,10.6892290115356,10.964984369278,10.3391974067688,8.20576213598251,10.830322139811,10.8032297168658,47.6687553015002,0.250780772557957,1.17714358114314
"2021-07-14",14.4300003051758,14.6300001144409,14.1999998092651,14.25,39056200,10.56321144104,10.937186384201,10.3780403900146,8.23444959163666,10.7892281861539,10.7854505853232,45.0926033938606,0.0350249699895278,0.94871985891242
"2021-07-15",14.1499996185303,14.3000001907349,13.9399995803833,14.0100002288818,44952300,10.3853073120117,10.8997520446777,10.416586894989,8.26158037662506,10.7270865132089,10.7558103428556,41.6689497725396,-0.26705407338995,0.705565072451946
"2021-07-16",14.1199998855591,14.1400003433228,13.5799999237061,13.6099996566772,48065200,10.0887928009033,10.8567578315735,10.4462379646301,8.28756216526032,10.6288874805465,10.7064016360444,36.6714052687582,-0.723998203438003,0.419652417273957
"2021-07-19",13.25,13.3199996948242,12.789999961853,13.2799997329712,99949200,9.84417152404785,10.8107985496521,10.4690693092346,8.31209846258163,10.5081619487775,10.6425327388594,33.1401321274172,-1.26258282101673,0.0832053696158186
"2021-07-20",13.3699998855591,13.960000038147,13.2799997329712,13.9099998474121,70731800,10.3111772537231,10.7785529136658,10.5000547027588,8.33863621473312,10.4778566110768,10.6179878881086,44.1893917404535,-1.31975359652365,-0.197386423612076
"2021-07-21",14.0500001907349,14.3400001525879,14.0299997329712,14.1899995803833,53817500,10.5187358856201,10.7518669128418,10.5368221282959,8.36569286584854,10.4841457302373,10.6106358879243,48.2803628021488,-1.19210723111216,-0.396330585112093
"2021-07-22",14.0799999237061,14.1400003433228,13.7799997329712,13.9099998474121,40440100,10.3111772537231,10.6959004402161,10.5713656806946,8.39122989177704,10.457535195389,10.5884537668723,44.7479799346265,-1.23642766324327,-0.564350000738328
"2021-07-23",13.9700002670288,14.039999961853,13.7299995422363,13.8199996948242,37927900,10.2444610595703,10.6425283432007,10.6082813262939,8.416581594944,10.4247545591092,10.5629728255907,43.6426709150388,-1.30851672880044,-0.713183346350749
"2021-07-26",13.8999996185303,14.0799999237061,13.8699998855591,14.0299997329712,43838000,10.400128364563,10.5995341777801,10.6450486755371,8.44178503990173,10.4209659137944,10.550910272922,46.9361853615904,-1.23159382239342,-0.816865441559283
"2021-07-27",13.9300003051758,13.960000038147,13.6499996185303,13.789999961853,41963200,10.222222328186,10.5561693668365,10.6739585113525,8.46565418243408,10.3903899775469,10.5265630177563,43.7867693282873,-1.29361349929411,-0.912215053106249
"2021-07-28",13.8599996566772,13.9899997711182,13.5699996948242,13.8599996566772,70653500,10.2741117477417,10.5135458469391,10.6993102073669,8.49015341043472,10.3725010191154,10.5078629236812,44.9470829514926,-1.28819633020484,-0.987411308525966
"2021-07-29",14.5100002288818,14.789999961853,14.3000001907349,14.3900003433228,111154800,10.6669893264771,10.4961256980896,10.7326676750183,8.51506034851074,10.4178069125556,10.519650064629,52.8780041960211,-0.96812300264465,-0.983553647349703
"2021-07-30",14.2299995422363,14.3000001907349,13.8699998855591,13.9499998092651,74955700,10.3408279418945,10.4605443000793,10.7599466896057,8.53800290346146,10.4059639939924,10.5064039814635,46.8445951206853,-0.95598824915103,-0.978040567709969
"2021-08-02",14.0200004577637,14.3299999237061,13.8800001144409,13.9099998474121,64673700,10.3111772537231,10.4227391242981,10.7809990310669,8.56150141477585,10.3913814185663,10.4919427423716,46.3270958853609,-0.958462377031211,-0.974124929574217
"2021-08-03",13.9700002670288,14.0799999237061,13.6400003433228,14.0200004577637,53257700,10.3927183151245,10.404948425293,10.7912287139893,8.58522231340408,10.3915870949599,10.4845927847978,48.0274922263118,-0.887070120383893,-0.956713967736152
"2021-08-04",13.8500003814697,13.9300003051758,13.3000001907349,13.3199996948242,81502700,9.87382411956787,10.3712203502655,10.7950833702087,8.60616342544556,10.3119312525919,10.4393506614474,39.4602339675138,-1.22056833789548,-1.00948484176802
"2021-08-05",13.539999961853,13.8199996948242,13.4499998092651,13.710000038147,60524400,10.1629219055176,10.3582479953766,10.8084263801575,8.62884653806686,10.2890067376574,10.4188744573045,45.3133106932082,-1.24646592277557,-1.05688105796953
"2021-08-06",13.8199996948242,13.9099998474121,13.7299995422363,13.8000001907349,44450600,10.2296371459961,10.3330446243286,10.8069438362122,8.6513072681427,10.2798729543249,10.404856878689,46.5964637657604,-1.20120753049597,-1.08574635247482
"2021-08-09",13.7200002670288,13.8199996948242,13.5500001907349,13.75,38760400,10.1925735473633,10.3011697769165,10.7901909828186,8.67317497730255,10.2664422763308,10.3891321874797,45.951399783709,-1.18094475009928,-1.10478603199971
"2021-08-10",13.7700004577637,13.9099998474121,13.6599998474121,13.8199996948242,32120800,10.2444610595703,10.2789313793182,10.7796648597717,8.69396782159805,10.2630605506753,10.3784158076346,47.0564022119401,-1.11149195693601,-1.10612721698697
"2021-08-11",13.8599996566772,13.9499998092651,13.6700000762939,13.9300003051758,42795600,10.3260040283203,10.2670710086822,10.7666183662415,8.71535370349884,10.2727441626207,10.3745334536113,48.8270319033322,-0.981145720390364,-1.08113091766765
"2021-08-12",13.9200000762939,14.0500001907349,13.789999961853,13.8999996185303,38547900,10.3037643432617,10.2629938602447,10.7516445350647,8.73711021184921,10.2775164981039,10.3692912972891,48.3520728325815,-0.885063371776895,-1.0419174084895
"2021-08-13",13.8800001144409,13.9499998092651,13.539999961853,13.5900001525879,45118500,10.0739679336548,10.2622526168823,10.7160631942749,8.75812544822693,10.2462013343425,10.3474154925754,43.6295321639196,-0.978158829183329,-1.02916569262826
"2021-08-16",13.5,13.5600004196167,13.3199996948242,13.460000038147,38664300,9.97760105133057,10.2689240932465,10.6788510322571,8.77947425365448,10.2048782138792,10.320021830261,41.7863660905396,-1.11573035673455,-1.04647862544952
"2021-08-17",13.3199996948242,13.3299999237061,12.8100004196167,12.9899997711182,74625300,9.62919998168945,10.2348252296448,10.6360050964355,8.79833976745605,10.1163123320038,10.2688498414779,35.8840586915155,-1.4854390883971,-1.13427071803904
"2021-08-18",12.9499998092651,13.210000038147,12.8999996185303,13,50966700,9.63661479949951,10.1907191753387,10.597013874054,8.81787244558334,10.0425127116185,10.2220176161462,36.0909561841135,-1.75606138893873,-1.25862885221898
"2021-08-19",12.8000001907349,12.9200000762939,12.5699996948242,12.6700000762939,69038800,9.39199256896973,10.1447599411011,10.5553540802002,8.8362561416626,9.94243268967257,10.1605342793183,32.3787705954713,-2.14655630944219,-1.43621434366362
"2021-08-20",12.6099996566772,12.6700000762939,12.3800001144409,12.5699996948242,53615600,9.31786346435547,10.0984300613403,10.5176971244812,8.85363910675049,9.84634511654686,10.0981142189507,31.3272188488818,-2.49322890338624,-1.64761725560814
"2021-08-23",12.710000038147,12.8500003814697,12.4700002670288,12.7299995422363,64573600,9.43646907806396,10.0502470970154,10.4798919296265,8.87250463008881,9.78328726447257,10.0491034677739,34.966444354089,-2.64517331475159,-1.84712846743683
"2021-08-24",12.8100004196167,13.1400003433228,12.7600002288818,13.0799999237061,53672500,9.69591617584229,10.0239317893982,10.4533541679382,8.89137015104294,9.76984555852945,10.0229414461493,42.1841549514938,-2.52516578072123,-1.98273593009371
"2021-08-25",13.1199998855591,13.2799997329712,13.0200004577637,13.1700000762939,51195500,9.7626314163208,9.99835777282715,10.4262233734131,8.91131053209305,9.76873569049735,10.0036592217176,43.9080985372326,-2.34837598936033,-2.05586394194704
"2021-08-26",13.1099996566772,13.1300001144409,12.8100004196167,12.8999996185303,57559800,9.56248569488525,9.94313259124756,10.3947932052612,8.92873056173325,9.73700492194164,9.9709797012115,40.0499083121724,-2.3465575728875,-2.11400266813513
"2021-08-27",12.8900003433228,13.3699998855591,12.8699998855591,13.3100004196167,57587300,9.86641120910645,9.91941175460816,10.3731478881836,8.94700307130814,9.75691358150546,9.96323388698149,47.5821423590022,-2.0708166426327,-2.10536546303464
"2021-08-30",13.3500003814697,13.3699998855591,13.0299997329712,13.0500001907349,42720100,9.67367744445801,9.8875367641449,10.3513542938232,8.96449722766876,9.7441080219597,9.94178526160938,43.8220224126921,-1.98834750950641,-2.081961872329
"2021-08-31",13.0200004577637,13.1400003433228,12.9300003051758,13.0299997329712,42212700,9.65885353088379,9.85084352493287,10.3254095649719,8.98236203432083,9.73099194640956,9.92082735562971,43.5370476274299,-1.91350380784953,-2.0482702594331
"2021-09-01",13.0299997329712,13.2200002670288,12.8999996185303,13.1099996566772,58875700,9.71815490722656,9.8430600643158,10.2987235450745,8.99930024147034,9.72901701730448,9.90581458167392,45.0757848524297,-1.78478572268574,-1.99557335208363
"2021-09-02",13.0900001525879,13.210000038147,12.9700002670288,13.0100002288818,49053200,9.64402770996094,9.81711535453797,10.2629939651489,9.01490414619446,9.71594173925163,9.88642296154703,43.4806606607431,-1.72439741814088,-1.94133816529508
"2021-09-03",12.9899997711182,13.0500001907349,12.8699998855591,12.8900003433228,41616700,9.55507564544678,9.7833872795105,10.2278574180603,9.03024861574173,9.6911931094355,9.86187871590998,41.5791869189063,-1.73076156573609,-1.89922284538328
"2021-09-07",12.8299999237061,13.039999961853,12.8100004196167,12.9499998092651,64008900,9.59955024719238,9.75373611450196,10.1946481895447,9.04555600881577,9.67709420755194,9.84244697748645,42.9231729034969,-1.67999655281594,-1.85537758686982
"2021-09-08",12.9700002670288,13.2200002670288,12.9099998474121,13.0299997329712,57980900,9.65885353088379,9.72445573806763,10.1660348892212,9.06115991830826,9.67428794960299,9.82884746292329,44.7484262462069,-1.57250902410818,-1.79880387431749
"2021-09-09",12.9499998092651,12.9499998092651,12.7200002670288,12.7600002288818,68806400,9.45870685577393,9.68109087944031,10.1326773834229,9.07605960845947,9.64112162747545,9.80142964017149,40.0888997205917,-1.63555745009906,-1.7661545894738
"2021-09-10",12.8400001525879,12.9300003051758,12.6599998474121,12.6800003051758,48792500,9.39940643310547,9.6358729839325,10.1003576660156,9.0902180314064,9.60393467449545,9.77165014335178,38.7997968767355,-1.71634745816641,-1.75619316321232
"2021-09-13",12.7600002288818,12.9899997711182,12.6199998855591,12.9899997711182,62270800,9.62919998168945,9.61363458633423,10.0718925476074,9.10333864450455,9.60782164483299,9.76109827952494,46.0407253727498,-1.570280621121,-1.71901065479406
"2021-09-14",12.9300003051758,13.0600004196167,12.789999961853,12.8599996566772,47640800,9.53283500671387,9.5913962841034,10.0412036323547,9.11734880447388,9.59628523896851,9.74418988894635,43.7054246990849,-1.51787528428216,-1.67878358069168
"2021-09-15",12.8900003433228,13.25,12.8100004196167,13.2200002670288,60282100,9.79969501495361,9.5999210357666,10.0222268867493,9.13265619039536,9.62757905065852,9.7483013797617,51.1021483214596,-1.23839348415925,-1.59070556138519
"2021-09-16",13.1800003051758,13.5299997329712,13.1000003814697,13.3999996185303,76426100,9.93312358856201,9.61474647521973,10.0099216461182,9.14866779327393,9.67458590264367,9.76199191374691,54.3330579287367,-0.895370656680705,-1.4516385804443
"2021-09-17",13.4099998474121,13.6999998092651,13.3900003433228,13.5500001907349,76182400,10.044319152832,9.64736280441284,10.0023606491089,9.16464234113693,9.73146794113419,9.78290504256803,56.8895302059956,-0.525785553575575,-1.26646797507055
"2021-09-20",13.0699996948242,13.1899995803833,12.6300001144409,12.8199996948242,126152200,9.5031852722168,9.65662889480591,9.97775026321411,9.17805947542191,9.69634753053151,9.76218505957904,43.9849195865468,-0.674413859660761,-1.14805715198859
"2021-09-21",12.8900003433228,12.9700002670288,12.6599998474121,12.7700004577637,60473100,9.46612167358398,9.65811152458191,9.95047128677368,9.19125423669815,9.6609281679242,9.74025443839422,43.2610879910134,-0.814416820132913,-1.08132908561746
"2021-09-22",12.9200000762939,13.3900003433228,12.9099998474121,13.2299995422363,75784000,9.80710697174072,9.66367106437683,9.93282884597778,9.20567209005356,9.6834172146652,9.74520647790137,51.2151891991989,-0.634047758518874,-0.991872820197741
"2021-09-23",13.3500003814697,13.7399997711182,13.3199996948242,13.710000038147,68708100,10.1629219055176,9.68368558883667,9.92482305526733,9.22231378555298,9.75718716710403,9.7761483614285,57.854652155295,-0.193953626964971,-0.832288981551187
"2021-09-24",13.6599998474121,13.9399995803833,13.6400003433228,13.7799997329712,57440200,10.2148113250732,9.71630187034607,9.92141313552856,9.23910373687744,9.82759088371468,9.80864191429107,58.736619401734,0.193186473613594,-0.627193890518231
"2021-09-27",13.8900003433228,14.289999961853,13.8800001144409,14.1599998474121,68769700,10.4964952468872,9.74780607223511,9.92956718444824,9.25656082630158,9.93049924727968,9.8595940130019,63.2345304345595,0.719149634196703,-0.357925185575244
"2021-09-28",14.6300001144409,14.7299995422363,14.2299995422363,14.3100004196167,107090900,10.6076898574829,9.79450669288635,9.94483755111694,9.27579700231552,10.0346824180802,9.91500852000049,64.8627758621311,1.20699743059502,-0.0449406623411903
"2021-09-29",14.460000038147,14.5,14.1700000762939,14.3000001907349,56805500,10.6002750396729,9.84157776832581,9.95061950683594,9.29536674022675,10.121696667556,9.96576900293919,64.657140559878,1.56463253935348,0.276973977997744
"2021-09-30",14.2600002288818,14.3199996948242,14.0900001525879,14.1599998474121,78820500,10.4964952468872,9.88049478530884,9.95017469406128,9.31482528686523,10.1793579874531,10.0050820580464,61.7083555224151,1.74187406355635,0.569953995109465
"2021-10-01",14.2600002288818,14.3699998855591,14.0100002288818,14.1599998474121,51880900,10.4964952468872,9.92311816215515,9.95388105392456,9.33339429855347,10.2281483350583,10.0414830349976,61.7083555224151,1.85894154688242,0.827751505464056
"2021-10-04",14.2700004577637,14.789999961853,14.2200002670288,14.3500003814697,78332500,10.63733959198,9.97723135948182,9.96173862457275,9.35307523488998,10.2911008361232,10.085620557737,64.2729558254787,2.03735880414939,1.06967296520112
"2021-10-05",14.4399995803833,14.4399995803833,14.1099996566772,14.289999961853,55915800,10.5928630828857,10.0268970012665,9.96559331893921,9.37238553524017,10.3375257971636,10.1231940781184,62.8416281743423,2.11723411989544,1.27918519613999
"2021-10-06",14.1400003433228,14.3400001525879,13.8900003433228,14.1199998855591,61020300,10.4668464660645,10.0672966480255,9.97048580169678,9.39154757499695,10.3574212846868,10.1486498105589,58.843203635201,2.05713546161297,1.43477524923458
"2021-10-07",14.3400001525879,14.9499998092651,14.3100004196167,14.8900003433228,96557500,11.0376281738281,10.1462427139282,9.98575613021851,9.41363764762878,10.4620684984009,10.2145000596899,68.5912749410124,2.4236960914799,1.63255941768365
"2021-10-08",14.9200000762939,15.4899997711182,14.8500003814697,15.1199998855591,99468900,11.2081232070923,10.2366785526276,9.99657880783081,9.43709909677506,10.5768461458918,10.2881017743123,70.8149148922049,2.80658548985642,1.8673646321182
"2021-10-11",15.1999998092651,15.3599996566772,14.9700002670288,15.0900001525879,45302300,11.1858835220337,10.3145127296448,10.0134799194336,9.45970806598663,10.6705442037598,10.3546041259954,70.1175779858334,3.05120383087609,2.10413247186978
"2021-10-12",15.1099996566772,15.6800003051758,15.0100002288818,15.6400003433228,89134000,11.5935878753662,10.4175503730774,10.0391281318665,9.48483739614487,10.8125509224685,10.4463807000229,74.9814435263868,3.5052352863689,2.3843530347696
"2021-10-13",15.5900001525879,15.6899995803833,15.2700004577637,15.5100002288818,63363500,11.4972238540649,10.502426815033,10.0612182426453,9.50937370538712,10.9178852196372,10.5242209336556,71.9985103373464,3.7405551295741,2.6555934537305
"2021-10-14",15.6199998855591,15.6199998855591,15.3699998855591,15.4499998092651,50875100,11.4527435302734,10.5784078121185,10.0927966308594,9.53394706487656,11.0001711135812,10.5930003852569,70.6023143829363,3.84377148603687,2.89322906019178
"2021-10-15",15.539999961853,16.0300006866455,15.539999961853,15.6999998092651,77211800,11.6380634307861,10.6580950260162,10.1222994613647,9.55929877281189,11.0983083931512,10.6704124627035,72.9554224268154,4.01011612197086,3.11660647254759
"2021-10-18",15.5699996948242,15.6499996185303,15.4899997711182,15.5600004196167,48643800,11.5342874526978,10.7596501350403,10.1483924674988,9.58439104318619,11.1653820946199,10.7344032027031,69.5959420744092,4.01493109377768,3.29627139679361
"2021-10-19",15.6000003814697,15.6899995803833,15.3699998855591,15.4200000762939,44668300,11.4305067062378,10.857869386673,10.1731511306763,9.60996513128281,11.2061704964073,10.7859664251872,66.3075604180191,3.89584071241742,3.41618525991837
"2021-10-20",15.4300003051758,16.1599998474121,15.3699998855591,16.0400009155273,105213700,11.890100479126,10.9620190620422,10.2060639190674,9.63735535860062,11.3113904937486,10.8677541328863,72.5036230706263,4.08213468429341,3.54937514479338
"2021-10-21",16.1599998474121,16.7000007629395,16.1299991607666,16.5499992370605,95855000,12.2681503295898,11.0672804832459,10.2449068450928,9.66593162059784,11.4585843146473,10.971487184494,76.3555052820369,4.43966366603132,3.72743284904097
"2021-10-22",16.4200000762939,16.5400009155273,16.2299995422363,16.2800006866455,60646800,12.0680055618286,11.1599401950836,10.2801916694641,9.69269174814224,11.5523414295982,11.0527107680003,70.708129006363,4.52043550297632,3.88603337982804
"2021-10-25",16.3999996185303,16.5,15.8100004196167,16,67808000,11.8604488372803,11.2281378746033,10.3159212875366,9.71863647937775,11.5997425692416,11.1125432175766,65.3132132107011,4.38422908353211,3.98567252056885
"2021-10-26",16.0900001525879,16.2199993133545,15.6999998092651,15.9399995803833,64882300,11.8159713745117,11.2885519504547,10.3526886940002,9.74324690580368,11.6330085392832,11.1646490069792,64.1830950331909,4.19502244997791,4.02754250645067
"2021-10-27",15.789999961853,15.9200000762939,15.5,15.5100002288818,96094300,11.4972238540649,11.3333993911743,10.3900491714478,9.76448452949524,11.6121185877111,11.1892841808374,56.6217724889498,3.77892276252942,3.97781855766642
"2021-10-28",16.8600006103516,17.5799999237061,16.7099990844727,16.8600006103516,215237600,12.4979476928711,11.4334720134735,10.4472758293152,9.79072577238083,11.748399988505,11.2862222187658,68.978266943862,4.09506175565737,4.00126719726461
"2021-10-29",16.8600006103516,17.3600006103516,16.5499992370605,17.0799999237061,100560700,12.6610269546509,11.5416985988617,10.5126565170288,9.81633691549301,11.8888041371428,11.3880596066091,70.4552417647285,4.3971014187796,4.08043404156761
"2021-11-01",17.5,17.9699993133545,17.0699996948242,17.9500007629395,125246500,13.3059387207031,11.6751285552979,10.5924180221558,9.8464327955246,12.1068248423059,11.5301247261716,75.4359705290111,5.00168150675127,4.26468353460434
"2021-11-02",18.1499996185303,18.1900005340576,17.7299995422363,18.0100002288818,115146200,13.3504161834717,11.8130062103272,10.6706969642639,9.87604686021805,12.2981465871007,11.6649611304161,75.7397318246163,5.42809744160699,4.49736631600487
"2021-11-03",17.9200000762939,18.8299999237061,17.8799991607666,18.6299991607666,104755500,13.8100080490112,11.9801642894745,10.7529788017273,9.90484550237656,12.5307406581638,11.8238534947565,78.6743530464899,5.97848378044292,4.79358980889248
"2021-11-04",18.9200000762939,19.5,18.7199993133545,19.4200000762939,157505500,14.3956165313721,12.1480637073517,10.8456385040283,9.93408890008926,12.8176446386574,12.0143544604317,81.7102314634381,6.68608688774139,5.17208922466226
"2021-11-05",19.7099990844727,19.7199993133545,18.9899997711182,19.2900009155273,122232200,14.2992534637451,12.3026202201843,10.9403738594055,9.96288755178452,13.0455844579017,12.1836062384549,79.6996281399932,7.074902147823,5.55265180929441
"2021-11-08",19.3999996185303,20.4200000762939,19.2399997711182,20.1499996185303,153490400,14.9367532730103,12.4901637077332,11.0417807006836,9.99572618246079,13.3365335063799,12.3875430558294,82.7276292646995,7.66084482026437,5.9742904114884
"2021-11-09",20.5100002288818,20.5100002288818,19.4099998474121,20.1200008392334,164928500,14.9145183563232,12.656210231781,11.1465975189209,10.0288242697716,13.5793004063712,12.5747264114215,82.2667190356292,7.98883380903792,6.37719909099831
"2021-11-10",19.8799991607666,20.4699993133545,19.0599994659424,19.3600006103516,229109600,14.3511419296265,12.7989061355591,11.2404432868958,10.0605880379677,13.6980452561028,12.7063127461034,71.4105630926758,7.80503777780481,6.66276682835961
"2021-11-11",19.6399993896484,19.8400001525879,19.2600002288818,19.5499992370605,96436500,14.491982460022,12.9508680820465,11.3359198379517,10.093315448761,13.8201894413211,12.838584576764,72.3914286709974,7.64574053072538,6.85936156883276
"2021-11-12",19.3799991607666,19.6200008392334,19.2099990844727,19.5,77837900,14.4549188613892,13.0917108535767,11.4321376609802,10.1265617609024,13.9178401213316,12.9583130422918,71.6943314883045,7.40472217261763,6.96843368958974
"2021-11-15",19.4599990844727,19.9500007629395,19.1399993896484,19.8600006103516,84838600,14.7217817306519,13.2510855674744,11.5354717826843,10.1600304698944,14.0415234458424,13.0889403525407,73.6609980960933,7.27777090921495,7.03030113351478
"2021-11-16",19.8999996185303,20.0599994659424,19.5300006866455,19.7900009155273,66557200,14.6698913574219,13.4130548000336,11.6368786048889,10.193128528595,14.1381954322393,13.2060478343838,72.6046547073329,7.05849024284559,7.03593895538094
"2021-11-17",19.7399997711182,20.0100002288818,19.4400005340576,19.9599990844727,80855200,14.7959079742432,13.5583451747894,11.7396196937561,10.2255964994431,14.2393819771629,13.3238152521511,73.5949840749218,6.87165581092846,7.00308232649045
"2021-11-18",20.1599998474121,20.2600002288818,19.3600006103516,19.5599994659424,111368800,14.5724058151245,13.6735579490662,11.8418936729431,10.2563168716431,14.2906164137724,13.416303442001,68.8417073109633,6.51679485002024,6.9058248311964
"2021-11-19",19.6399993896484,19.6700000762939,19.2399997711182,19.3899993896484,64610400,14.4457559585571,13.7924454689026,11.9428206634522,10.2858851003647,14.314484036047,13.4925591839681,66.2312563298444,6.09168980378065,6.74299782571325
"2021-11-22",19.3899993896484,20.7900009155273,19.3099994659424,20.4799995422363,137861700,15.2578134536743,13.9623136997223,12.0553929328918,10.3193283081055,14.4596116387589,13.6233187595019,73.2384220338455,6.13868686492904,6.62213563355641
"2021-11-23",20.4300003051758,20.5300006866455,19.9699993133545,20.2000007629395,90984500,15.0492162704468,14.1239759445191,12.1657205581665,10.3503571510315,14.5503200436339,13.7289407973497,69.2625508057468,5.98283041939274,6.49427459072368
"2021-11-24",19.9699993133545,20.3400001525879,19.7800006866455,20.25,77324300,15.086462020874,14.3034378528595,12.2714558982849,10.3822023105621,14.6328034247478,13.8294979250182,69.5800949858534,5.80863820281161,6.35714731314127
"2021-11-26",19.6599998474121,19.8400001525879,19.4699993133545,19.75,49434000,14.713960647583,14.4142385005951,12.3670726394653,10.4133339548111,14.6452891513378,13.8950136822452,62.6132172943095,5.3996022332194,6.16563829715689
"2021-11-29",20.0699996948242,20.1900005340576,19.4899997711182,19.6700000762939,68778700,14.654354095459,14.5139048576355,12.4592733383179,10.4441675662994,14.6466837581257,13.951261120261,61.5511785792012,4.98465788769979,5.92944221526547
"2021-11-30",19.6200008392334,19.9500007629395,19.0300006866455,19.1900005340576,103238400,14.2967529296875,14.5634455680847,12.5551446914673,10.4728795862198,14.5928482460583,13.9768531061445,55.4720900757691,4.40725201328063,5.6250041748685
"2021-12-01",19.6299991607666,20.4699993133545,19.5300006866455,19.5799999237061,125295600,14.587306022644,14.6252900600434,12.6575683784485,10.5032667684555,14.5919955963022,14.0220718407,59.0140854044245,4.06447607797888,5.31289855549058
"2021-12-02",19.5,20.1100006103516,19.2800006866455,19.8700008392334,94142300,14.8033580780029,14.6749575614929,12.7574934005737,10.5349195194244,14.6245129011793,14.079944895315,61.4685066282059,3.86768563309829,5.02385597101212
"2021-12-03",20.3700008392334,20.3999996185303,18.9300003051758,19.1399993896484,120275200,14.2594995498657,14.6681517124176,12.8394249534607,10.5632970190048,14.5683570009772,14.0932452400965,52.8833937622459,3.37120196793923,4.69332517039754
"2021-12-06",19.2299995422363,19.4899997711182,18.6100006103516,19.2199993133545,88147400,14.3191003799438,14.6691440582276,12.9215107345581,10.5915277576447,14.5300098285105,14.1099752504556,53.6474373672761,2.9768626138543,4.3500326590889
"2021-12-07",19.6499996185303,20.0599994659424,19.5200004577637,19.9599990844727,75885600,14.8704090118408,14.6658268451691,13.0089890098572,10.6228115463257,14.5823789336382,14.1663036772249,60.0937610693118,2.93707706606836,4.06744154048479
"2021-12-08",20.1800003051758,20.1900005340576,19.75,19.8099994659424,63246800,14.75865650177,14.6580337524414,13.0920083427429,10.6511274194717,14.6094985595047,14.2101816642282,58.3231368037639,2.81007593507172,3.81596841940218
"2021-12-09",19.7600002288818,19.9300003051758,19.5400009155273,19.5699996948242,63357600,14.57985496521,14.6694694042206,13.1715999412537,10.6804395437241,14.6049380065363,14.2375648717083,55.5052117825851,2.58030876865694,3.56883648925313
"2021-12-10",19.7700004577637,21.4899997711182,19.7600002288818,21.4500007629395,169657200,15.9804763793945,14.7438941001892,13.2812795639038,10.7169771623611,14.8165592946683,14.3666694278332,68.3893670589771,3.13148339004345,3.48136586941119
"2021-12-13",21.2399997711182,21.2999992370605,20.1299991607666,20.4300003051758,126632300,15.2205667495728,14.7821764945984,13.3757609939575,10.7486774492264,14.8787142877305,14.4299210812954,58.4929848623288,3.11015704040707,3.40712410361037
"2021-12-14",19.7999992370605,20.1800003051758,19.3799991607666,20.0499992370605,124559700,14.937460899353,14.7929604530335,13.461763420105,10.7768495607376,14.8877522279801,14.4675166233738,55.283362728928,2.90468375151154,3.3066360331906
"2021-12-15",19.9899997711182,20.3299999237061,19.5499992370605,20.1900005340576,79679700,15.0417585372925,14.811553812027,13.5507413291931,10.806951584816,14.9114455063359,14.5100530614418,56.2361070782525,2.76630583771398,3.19856999409528
"2021-12-16",20.5699996948242,21.1000003814697,20.2600002288818,20.3500003814697,107020900,15.1609668731689,14.8298067569733,13.6446237373352,10.8385391807556,14.9498334089256,14.5582688993475,57.3545072310187,2.68963646904197,3.09678328908462
"2021-12-17",20.0300006866455,20.2399997711182,19.6000003814697,19.7700004577637,98710700,14.7288579940796,14.837629365921,13.7184483337402,10.8667060613632,14.915837191257,14.5709051285869,52.1518824142819,2.36726586046663,2.95087980336102
"2021-12-20",19.4599990844727,19.6200008392334,19.0499992370605,19.4200000762939,74565600,14.4681015014648,14.8387466430664,13.7836478996277,10.8921607351303,14.8469547774428,14.5632900450964,49.2486872121687,1.9478066526724,2.7502651732233
"2021-12-21",19.75,19.7900009155273,19.3299999237061,19.6100006103516,58930900,14.609658241272,14.8063388824463,13.8521233940125,10.9186197090149,14.8104476180319,14.5667247262946,50.8483357752497,1.67314819437303,2.53484177745324
"2021-12-22",19.6399993896484,20.3400001525879,19.6399993896484,20.1399993896484,75806400,15.0045108795166,14.8041036128998,13.9203418540955,10.9457927656174,14.8403035044142,14.599153330237,55.099587365742,1.65180931196689,2.35823528435597
"2021-12-23",20.0799999237061,20.4099998474121,20,20.25,50610500,15.086462020874,14.8041036128998,13.9921266174316,10.9737462186813,14.878174045408,14.6352502702842,55.9511523156594,1.65985391870649,2.21855901122608
"2021-12-27",20.2600002288818,20.8899993896484,20.1000003814697,20.7999992370605,59651800,15.4962177276611,14.8432164669037,14.0729961013794,11.0016728782654,14.9732576888315,14.6990256374973,60.0327176427223,1.8656478197759,2.14797677293604
"2021-12-28",20.6599998474121,21.0599994659424,20.5900001525879,20.7600002288818,53020500,15.4664173126221,14.8838196277618,14.1495631790161,11.03008061409,15.0491284001839,14.7558694652843,59.6001821281637,1.98740532091028,2.11586248253089
"2021-12-29",20.7099990844727,20.7700004577637,20.4500007629395,20.5599994659424,37883000,15.3174171447754,14.9348528385162,14.2252257728577,11.0603748989105,15.0904035916595,14.797465589691,57.3743092065919,1.97964982714727,2.08861995145416
"2021-12-30",20.5900001525879,20.9599990844727,20.4699993133545,20.4699993133545,51470100,15.2503623962402,14.968005657196,14.3016228866577,11.0895926189423,15.1150126385181,14.8310135012873,56.3542925922527,1.91490040249895,2.05387604166312
"2021-12-31",20.4599990844727,21.0100002288818,20.4599990844727,20.7700004577637,51899600,15.4738683700562,15.0015311717987,14.3732982444763,11.1206691598892,15.1702212126009,14.8786323804553,58.9725286951133,1.95978249001281,2.03505733133306
"2022-01-03",21.2700004577637,21.8799991607666,21.0599994659424,21.7700004577637,110449000,16.2188816070557,15.0995002746582,14.4523128700256,11.1542105865479,15.3315535809786,14.9779101009443,66.2420094971929,2.36110029804488,2.10026592467542
"2022-01-04",22.5200004577637,24.5599994659424,22.4200000762939,24.3099994659424,311645200,18.1112041473389,15.289105463028,14.5731768417358,11.1971394968033,15.7591921296494,15.2100059562328,77.2622656362605,3.61069006150898,2.40235075204214
"2022-01-05",24.0599994659424,24.9500007629395,23.4699993133545,23.6599998474121,253540000,17.6269454956055,15.4269322872162,14.6885067749023,11.2400192070007,16.0465388013349,15.3890385147048,70.8849751045407,4.27252349782514,2.77638530119874
"2022-01-06",24.0900001525879,24.6200008392334,23.3600006103516,24.4599990844727,155058800,18.2229557037354,15.6001472473145,14.8166464614868,11.2861384057999,16.381372170935,15.5989583064849,73.7561360273013,5.01580842180265,3.22426992531952
"2022-01-07",24.6700000762939,24.9099998474121,24.0400009155273,24.4400005340576,127017500,18.2080554962158,15.7815572738648,14.9508630943298,11.3315159511566,16.6624003748244,15.7922247649834,73.5608324015437,5.51015213366506,3.68144636698863
"2022-01-10",24.1000003814697,24.4400005340576,23.3500003814697,23.8500003814697,122800700,17.7684993743896,15.8709584236145,15.0562741279602,11.3747698497772,16.8325694516805,15.9386154767913,67.852797662401,5.60873042072543,4.06690317773599
"2022-01-11",23.7800006866455,24.3500003814697,23.2800006866455,24.3500003814697,106011600,18.1410064697266,16.0169804096222,15.1658737182617,11.4204422473907,17.0338674544569,16.1017555503421,69.9788419783794,5.78888371022994,4.41129928423478
"2022-01-12",24.6100006103516,24.8400001525879,24.0100002288818,24.4699993133545,104050000,18.2304077148438,16.1816277503967,15.2643630981445,11.4654126691818,17.2179505714395,16.2594334884533,70.4833749225788,5.89514440135237,4.7080683076583
"2022-01-13",24.6399993896484,25.8700008392334,24.3700008392334,25.0200004577637,185780500,18.6401634216309,16.3615479946137,15.3701580429077,11.5132102012634,17.436752548392,16.4357838538739,72.7442970442319,6.09017922976762,4.98449049208016
"2022-01-14",24.4699993133545,25.2800006866455,24.2999992370605,25.1900005340576,146012200,18.7668151855469,16.5418404102326,15.4692941856384,11.5619375085831,17.6413775694928,16.6084528414052,73.4219585157255,6.21927122261772,5.23144663818767
"2022-01-18",24.8700008392334,25.1299991607666,24.2999992370605,24.3799991607666,110518100,18.1633567810059,16.7135653495789,15.5446489906311,11.6056831455231,17.7216820635717,16.7236309110053,65.1147423029197,5.96790946821038,5.37873920419221
"2022-01-19",24.6499996185303,24.9200000762939,22.4099998474121,22.4500007629395,153198200,16.7254848480225,16.8264345169068,15.5931736183167,11.6414240121841,17.5684209534872,16.7237682396732,50.463761018808,5.05061240809512,5.3131138449728
"2022-01-20",21.8799991607666,22.8799991607666,21.5699996948242,21.6499996185303,152014100,16.1294765472412,16.9024254322052,15.6170280838013,11.67488904953,17.3470448909878,16.6797466328264,45.8578276556047,4.00064984709161,5.05062104539656
"2022-01-21",21.2099990844727,21.5,20.5400009155273,20.6499996185303,145532900,15.3844661712646,16.9214231967926,15.6264270401001,11.7054444408417,17.0451097033381,16.58379993197,40.8399719652921,2.7816891982569,4.59683467596863
"2022-01-24",19.9300003051758,20.4699993133545,18.7999992370605,20.3899993896484,186674000,15.1907634735107,16.9266382694245,15.6432194709778,11.7350313186646,16.75982566798,16.4806120461582,39.6259069729688,1.69419449374737,4.01630663952438
"2022-01-25",20,20.3099994659424,19.5599994659424,19.9799995422363,116775800,14.8853101730347,16.8960928916932,15.651086025238,11.7635727596283,16.4714386687577,16.3624415370379,37.7215854527747,0.666142222559207,3.34627375613134
"2022-01-26",21.0100002288818,21.0400009155273,19.5699996948242,19.9099998474121,135786400,14.8331594467163,16.8644299983979,15.6586508369446,11.792520608902,16.2193957115205,16.2491613821993,37.391192633439,-0.183182811583915,2.64038244258829
"2022-01-27",20.3099994659424,20.6499996185303,19.4099998474121,19.5499992370605,105674400,14.5649528503418,16.8268067836762,15.6555142593384,11.8199791526794,15.96486604057,16.1244051946543,35.6612526629465,-0.989426599978949,1.91442063407484
"2022-01-28",19.3199996948242,19.5499992370605,18.9200000762939,19.5400009155273,87677100,14.6323509216309,16.7959062099457,15.6547634506226,11.8477746868134,15.7598637145793,16.0138826559118,36.4568496960651,-1.58624205503762,1.21428809625235
"2022-01-31",19.5799999237061,20.3299999237061,19.3700008392334,20.2999992370605,91361900,15.2014713287354,16.7822863578797,15.6628747177124,11.8784528970718,15.6739571936803,15.9537040390839,42.8800271365663,-1.75349150716538,0.620732175568803
"2022-02-01",20.6100006103516,20.8500003814697,19.9200000762939,20.6599998474121,117651800,15.4710493087769,16.7448947429657,15.6808475875855,11.9109237575531,15.6427405960028,15.9179518368389,45.6809324240053,-1.72893625798761,0.15079848885752
"2022-02-02",20.8099994659424,21.0499992370605,20.1800003051758,20.6299991607666,95377600,15.4485874176025,16.6117639064789,15.7009042167664,11.9457285356522,15.6128708762489,15.8831841020807,45.4808148380556,-1.7018830990969,-0.219737828733364
"2022-02-03",20.1700000762939,20.6200008392334,19.8700008392334,19.8899993896484,103016000,14.8944482803345,16.4751390457154,15.6936369132996,11.9767248153687,15.5023443230313,15.809944411581,40.7392615409466,-1.94561144898348,-0.564912552783386
"2022-02-04",18.5200004577637,18.5900001525879,17.5200004577637,17.9599990844727,211100500,13.449182510376,16.2364503860474,15.6616362380981,11.9997164297104,15.1864732749305,15.6350731596399,31.5118502356923,-2.86918954666208,-1.02576795155912
"2022-02-07",17.7299995422363,18.1200008392334,17.7000007629395,17.8899993896484,84610000,13.3967657089233,15.9958858966828,15.6278423118591,12.0214081764221,14.9111336493909,15.4692726077349,31.235523442012,-3.60804914682874,-1.54222419061305
"2022-02-08",17.5799999237061,17.9099998474121,17.0200004577637,17.7199993133545,142694300,13.269458770752,15.7709338665009,15.5989522743225,12.0422780609131,14.6585682834465,15.3063234346251,30.5351725078653,-4.23194475110389,-2.08016830271122
"2022-02-09",18.2700004577637,18.4300003051758,18.0300006866455,18.3500003814697,87118600,13.7412338256836,15.5509452342987,15.580689868927,12.0646914291382,14.5174399053291,15.1903908709998,36.2404859205934,-4.43010960932817,-2.55015656403461
"2022-02-10",17.9699993133545,18.6299991607666,17.9200000762939,18.0799999237061,76195300,13.5390434265137,15.3163770198822,15.5655356788635,12.0863162088394,14.3669173701267,15.0680688380749,34.9168755555153,-4.6532271353608,-2.97077067829985
"2022-02-11",18.1000003814697,18.3600006103516,17.4200000762939,17.5499992370605,94534100,13.1421575546265,15.041476726532,15.5366327095032,12.1102930450439,14.1784927831267,14.9254087430046,32.4142711693792,-5.00432499195711,-3.3774815410313
"2022-02-14",17.5100002288818,17.7299995422363,17.2900009155273,17.4599990844727,78625000,13.0747623443604,14.7568740844727,15.5020607948303,12.1328951120377,14.0086881002396,14.7883238245866,31.9949123054988,-5.2719681662013,-3.7563788660653
"2022-02-15",17.7999992370605,18.1299991607666,17.7199993133545,18.0799999237061,65883300,13.5390434265137,14.5256584167481,15.4876516723633,12.1574850177765,13.9364350735125,14.6957845358404,37.9504983382364,-5.16712435784539,-4.03852796442132
"2022-02-16",17.8899993896484,18.2099990844727,17.7399997711182,18.0100002288818,57442100,13.4866256713867,14.3637154579163,15.4710021781921,12.182628235817,13.8672336270316,14.6062172125475,37.5506615016271,-5.05937694039691,-4.24269775961644
"2022-02-17",17.8600006103516,17.9400005340576,17.5,17.5400009155273,55368600,13.1346712112427,14.2139751911164,15.4362874221802,12.2052703952789,13.7545317169103,14.4972138050435,34.8924500534202,-5.12292981341596,-4.41874417037634
"2022-02-18",17.6000003814697,18.4799995422363,17.5699996948242,18.0400009155273,106404200,13.509087562561,14.1202062606812,15.411296043396,12.2293028116226,13.7167710777796,14.4240192685633,39.7766128053016,-4.90326709646819,-4.51564875559471
"2022-02-22",17.6700000762939,17.7600002288818,17.0699996948242,17.2900009155273,98550700,12.9474592208862,14.00804104805,15.3786481285095,12.2502305698395,13.5984154074883,14.3146444502168,35.4773955089665,-5.00347071294311,-4.61321314706439
"2022-02-23",17.5,17.7299995422363,16.8799991607666,16.9500007629395,79855400,12.6928539276123,13.8984182357788,15.3128956794739,12.2702930164337,13.4590982567382,14.1945118189128,33.6991814222767,-5.18097114967198,-4.72676474758591
"2022-02-24",15.9899997711182,17.1900005340576,15.960000038147,17.1499996185303,110443900,12.8426179885864,13.7988911628723,15.2653367042542,12.2915861082077,13.364255138561,14.0943715351849,35.7395150076279,-5.18019831392492,-4.81745146085371
"2022-02-25",17.25,17.8999996185303,17.1200008392334,17.8299999237061,78888000,13.3518314361572,13.7382350921631,15.2336241149902,12.3163518714905,13.3623437997296,14.0393685648866,42.247277435654,-4.82233059149288,-4.81842728698155
"2022-02-28",17.3400001525879,17.6800003051758,17.2099990844727,17.5599994659424,82367800,13.1496458053589,13.6640998363495,15.1957818603516,12.3392912960052,13.3296210313649,13.9734631752919,40.493756850764,-4.60760611632408,-4.77626305285005
"2022-03-01",17.4099998474121,17.4099998474121,16.4500007629395,16.7000007629395,94819500,12.5056438446045,13.529308462143,15.1426753997803,12.3579358625412,13.2028553103248,13.8647358174632,35.4469915417054,-4.77384146263169,-4.77577873480638
"2022-03-02",17.5,18.25,17.2999992370605,18.1000003814697,138638200,13.5540227890015,13.4334571361542,15.1191786956787,12.3806733417511,13.2568810762751,13.8417200375772,47.0223295051573,-4.22518993097958,-4.66566097404102
"2022-03-03",18.25,18.25,17.4400005340576,17.6000003814697,95395500,13.1796007156372,13.3200078010559,15.0934086799622,12.4015757656097,13.2449917900231,13.7926741618779,43.9885456648616,-3.97082078085029,-4.52669293540288
"2022-03-04",17.3500003814697,17.3899993896484,16.6399993896484,16.8500003814697,91304000,12.6179704666138,13.2061839103699,15.053574924469,12.4197812318802,13.1485269710371,13.7056590733398,39.8367313653707,-4.0649785560952,-4.43435005954134
"2022-03-07",16.8400001525879,16.8999996185303,15.9700002670288,15.9700002670288,87999200,11.9589900970459,13.1316742897034,14.9926645088196,12.4332833814621,12.9655212981153,13.576276186207,35.5919373942059,-4.49869227551601,-4.44721850273628
"2022-03-08",16.0599994659424,16.7199993133545,15.7700004577637,16.0300006866455,101020300,12.0039205551147,13.062032032013,14.9310136795044,12.4438968133926,12.8175827222691,13.4598053987186,36.0919506668684,-4.77141130517897,-4.51205706322482
"2022-03-09",16.6499996185303,16.8299999237061,16.2800006866455,16.3700008392334,62846700,12.2585248947144,13.0114853382111,14.8662598228455,12.4567839813232,12.7315738257222,13.3708216576813,38.982658615007,-4.78091659828429,-4.56582897023671
"2022-03-10",16.1100006103516,16.4099998474121,15.7600002288818,16.3299999237061,72992600,12.2285718917847,12.9358522415161,14.8015029144287,12.4704479837418,12.6541889128087,13.2862105639112,38.7605335072128,-4.75697451927457,-4.60405808004428
"2022-03-11",16.3999996185303,16.4799995422363,16.0100002288818,16.0400009155273,54985900,12.0114097595215,12.8594705581665,14.7353827667236,12.4789862108231,12.555299812303,13.1917808746971,37.1095588742692,-4.82483046405752,-4.64821255684693
"2022-03-14",16.0900001525879,16.2299995422363,15.5100002288818,15.7399997711182,66341700,11.7867555618286,12.7917004585266,14.6661106300354,12.482768907547,12.437062235307,13.0877049255957,35.4283683641631,-4.97140403139992,-4.71285085175753
"2022-03-15",15.7700004577637,16.1399993896484,15.5299997329712,16.0599994659424,65263700,12.0263843536377,12.7392815589905,14.597160949707,12.4890469932556,12.3738810227425,13.0090885869322,38.6224766946372,-4.88279836012349,-4.74684035343072
"2022-03-16",16.4699993133545,16.6299991607666,16.0599994659424,16.5799999237061,82677600,12.4157810211182,12.6831184387207,14.5210989379883,12.496234254837,12.3803271763387,12.9651398783534,43.5123675884211,-4.51065478276141,-4.69960323929686
"2022-03-17",16.2299995422363,16.5799999237061,16.1599998474121,16.5799999237061,58500200,12.4157810211182,12.6295762062073,14.4071904754639,12.5030508804321,12.3857816139971,12.9244466296693,43.5123675884211,-4.16779945096938,-4.59324248163136
"2022-03-18",16.4200000762939,16.8999996185303,16.2800006866455,16.8600006103516,89144000,12.6254587173462,12.6041155815125,14.3071607398987,12.5069129991531,12.4226550145123,12.9022993769046,46.1895960537213,-3.71751071945239,-4.41809612919557
"2022-03-21",16.8700008392334,17.1100006103516,16.3299999237061,16.4799995422363,72583600,12.3408975601196,12.5457060813904,14.1895195770264,12.5094264411926,12.4100769446058,12.8607140571428,43.1973504552069,-3.50398205367694,-4.23527331409184
"2022-03-22",16.7199993133545,17.3099994659424,16.7000007629395,17.0900001525879,77647100,12.7976913452148,12.5382176876068,14.0813122940064,12.5145574140549,12.4697099293149,12.8560457081111,48.9180577341021,-3.00509027089461,-3.98923670545239
"2022-03-23",16.8199996948242,17.0499992370605,16.5699996948242,16.6800003051758,63296800,12.490665435791,12.5281082630158,13.9757556152344,12.5190798616409,12.4729338533881,12.828980502754,45.5942868235154,-2.77533081673546,-3.74645552770901
"2022-03-24",16.7399997711182,16.9799995422363,16.6399993896484,16.8299999237061,56314200,12.6029930114746,12.5161270141602,13.8649953460693,12.52471991539,12.4929429546322,12.8122406885852,47.0127857376217,-2.49213031283018,-3.49559048473324
"2022-03-25",16.7399997711182,16.7800006866455,16.3400001525879,16.4699993133545,62023100,12.3334093093872,12.4652059078217,13.7470553779602,12.5303834056854,12.4683993169022,12.7767716975335,44.0447406905441,-2.41353909994979,-3.27918020777655
"2022-03-28",16.5499992370605,16.6800003051758,16.2800006866455,16.6700000762939,54634400,12.4831781387329,12.4318825244904,13.6239156723022,12.5361656522751,12.4706729817992,12.7550240265112,46.0813421956829,-2.22932582581554,-3.06920933138435
"2022-03-29",17.0100002288818,17.7999992370605,17.0100002288818,17.75,90676900,13.2919273376465,12.4711966991425,13.5144179153442,12.547511267662,12.5970198057757,12.7947946421509,55.5002371951228,-1.54574451491073,-2.76451636808963
"2022-03-30",17.5200004577637,17.6599998474121,17.2000007629395,17.2700004577637,57853400,12.9324827194214,12.4401196956635,13.4098004341126,12.5565778255463,12.6486294847981,12.8049937589857,51.2178581878435,-1.22111948768313,-2.45583699200833
"2022-03-31",17.2000007629395,17.3500003814697,16.5,16.9099998474121,52529400,12.6628980636597,12.4142845630646,13.3285486984253,12.5642223453522,12.6508246507768,12.7944681519245,48.2131412992675,-1.12270005632151,-2.18920960487096
"2022-04-01",17.0100002288818,17.1499996185303,16.3400001525879,16.6499996185303,64695700,12.4681997299194,12.4067960262299,13.2553231620789,12.5718199586868,12.6227285091065,12.7703001206649,46.1092562356524,-1.15558452161693,-1.98248458822016
"2022-04-04",16.6599998474121,16.7299995422363,16.3600006103516,16.6599998474121,51146500,12.4756908416748,12.4326310634613,13.1971476554871,12.5803816270828,12.6001073295016,12.7484772111101,46.2065208658622,-1.16382434663789,-1.8187525399037
"2022-04-05",16.4599990844727,16.6200008392334,15.8100004196167,15.8199996948242,91708000,11.8466644287109,12.4247682571411,13.1302656745911,12.5848344993591,12.4841930370723,12.6816762642657,39.7232672122978,-1.55723283797981,-1.76644859951892
"2022-04-06",15.6000003814697,15.8000001907349,15.1800003051758,15.3900003433228,102881600,11.5246620178223,12.3880751132965,13.0630527114868,12.5871955299377,12.3365728802646,12.5959715052699,36.8712476361811,-2.05937767401891,-1.82503441441892
"2022-04-07",15.0699996948242,15.210000038147,14.5600004196167,14.960000038147,101229100,11.202657699585,12.3367794036865,12.9904426765442,12.5860562849045,12.1621243909293,12.4927630752191,34.2249560531699,-2.64664175810521,-1.98935588315618
"2022-04-08",14.9399995803833,15.4399995803833,14.8100004196167,15.0500001907349,75085800,11.2700567245483,12.2997117519379,12.9245447540283,12.5858470535278,12.024883211486,12.4021922344287,35.2721275102255,-3.04227684759855,-2.19994007604465
"2022-04-11",14.8900003433228,15.7700004577637,14.8900003433228,15.2799997329712,66117100,11.4422883987427,12.2824883937836,12.8607435035706,12.5867584371567,11.9352532402947,12.3310882466001,37.9890013217927,-3.21005736387067,-2.40196353360986
"2022-04-12",15.5,15.7200002670288,15.2799997329712,15.3599996566772,49138700,11.5021953582764,12.2562789440155,12.7867579841614,12.5888218212128,11.8686289507535,12.269688773391,38.9488894966126,-3.26870412155252,-2.57531165119839
"2022-04-13",15.3100004196167,15.5500001907349,15.2200002670288,15.5100002288818,51871800,11.6145238876343,12.2162160873413,12.7096274757385,12.5912615299225,11.8295358641197,12.2211580411127,40.7993336762987,-3.20446045845658,-2.70114141265003
"2022-04-14",15.5,15.7600002288818,15.460000038147,15.4799995422363,39312900,11.5920562744141,12.1750298500061,12.6324968528748,12.5941448497772,11.7930005426266,12.1745579102461,40.5346904207465,-3.13405521935575,-2.78772417399117
"2022-04-18",15.3699998855591,15.789999961853,15.3699998855591,15.6700000762939,40205800,11.7343368530273,12.1304737567902,12.5692946243286,12.5975542545319,11.7839753596113,12.1419489430447,43.0537934282934,-2.94823825328712,-2.81982698985036
"2022-04-19",15.7399997711182,16.2299995422363,15.7399997711182,16.1499996185303,55398300,12.0937824249268,12.1181180000305,12.5421866226196,12.6026867628098,11.8316379850445,12.1383810528138,48.9387818426915,-2.5270509010608,-2.76127177209245
"2022-04-20",16.2299995422363,16.5499992370605,16.0100002288818,16.0499992370605,47351500,12.0188970565796,12.0791782855988,12.5146292495728,12.6090385866165,11.8604470729729,12.1295303864261,47.8297913692547,-2.21841493347713,-2.65270040436939
"2022-04-21",16.4799995422363,16.5699996948242,15.6099996566772,15.6999998092651,49898500,11.7568016052246,12.0424850940705,12.4843761062622,12.6150806665421,11.8445016163963,12.1019208470778,44.0660004353067,-2.1270939872631,-2.54757912094813
"2022-04-22",15.5500001907349,15.6400003433228,15,15.1300001144409,56193700,11.3299627304077,11.9788335800171,12.4361506843567,12.6196186351776,11.7653417877826,12.0447387643615,38.7219192607921,-2.31965991164165,-2.50199527908683
"2022-04-25",14.9099998474121,15.1999998092651,14.6199998855591,15.1899995803833,58361400,11.4505739212036,11.9346918106079,12.3943812942505,12.6232029819489,11.7169159621551,12.0007265537572,40.9028616119944,-2.36494507504011,-2.47458523827749
"2022-04-26",15.1000003814697,15.1400003433228,14.6700000762939,14.710000038147,60345300,11.0887384414673,11.8649698257447,12.3533129119873,12.6244963216782,11.6202732666647,11.9331718787728,36.6846214626115,-2.62209088486105,-2.5040863675942
"2022-04-27",14.789999961853,15.1000003814697,14.6000003814697,14.8500003814697,65847900,11.1942749023438,11.7600872039795,12.315703163147,12.6270215511322,11.5547350567691,11.8784387694077,38.6712549259665,-2.72513685445089,-2.54829646496554
"2022-04-28",14.9099998474121,14.9899997711182,13.8999996185303,14.6199998855591,131556500,11.0208959579468,11.6645078659058,12.2653402137756,12.6293099737167,11.4726059646426,11.8149170796698,36.6374367147143,-2.89727903055881,-2.61809297808419
"2022-04-29",14.5900001525879,14.9700002670288,14.1000003814697,14.1599998474121,83184900,10.6741352081299,11.5650697231293,12.2090904045105,12.6307541131973,11.3497643097945,11.730414718815,32.9095394675771,-3.24498679837758,-2.74347174214287
"2022-05-02",14.0200004577637,14.289999961853,13.8199996948242,14.2700004577637,64734000,10.7570562362671,11.4795125484467,12.161538105011,12.6340954303741,11.2585784523288,11.6583140904781,34.6226507996655,-3.42876023966316,-2.88052944164693
"2022-05-03",14.3100004196167,14.75,14.1999998092651,14.5600004196167,55734200,10.9756679534912,11.4045114040375,12.1108697128296,12.6397529125214,11.2150537601999,11.6077477099606,39.0419112498935,-3.38303312212498,-2.98103017774254
"2022-05-04",14.5100002288818,15,14.2600002288818,14.9799995422363,59774900,11.2922706604004,11.376791715622,12.0777659416199,12.6446583795547,11.2269332833077,11.5843790396228,44.8555733583601,-3.08558408778336,-3.0019409597507
"2022-05-05",14.8199996948242,14.8199996948242,14.3400001525879,14.5299997329712,57889200,10.9530506134033,11.348211145401,12.0429698753357,12.6468299531937,11.1847974879378,11.5376139710139,40.408791023208,-3.05796747891329,-3.01314626358322
"2022-05-06",14.460000038147,14.6000003814697,14,14.210000038147,66622200,10.7118263244629,11.3236695766449,12.0003540420532,12.6488331985474,11.112032693557,11.4764445157139,37.5574463204773,-3.17530243498215,-3.04557749786301
"2022-05-09",13.8500003814697,14.1700000762939,13.3100004196167,13.3699998855591,71242000,10.0786142349243,11.2640974521637,11.9348896980286,12.6480039644241,10.9530452383828,11.3729015319517,31.3115918663244,-3.69172539117959,-3.17480707652632
"2022-05-10",13.8000001907349,13.8400001525879,13.0200004577637,13.3500003814697,75506700,10.0635395050049,11.1951600074768,11.8731675720215,12.6463210201263,10.8161982024785,11.2759117521778,31.1786572038912,-4.07695235474483,-3.35523613217003
"2022-05-11",13.1999998092651,13.6199998855591,12.789999961853,12.8299999237061,71644900,9.67155170440674,11.1036278247833,11.8164857292175,12.6435676670074,10.6400987412367,11.1570702671578,27.8657346647106,-4.63357775421437,-3.6109044565789
"2022-05-12",12.210000038147,12.8000001907349,12.1499996185303,12.4399995803833,113203900,9.37756156921387,10.9917797088623,11.7329565048218,12.6390849161148,10.4458622532332,11.0252548080508,25.6632615547477,-5.25513981222965,-3.93975152770905
"2022-05-13",12.8800001144409,13.6300001144409,12.8699998855591,13.5,78944200,10.1766147613525,10.9210076332092,11.6728967857361,12.6366330432892,10.4044395621746,10.9623925823694,39.6298409256301,-5.0897011396234,-4.16974145009192
"2022-05-16",13.4899997711182,13.5200004577637,12.9799995422363,13.0500001907349,65055400,9.83739376068115,10.8261604785919,11.6172852516174,12.6341158723831,10.3172017465602,10.8790593363185,36.4950256912012,-5.16457877826389,-4.36870891572631
"2022-05-17",13.3400001525879,13.5299997329712,13.1599998474121,13.5299997329712,50891400,10.1992273330688,10.731432723999,11.5820899963379,12.6335561227798,10.2990518367923,10.8287014101518,41.784796458588,-4.89116426151494,-4.47319998488404
"2022-05-18",13.25,13.3599996566772,12.710000038147,12.7799997329712,68362500,9.63386154174805,10.6121809482575,11.5346888160706,12.629761838913,10.196714868324,10.740194753233,36.6480790559123,-5.06024236427801,-4.59060846076283
"2022-05-19",12.6400003433228,13.1199998855591,12.6300001144409,12.8500003814697,58459600,9.6866283416748,10.50867228508,11.4832508850098,12.6288258600235,10.1182400180702,10.6621527968213,37.421310945513,-5.10134106231543,-4.69275498107335
"2022-05-20",13.0500001907349,13.1199998855591,12.0699996948242,12.5,78183400,9.42279052734375,10.4133136749268,11.427135257721,12.6251252031326,10.0112477887277,10.5703481842674,35.1135756508772,-5.28932808828239,-4.81206960251516
"2022-05-23",12.6400003433228,12.9499998092651,12.5,12.8299999237061,51929600,9.67155170440674,10.3243625640869,11.3803380966187,12.6223347759247,9.95898685267833,10.5037706672407,38.9371895327791,-5.18655473183022,-4.88696662837817
"2022-05-24",12.6000003814697,12.6800003051758,12.2700004577637,12.4200000762939,51082800,9.36248302459717,10.2380497932434,11.331852645874,12.6181843233109,9.86721703297353,10.4192308418597,36.0915323094434,-5.2980283983,-4.96917898236254
"2022-05-25",12.3299999237061,12.8100004196167,12.3199996948242,12.710000038147,41193100,9.58109188079834,10.1573906421662,11.2829467964172,12.614867477417,9.82319777879273,10.3571464743737,39.4616568731036,-5.1553649154433,-5.00641616897869
"2022-05-26",12.8000001907349,13.1999998092651,12.789999961853,13.1199998855591,45709200,9.89016056060791,10.1008538722992,11.232434387207,12.6126882600784,9.83349974522584,10.3225549252058,43.9610070903076,-4.73773386069188,-4.95267970732133
"2022-05-27",13.2600002288818,13.6300001144409,13.2399997711182,13.6300001144409,54195700,10.2746105194092,10.0808776378632,11.1896109771729,12.6125424909592,9.90136294125405,10.3190034877394,49.0351163047361,-4.0472953321664,-4.77160283229034
"2022-05-31",13.6800003051758,13.8199996948242,13.3500003814697,13.6800003051758,79689900,10.3123035430908,10.0586400032044,11.1433478736877,12.6137341690063,9.96458457230586,10.3185071955432,49.5177460316714,-3.42997893523039,-4.50327805287835
"2022-06-01",13.8800001144409,13.9700002670288,13.3999996185303,13.5500001907349,50726200,10.2143039703369,10.0205718040466,11.1008160018921,12.6149176836014,10.0030029412337,10.3107884381205,48.2386990250896,-2.98508206946515,-4.19963885619571
"2022-06-02",13.6400003433228,13.960000038147,13.6000003814697,13.8900003433228,42979700,10.4706029891968,9.97948842048646,11.0542742347717,12.6191246986389,10.0749414101511,10.3226265530151,51.7489626745168,-2.39943915041292,-3.83959891503915
"2022-06-03",13.6300001144409,13.7799997329712,13.3599996566772,13.5,43625200,10.1766147613525,9.94066662788392,11.007993221283,12.6218246984482,10.0905834641821,10.3118108647438,47.7489101266871,-2.14537876483031,-3.50075488499739
"2022-06-06",13.7399997711182,13.7399997711182,13.3800001144409,13.460000038147,37711100,10.1464595794678,9.91239829063417,10.9588625526428,12.6255970335007,10.0991797896107,10.29956262139,47.3446585411015,-1.94554700180354,-3.18971330835862
"2022-06-07",13.2600002288818,13.7700004577637,13.1899995803833,13.7399997711182,38940300,10.3575296401978,9.92634406089785,10.919344959259,12.6307953643799,10.1389259204702,10.303856474635,50.5033926291054,-1.60066820195721,-2.87190428707834
"2022-06-08",13.6300001144409,13.8500003814697,13.4399995803833,13.5299997329712,39441900,10.1992273330688,9.93312845230104,10.8736659431458,12.6346091556549,10.14820306087,10.2961061678523,48.169463134169,-1.43649555056192,-2.58482253977505
"2022-06-09",13.5100002288818,13.5900001525879,13.2799997329712,13.2799997329712,30468000,10.0107717514038,9.95008945465089,10.8080428314209,12.6361834335327,10.1270597824906,10.2749702851524,45.4751517866342,-1.43952243711679,-2.3557625192434
"2022-06-10",13,13.210000038147,12.6300001144409,12.75,55644400,9.61124801635742,9.96177377700807,10.7416181373596,12.6354265165329,10.0477041261624,10.2258056726491,40.3255406365744,-1.74168718033695,-2.23294745146211
"2022-06-13",12.3000001907349,12.3800001144409,11.7399997711182,11.8100004196167,80676300,8.90265274047852,9.89807567596437,10.666413230896,12.6321273517609,9.87154237451873,10.1277943443402,33.154487385697,-2.53018536029658,-2.292395033229
"2022-06-14",11.9899997711182,12.4200000762939,11.9099998474121,12.1999998092651,82369300,9.1966438293457,9.8660381793976,10.6009821128845,12.6287785148621,9.7677118291075,10.0588202321184,38.0747797182439,-2.89406109556803,-2.41272824569681
"2022-06-15",12.2200002670288,12.4200000762939,12,12.2700004577637,70393200,9.24941253662109,9.81854743957521,10.5364565467834,12.6266571903229,9.68797347641728,9.99886410652597,38.9434951962134,-3.1092594798421,-2.55203449252587
"2022-06-16",11.8000001907349,11.9099998474121,11.1199998855591,11.25,80380100,8.48050880432129,9.76087980270388,10.4691334342957,12.6207654666901,9.50220968071021,9.8863933433997,31.9173512939901,-3.88598399178582,-2.81882439237786
"2022-06-17",11.2399997711182,11.4399995803833,10.8999996185303,11.2299995422363,80248800,8.46543407440186,9.69982008934023,10.4079488754272,12.6145018625259,9.34270574127815,9.78113710125171,31.796230140158,-4.48241707927241,-3.15154292975677
"2022-06-21",11.5500001907349,11.6599998474121,11.3500003814697,11.460000038147,66283400,8.63881492614746,9.66062130928041,10.3566720199585,12.6094757986069,9.23441484664266,9.69652064383658,34.858121043056,-4.76568672586335,-3.47437168897808
"2022-06-22",11.2600002288818,11.6800003051758,11.210000038147,11.4799995422363,46098900,8.65388870239258,9.60973815917971,10.3043486595154,12.6049698638916,9.14510313214265,9.61928864817406,35.1307836603218,-4.92952788272365,-3.7654029277272
"2022-06-23",11.5,11.5799999237061,11.25,11.5600004196167,53655000,8.71419525146484,9.57732377052309,10.2497867965698,12.600543088913,9.07880961203837,9.55224469286227,36.2799126395795,-4.95627044790489,-4.00357643176274
"2022-06-24",11.6499996185303,12.1199998855591,11.5699996948242,12.0100002288818,55457600,9.05341720581055,9.5509400367737,10.2008112335205,12.5975159072876,9.07490308800332,9.51529450863621,42.4549842282165,-4.62824792478242,-4.12851073036667
"2022-06-27",12.1199998855591,12.1800003051758,11.8999996185303,12.039999961853,44009900,9.07603168487549,9.51023359298708,10.1500413894653,12.5956025314331,9.07507671829135,9.48275652169097,42.8525871141836,-4.29916978746733,-4.16264254178681
"2022-06-28",12.1400003433228,12.4399995803833,11.8000001907349,11.8100004196167,45866900,8.90265274047852,9.44163570404054,10.0962533187866,12.59311876297,9.04854995247399,9.43978587123079,40.5398896378488,-4.14454230311679,-4.1590224940528
"2022-06-29",11.7399997711182,11.7600002288818,11.3800001144409,11.5200004577637,39474200,8.68404388427734,9.36022272109987,10.0352474594116,12.5883929824829,8.99247209582835,9.38380498330831,37.7718867447311,-4.17030072743472,-4.16127814072919
"2022-06-30",11.2399997711182,11.3599996566772,10.9300003051758,11.1300001144409,59238200,8.39005279541016,9.26901016235353,9.96117286682129,12.5826790714264,8.89979220345632,9.31019371013067,34.3728873263357,-4.40808773106171,-4.21064005879569
"2022-07-01",11.1000003814697,11.5,10.9899997711182,11.3199996948242,54356000,8.53328132629395,9.17214407920839,9.89146055221558,12.5763470029831,8.84340591466211,9.25264464466128,37.3316538672536,-4.42293793521296,-4.25309963407914
"2022-07-05",11.0500001907349,11.210000038147,10.6099996566772,11.1999998092651,87269800,8.44281959533691,9.08545432090761,9.82518091201782,12.568895483017,8.78177725015054,9.19265760397059,36.2209276826588,-4.46965797619371,-4.29641130250206
"2022-07-06",11.1499996185303,11.2700004577637,10.8400001525879,11.0600004196167,71282900,8.33728313446045,8.99499549865724,9.76532732009888,12.5603603029251,8.71339354004437,9.12929653215502,34.9157388992876,-4.55569594706192,-4.34826823141403
"2022-07-07",11.3299999237061,11.7200002670288,11.3299999237061,11.6499996185303,63000400,8.78203964233398,8.91622099876405,9.71195663452148,12.5567545747757,8.72395447885816,9.10357379957569,44.0634765910497,-4.17000322153946,-4.31261522943912
"2022-07-08",11.6499996185303,11.7799997329712,11.4799995422363,11.6199998855591,55235600,8.75942707061768,8.8442309856415,9.66537040710449,12.5532211017609,8.72941180066731,9.0780814492825,43.7269654920146,-3.84078563915885,-4.21824931138306
"2022-07-11",11.539999961853,11.6599998474121,11.2700004577637,11.289999961853,48833600,8.51066303253174,8.76922554969789,9.61169816970825,12.5467388820648,8.69575814403107,9.03605045544911,40.0988977153502,-3.76594080672522,-4.1277876104515
"2022-07-12",11.289999961853,11.7200002670288,11.2700004577637,11.5600004196167,58414500,8.71419525146484,8.72437291145327,9.56556415557861,12.5394952487946,8.69859462209781,9.01220932922805,44.1797255437714,-3.47988706956845,-3.99820750227489
"2022-07-13",11.3100004196167,11.5799999237061,11.1700000762939,11.5100002288818,48274300,8.67650604248047,8.71306557655336,9.52561157226562,12.5318037223816,8.69519637907975,8.9873424190986,43.5875580881919,-3.25063880283478,-3.84869376238687
"2022-07-14",11.2200002670288,11.3999996185303,11.1400003433228,11.3900003433228,48176300,8.58604526519775,8.68253564834597,9.48219135284424,12.5222514724731,8.67840390002099,8.95761670399484,42.1280033918969,-3.11704344135789,-3.70236369818107
"2022-07-15",11.5799999237061,11.8999996185303,11.4899997711182,11.8800001144409,49306900,8.95541954040527,8.66783599853517,9.44178638458252,12.5139901208878,8.72102169084934,8.95745395113635,49.5558012758262,-2.63950293885706,-3.48979154631627
"2022-07-18",12.1499996185303,12.25,11.8999996185303,11.960000038147,45873400,9.01572513580322,8.69459681510927,9.39625547409057,12.5060673713684,8.7663606823807,8.96177033518575,50.6690362922202,-2.18048047982021,-3.22792933301706
"2022-07-19",12.2200002670288,12.6899995803833,12.210000038147,12.5900001525879,62650800,9.49063491821289,8.74585685729982,9.36700716018677,12.501038069725,8.87778748789335,9.00094548948405,58.4462501416853,-1.36827849623788,-2.85599916566122
"2022-07-20",12.6000003814697,12.8199996948242,12.5100002288818,12.7299995422363,51932200,9.59616947174072,8.79372458457949,9.34469402313232,12.4965364408493,8.98830779310064,9.0450361548364,59.9570225640915,-0.627176727264156,-2.41023467798181
"2022-07-21",12.8800001144409,13,12.6300001144409,13,66949200,9.79970264434814,8.85101528167726,9.3391157913208,12.4923482561111,9.11313777021564,9.10093737628171,62.7684396123224,0.134056454071629,-1.90137645157112
"2022-07-22",13.1000003814697,13.1400003433228,12.7200002670288,12.8199996948242,46724700,9.66401386260986,8.89850621223452,9.3311252784729,12.4877040100098,9.19788793827629,9.14264674563935,59.7562938106484,0.604214448767593,-1.40025827150338
"2022-07-25",12.8500003814697,12.9899997711182,12.6000003814697,12.8400001525879,36830500,9.6790885925293,8.92978978157045,9.33127601623535,12.4837652206421,9.27191880816137,9.18238317874231,59.9860337694468,0.97508051751023,-0.925190513700658
"2022-07-26",12.6800003051758,12.7600002288818,12.460000038147,12.539999961853,49272300,9.45294284820557,8.94863533973696,9.33278364181519,12.475841794014,9.29976866047586,9.20242463573959,54.9208054122737,1.05780844276857,-0.528590722406812
"2022-07-27",12.75,13.1899995803833,12.6300001144409,13.1899995803833,64572300,9.94293022155762,9.00064921379091,9.32810995101929,12.4695158290863,9.39871659294998,9.25727690135574,62.3407648311805,1.5278757792534,-0.117297422074771
"2022-07-28",13.9399995803833,14.0900001525879,13.3800001144409,14,144096500,10.5535259246826,9.09412331581117,9.34243259429932,12.4663540410995,9.57637956706269,9.3532953475281,69.1543134785593,2.38508687308312,0.383179436956807
"2022-07-29",14.1099996566772,14.789999961853,14.0100002288818,14.6899995803833,94551600,11.0736637115479,9.22830386161806,9.3599213218689,12.4637544202805,9.80673097390657,9.4807300411592,73.5452301743053,3.43856360567261,0.994256270699967
"2022-08-01",14.6599998474121,15.4300003051758,14.5500001907349,15.3400001525879,109521700,11.5636472702026,9.37982215881349,9.39851703643799,12.4640865373611,10.0770257887213,9.63502020627352,76.8835616946553,4.58748993759268,1.71290300407851
"2022-08-02",15.1999998092651,15.4499998092651,15.1199998855591,15.1599998474121,74626800,11.4279613494873,9.52907924652101,9.43334369659424,12.4639626264572,10.2848620288392,9.76783066132639,74.0951727480878,5.29320568137879,2.42896353953857
"2022-08-03",15.4799995422363,16.1499996185303,15.460000038147,15.6899995803833,95846000,11.8274841308594,9.70358929634096,9.48143756866455,12.4649097299576,10.5221885060731,9.92039758499551,76.7670453624659,6.06619760873048,3.15641035337695
"2022-08-04",15.6499996185303,15.6700000762939,15.3100004196167,15.3699998855591,85039800,11.5862636566162,9.84380049705507,9.51973180770874,12.4651696109772,10.6858923753874,10.0437950717822,71.9422763585088,6.39297495634017,3.80372327396959
"2022-08-05",15.2299995422363,15.4700002670288,15.1300001144409,15.3000001907349,68093500,11.5334968566895,9.98250398635867,9.56315208435059,12.4656845617294,10.8162930648185,10.1541433521457,70.8926512965337,6.52098054665375,4.34717472850643
"2022-08-08",15.5699996948242,16.0400009155273,15.5500001907349,15.7799997329712,75988100,11.8953313827515,10.1517374038697,9.60943687438965,12.4657107162476,10.9822989598851,10.2831202433017,73.723704816038,6.79928562576932,4.83759690795901
"2022-08-09",15.6599998474121,15.6999998092651,15.1499996185303,15.1899995803833,67676800,11.4505739212036,10.2885563373566,9.64064514160157,12.4616228342056,11.0543412616264,10.3695982935167,65.3145338186313,6.6033702437428,5.19075157511576
"2022-08-10",15.4700002670288,15.5799999237061,15.2299995422363,15.5,71607000,11.8007917404175,10.4447706222534,9.67116876602173,12.4602867650986,11.169179796825,10.4756126229167,68.3736423809754,6.62077912647365,5.47675708538734
"2022-08-11",15.8000001907349,15.9200000762939,15.6099996566772,15.8299999237061,61567000,12.0520343780518,10.6180700778961,9.70596338272095,12.4612446928024,11.3050035785522,10.5923846047786,70.3911217228257,6.7276538792989,5.72693644416965
"2022-08-12",15.9499998092651,16.2199993133545,15.8400001525879,16.1800003051758,53182500,12.3185024261475,10.7862242221833,9.74804735183716,12.4637573480606,11.4609264781823,10.7202451841392,72.4019491893921,6.90918240507106,5.96338563634994
"2022-08-15",16,16.4500007629395,15.9399995803833,16.3199996948242,51779600,12.4250907897949,10.9566925048828,9.78713710784913,12.4683966827393,11.6092594491996,10.8465300438174,73.186385262382,7.03201302445029,6.17711111397001
"2022-08-16",16.2999992370605,16.6800003051758,16.2600002288818,16.4300003051758,54028900,12.5088396072388,11.1076027393341,9.83378160476685,12.4684511423111,11.7476563965902,10.9696640855524,73.8161328430728,7.09221636114221,6.36013216340445
"2022-08-17",16.1599998474121,16.2700004577637,15.8999996185303,16.0300006866455,57118300,12.2043037414551,11.2380094528199,9.8749384880066,12.4661675262451,11.8179098342618,11.0611188748785,67.5989250825392,6.84190241461073,6.45648621364571
"2022-08-18",15.9899997711182,16.2099990844727,15.8599996566772,16.1499996185303,39414200,12.2956647872925,11.3628075599671,9.91370119094849,12.4611161565781,11.8914105962665,11.1525667202425,68.4572485046579,6.62487743456366,6.4901644578293
"2022-08-19",15.9499998092651,16.1399993896484,15.7700004577637,15.8800001144409,48597200,12.0901012420654,11.4841119289398,9.95151866912843,12.454814581871,11.9219783879279,11.222013721859,64.3280867129142,6.23742479217808,6.43961652469905
"2022-08-22",15.0799999237061,15.210000038147,14.9099998474121,15.0799999237061,71321800,11.4810304641724,11.574209022522,9.9809238433838,12.4431696939468,11.8541402458116,11.2412001472156,53.9455307958233,5.4526215223373,6.2422175242267
"2022-08-23",15.0900001525879,15.4200000762939,15.0900001525879,15.3199996948242,51289000,11.6637496948242,11.6847493648529,10.0219738769531,12.4295103597641,11.8248493918136,11.2725001137051,56.2279814490136,4.89997136870237,5.97376829312184
"2022-08-24",15.3199996948242,15.6599998474121,15.2399997711182,15.5200004577637,39508700,11.8160171508789,11.778403711319,10.0802411651611,12.4170941781998,11.8234905855159,11.3127606349772,58.0919335869557,4.51463587905874,5.68194181030922
"2022-08-25",15.6000003814697,16.0400009155273,15.5799999237061,15.9300003051758,56401300,12.1281681060791,11.8571358203888,10.1388716506958,12.4030512523651,11.870364050218,11.3731611883922,61.6932080729258,4.37172087504791,5.41989762325696
"2022-08-26",16.0100002288818,16.0900001525879,15.4099998474121,15.4099998474121,54517300,11.732271194458,11.8900661945343,10.1885288238525,12.3871400165558,11.8491189954857,11.3997619295822,55.2128247409318,3.94181096657245,5.12428029192005
"2022-08-29",15.1999998092651,15.710000038147,15.1899995803833,15.5699996948242,50416500,11.8540868759155,11.90458817482,10.2560003852844,12.3746547412872,11.8498832847826,11.4334156293106,56.7193046365223,3.64254802741781,4.82793383901961
"2022-08-30",15.6999998092651,15.8000001907349,15.1700000762939,15.4499998092651,66034400,11.7627239227295,11.9213263034821,10.321946182251,12.3610084486008,11.836474152159,11.4578088362305,55.2190996568779,3.30486676240487,4.52332042369666
"2022-08-31",15.5200004577637,15.5200004577637,15.2399997711182,15.2399997711182,52058200,11.6028442382812,11.9100943088532,10.3812267684937,12.3467480754852,11.8005310884855,11.4685521993454,52.5973489338989,2.89468873986594,4.19759408693051
"2022-09-01",15.1000003814697,15.2200002670288,14.7799997329712,15.1899995803833,65299800,11.5647754669189,11.9090198993683,10.4394445037842,12.3309630441666,11.7642609928599,11.4756798487953,51.9646885142261,2.51471937059027,3.86101914366247
"2022-09-02",15.5299997329712,15.5699996948242,15.0600004196167,15.1599998474121,64565400,11.5419359207153,11.9094418525696,10.4959993171692,12.315323266983,11.7300571356069,11.4805877059745,51.5639543962015,2.17296741265678,3.52340879746133
"2022-09-06",15.2200002670288,15.2399997711182,14.8400001525879,15.0299997329712,58676700,11.4429597854614,11.8868232727051,10.5437901687622,12.2985585260391,11.6858883125076,11.4778004526032,49.7726616742428,1.81295937983619,3.1813189139363
"2022-09-07",14.9099998474121,15.4899997711182,14.789999961853,15.4300003051758,55087200,11.7474975585938,11.9016694545746,10.5972194862366,12.2844339847565,11.6953666580593,11.4977780160099,54.9575318351024,1.71849414534044,2.88875396021713
"2022-09-08",15.1599998474121,15.4799995422363,15.0200004577637,15.4700002670288,60075900,11.7779521942139,11.9005274772644,10.6547254753113,12.2710949659348,11.70807212516,11.5185316588398,55.4527714016419,1.64552628697854,2.64010842556941
"2022-09-09",15.6000003814697,15.6999998092651,15.3199996948242,15.4200000762939,63328600,11.7398843765259,11.8849199771881,10.7158422851563,12.253505320549,11.7129663176778,11.5349281564462,54.6440016377282,1.54347004868092,2.42078075019171
"2022-09-12",15.5500001907349,15.7399997711182,15.4499998092651,15.539999961853,52656500,11.8312454223633,11.8605571269989,10.7846661376953,12.2374154663086,11.7311631030141,11.5568775835512,56.2916108689352,1.50806753989439,2.23823810813225
"2022-09-13",15,15.1300001144409,14.6999998092651,14.7399997711182,80842500,11.2221736907959,11.800411272049,10.8384439849854,12.2180940246582,11.6528570395959,11.5320847026064,44.6474497294444,1.04727237185684,2.00004496087717
"2022-09-14",14.7600002288818,14.8500003814697,14.4499998092651,14.6599998474121,59571800,11.1612644195557,11.7330325126648,10.8928128814697,12.2003305435181,11.5772274057435,11.5046165334915,43.6744962449164,0.631145523544152,1.72626507341056
"2022-09-15",14.6899995803833,15.210000038147,14.6800003051758,14.8900003433228,61377000,11.3363742828369,11.6896360397339,10.9527947044373,12.183740644455,11.5401730791425,11.4921541445541,47.2345530751131,0.417841024271004,1.46458026358265
"2022-09-16",14.6199998855591,14.7399997711182,14.4700002670288,14.7200002670288,68454800,11.2069454193115,11.6352000713349,11.0012928199768,12.1682916069031,11.4889072853224,11.4710275723139,44.9719975957953,0.155868451154273,1.20283790109698
"2022-09-19",14.5,14.960000038147,14.4899997711182,14.9300003051758,48696200,11.3668270111084,11.599036359787,11.0534408187866,12.1521892118454,11.4701257046741,11.4633090122246,48.2684508369878,0.0594653118237698,0.974163383242335
"2022-09-20",14.0900001525879,14.2299995422363,13.0100002288818,13.0900001525879,196340000,9.96595859527588,11.5232827663422,11.0825467300415,12.1280022144318,11.2387153801513,11.3523941665247,30.8373763952881,-1.00136398283861,0.579057910026146
"2022-09-21",13.2399997711182,13.5900001525879,13.0500001907349,13.0500001907349,94271600,9.93550586700439,11.4368705749512,11.1069729423523,12.1063822460175,11.0382216088979,11.2474394776714,30.5788555475172,-1.86013776014357,0.0912187759922037
"2022-09-22",13.1199998855591,13.2399997711182,12.75,12.7700004577637,82004400,9.72233009338379,11.3321862220764,11.1278894233704,12.0833983945847,10.8357767603573,11.1344684121686,28.7611610700212,-2.68258564984454,-0.463542109175145
"2022-09-23",12.3299999237061,12.4399995803833,11.9499998092651,12.3100004196167,104043700,9.37211322784424,11.1943834781647,11.1436107826233,12.0559069156647,10.6105977553553,11.0039235837001,26.0242437906961,-3.57441439276686,-1.08571656589349
"2022-09-26",12.210000038147,12.3800001144409,11.9300003051758,11.9899997711182,89300400,9.12848281860352,11.064194059372,11.1470720481873,12.0277560472488,10.3825800727781,10.8650020455448,24.2924145716392,-4.44014617525588,-1.75660248776596
"2022-09-27",12.210000038147,12.2200002670288,11.6599998474121,11.9099998474121,87044400,9.06757545471191,10.9248684883118,11.1481090545654,12.0001946496964,10.1802716699987,10.7318593351127,23.864843294512,-5.13972134641549,-2.43322625949587
"2022-09-28",11.9099998474121,12.2399997711182,11.7600002288818,12.1800003051758,72701600,9.27313899993896,10.8003892421723,11.1437591362,11.9666579627991,10.0407127976818,10.6238059769517,28.4426065664303,-5.48855260096944,-3.04429152779059
"2022-09-29",11.8500003814697,11.8800001144409,11.3599996566772,11.4700002670288,84534900,8.73258495330811,10.6568762779236,11.1264874458313,11.9342180538177,9.83946236008583,10.4837155307559,24.3042491200618,-6.14527520114432,-3.66448826246133
"2022-09-30",11.3900003433228,11.5299997329712,11.1899995803833,11.1999998092651,71688200,8.52702331542969,10.5049886703491,11.1010338592529,11.9021658658981,9.63754866090797,10.3387753666577,22.9374895621822,-6.78249290540861,-4.28808919105079
"2022-10-03",11.3800001144409,11.5900001525879,11.1300001144409,11.4700002670288,66198300,8.73258495330811,10.3645211219788,11.0824052810669,11.8706199979782,9.49832347512337,10.2197982990021,27.3379893663006,-7.05957987399032,-4.84238732763869
"2022-10-04",11.960000038147,12.3699998855591,11.9399995803833,12.3599996566772,87629200,9.41017913818359,10.2628820896149,11.07702709198,11.8418660593033,9.48476280790187,10.1598265093119,39.5846675823658,-6.64444122929934,-5.20279810797082
"2022-10-05",12.3800001144409,12.5600004196167,12.1300001144409,12.5100002288818,87919100,9.52437973022461,10.1517261981964,11.0784558296204,11.815843667984,9.49085771902844,10.1127563775276,41.3779763453523,-6.14964541102914,-5.39216756858248
"2022-10-06",12.3599996566772,12.6300001144409,12.1899995803833,12.3599996566772,64531900,9.41017913818359,10.0333375453949,11.0678008079529,11.7905540561676,9.4784456296677,10.0607136190577,40.0962470525401,-5.78754163409471,-5.47124238168493
"2022-10-07",12.1800003051758,12.3000001907349,12,12.1999998092651,56494500,9.28836441040039,9.91076154708864,11.0424975776672,11.7639475870132,9.44920236516503,10.0035025665646,38.7185238231722,-5.54106122041903,-5.48520614943175
"2022-10-10",11.4700002670288,11.5500001907349,11.1999998092651,11.3599996566772,115548900,8.64883804321289,9.75164117813112,10.9940010643005,11.7321692228317,9.32606939255701,9.90315704631629,32.4202935174666,-5.82730992813997,-5.55362690517339
"2022-10-11",11.3000001907349,11.8699998855591,11.1800003051758,11.5600004196167,75173200,8.80110645294189,9.63058781623842,10.9387502479553,11.7007424449921,9.24530586338545,9.8215236690293,35.1261541929929,-5.86688812308077,-5.61627914875487
"2022-10-12",11.4799995422363,11.6999998092651,11.3500003814697,11.539999961853,59628500,8.78588008880615,9.51181859970094,10.8859086227417,11.6671907567978,9.17462497498864,9.74480932975351,34.9753469348613,-5.85115968379132,-5.66325525576216
"2022-10-13",11.2399997711182,11.8900003433228,11.1999998092651,11.7700004577637,70487400,8.96098709106445,9.39304924011232,10.8285786819458,11.63466360569,9.14175760823107,9.68674842318395,38.2582823059315,-5.62614812673897,-5.65583382995752
"2022-10-14",11.8000001907349,11.8500003814697,11.5600004196167,11.6700000762939,55127700,8.88485336303711,9.2769446372986,10.7745504760742,11.6025007867813,9.10223387820123,9.627348789099,37.3747531433393,-5.45440829454891,-5.6155487228758
"2022-10-17",11.9799995422363,11.9899997711182,11.6599998474121,11.8299999237061,59561700,9.006667137146,9.15893664360048,10.7240138816834,11.5712823104858,9.08753130265427,9.58137237043582,39.7713900734712,-5.15417884504035,-5.52327474730871
"2022-10-18",12.2200002670288,12.25,11.9099998474121,12.0299997329712,53603400,9.15893840789795,9.11858563423159,10.6692860221863,11.539707660675,9.0985170111533,9.55008096580338,42.7222267882657,-4.72837828566092,-5.36429545497915
"2022-10-19",11.9099998474121,12.1400003433228,11.8599996566772,12.1300001144409,54130000,9.23507022857666,9.0835638523102,10.6249759483337,11.5047886037827,9.1195251984492,9.52674683711992,44.1943806360986,-4.27450887100335,-5.14633813818399
"2022-10-20",12.1300001144409,12.1999998092651,11.7299995422363,11.7700004577637,55568100,8.96098709106445,9.04549670219423,10.5681798553467,11.4590375185013,9.09513472039001,9.48483870778248,40.1895764461571,-4.10870442185497,-4.93881139491819
"2022-10-21",11.7399997711182,12.25,11.6800003051758,12.1899995803833,55132700,9.28075218200684,9.04092864990236,10.5127542114258,11.4173065519333,9.12369125294644,9.46972118735465,46.3031666644064,-3.65406676249643,-4.68186246843384
"2022-10-24",12.3000001907349,12.6499996185303,12.1800003051758,12.4799995422363,64717700,9.50154113769531,9.05958156585695,10.4564149856567,11.3736994791031,9.18182200444627,9.47207822071322,50.0961787654446,-3.06433508574948,-4.35835699189697
"2022-10-25",12.5799999237061,13.0299997329712,12.460000038147,12.8299999237061,66391600,9.76800918579102,9.09460325241091,10.4032733535767,11.331499247551,9.27200464773008,9.4939990329412,54.2925599448662,-2.33826003605937,-3.95433760072945
"2022-10-26",12.8000001907349,13.0600004196167,12.5200004577637,12.8199996948242,86833600,9.76039791107178,9.11896619796755,10.3483045196533,11.2914587402344,9.34714207285957,9.5137322831731,54.1524862869236,-1.75105001228778,-3.51368008304111
"2022-10-27",12.7700004577637,13.2200002670288,12.4200000762939,13,88421500,9.89743804931641,9.17720885276796,10.3021672058106,11.2502408981323,9.43180299231447,9.54215493251705,56.3367605957935,-1.15646770549209,-3.04223760753131
"2022-10-28",13,13.3100004196167,12.9700002670288,13.2600002288818,55777900,10.0953874588013,9.25562705993654,10.2581616592407,11.2095657968521,9.53389291023552,9.58313511964921,59.3494148692119,-0.513842378291529,-2.53655856168335
"2022-10-31",13.1499996185303,13.5100002288818,13.1400003433228,13.3699998855591,54676700,10.1791324615479,9.32795443534853,10.2199422836304,11.1672606420517,9.63316053351435,9.62728307090097,60.5883465871806,0.0610500654244062,-2.0170368362618
"2022-11-01",13.5699996948242,13.6499996185303,13.1599998474121,13.3999996185303,47454700,10.2019748687744,9.36754422187807,10.1943611717224,11.1244364404678,9.72067043124666,9.66985283370641,60.9380518126297,0.525526069674176,-1.50852425507461
"2022-11-02",13.2200002670288,13.6700000762939,13.0600004196167,13.0600004196167,73673500,9.94311809539795,9.38848114013674,10.1599485397339,11.0833352470398,9.7548931488084,9.69009470494282,54.983956268342,0.668708055376643,-1.07307779298436
"2022-11-03",12.8100004196167,13.460000038147,12.7700004577637,13.2600002288818,58782600,10.0953874588013,9.42274155616763,10.1255359458923,11.0501847600937,9.80727688880731,9.72011639041382,57.6078734234003,0.896702209033706,-0.679121792580744
"2022-11-04",13.5699996948242,13.7700004577637,13.2700004577637,13.5100002288818,61489100,10.2857236862183,9.47260951995852,10.0886870574951,11.0209659957886,9.880884088409,9.76201322714008,60.6921656575245,1.21768797586177,-0.299759838892241
"2022-11-07",13.6099996566772,13.7600002288818,13.3699998855591,13.6999998092651,48176900,10.4303779602051,9.56168651580813,10.0626491928101,10.9961955547333,9.96542160714686,9.81152172588563,62.9013066142671,1.56856281381097,0.073904691648401
"2022-11-08",13.7799997329712,13.8000001907349,13.5100002288818,13.7200002670288,52731900,10.4456043243408,9.64391140937808,10.0344795417786,10.9724697589874,10.0392958713305,9.85849080725268,63.1361587546067,1.83400347591587,0.425924448501894
"2022-11-09",13.5699996948242,13.6999998092651,13.2799997329712,13.3100004196167,74199200,10.1334552764893,9.71129016876224,10.0018941688538,10.9487104845047,10.0537819336627,9.87885854571465,55.3942025630573,1.7706842054529,0.694876399892095
"2022-11-10",13.6899995803833,14.3599996566772,13.6700000762939,14.1800003051758,75638500,10.7958211898804,9.80303187370303,9.98575370788575,10.9285237932205,10.1679418192346,9.94678170454175,65.157605115442,2.22343388306077,1.00058789652583
"2022-11-11",14.2600002288818,14.6700000762939,14.1999998092651,14.5,60187600,11.0394506454468,9.91076173782352,9.97524721145631,10.910896282196,10.3020201001903,10.0277201446088,67.9374729023722,2.7354169404999,1.34755370532064
"2022-11-14",14.2299995422363,14.3500003814697,14.0600004196167,14.0600004196167,57691600,10.8163547515869,10.0012461185456,9.96073558807374,10.8918163013458,10.3811485080975,10.0861375229035,62.9820639959993,2.92491535559705,1.66302603537592
"2022-11-15",14.289999961853,14.5799999237061,14.1999998092651,14.3000001907349,61835700,11.0009860992432,10.0933485031128,9.95189611434938,10.8708138751984,10.4765081375045,10.1539040841138,65.2416447770164,3.17714300547161,1.96584942939506
"2022-11-16",14.1000003814697,14.1700000762939,13.8400001525879,13.8999996185303,47484200,10.6932649612427,10.1662582397461,9.93081146240235,10.8469249534607,10.5098553411566,10.1938567416789,58.7995615257335,3.0998924890286,2.19265804132177
"2022-11-17",13.6599998474121,13.9099998474121,13.5500001907349,13.9099998474121,54317900,10.7009592056274,10.2532568454743,9.90927160263062,10.8231868124008,10.5392559356905,10.2314198871566,58.9088170500339,3.00873243331918,2.35587291972125
"2022-11-18",14.0799999237061,14.1300001144409,13.8199996948242,13.9899997711182,37101900,10.7625026702881,10.3273443698883,9.88972396850587,10.8025270843506,10.5736015871671,10.2707593525737,59.8264777375687,2.94858660589163,2.47441565695533
"2022-11-21",13.8599996566772,14.039999961853,13.6599998474121,13.9499998092651,34087100,10.7317304611206,10.3888538360596,9.86773366928101,10.7889398241043,10.5979291062369,10.3049053606142,59.115596622046,2.84353650391167,2.5482398263466
"2022-11-22",14.0500001907349,14.1499996185303,13.9799995422363,14.0699996948242,28738800,10.8240461349487,10.4416556835175,9.85977111816407,10.7760762262344,10.6327163414233,10.3433602327872,60.6270774635394,2.79750586002898,2.59809303308307
"2022-11-23",14,14.0600004196167,13.8500003814697,14.0299997329712,25974200,10.7932748794556,10.4932995319367,9.85241132736207,10.763695306778,10.6574176549667,10.3766872436515,59.8330408780033,2.70539532245211,2.61955349095688
"2022-11-25",13.960000038147,14.1099996566772,13.8999996185303,14.0799999237061,12980900,10.8317384719849,10.5400145530701,9.84231861114503,10.7491478300095,10.6842362422003,10.4103947420466,60.5289332183684,2.63046221530594,2.62173523582669
"2022-11-28",13.9399995803833,13.960000038147,13.6999998092651,13.7299995422363,35249700,10.5624847412109,10.5633694171906,9.82942939758301,10.7342650365829,10.6655052420481,10.4216606679106,53.5366236402721,2.33978616179968,2.56534542102129
"2022-11-29",13.8500003814697,13.8999996185303,13.710000038147,13.75,28380800,10.5778703689575,10.5833063125611,9.81365026474,10.7214436006546,10.6520229538803,10.433231756877,53.8645906655645,2.097060643353,2.47168846548763
"2022-11-30",13.7799997329712,13.9499998092651,13.4499998092651,13.8999996185303,61537300,10.6932649612427,10.6078708171845,9.82819639205933,10.709536113739,10.6583678780899,10.4524934757189,56.3530374677854,1.96962000358305,2.37127477310672
"2022-12-01",14.0900001525879,14.3599996566772,14,14.0799999237061,45335100,10.8317384719849,10.6523018360138,9.84612104415894,10.6959995889664,10.6850402771507,10.4805856976646,59.1971722528495,1.9507934516644,2.28717850881825
"2022-12-02",13.8400001525879,13.9700002670288,13.75,13.8599996566772,42417400,10.6624927520752,10.6806571006775,9.86492429733277,10.6818789243698,10.6815714271391,10.4940602942876,54.5209490741613,1.78683109866984,2.18710902678857
"2022-12-05",13.75,13.7700004577637,13.3699998855591,13.3800001144409,39714500,10.2932300567627,10.6810324192047,9.88334663391114,10.6676717185974,10.6218266009273,10.4791839803968,45.9856453749916,1.36119969643931,2.02192716071872
"2022-12-06",13.4200000762939,13.5699996948242,13.0600004196167,13.2799997329712,39996000,10.2163000106812,10.6703285217285,9.90510297775269,10.651207780838,10.5594378947356,10.4597110937512,44.4252637520722,0.953437433314464,1.80822921523787
"2022-12-07",13.1999998092651,13.4200000762939,13.0900001525879,13.1000003814697,36609800,10.0778245925903,10.651939535141,9.92530796051026,10.6368596076965,10.4853435405594,10.4314232047763,41.6834759255907,0.516902964481059,1.54996396508651
"2022-12-08",13.1999998092651,13.2600002288818,13.0699996948242,13.1199998855591,32376300,10.0932130813599,10.6499274253846,9.94170944213868,10.6238614034653,10.4250157776056,10.4063706030418,42.11104619561,0.17917077216516,1.27580532650224
"2022-12-09",13.039999961853,13.3599996566772,13.039999961853,13.1800003051758,41553600,10.1393699645996,10.6171048641205,9.96984514236451,10.6103451633453,10.3810702679124,10.386592777972,43.4503255247102,-0.0531696021752071,1.01001034076675
"2022-12-12",13.1999998092651,13.4700002670288,13.1000003814697,13.460000038147,35473800,10.3547744750977,10.5828710556031,10.0064001655579,10.59535987854,10.3770247613255,10.384235866648,49.3406361514098,-0.0694428113446555,0.794119710344467
"2022-12-13",13.7799997329712,13.9200000762939,13.3699998855591,13.5699996948242,57872100,10.4393968582153,10.5640231609345,10.040536403656,10.5818086338043,10.3866204685393,10.3883218660233,51.4788649874046,-0.0163779819873477,0.632020171878104
"2022-12-14",13.5699996948242,13.7799997329712,13.3599996566772,13.4799995422363,51199900,10.3701601028442,10.5324818611145,10.0597360229492,10.5711312150955,10.3840881045862,10.3869765502323,49.63299514991,-0.0278083389529837,0.500054469711887
"2022-12-15",13.2299995422363,13.2600002288818,12.9499998092651,13.0299997329712,55725300,10.0239753723145,10.4990173816681,10.069727935791,10.5534809780121,10.3286861457752,10.3600875740902,41.6008709165408,-0.303100027779368,0.339423570213636
"2022-12-16",12.7700004577637,12.8199996948242,12.0799999237061,12.1199998855591,118345700,9.32391166687012,10.4301650047303,10.0680025863648,10.5342025327682,10.1741054567129,10.283333803185,30.7600659159501,-1.06218808571916,0.0591012390270762
"2022-12-19",12.1199998855591,12.1700000762939,11.539999961853,11.6899995803833,88062500,8.99311351776123,10.3416955471039,10.062097568512,10.516078248024,9.99241438918185,10.1877619301907,27.1586192450861,-1.91747257491297,-0.336213523760933
"2022-12-20",11.6499996185303,11.6800003051758,11.1199998855591,11.4700002670288,82057900,8.82386875152588,10.2463024616242,10.0655981826782,10.5004026412964,9.81263813723478,10.0867328058451,25.5127908349561,-2.71737810335895,-0.812446439680536
"2022-12-21",11.6099996566772,11.789999961853,11.5500001907349,11.7799997329712,49256000,9.06234931945801,10.1582176208496,10.0708230400086,10.4856947851181,9.69720908834605,10.0108525475942,31.7857757905152,-3.13303445193154,-1.27656404213074
"2022-12-22",11.539999961853,11.539999961853,11.1000003814697,11.3100004196167,75158700,8.70078086853027,10.0535929203034,10.069121055603,10.4679060649872,9.54391243914362,9.91381020099691,27.9434453589696,-3.73113620650205,-1.767478475005
"2022-12-23",11.2700004577637,11.3999996185303,11.2200002670288,11.3599996566772,38200700,8.73924350738525,9.94896817207339,10.0646861839295,10.4504594230652,9.4201172188731,9.82680526072938,28.9276732328054,-4.13855806710156,-2.24169439342431
"2022-12-27",11.2799997329712,11.3900003433228,11.1300001144409,11.1999998092651,44837400,8.61615562438965,9.85165171623233,10.0593122291565,10.4334831523895,9.2964308197218,9.7371275098894,27.6271470058236,-4.52594145162429,-2.69854380506431
"2022-12-28",11.1800003051758,11.25,10.8999996185303,10.9499998092651,49375400,8.42383098602295,9.7439497470856,10.047655506134,10.4166685295105,9.16218469146044,9.63984628589929,25.684137590261,-4.95507480381251,-3.14985000481395
"2022-12-29",11.0799999237061,11.5500001907349,11.0500001907349,11.539999961853,53550300,8.87771797180176,9.65317239761356,10.0420310974121,10.4009251976013,9.11842058074372,9.58339233670688,36.9534558021161,-4.85184932043531,-3.49024986793822
"2022-12-30",11.3999996185303,11.6400003433228,11.3900003433228,11.6300001144409,39232200,8.94695568084717,9.55893325805667,10.0362688064575,10.3835810709,9.09204136537502,9.53624888071728,38.4858510015596,-4.65809482217334,-3.72381885878524
"2023-01-03",11.8199996948242,11.9200000762939,11.5699996948242,11.6800003051758,45809000,8.9854211807251,9.47507967948917,10.0367574882507,10.366429271698,9.07563826004426,9.495446828866,39.3675652903053,-4.42115654363445,-3.86328639575509
"2023-01-04",11.8800001144409,12.0799999237061,11.7399997711182,12.0100002288818,53429700,9.23929023742676,9.42238268852237,10.0359282493591,10.3494984292984,9.10081548733388,9.47647226653717,44.9734974851271,-3.96409938886004,-3.88344899437608
"2023-01-05",12.1099996566772,12.3800001144409,11.8800001144409,12.25,50785600,9.42392158508301,9.38276376724246,10.0343758583069,10.3349135494232,9.15052411775682,9.47257962346649,48.6891284861611,-3.39987119149509,-3.78673343379988
"2023-01-06",12.1199998855591,12.5900001525879,12.1000003814697,12.5799999237061,53089100,9.67778873443604,9.36276197433475,10.0325714492798,10.3193140363693,9.23164175109208,9.48778029835312,53.3532300053236,-2.69966777482716,-3.56932030200534
"2023-01-09",12.7399997711182,12.9300003051758,12.5500001907349,12.6899995803833,50865500,9.76241207122803,9.34622192382815,10.0326117324829,10.3056727695465,9.31329872342069,9.50812339264015,54.8272502695211,-2.0490338752889,-3.26526301666205
"2023-01-10",12.6800003051758,12.8699998855591,12.5,12.8400001525879,47065500,9.87780666351318,9.33314375877383,10.0322191047669,10.2920468378067,9.40014609881954,9.53550733863075,56.8305167382576,-1.41954942725314,-2.89612029878027
"2023-01-11",12.9300003051758,13.2600002288818,12.8900003433228,13.2200002670288,51911600,10.1701421737671,9.3239121437073,10.0337141990662,10.2812305021286,9.51860703342685,9.58251732641863,61.4897966803534,-0.666946803378865,-2.45028559969999
"2023-01-12",13.2700004577637,13.5299997329712,13.1099996566772,13.4300003051758,58113700,10.3316965103149,9.31852712631228,10.0367654800415,10.2704730939865,9.64369772217886,9.63801208078131,63.8141516051122,0.0589918475915052,-1.94843011024169
"2023-01-13",12.6300001144409,12.8199996948242,12.4700002670288,12.7200002670288,96444000,9.78549098968506,9.28929367065432,10.0284358024597,10.2529409122467,9.66551207102597,9.64893644440381,52.316970568743,0.17178708469745,-1.52438667125386
"2023-01-17",12.710000038147,12.8500003814697,12.4300003051758,12.6700000762939,60774900,9.74702644348145,9.27544622421267,10.0245139694214,10.237013630867,9.67805274371142,9.65620237026142,51.6117705116596,0.22628330074459,-1.17425267685417
"2023-01-18",12.789999961853,12.8500003814697,12.3999996185303,12.4099998474121,48774400,9.54700660705566,9.28660097122195,10.0135463523865,10.221434173584,9.65789179961054,9.64811379520914,47.9892500144628,0.101346279790482,-0.919132885525241
"2023-01-19",12.289999961853,12.3599996566772,12.039999961853,12.1800003051758,52918500,9.3700704574585,9.30544881820681,9.99523328781128,10.2059435272217,9.61361159312561,9.6275179924128,44.9816137433245,-0.144444282505085,-0.76419516492121
"2023-01-20",12.210000038147,12.4200000762939,12.0799999237061,12.3999996185303,44349200,9.53931522369385,9.34122114181521,9.97741203308106,10.1912616491318,9.6021813824438,9.62098445398917,48.3181998841577,-0.195438124188796,-0.650443756774727
"2023-01-23",12.4799995422363,12.9099998474121,12.4300003051758,12.8000001907349,49688000,9.84703540802002,9.38045544624331,9.96544065475464,10.1812635040283,9.63985123253245,9.63772896910257,53.8038228155073,0.0220203684569764,-0.515950931728386
"2023-01-24",12.6800003051758,12.8999996185303,12.6199998855591,12.7399997711182,41537400,9.80087757110596,9.43546028137209,9.95878910064697,10.1726445817947,9.66462451538991,9.64981405073245,52.8968540897479,0.153479275140422,-0.382064890354625
"2023-01-25",12.6000003814697,12.8500003814697,12.4899997711182,12.789999961853,37739000,9.83934307098389,9.49046525955202,9.93965953826905,10.1658280086517,9.6915042931736,9.66385323741774,53.5988244533014,0.286128680522557,-0.248426176179188
"2023-01-26",12.9899997711182,13.0699996948242,12.710000038147,12.9200000762939,48970900,9.93935203552246,9.55662508010866,9.91765756607056,10.1591744852066,9.72963471507343,9.68426055579587,55.4574675456772,0.468535093785749,-0.105033922186201
"2023-01-27",12.8800001144409,13.3699998855591,12.8699998855591,13.2700004577637,62114600,10.208607673645,9.64586391448977,9.90550262451172,10.1530060815811,9.80332286254598,9.72310108304395,60.0923022644703,0.825063720070962,0.0809856062652318
"2023-01-30",13.0100002288818,13.1999998092651,12.8599996566772,12.8900003433228,64512600,9.91627216339111,9.69779162406924,9.88380834579468,10.1450764656067,9.82069967806061,9.73741005195856,53.5742626055549,0.855357078089791,0.235859900630144
"2023-01-31",13.3900003433228,13.5699996948242,13.25,13.5100002288818,83093300,10.393238067627,9.77010574340823,9.87780780792237,10.1389700365067,9.90878250722467,9.78598990497103,61.0059429844601,1.25477957208255,0.439643834920626
"2023-02-01",13.5200004577637,13.9899997711182,13.4899997711182,13.789999961853,70641000,10.6086435317993,9.85126686096194,9.8759614944458,10.1340529727936,10.0164534340823,9.84692721066202,63.8225137327212,1.72161548261198,0.696038164458897
"2023-02-02",14.1700000762939,14.6000003814697,14.0299997329712,14.3199996948242,102579800,11.0163707733154,9.94012088775637,9.88103885650635,10.130463142395,10.1702868708874,9.93355265974745,68.4655791076889,2.38317769330638,1.03346607022839
"2023-02-03",13.0500001907349,13.6099996566772,12.7799997329712,13.2299995422363,165500200,10.1778335571289,9.97781648635866,9.86996091842652,10.120883398056,10.1714478995399,9.95164754103497,53.3116342144104,2.2086831109988,1.26850947838248
"2023-02-06",13.1599998474121,13.210000038147,12.7799997329712,13.1400003433228,77262800,10.1085996627808,9.9993570327759,9.85565198898316,10.111331911087,10.1617789400385,9.96327362412725,52.2826885720614,1.99237041358147,1.41328166542227
"2023-02-07",13.0799999237061,13.5100002288818,12.9799995422363,13.4499998092651,70671100,10.3470792770386,10.0285903930664,9.84672807693482,10.1042832994461,10.1902866841924,9.99170367249105,55.4707932887101,1.98747899467902,1.52812113127362
"2023-02-08",13.3000001907349,13.6899995803833,13.3000001907349,13.4200000762939,62028400,10.3240022659302,10.0509001731873,9.83657335281372,10.0992534971237,10.210858312152,10.0163183831162,55.0872444758568,1.94222988522206,1.61094288206331
"2023-02-09",13.6599998474121,13.9300003051758,13.3999996185303,13.4899997711182,78667100,10.3778514862061,10.0612856388092,9.83288068771363,10.0938898849487,10.2365495696988,10.0430986129747,55.8543041929559,1.92620787845514,1.67399588134168
"2023-02-10",12.8400001525879,12.8999996185303,12.5100002288818,12.7299995422363,68205200,10.4105634689331,10.0652289867401,9.82953454971314,10.0904990100861,10.2633209388118,10.0703182319346,56.3420959857798,1.91655022643853,1.72250675036105
"2023-02-13",12.710000038147,13.1000003814697,12.6999998092651,13.0900001525879,64201900,10.7049713134766,10.1112030029297,9.82976867675782,10.0880524921417,10.3312671502987,10.1173295713081,60.5653860351276,2.11456568141599,1.80091853657204
"2023-02-14",12.9899997711182,13.1899995803833,12.8199996948242,12.9700002670288,75352900,10.6068363189697,10.1541934967041,9.82527063369751,10.0859821939468,10.3736624070173,10.1535893303941,58.532810864822,2.16744118224703,1.87422306570704
"2023-02-15",12.75,12.9399995803833,12.6000003814697,12.9300003051758,65850000,10.5741233825684,10.2055493354798,9.82350324630738,10.085482134819,10.4045025571021,10.1847400009255,57.8360225564356,2.15776304703494,1.93093106197262
"2023-02-16",12.7299995422363,13.1400003433228,12.5100002288818,12.9099998474121,64145500,10.5577688217163,10.2649342536927,9.82879402160645,10.0844856977463,10.4280819824274,10.2123717654286,57.4676991443646,2.11224406977655,1.9671936635334
"2023-02-17",12.8199996948242,12.9399995803833,12.6499996185303,12.8900003433228,54401000,10.5414133071899,10.3150391578675,9.83529628753663,10.0823144245148,10.4455175708524,10.2367452129664,57.0762312024013,2.03944079434044,1.98164308969481
"2023-02-21",12.7200002670288,12.8100004196167,12.1700000762939,12.1999998092651,77724200,9.97713088989258,10.3215439319611,9.83328241348267,10.0757387256622,10.3734580814739,10.2175145223684,45.548084356501,1.52623770452365,1.89056201266058
"2023-02-22",12.2399997711182,12.3100004196167,12.1400003433228,12.210000038147,52844700,9.98530960083008,10.3307655334473,9.83112434387207,10.0709000205994,10.3137429306056,10.20031415781,45.7192132606742,1.11201254236688,1.73485211860184
"2023-02-23",12.3199996948242,12.3599996566772,11.8800001144409,12.0699996948242,57952800,9.87081813812256,10.3323392868042,9.82575330734253,10.0666949796677,10.245600654839,10.1759070452405,43.6510817796876,0.68488842605019,1.52485938009151
"2023-02-24",11.8199996948242,11.9799995422363,11.75,11.8800001144409,50631600,9.71543502807617,10.3211434364319,9.8129665184021,10.0648790836334,10.1640367122601,10.1417980069321,40.9440954221752,0.219277738650003,1.26374305180321
"2023-02-27",11.9799995422363,12.4200000762939,11.960000038147,12.0600004196167,60378100,9.86263942718506,10.3038450241089,9.8014313697815,10.0638745832443,10.1176678991716,10.1211195936175,44.4581846808618,-0.034103879653824,1.0041736655118
"2023-02-28",12.0699996948242,12.1800003051758,12.0100002288818,12.0699996948242,59796800,9.87081813812256,10.3015723228455,9.79144453048706,10.0648709154129,10.0796910128564,10.1025787450623,44.6552339244838,-0.226553366060911,0.758028259197259
"2023-03-01",12.3500003814697,12.539999961853,12.1700000762939,12.3199996948242,85328800,10.0752668380737,10.2856737613678,9.79247035980225,10.0683594417572,10.0790103705821,10.1005556408409,49.4802632634443,-0.21330777261066,0.563761052835675
"2023-03-02",12.3800001144409,12.5500001907349,12.2299995422363,12.5500001907349,78214100,10.2633600234985,10.2684095859528,9.81125932693481,10.0687931680679,10.1073718556462,10.1126152247415,53.4970374296354,-0.0518497834512299,0.440638885578294
"2023-03-03",12.7200002670288,13.1099996566772,12.6499996185303,13.0799999237061,80080200,10.6967926025391,10.252430677414,9.84533290863037,10.0730901622772,10.1980519705528,10.1558876230969,61.1604720019501,0.415171465269526,0.435545401516541
"2023-03-06",13.0799999237061,13.1800003051758,12.9300003051758,12.9799995422363,50571200,10.6150131225586,10.2742896556855,9.88115579605103,10.0751690912247,10.2621998400922,10.1898969193533,59.1788675968706,0.709554976964921,0.490347316606217
"2023-03-07",12.9399995803833,12.9799995422363,12.7799997329712,12.8299999237061,46540400,10.4923448562622,10.2934769153595,9.90975570678711,10.0794615077972,10.2976067656568,10.2123004702354,56.2355981927581,0.835328882752506,0.559343629835475
"2023-03-08",12.7799997329712,13.0100002288818,12.710000038147,12.9799995422363,46421000,10.6150131225586,10.3068736076355,9.94804035186768,10.0841034317017,10.3464385128724,10.2421310370742,58.4604925341557,1.01841575176775,0.651158054221931
"2023-03-09",13.0200004577637,13.0799999237061,12.4399995803833,12.4499998092651,65423500,10.1815795898438,10.2997524738312,9.97688707351685,10.0878973770142,10.3210756016373,10.2376457446867,48.984548851103,0.814932055974071,0.683912854572359
"2023-03-10",12.4300003051758,12.5100002288818,12,12.1000003814697,73897400,9.89535140991211,10.2756274700165,10.0024709892273,10.0890163755417,10.2555795721411,10.2122906087775,43.9215040593636,0.423890829412632,0.631908449540413
"2023-03-13",11.9300003051758,12.3100004196167,11.3199996948242,12.0299997329712,119167600,9.83810520172119,10.2470045566559,10.0307564735413,10.0913944864273,10.1913527459226,10.1845731712178,42.9650006987774,0.0665670970288135,0.518840179038094
"2023-03-14",12.210000038147,12.3100004196167,11.7700004577637,11.9300003051758,93844200,9.75632572174072,10.1995722770691,10.04832862854,10.092270655632,10.1244255114331,10.1528511379232,41.5721825272434,-0.279976787839398,0.359076785662595
"2023-03-15",11.5,11.7299995422363,11.3199996948242,11.710000038147,108909300,9.57641220092773,10.148051071167,10.0609177589417,10.0907019138336,10.0401157713554,10.110151957405,38.6070103631043,-0.692731289744308,0.148715170581215
"2023-03-16",11.5299997329712,11.8900003433228,11.4200000762939,11.8199996948242,74017200,9.66636657714844,10.102663230896,10.0745366668701,10.0876606941223,9.98261589532353,10.0772789662749,40.8776184790644,-0.939371344865658,-0.06890213250816
"2023-03-17",11.6999998092651,11.7299995422363,11.1199998855591,11.3000001907349,249885100,9.24111366271973,10.0368304729462,10.074573135376,10.0823047447205,9.8685386287691,10.0153407956412,34.4002991484554,-1.46577305622957,-0.348276317252442
"2023-03-20",11.3299999237061,11.4799995422363,11.1499996185303,11.1800003051758,74975100,9.14297866821289,9.96690874099734,10.0689542770386,10.0769481182098,9.75691401945276,9.95072137879463,33.0969551661788,-1.94767144977939,-0.668155343757831
"2023-03-21",11.3999996185303,11.7799997329712,11.3800001144409,11.7200002670288,74794900,9.5845890045166,9.94728164672854,10.0670902824402,10.0725180482864,9.73040247869335,9.92360046218145,43.4754415742877,-1.94685370722421,-0.923895016451106
"2023-03-22",11.7600002288818,11.9399995803833,11.4700002670288,11.4799995422363,69729100,9.38831615447998,9.91743197441104,10.0596083641052,10.0685765552521,9.67777381342975,9.88394977272208,40.4705234616914,-2.08596729074174,-1.15630947130923
"2023-03-23",11.6499996185303,11.7799997329712,11.2700004577637,11.4200000762939,74225300,9.33924770355225,9.89085345268252,10.048837184906,10.0645404958725,9.6256928734486,9.84360147130209,39.7311788819194,-2.21370804668169,-1.36778918638373
"2023-03-24",11.3199996948242,11.5100002288818,11.1800003051758,11.5100002288818,72425300,9.41285133361816,9.87572426795962,10.033691368103,10.0598171043396,9.59294802116699,9.81169405369588,41.4588106551154,-2.22944204468427,-1.54011975804383
"2023-03-27",11.6300001144409,11.6999998092651,11.4099998474121,11.5200004577637,55941100,9.42102909088135,9.85364375114444,10.0154780197144,10.0559261131287,9.5664989549692,9.78275590830221,41.6589132248228,-2.21059336816813,-1.67421448006869
"2023-03-28",11.5500001907349,11.6499996185303,11.460000038147,11.6000003814697,41385900,9.48645305633545,9.83442549705508,10.0094972610474,10.0533045196533,9.55418420133324,9.76080754889726,43.327880837052,-2.11686734451971,-1.7627450529589
"2023-03-29",11.7799997329712,12.0600004196167,11.710000038147,12.0500001907349,48655400,9.85446262359619,9.8233852863312,10.0116459846497,10.0545205926895,9.60038088168139,9.76774496183792,51.6982266122305,-1.71343622105634,-1.75288328657839
"2023-03-30",12.2799997329712,12.3900003433228,12.1999998092651,12.289999961853,57751300,10.0507326126099,9.81275391578677,10.0217205047607,10.0602609920502,9.6696657633627,9.78870701004326,55.4752919604728,-1.21610797583811,-1.64552822443033
"2023-03-31",12.4099998474121,12.6300001144409,12.3900003433228,12.6000003814697,66868200,10.3042526245117,9.7931269168854,10.0404041481018,10.065799036026,9.76729451123177,9.82689557407796,59.843382016918,-0.606509577687997,-1.43772449508186
"2023-04-03",12.5299997329712,12.7299995422363,12.4799995422363,12.6800003051758,55956300,10.3696737289429,9.78085994720462,10.0570113182068,10.0714003419876,9.85996823703349,9.86710136332721,60.9091338897585,-0.0722920139468397,-1.16463799885486
"2023-04-04",12.7700004577637,12.8500003814697,12.5100002288818,12.7200002670288,54655700,10.4023838043213,9.77636189460757,10.0681182861328,10.0810097169876,9.943416785847,9.90675191451196,61.4598911977565,0.370099823347014,-0.857690434414485
"2023-04-05",12.5799999237061,12.6499996185303,12.2200002670288,12.4300003051758,53332900,10.1652250289917,9.75387248992923,10.0754052352905,10.0895086717606,9.97754113094618,9.92589807114009,55.3688338330581,0.520286017808758,-0.582095143969837
"2023-04-06",12.4200000762939,12.4799995422363,12.289999961853,12.3299999237061,36355800,10.0834455490112,9.7489657878876,10.0802872848511,10.0967318248749,9.9938341183408,9.9375682546861,53.4033947111866,0.566193481269139,-0.352437418922041
"2023-04-10",12.1999998092651,12.7200002670288,12.1599998474121,12.7200002670288,61326200,10.4023838043213,9.77431740760806,10.0895479202271,10.1054743003845,10.056687916184,9.97199903614056,59.4490357629429,0.849266829413731,-0.112096569254887
"2023-04-11",12.789999961853,13.0699996948242,12.789999961853,12.8699998855591,63633600,10.5250568389893,9.80866498947146,10.0958769035339,10.1145286083221,10.1287446735386,10.012966280796,61.5171859810063,1.15628465627271,0.141579675850632
"2023-04-12",13.0600004196167,13.0799999237061,12.6499996185303,12.6700000762939,53845500,10.3614959716797,9.83892350196841,10.1047813796997,10.1210690021515,10.1645525655603,10.0387832949356,57.3196051856736,1.25283380395538,0.363830501471581
"2023-04-13",12.6400003433228,12.6400003433228,12.2200002670288,12.460000038147,75485700,10.1897563934326,9.86959071159365,10.1007117462158,10.1266376256943,10.1684300775407,10.0499664874168,53.2137630680538,1.1787461209168,0.526813625360624
"2023-04-14",12.4499998092651,12.6599998474121,12.4200000762939,12.5200004577637,43542000,10.2388277053833,9.89821376800539,10.0933154296875,10.1333185005188,10.1792604818242,10.0639562072662,54.2227617608517,1.1457151857907,0.650593937446639
"2023-04-17",12.5,12.6800003051758,12.460000038147,12.6800003051758,40191100,10.3696737289429,9.95464177131655,10.0803814888001,10.1417466497421,10.2085548275347,10.0866019496126,56.8923505699125,1.20905810035274,0.76228677002786
"2023-04-18",12.6999998092651,12.7600002288818,12.6199998855591,12.7299995422363,38865900,10.4105634689331,10.0180210113526,10.0850360870361,10.1518492031097,10.2396330800576,10.1105990991919,57.7220994996986,1.27622487648602,0.865074391319492
"2023-04-19",12.6000003814697,12.6000003814697,12.1700000762939,12.2200002670288,69451800,9.99348831176758,10.0384659767151,10.0827338600159,10.1591502380371,10.2017646541668,10.1019242260494,47.6477040593596,0.988330796027759,0.889725672261146
"2023-04-20",11.8100004196167,11.9300003051758,11.5500001907349,11.8699998855591,79563100,9.7072582244873,10.0544130802155,10.0699374389648,10.1654724311829,10.1256867419084,10.0726897074151,42.2037598917128,0.526145806459843,0.817009699100885
"2023-04-21",11.8999996185303,11.9200000762939,11.6599998474121,11.8100004196167,46926500,9.6581916809082,10.0703602790833,10.0566212272644,10.1720769739151,10.0537644248315,10.0419861498961,41.3319683754162,0.117290292573013,0.677065817795311
"2023-04-24",11.8900003433228,12.1800003051758,11.8800001144409,12.1599998474121,57794700,9.94441890716553,10.0969386577606,10.0479525756836,10.1778888702393,10.0369420374982,10.0347589467309,48.0707818869561,0.0217552885819039,0.54600371195263
"2023-04-25",11.9700002670288,11.9799995422363,11.6999998092651,11.7700004577637,63114700,9.74569702148438,10.1131720542908,10.0346552467346,10.1828202199936,9.99213511195764,10.0133469522682,44.268888135472,-0.211835667051619,0.39443583615178
"2023-04-26",11.8000001907349,11.8599996566772,11.5100002288818,11.539999961853,58105300,9.55525398254395,10.1166121006012,10.011660900116,10.1880431747437,9.92492263050938,9.97941413969601,40.9281318202293,-0.546039160454004,0.206340836830623
"2023-04-27",11.6099996566772,11.710000038147,11.4399995803833,11.6099996566772,53280300,9.61321449279785,10.1045496940613,9.99178846359253,10.1925382709503,9.87696753239991,9.95228823992577,42.3539607985211,-0.756817987080527,0.0137090720483932
"2023-04-28",11.5900001525879,11.9399995803833,11.5699996948242,11.8800001144409,55045000,9.83677768707275,10.0938519477844,9.97704154968262,10.1983396291733,9.87078447927266,9.9437319026774,47.6070235856627,-0.733602073333273,-0.13575315702794
"2023-05-01",12.0100002288818,12.289999961853,11.9899997711182,12.0600004196167,59834200,9.98582077026367,10.077930355072,9.96560258865356,10.2053385066986,9.88848237019435,9.94684959657268,50.8243104137389,-0.586791082057148,-0.225960742033781
"2023-05-02",12.0500001907349,12.0900001525879,11.6599998474121,11.8000001907349,91090400,9.77053833007812,10.0479735851288,9.95018508911133,10.209414100647,9.87033713325339,9.93378950275827,46.3928280812791,-0.638752909826168,-0.308519175592259
"2023-05-03",11.7399997711182,12.0900001525879,11.7299995422363,11.789999961853,94050700,9.76225662231445,10.0159672260285,9.94588760375977,10.2131467580795,9.85370936233971,9.92108336346613,46.2258504044817,-0.679099234006297,-0.382635187275067
"2023-05-04",11.8000001907349,11.8299999237061,11.4700002670288,11.5600004196167,79792900,9.57181453704834,9.9862967014313,9.93761770248413,10.2135526561737,9.8103409276795,9.8952115985463,42.4428225861257,-0.857694350662164,-0.477647019952486
"2023-05-05",11.789999961853,12.039999961853,11.7200002670288,11.9899997711182,64173300,9.92785930633545,9.97851738929751,9.93875852584839,10.2152111053467,9.82842067824195,9.89762994727142,50.5849875887603,-0.699250925708206,-0.52196780110363
"2023-05-08",12.0200004577637,12.0600004196167,11.8500003814697,12.0200004577637,49943800,9.9527006149292,9.95603322982791,9.94350383758545,10.2159760951996,9.84754066850153,9.90170925598681,51.1046987937727,-0.547062997760028,-0.52698684043491
"2023-05-09",11.8900003433228,11.9300003051758,11.7799997329712,11.8599996566772,42878300,9.82021903991699,9.92079133987429,9.94265542984009,10.2167571210861,9.84333734102698,9.89567294368534,48.1935918326826,-0.528873609265312,-0.52736419420099
"2023-05-10",12.0200004577637,12.039999961853,11.7299995422363,11.8900003433228,49193100,9.84505939483643,9.89496951103213,9.94214025497437,10.2175869750977,9.84360227238228,9.89192379191876,48.7827079977783,-0.488494660421368,-0.519590287445066
"2023-05-11",11.8299999237061,11.8800001144409,11.7600002288818,11.8699998855591,43030800,9.82849788665771,9.87690658569338,9.93720487594605,10.2194647502899,9.84127852073235,9.88722557671423,48.3876338494621,-0.464711314871757,-0.508614492930404
"2023-05-12",11.9300003051758,11.9399995803833,11.6499996185303,11.6700000762939,45155400,9.66289710998535,9.84811005592349,9.92519561767578,10.2180645847321,9.81383522677127,9.87060865325284,44.5062969742996,-0.575176551679546,-0.521926904680233
"2023-05-15",11.6999998092651,11.7200002670288,11.5900001525879,11.6400003433228,53197000,9.6380558013916,9.81152915954592,9.90402088165283,10.2134872341156,9.78679223825132,9.85338251607793,43.9369543671327,-0.675811354303457,-0.552703794604878
"2023-05-16",11.5500001907349,11.5799999237061,11.2399997711182,11.25,60514900,9.31513118743896,9.75675754547121,9.87802324295044,10.2046945714951,9.7142289996648,9.81351204728986,37.2635451495625,-1.01169741420423,-0.644502518524747
"2023-05-17",11.3500003814697,11.6400003433228,11.3199996948242,11.5,50077500,9.52213287353516,9.73318977355959,9.8586190032959,10.1944869995117,9.68467574949101,9.79192840478951,43.2173039202724,-1.09531698828632,-0.734665412477062
"2023-05-18",11.460000038147,11.6599998474121,11.4499998092651,11.6400003433228,38181400,9.6380558013916,9.72972965240481,9.83907985687256,10.1855374717712,9.67750344978341,9.78053043416744,46.2912513537631,-1.05338851586325,-0.7984100331543
"2023-05-19",11.6599998474121,11.7700004577637,11.539999961853,11.6499996185303,43474200,9.64633369445801,9.7291367530823,9.82837493896485,10.1746317195892,9.67270810281027,9.77058993492971,46.5139186121252,-1.001800636106,-0.83908815374464
"2023-05-22",11.710000038147,11.7299995422363,11.3699998855591,11.6300001144409,57417200,9.62977504730225,9.71340456008913,9.82306341171265,10.1648492765427,9.6661030173475,9.76015920251286,46.1021791382341,-0.963674702571871,-0.864005463510086
"2023-05-23",11.5299997329712,11.9099998474121,11.5299997329712,11.7299995422363,56843800,9.7125768661499,9.71174855232241,9.82055284500122,10.15574467659,9.67325284024018,9.75663458500449,48.5545505810878,-0.854615841536854,-0.86212753911544
"2023-05-24",11.6400003433228,11.6499996185303,11.25,11.3299999237061,71391000,9.38137149810791,9.70305442810061,9.81305376052857,10.1431748771667,9.62834801837367,9.72883731930845,40.5974327632149,-1.0329014417307,-0.896282319638493
"2023-05-25",11.3299999237061,11.5200004577637,11.3299999237061,11.3800001144409,51328900,9.42277240753174,9.6935323238373,9.80998096466065,10.1330358695984,9.59672100132107,9.70616584436202,41.8796201238855,-1.1275805997538,-0.942541975661554
"2023-05-26",11.5900001525879,12.289999961853,11.539999961853,12.0900001525879,123257500,10.0106611251831,9.70222649574282,9.81686685562134,10.1240852165222,9.66040409729984,9.72872105034877,56.3030195904214,-0.702219260839831,-0.894477432697209
"2023-05-30",12.6499996185303,12.7799997329712,12.5100002288818,12.5900001525879,86226900,10.4246654510498,9.72416872978213,9.84053789138794,10.1159483718872,9.77798276710753,9.78027248743774,63.2244090139991,-0.023411621027436,-0.720264270363255
"2023-05-31",12.4799995422363,12.4899997711182,11.960000038147,12,86275300,9.93613910675049,9.73244876861575,9.85640110015869,10.1040365552902,9.80231451166798,9.79181816294238,52.6306846193267,0.107195094424073,-0.554772397405789
"2023-06-01",12.0699996948242,12.1800003051758,11.8400001525879,12.1099996566772,64407800,10.0272197723389,9.74569692611697,9.86525371551514,10.0920472002029,9.83691532100197,9.80925531919398,54.1724332826465,0.281978610077238,-0.387422195909184
"2023-06-02",12.2600002288818,12.5100002288818,12.1400003433228,12.3900003433228,65261200,10.2590627670288,9.78005933761599,9.88266864776612,10.0807983160019,9.90186108192917,9.84257438940397,57.9263063119827,0.602349448219885,-0.18946786708337
"2023-06-05",12.6599998474121,12.6800003051758,12.5,12.5900001525879,49890200,10.4246654510498,9.80489964485171,9.90437700271607,10.0719001245499,9.98229252333235,9.88569224582218,60.4202352042249,0.977172615817512,0.0438602294968065
"2023-06-06",12.5500001907349,12.9300003051758,12.5100002288818,12.9300003051758,57258400,10.7061901092529,9.84257411956789,9.93024377822876,10.0639527511597,10.0936613827047,9.94646986533556,64.2949265154791,1.47983675979508,0.331055535556462
"2023-06-07",13.0200004577637,13.6000003814697,12.9799995422363,13.5900001525879,99342000,11.2526788711548,9.91419711112978,9.96687677383423,10.0597656393051,10.2719717655432,10.0432260879888,70.3606435714246,2.27761155180943,0.720366738807056
"2023-06-08",13.5299997329712,13.7399997711182,13.460000038147,13.5799999237061,64254700,11.2443971633911,9.98416399955752,10.0020356559753,10.0585824728012,10.4215756729044,10.1322017232038,70.1661062449545,2.85598291078142,1.14748997320193
"2023-06-09",13.8299999237061,14.0299997329712,13.6999998092651,13.7399997711182,70329500,11.376877784729,10.0615829944611,10.032483959198,10.0571481132507,10.5685452285697,10.2243999499835,71.5225189516917,3.36592152370598,1.59117628330274
"2023-06-12",13.8000001907349,13.8800001144409,13.6499996185303,13.7799997329712,44584700,11.4099988937378,10.1489380836487,10.0596692848206,10.055118021965,10.6979996385956,10.3122220939653,71.8668980056005,3.74097397355404,2.021135821353
"2023-06-13",13.8999996185303,14.1700000762939,13.8900003433228,14.1300001144409,61781100,11.6998062133789,10.2520256042481,10.0875803565979,10.0529762125015,10.8521237270238,10.4150061028107,74.7447948399841,4.1969982532714,2.45630830773668
"2023-06-14",14.25,14.4499998092651,13.9700002670288,14.1999998092651,69748500,11.7577657699585,10.374157333374,10.1153421974182,10.053103685379,10.9914532720907,10.5144697818587,75.2892276720913,4.53644834335767,2.87233631486088
"2023-06-15",14.1199998855591,14.5,14.1199998855591,14.4499998092651,61463400,11.9647665023804,10.4962890148163,10.1465898513794,10.0536570835114,11.1411937690583,10.621899168564,77.1812118262073,4.88890538550002,3.27565012898871
"2023-06-16",14.5200004577637,14.6099996566772,14.3199996948242,14.4200000762939,75398100,11.9399290084839,10.6113826751709,10.1820839309692,10.0545431089401,11.2640761135853,10.7195310085581,76.4250970091527,5.07993404368634,3.63650691192823
"2023-06-20",14.3000001907349,14.4200000762939,13.9799995422363,14.2200002670288,56645800,11.7743244171143,10.7177822113037,10.2159015083313,10.0554005098343,11.3425758525898,10.7976638536363,71.4023862975571,5.04657309525303,3.91852014859319
"2023-06-21",14.2399997711182,14.2799997329712,13.9399995803833,14.0200004577637,49984300,11.6087236404419,10.8167296409607,10.2400283050537,10.0556202507019,11.3835216661055,10.8577423563627,66.6829345550817,4.84243678369045,4.10330347561264
"2023-06-22",13.9099998474121,14.3000001907349,13.8900003433228,14.1899995803833,46862500,11.7494831085205,10.9185749530792,10.2645168304443,10.0566579866409,11.439823426477,10.9237972268929,68.583721715343,4.72387200957729,4.22741718240557
"2023-06-23",13.9300003051758,14.1499996185303,13.9200000762939,14.0200004577637,48260200,11.6087236404419,11.0299425601959,10.2894613838196,10.0574868059158,11.4658080747793,10.9745325167854,64.6138450283161,4.47650555723027,4.27723485737051
"2023-06-26",14.0100002288818,14.2299995422363,13.9899997711182,14.1099996566772,44956300,11.6832427978516,11.1429660797119,10.319331111908,10.0571655321121,11.4992595706366,11.0270295746421,65.7443265811267,4.28247691545509,4.27828326898743
"2023-06-27",14.1899995803833,14.460000038147,14.0600004196167,14.4099998474121,49813100,11.9316463470459,11.2390153408051,10.3531874847412,10.0579340028763,11.5657806131611,11.0940382244498,69.2687266776199,4.25221528146187,4.27306967148232
"2023-06-28",14.3900003433228,14.789999961853,14.3699998855591,14.789999961853,58380800,12.2462921142578,11.3300966739655,10.3907198524475,10.0604660415649,11.6704746902529,11.1793903644356,73.0509329475479,4.3927648092472,4.29700869903529
"2023-06-29",14.8699998855591,15.1300001144409,14.789999961853,14.9499998092651,58488600,12.3787746429443,11.4522284507752,10.4300840759277,10.0632036876678,11.7794439137439,11.2682336443251,74.4753769799094,4.53673828174661,4.34495461557756
"2023-06-30",15.0500001907349,15.2299995422363,14.960000038147,15.1300001144409,54036900,12.5278167724609,11.5772583007813,10.4807706451416,10.0697319030762,11.8945781997004,11.3615360982611,76.0115461127468,4.69163761686076,4.4142912158342
"2023-07-03",15.1499996185303,15.3999996185303,15.1499996185303,15.2399997711182,29412700,12.618896484375,11.6952499866486,10.5390034103394,10.0770200634003,12.006011781958,11.4546739046399,76.9254696302295,4.81321320805768,4.49407561427889
"2023-07-05",15.210000038147,15.4200000762939,15.1199998855591,15.3500003814697,52003900,12.709979057312,11.8095156669617,10.6000391578674,10.0838880872726,12.1143144397048,11.5476594715045,77.8349123963078,4.90709801062752,4.57668009354862
"2023-07-06",15.1700000762939,15.25,14.8800001144409,14.9799995422363,64841400,12.4036121368408,11.8943867683411,10.6492230224609,10.0898714208603,12.1588217777257,11.6110633726405,68.110804354193,4.71755589910778,4.60485525466045
"2023-07-07",14.9899997711182,15.2399997711182,14.9399995803833,14.9799995422363,53375500,12.4036121368408,11.9519334316254,10.7023813247681,10.095055346489,12.1964818329742,11.6697706885072,68.110804354193,4.51346610422827,4.58657742457402
"2023-07-10",14.960000038147,15.0900001525879,14.8299999237061,15.0699996948242,51882000,12.4781351089478,12.0136203289032,10.7608389472961,10.1076162290573,12.2398131062009,11.7296495344658,69.1964636975437,4.34935050903313,4.53913204146584
"2023-07-11",15.0699996948242,15.25,14.9700002670288,15.2299995422363,45849700,12.6106176376343,12.0753073215485,10.8207870101929,10.1209917879105,12.2968599571906,11.7949064309968,71.0813336661887,4.25568044248934,4.48244172167054
"2023-07-12",15.3699998855591,15.4200000762939,15.1999998092651,15.2200002670288,47636800,12.6023378372192,12.1349242687226,10.8760982131958,10.1353918266296,12.3438565541181,11.854716164791,70.7897941625624,4.12612484793042,4.41117834692252
"2023-07-13",15.2700004577637,15.2799997329712,15.0799999237061,15.1899995803833,49664300,12.5774965286255,12.1788087844849,10.927931728363,10.1514187431335,12.3798011655808,11.908255451001,69.8639576350859,3.959821961496,4.32090706983721
"2023-07-14",15.2299995422363,15.2700004577637,14.9099998474121,14.9799995422363,48747900,12.4036121368408,12.211101102829,10.9805932044983,10.1677943897247,12.3834643919285,11.944948538841,63.5941838217386,3.67114058015057,4.19095377189988
"2023-07-17",14.5799999237061,14.6300001144409,14.0900001525879,14.0900001525879,99402100,11.6666831970215,12.1961969375611,11.0186817359924,10.1807899284363,12.2731903619428,11.9243362912988,45.1154056746904,2.92556383954508,3.93787578542892
"2023-07-18",13.9499998092651,14.1700000762939,13.9200000762939,14.1700000762939,71710800,11.7329254150391,12.1858467578888,11.0619039535522,10.1930888605118,12.1900726778038,11.9101577078722,46.6170005002365,2.3502205159432,3.62034473153178
"2023-07-19",14.1400003433228,14.2600002288818,14.0600004196167,14.1000003814697,58280800,11.6749639511108,12.1808787345886,11.0968460464478,10.2078007555008,12.1108251813895,11.8927359481121,45.445395134662,1.83380203032275,3.26303619128997
"2023-07-20",14.0299997329712,14.0799999237061,13.8999996185303,14.0299997329712,45952600,11.6170043945312,12.1812927722931,11.1301321220398,10.2232506608963,12.034852752642,11.8723113885875,44.2478293265615,1.36907935392203,2.88424482381639
"2023-07-21",14.1300001144409,14.1599998474121,13.75,13.9300003051758,57579800,11.5342016220093,12.1705286979675,11.1644117736816,10.2372587442398,11.9578295017755,11.8472662206929,42.5237945457047,0.933238765998889,2.49404361225289
"2023-07-24",13.8900003433228,14.0200004577637,13.8500003814697,13.960000038147,46687000,11.6848649978638,12.1743357658386,11.2012078857422,10.2486321735382,11.9158349627121,11.8352365004833,46.6007564782998,0.681004238703076,2.13143573754292
"2023-07-25",13.8599996566772,13.8599996566772,13.5600004196167,13.5799999237061,58772700,11.3667964935303,12.1585134506226,11.2319738578796,10.2578442573547,11.8313675059149,11.800537240709,40.129225922574,0.261261539004853,1.75740089783531
"2023-07-26",13.5500001907349,13.75,13.5200004577637,13.6700000762939,42019700,11.4421281814575,12.1340375423432,11.2675584793091,10.2680040025711,11.7714845329215,11.7739884215052,42.1773385357363,-0.021266273535181,1.40166746356121
"2023-07-27",13.8299999237061,13.9799995422363,13.6999998092651,13.7299995422363,67313500,11.4923505783081,12.0963404655457,11.3046443748474,10.2790239334106,11.7285408475963,11.7531263590461,43.5634676967043,-0.209182737415958,1.07949742336578
"2023-07-28",13.5799999237061,13.6499996185303,13.0200004577637,13.2600002288818,116696500,11.098949432373,12.0323492050171,11.3403207397461,10.2912744903564,11.6316806298697,11.7046688089222,36.2357918752007,-0.623581753948488,0.738881587902925
"2023-07-31",13.0100002288818,13.2200002670288,12.9099998474121,13.210000038147,64507700,11.0570983886719,11.9588132858277,11.3710200500488,10.3025544500351,11.5432833619931,11.6567006296444,35.5507023210344,-0.972979158123732,0.396509438697594
"2023-08-01",13.1499996185303,13.4399995803833,13.1099996566772,13.4200000762939,59129900,11.2328729629517,11.8895121097565,11.40291639328,10.3147894144058,11.4955279159867,11.6253059876672,40.6279255413342,-1.11634112528414,0.0939393259012475
"2023-08-02",13.1999998092651,13.2299995422363,12.9799995422363,13.039999961853,57997400,10.9148044586182,11.7997533798218,11.4282858085632,10.3245585012436,11.4061858456223,11.5726762447747,35.2209065619477,-1.43865079805974,-0.212578698890949
"2023-08-03",12.9899997711182,13.1400003433228,12.8599996566772,13.1000003814697,51996300,10.9650249481201,11.7278240203858,11.4549908065796,10.334959359169,11.3383149383143,11.5276650376151,36.6543966081715,-1.64257114240313,-0.498577187593385
"2023-08-04",13.1000003814697,13.1000003814697,12.8000001907349,12.8900003433228,48412900,10.7892513275146,11.6471059799195,11.4765242958069,10.3438722801209,11.2538436135759,11.4729677257558,33.8324385314399,-1.90991657448812,-0.780845064972333
"2023-08-07",12.9300003051758,12.960000038147,12.7799997329712,12.9399995803833,43929200,10.8311004638672,11.5647542476654,11.5055188751221,10.3522330904007,11.1888062059284,11.4254220026529,35.1132869671851,-2.07095892536464,-1.03886783705079
"2023-08-08",12.7700004577637,12.8999996185303,12.6999998092651,12.8800001144409,45103800,10.7808780670166,11.4732672691345,11.5326809883118,10.3599621295929,11.1260480307112,11.3776780074206,34.256272147433,-2.21161098552166,-1.27341646674497
"2023-08-09",12.7700004577637,12.8299999237061,12.6599998474121,12.7299995422363,42932600,10.6553258895874,11.3759166717529,11.5455742835999,10.3684338235855,11.0536292397691,11.3241704431367,32.1440986213308,-2.38905979670719,-1.49654513273741
"2023-08-10",12.7799997329712,12.7799997329712,12.0799999237061,12.1599998474121,104063900,10.1782207489014,11.2559528827667,11.5406453895569,10.37292116642,10.9189510104048,11.2392852806007,25.6674927039918,-2.85013025471285,-1.7672621571325
"2023-08-11",12.1199998855591,12.1999998092651,12,12.1400003433228,64371700,10.1614828109741,11.1438464164734,11.5451522636414,10.3762208747864,10.8024174412616,11.1594480606284,25.4735788999719,-3.19935732866908,-2.05368119143982
"2023-08-14",12.0299997329712,12.2299995422363,12.0200004577637,12.1999998092651,48099600,10.2117023468018,11.0710973739624,11.5488419151306,10.3784393405914,10.7115381959601,11.089244674419,27.2494721327985,-3.40606136439731,-2.32415722603131
"2023-08-15",12.0600004196167,12.1499996185303,11.9700002670288,11.9799995422363,42616400,10.0275573730469,10.9858289718628,11.544211807251,10.3797751379013,10.6063103770504,11.0106011706136,24.905888362905,-3.67183214884101,-2.59369221059325
"2023-08-16",11.8999996185303,12.0299997329712,11.8000001907349,11.8100004196167,44838900,9.88526248931885,10.8963438987732,11.5334237480164,10.3797142601013,10.495379932784,10.927242749777,23.2424082525105,-3.95216640539819,-2.86538704955424
"2023-08-17",11.8800001144409,11.9700002670288,11.7799997329712,11.8299999237061,36104900,9.90200328826904,10.8105938434601,11.5173400115967,10.3787473392487,10.4040912182432,10.8512990859616,23.8865016363251,-4.12123805800276,-3.11655725124395
"2023-08-18",11.7299995422363,12.0200004577637,11.7200002670288,11.960000038147,44519900,10.0108184814453,10.7344246864319,11.4925028038025,10.3779057693481,10.3435877202743,10.7890412634048,28.1092807640149,-4.12875928690192,-3.31899765837554
"2023-08-21",12.039999961853,12.0600004196167,11.8699998855591,11.9700002670288,33456700,10.0191879272461,10.651140832901,11.4679986190796,10.3769918346405,10.2936800598084,10.732015090356,28.4381400802069,-4.08436837683435,-3.4720718020673
"2023-08-22",12.0100002288818,12.0299997329712,11.8400001525879,11.8699998855591,32027500,9.9354829788208,10.5795751571655,11.4391707229614,10.3769536590576,10.2385728165796,10.6730127117238,27.1028037747296,-4.07045233504696,-3.59174790866323
"2023-08-23",11.8199996948242,11.9700002670288,11.8000001907349,11.960000038147,30437700,10.0108184814453,10.5080096721649,11.4111871147156,10.3765308141708,10.2035336880974,10.6239612872587,30.2760564210761,-3.95735251469298,-3.66486882986918
"2023-08-24",11.8900003433228,11.9300003051758,11.75,11.75,33338200,9.83504199981689,10.4251442432404,11.3738918304443,10.3742774057388,10.1468426591311,10.5655228215223,27.2909597783121,-3.96270179397346,-3.72443542269004
"2023-08-25",11.8299999237061,11.9899997711182,11.5799999237061,11.9099998474121,47610000,9.96896553039551,10.3686450481415,11.3381158256531,10.3719703435898,10.119476947018,10.5213333925499,32.7327705596493,-3.81944408126553,-3.74343715440514
"2023-08-28",11.9499998092651,12.0600004196167,11.8500003814697,11.8999996185303,29693500,9.96059513092041,10.3138198852539,11.2980323982239,10.3695452976227,10.0950335906953,10.4797972250218,32.5687004632347,-3.67147976306145,-3.7290456761364
"2023-08-29",11.9499998092651,12.0600004196167,11.8900003433228,12.0500001907349,32009000,10.0861482620239,10.2564836502075,11.2609567832947,10.3693087625504,10.0936666170535,10.4506380425775,37.6195154129359,-3.41578594598391,-3.6663937301059
"2023-08-30",12.0699996948242,12.1499996185303,12.0100002288818,12.0299997329712,30617900,10.0694074630737,10.2142138004303,11.2268584442139,10.3656766939163,10.0899344395182,10.4223987403921,37.2192018544752,-3.18990195208547,-3.57109537450182
"2023-08-31",12.1300001144409,12.2700004577637,12.0900001525879,12.1300001144409,39025700,10.1531095504761,10.1736180305481,11.1977461624146,10.3612449884415,10.0996536873578,10.4024513929909,40.6214166297277,-2.91083028599448,-3.43904235680035
"2023-09-01",12.1599998474121,12.2700004577637,12.039999961853,12.1400003433228,34716900,10.1614828109741,10.1422296047211,11.1659861564636,10.3579706287384,10.1091658602219,10.384601868397,40.9660676781357,-2.65235019758802,-3.28170392495788
"2023-09-05",12.1199998855591,12.1800003051758,12.039999961853,12.0900001525879,35202000,10.1196308135986,10.1066561222077,11.1362042999268,10.3535638523102,10.1107758530491,10.3649743828564,39.7249321546028,-2.452476199341,-3.11585837983451
"2023-09-06",12,12.1099996566772,11.8299999237061,12.0699996948242,41881500,10.1028881072998,10.0727566242218,11.1045972061157,10.3506119680405,10.109562353703,10.345560584667,39.2131085019476,-2.28115459798068,-2.94891762346374
"2023-09-07",11.9499998092651,12.0500001907349,11.8999996185303,11.960000038147,38559600,10.0108184814453,10.0405312538147,11.0661806488037,10.3471612644196,10.0943709887403,10.3207648733173,36.433203529216,-2.1935766133214,-2.79784942143527
"2023-09-08",11.9700002670288,12.3599996566772,11.9700002670288,12.3000001907349,49493500,10.2954044342041,10.0463904380799,11.0271628952026,10.3448257732391,10.1252992111193,10.3188863222719,48.5698394465428,-1.8760465529568,-2.61348884773958
"2023-09-11",12.3599996566772,12.3999996185303,12.1700000762939,12.2200002670288,34673600,10.2284450531006,10.0497385501862,10.9841563034058,10.342309346199,10.1411678021934,10.3121869689999,46.3285430335733,-1.65841801860883,-2.42247468191343
"2023-09-12",12.2299995422363,12.5900001525879,12.2200002670288,12.4499998092651,49507700,10.4209585189819,10.0602013587952,10.9420191383362,10.3402939081192,10.1842125278532,10.3202441208504,53.0383542556827,-1.3181044111393,-2.2016006277586
"2023-09-13",12.6899995803833,12.9099998474121,12.6300001144409,12.6400003433228,62579700,10.5799942016602,10.0878232002258,10.9012410926819,10.3392275047302,10.2451020161312,10.3394848675771,57.738681616391,-0.91283901136977,-1.94384830448084
"2023-09-14",12.6099996566772,12.6999998092651,12.4099998474121,12.6199998855591,43461600,10.5632514953613,10.121722650528,10.8583065414429,10.3378850698471,10.2940480898589,10.3560601733389,57.0908427247238,-0.598799953283835,-1.67483863424144
"2023-09-15",12.3999996185303,12.789999961853,12.3999996185303,12.6099996566772,63982400,10.5548839569092,10.15436668396,10.8213319778442,10.3378470659256,10.3341766847897,10.3707878610108,56.7481470838034,-0.353022130157521,-1.41047533342465
"2023-09-18",12.5,12.5200004577637,12.25,12.3400001525879,47444100,10.3288860321045,10.1702700614929,10.7798374557495,10.3366021442413,10.3333627382227,10.3676840218325,48.3129191320197,-0.33104098791491,-1.19458846432271
"2023-09-19",12.3400001525879,12.6499996185303,12.3100004196167,12.5600004196167,40900000,10.5130310058594,10.1949622154236,10.7405353736877,10.3357009744644,10.3610040101668,10.3784504650938,54.276713712938,-0.168102694960093,-0.989291310450183
"2023-09-20",12.6499996185303,12.6700000762939,12.3500003814697,12.3599996566772,37449600,10.3456249237061,10.2154693126679,10.6952355194092,10.333270406723,10.3586379968652,10.3760189435095,48.7677554157354,-0.167510745103006,-0.824935197380747
"2023-09-21",12.1999998092651,12.3500003814697,12.1599998474121,12.1999998092651,40140500,10.2117023468018,10.2255135059357,10.6474228096008,10.3310164546967,10.3360325122401,10.3638473437534,44.8462790394216,-0.268383261454319,-0.713624810195462
"2023-09-22",12.5,12.7700004577637,12.4099998474121,12.4300003051758,65205500,10.4042196273804,10.2539723873139,10.6039572715759,10.3315714025497,10.3465228376463,10.3668378832813,50.9520223900411,-0.195961833914637,-0.610092214939297
"2023-09-25",12.3500003814697,12.6999998092651,12.3400001525879,12.5799999237061,41219400,10.5297718048096,10.2820127010346,10.5664804649353,10.3331387615204,10.3747149864406,10.3789070626538,54.4904134691464,-0.0403903434902708,-0.496151840649492
"2023-09-26",12.4899997711182,12.6599998474121,12.3699998855591,12.4300003051758,41261000,10.4042196273804,10.3041939258576,10.5412311935425,10.3347707366943,10.3792541619698,10.3807820674483,50.5621975519349,-0.0147185970053698,-0.399865191920667
"2023-09-27",12.5200004577637,12.5200004577637,12.25,12.3900003433228,41616600,10.3707370758057,10.3184233665467,10.5139874267578,10.3361583566666,10.3779438410215,10.3800379939933,49.5365920224538,-0.0201748102756527,-0.323927115591664
"2023-09-28",12.3199996948242,12.6599998474121,12.1700000762939,12.5600004196167,49109800,10.5130310058594,10.3406045436859,10.4907487678528,10.3380266618729,10.3987264817658,10.3898893282056,53.8233534489289,0.0850553194649883,-0.242130628580334
"2023-09-29",12.6099996566772,12.6599998474121,12.3500003814697,12.4200000762939,62364900,10.3958492279053,10.3527415275574,10.4663256645203,10.3382320356369,10.3982838273257,10.3903308022574,50.0525222077746,0.0765425588426183,-0.178395991095743
"2023-10-02",12.3800001144409,12.4399995803833,12.2299995422363,12.3100004196167,51204000,10.3037767410278,10.3598562240601,10.4417171669006,10.337553935051,10.3837442755876,10.3839193903145,47.2513790452523,-0.00168640298868761,-0.143054073474332
"2023-10-03",12.1599998474121,12.2299995422363,12.0200004577637,12.0699996948242,55074700,10.1028881072998,10.3590190887452,10.4100776290894,10.3362175750732,10.3405356343125,10.3631022582393,41.7600158540522,-0.217759348161206,-0.157995128411707
"2023-10-04",12.0200004577637,12.0799999237061,11.8800001144409,11.9899997711182,45217900,10.035927772522,10.3556710720063,10.3834602546692,10.3362773370743,10.2936728863448,10.3388671111492,40.087679863491,-0.43712937131849,-0.213821976993064
"2023-10-05",11.9399995803833,12,11.6899995803833,11.8999996185303,47425000,9.96059513092041,10.35315990448,10.3538295936584,10.3394607543945,10.242430154741,10.3108469644656,38.2326636848214,-0.66354209271402,-0.303766000137255
"2023-10-06",11.8199996948242,12.1499996185303,11.6899995803833,12,57558500,10.0442981719971,10.3406045913697,10.3248685455322,10.3447166776657,10.2119483112419,10.2911026094679,41.4733229557899,-0.769152745140556,-0.396843349137915
"2023-10-09",11.8000001907349,12.1499996185303,11.7799997329712,12.0699996948242,33328000,10.1028881072998,10.3343267440796,10.3049473190308,10.3511117744446,10.1951698183278,10.2771607944925,43.6999611642731,-0.797797930812305,-0.477034265472793
"2023-10-10",12.1000003814697,12.3000001907349,12.0900001525879,12.1999998092651,40404600,10.2117023468018,10.3238639354706,10.2880393981934,10.3568585395813,10.1977132842469,10.2723120205895,47.6810528706784,-0.726211744669514,-0.526869761312137
"2023-10-11",12.289999961853,12.3900003433228,12.1499996185303,12.25,31321500,10.2535552978516,10.3075419902802,10.2684530448914,10.3646224117279,10.206304363263,10.27092263372,49.1698646336698,-0.629137933965995,-0.547323395842909
"2023-10-12",11.8800001144409,12.0699996948242,11.8400001525879,12,51644000,10.0442981719971,10.281594324112,10.2510429191589,10.371147685051,10.1813803338375,10.2541356365553,42.6369656960951,-0.709521555951731,-0.579763027864673
"2023-10-13",11.9700002670288,12,11.8000001907349,11.8100004196167,47221800,9.88526248931885,10.2481132507325,10.2294476699829,10.3774932193756,10.1358237423731,10.226811699723,38.4551886171375,-0.889700133546234,-0.641750449000985
"2023-10-16",11.9099998474121,11.960000038147,11.8199996948242,11.9300003051758,29183000,9.98570537567139,10.2309542179108,10.213376750946,10.3853025913239,10.1127286090343,10.2089519720155,42.3040245467164,-0.942539089662808,-0.70190817713335
"2023-10-17",11.8500003814697,12.1700000762939,11.8500003814697,12.039999961853,40516500,10.0777778625488,10.2091915607453,10.1983102989197,10.3913028907776,10.1073515711135,10.1992353713142,45.6587934068118,-0.900889104483171,-0.741704362603314
"2023-10-18",11.9300003051758,11.9300003051758,11.75,11.75,44840100,9.83504199981689,10.1836624145508,10.1793935775757,10.3957433223724,10.065457790914,10.1722580845367,39.1892607525165,-1.04991726256937,-0.803346942596525
"2023-10-19",11.5900001525879,11.7600002288818,11.5100002288818,11.5299997329712,49057500,9.6508960723877,10.1556221008301,10.1593049812317,10.3990706968307,10.0016790649869,10.1336386762293,35.1233548246578,-1.30219376729891,-0.903116307537002
"2023-10-20",11.5799999237061,11.7600002288818,11.539999961853,11.6400003433228,53307500,9.74296760559082,10.1225594997406,10.1505999183655,10.4015890836716,9.96187730200287,10.1047000784043,38.5559158752882,-1.41342914973425,-1.00517887597645
"2023-10-23",11.5500001907349,11.6899995803833,11.4200000762939,11.4799995422363,49073800,9.60904407501221,10.0765231132508,10.1395511436462,10.4025146961212,9.90759526708123,10.0679848188937,35.604998459118,-1.59306509393531,-1.12275611956822
"2023-10-24",11.5,11.5699996948242,11.3800001144409,11.3900003433228,47775600,9.53371238708496,10.032997751236,10.1259913444519,10.4017943143845,9.85007482400488,10.0284090832042,34.0273867504615,-1.77829063134242,-1.25386302192306
"2023-10-25",11.3500003814697,11.6400003433228,11.210000038147,11.539999961853,74213800,9.65926647186279,9.99742422103885,10.1186255264282,10.4012785863876,9.8207196929061,10.0010651860678,38.887610319967,-1.80326285057045,-1.36374298765254
"2023-10-26",11.9099998474121,11.9300003051758,11.3299999237061,11.3500003814697,84725900,9.50022983551025,9.94678416252139,10.1109248733521,10.3993907022476,9.77141356099905,9.96396627121168,35.3364781156875,-1.93249058629359,-1.47749250738075
"2023-10-27",10.9300003051758,10.9700002670288,9.89999961853027,9.96000003814697,187029600,8.33676624298096,9.84383001327518,10.0796201324463,10.3902238225937,9.55069858899626,9.84343293578718,20.5511292826246,-2.9739050258233,-1.77677501106926
"2023-10-30",10.0799999237061,10.1400003433228,9.68000030517578,9.77000045776367,106474700,8.177734375,9.73752789497378,10.0429584503174,10.3794540119171,9.33947332530453,9.72004785721035,19.3587829784337,-3.91535656507611,-2.20449132187063
"2023-10-31",9.72000026702881,9.90999984741211,9.63000011444092,9.75,82238800,8.28824329376221,9.64679565429691,10.0083395576477,10.3719677734375,9.17774562814417,9.6139882599179,22.7143316197433,-4.53758232254647,-2.6711095220058
"2023-11-01",9.84000015258789,9.93000030517578,9.76000022888184,9.90999984741211,75469700,8.42425441741943,9.56621198654178,9.97811498641968,10.3653539133072,9.06182390341729,9.52585982714024,26.7540568167785,-4.87132849048291,-3.11115331570122
"2023-11-02",10.0200004577637,10.1499996185303,9.97000026702881,10.1400003433228,66914000,8.61977195739746,9.49917082786563,9.95029405593872,10.3607177400589,8.99381591172193,9.45874220715929,32.2373237093138,-4.91530782058379,-3.47198421667773
"2023-11-03",10.2600002288818,10.6400003433228,10.25,10.5600004196167,60912400,8.97680377960205,9.44579610824588,9.93312929153442,10.3587514066696,8.99119866062656,9.42304306437727,40.9330566290056,-4.58285503738431,-3.69415838081905
"2023-11-06",10.5600004196167,10.6000003814697,10.2399997711182,10.3100004196167,48435500,8.76428604125977,9.37886600494388,9.90903570175171,10.3548762607574,8.95628902687783,9.37424624785005,37.8218334716408,-4.45856882699321,-3.84704047005388
"2023-11-07",10.25,10.289999961853,10.0500001907349,10.1700000762939,50430800,8.6452751159668,9.30054464340212,9.88272930145264,10.3488674592972,8.90844073289152,9.32024838622907,36.1641136095451,-4.4184192982025,-3.96131623568361
"2023-11-08",10.1899995803833,10.210000038147,10.0299997329712,10.0500001907349,38700600,8.5432653427124,9.21503014564517,9.85187164306641,10.3425793981552,8.85225990363319,9.26269408670932,34.7578675432798,-4.4310454305626,-4.05526207465941
"2023-11-09",10.039999961853,10.0699996948242,9.6899995803833,9.69999980926514,59356900,8.2457389831543,9.12510218620303,9.81539827346802,10.3346113777161,8.75894899279028,9.18736407903857,30.9746737697285,-4.66309033322996,-4.17682772637352
"2023-11-10",9.8100004196167,9.86999988555908,9.67000007629395,9.85999965667725,45069700,8.38174915313721,9.04992651939394,9.77997106552124,10.3268233633041,8.70091824822827,9.12768889934217,34.4852251489375,-4.67556087658354,-4.27657435641552
"2023-11-13",9.82999992370605,9.86999988555908,9.73999977111816,9.81999969482422,34458300,8.34774684906006,8.96802859306338,9.74369634628296,10.3175190591812,8.64658418681778,9.06991541413609,34.0194082206681,-4.66742199887026,-4.35474388490647
"2023-11-14",9.98999977111816,10.460000038147,9.97999954223633,10.3999996185303,67684000,8.84078979492188,8.90617918968203,9.71811952590943,10.3121416473389,8.67646197267995,9.05294314604615,45.5125720029925,-4.15866052942825,-4.31552721381082
"2023-11-15",10.4099998474121,10.5699996948242,10.3900003433228,10.4700002670288,45193700,8.90029716491699,8.85944194793704,9.69406770706177,10.3046769428253,8.71089815610103,9.04163603633288,46.7189050374492,-3.65794286457464,-4.18401034396359
"2023-11-16",10.3999996185303,10.4300003051758,10.1000003814697,10.1599998474121,45408100,8.63677406311035,8.80873584747317,9.66658681869507,10.2948175954819,8.69949444948708,9.01164626053862,42.257168457561,-3.4638711066415,-4.03998249649917
"2023-11-17",10.2600002288818,10.3199996948242,10.1899995803833,10.2700004577637,36501200,8.73028373718262,8.75810165405276,9.63528440475464,10.2833871603012,8.7042312629787,8.99080459214188,44.2902961383018,-3.1874047114053,-3.8694669394804
"2023-11-20",10.289999961853,10.4300003051758,10.2600002288818,10.3400001525879,46933100,8.78978824615479,8.71713886260989,9.60651126861572,10.2764469337463,8.71739387577503,8.97591449243913,45.6028606385848,-2.88015908442388,-3.67160536846909
"2023-11-21",10.2799997329712,10.3199996948242,10.1000003814697,10.1899995803833,47284300,8.66227531433105,8.67356700897219,9.57133760452271,10.2692153120041,8.70891409709134,8.95268196072742,43.2511879082661,-2.72284735127882,-3.48185376503104
"2023-11-22",10.2399997711182,10.3800001144409,10.1700000762939,10.2600002288818,41116300,8.72178173065186,8.62669277191165,9.53417335510254,10.2610888242722,8.71089373302373,8.93557823998108,44.6847738624062,-2.51449319700471,-3.28838165142577
"2023-11-24",10.2799997329712,10.5299997329712,10.2799997329712,10.3999996185303,22028100,8.84078979492188,8.59372076988223,9.49972412109375,10.2536727619171,8.73087774254652,8.9285568736804,47.5390774543814,-2.21400987786279,-3.07350729671318
"2023-11-27",10.3699998855591,10.4200000762939,10.3000001907349,10.3400001525879,32247600,8.78978824615479,8.61637187004092,9.46442220687866,10.2457324457169,8.73994089694779,8.91827771608591,46.4332777478128,-1.99967779447431,-2.8587413962654
"2023-11-28",10.3299999237061,10.3999996185303,10.2399997711182,10.3699998855591,38510600,8.81528854370117,8.64824957847598,9.4341502571106,10.2377560710907,8.75153284260216,8.91064888850186,47.095893372738,-1.78568416162171,-2.64412994933667
"2023-11-29",10.8800001144409,10.960000038147,10.5600004196167,10.5900001525879,77246800,9.00230598449707,8.68395271301272,9.40393575668335,10.2292427444458,8.79011332597061,8.91743830302002,51.8045219827431,-1.42782010621029,-2.40086798071139
"2023-11-30",10.6800003051758,10.6999998092651,10.1800003051758,10.2600002288818,80525700,8.72178173065186,8.69882907867434,9.37145889282227,10.2198174715042,8.77960077284464,8.90294522358534,45.2926510643155,-1.38543423151632,-2.19778123087238
"2023-12-01",10.289999961853,10.6000003814697,10.2200002670288,10.5799999237061,61619800,8.99380493164062,8.7175307273865,9.34710094451904,10.2119158792496,8.81255525881325,8.90967557233018,51.6406750192661,-1.09005443271738,-1.97623587124138
"2023-12-04",10.5200004577637,10.789999961853,10.5,10.6999998092651,54196100,9.09581470489502,8.72348127365115,9.32093284606934,10.2046061086655,8.85613363513353,8.92346365622387,53.8054089891404,-0.75452787935526,-1.73189427286415
"2023-12-05",10.6400003433228,10.6800003051758,10.539999961853,10.6000003814697,41551100,9.0108060836792,8.73580727577212,9.29055353164673,10.1969530725479,8.87992939644825,8.92993346566501,51.7273843440966,-0.559960154339578,-1.49750744915924
"2023-12-06",10.75,10.8800001144409,10.6700000762939,10.6899995803833,47223500,9.08731460571289,8.75790925025942,9.26421543121338,10.192503991127,8.91183481325819,8.94159132789077,53.4691791632752,-0.332787683326186,-1.26456349599263
"2023-12-07",10.710000038147,10.8800001144409,10.6800003051758,10.8199996948242,40523200,9.1978235244751,8.79063715934756,9.24075716018676,10.1885665607452,8.95583307652233,8.96057149060073,55.9420026435406,-0.0528807128358344,-1.02222693936127
"2023-12-08",10.8100004196167,11.0699996948242,10.789999961853,11.0100002288818,48961200,9.35933971405029,8.84631719589236,9.21768333435058,10.1860091686249,9.0179110207574,8.99010987752292,59.3428905289004,0.309241417660489,-0.755933267956918
"2023-12-11",11.0200004577637,11.1499996185303,10.9799995422363,11.0699996948242,39700900,9.41034317016602,8.8977468967438,9.1979732131958,10.1844837093353,9.0782851975895,9.02123826957055,60.3828560826784,0.632362501845996,-0.478274113996335
"2023-12-12",11.0900001525879,11.1999998092651,11.0500001907349,11.1599998474121,40206200,9.48684978485107,8.95470204353335,9.18163467407226,10.1826047611237,9.14114128793743,9.05572801144318,61.9549019948124,0.943196133831736,-0.193980064430721
"2023-12-13",11.0299997329712,11.289999961853,10.8000001907349,11.2399997711182,68066700,9.554856300354,8.99040536880496,9.17067403793335,10.1810249519348,9.20478975138613,9.09270047728843,63.3471791207372,1.23273910075099,0.0913637686056212
"2023-12-14",11.4700002670288,12.1300001144409,11.4700002670288,12.0799999237061,110777600,10.2689189910889,9.05883646011355,9.17533386230469,10.1819932126999,9.36850194210963,9.17982777460698,74.0750827235464,2.05531271539277,0.48415355796305
"2023-12-15",12.0699996948242,12.1800003051758,11.9300003051758,12.0200004577637,85298200,10.2179164886475,9.13789358139041,9.18048028945923,10.1817659950256,9.49918110311546,9.25672323490628,72.4440965284693,2.61926236807961,0.911175319986362
"2023-12-18",11.9899997711182,12.0799999237061,11.9099998474121,11.9300003051758,43424400,10.1414098739624,9.2084498882294,9.18242252349853,10.1789890813828,9.5979855293996,9.32225557854007,69.9558447190818,2.95776004569401,1.32049226512789
"2023-12-19",11.9700002670288,12.0699996948242,11.8900003433228,12.0200004577637,35722900,10.2179164886475,9.27985630035403,9.18472309112549,10.1770035982132,9.69335952313005,9.38860083114062,71.0275163582961,3.24605015668142,1.7056038434386
"2023-12-20",11.9700002670288,12.1400003433228,11.789999961853,11.8000001907349,54981100,10.0308990478516,9.34828748703006,9.18110702514648,10.1746963691711,9.74528868077952,9.43617847682291,64.9304880093656,3.27579861610123,2.01964279797113
"2023-12-21",11.9300003051758,12.3599996566772,11.8999996185303,12.3400001525879,66424600,10.4899406433105,9.43669543266299,9.18583473205566,10.1740710067749,9.8598505211689,9.51423493359977,71.4163035220778,3.63261565413506,2.34223736920391
"2023-12-22",12.3199996948242,12.460000038147,12.2799997329712,12.3500003814697,43764600,10.4984397888184,9.51957793235782,9.19491756439209,10.1756553077698,9.95809502388421,9.5871389969493,71.521321248747,3.86930894663104,2.64765168468934
"2023-12-26",12.3900003433228,12.5,12.3699998855591,12.4499998092651,26293700,10.5834474563599,9.60926089286807,9.20888126373291,10.179095788002,10.0543030904189,9.66093962357231,72.6054381110493,4.07168952683272,2.93245925311802
"2023-12-27",12.4300003051758,12.4499998092651,12.2299995422363,12.3900003433228,39891300,10.5324440002441,9.69511866569522,9.21981603622436,10.1825674819946,10.127863230392,9.72549550332577,70.8624335843277,4.13724654881253,3.17341671225692
"2023-12-28",12.3800001144409,12.4300003051758,12.2799997329712,12.3400001525879,26688500,10.4899406433105,9.76950039863589,9.2280592918396,10.1862355566025,10.1835674477641,9.78212106925057,69.3679318585793,4.10387865445112,3.35950910069576
"2023-12-29",12.3500003814697,12.3900003433228,12.1599998474121,12.1899995803833,40964700,10.3624277114868,9.85153269767764,9.238607006073,10.1901656341553,10.2110844114138,9.82510674645325,64.9427920491823,3.92848316991401,3.47330391453941
"2024-01-02",12.039999961853,12.3800001144409,11.9399995803833,12.1599998474121,47494800,10.3369255065918,9.9186887264252,9.25232759475708,10.1935184288025,10.2304445799027,9.86301924720425,64.0625928984565,3.72528252748343,3.52369963712821
"2024-01-03",12.0200004577637,12.0299997329712,11.6400003433228,11.710000038147,70120100,9.9543924331665,9.96161761283877,9.25655609130859,10.1970848226547,10.1879750188663,9.86978763134961,52.5559676693765,3.22385242116128,3.46373019393483
"2024-01-04",11.7600002288818,11.8199996948242,11.6300001144409,11.6800003051758,54920300,9.92888927459717,10.0075217723847,9.26295299530029,10.2010143756866,10.1481156735942,9.87416553084943,51.8868379406082,2.77441310750615,3.32586677664909
"2024-01-05",11.6499996185303,12.039999961853,11.6300001144409,11.8500003814697,44443800,10.0734014511108,10.0568261146546,9.27374677658081,10.2034584379196,10.1366211778275,9.88892374716508,55.3554215650397,2.50479664921495,3.16165275116226
"2024-01-08",11.8500003814697,12.0500001907349,11.789999961853,11.9700002670288,41514400,10.1754121780396,10.1057055473328,9.28406969070434,10.2073939180374,10.142589024014,9.91014511241505,57.6750114292779,2.34551471206741,2.99842514334329
"2024-01-09",11.8100004196167,11.8999996185303,11.7700004577637,11.8400001525879,49536700,10.0649003982544,10.140983581543,9.29536310195923,10.2110221815109,10.1306369277433,9.92160846692166,54.3787681633485,2.10680013748274,2.82010014217118
"2024-01-10",11.8299999237061,11.8599996566772,11.710000038147,11.8299999237061,37539200,10.0564002990723,10.1732864379883,9.32975578308105,10.2142399263382,10.1192159079477,9.93159304708097,54.1225499963142,1.88915171994395,2.63391045772574
"2024-01-11",11.75,11.7700004577637,11.5699996948242,11.710000038147,48692000,9.9543924331665,10.1966635704041,9.36528894424438,10.2169067430496,10.0938584502891,9.93328189049472,51.0159800212004,1.61655092007431,2.43043855019545
"2024-01-12",11.6499996185303,11.7700004577637,11.4099998474121,11.460000038147,55030100,9.74187183380127,10.2060143470764,9.39436151504517,10.218183836937,10.0397066631371,9.91910336777668,45.1956028638034,1.21586892371968,2.1875246249003
"2024-01-16",11.3000001907349,11.5,11.1800003051758,11.460000038147,45207700,9.74187183380127,10.1796619892121,9.4207138633728,10.217620882988,9.99388592016237,9.90597510600073,45.1956028638034,0.88745240343262,1.92751018060676
"2024-01-17",11.1700000762939,11.3100004196167,11.1099996566772,11.2700004577637,52671300,9.58035945892334,10.1477841377259,9.43992561340332,10.2152690172195,9.93026646458713,9.88185542843944,41.0660592187329,0.489898243283027,1.63998779314201
"2024-01-18",11.25,11.3100004196167,10.960000038147,10.9899997711182,71667200,9.3423376083374,10.1078305244446,9.44723628997803,10.2104594421387,9.83981587131794,9.84189114546892,35.8652026838329,-0.0210861319262845,1.30777300812835
"2024-01-19",10.9399995803833,11.2200002670288,10.8299999237061,11.1999998092651,61143300,9.52085494995117,10.0729774475098,9.46236766815185,10.2062153482437,9.79074496033844,9.81811068654168,41.8168519137015,-0.278727008453361,0.990473004812012
"2024-01-22",11.2299995422363,11.3999996185303,11.1400003433228,11.1999998092651,45479600,9.52085494995117,10.0474752426148,9.47987926483154,10.2018077039719,9.74922342027886,9.79609174309053,41.8168519137015,-0.478438994252217,0.696690604999166
"2024-01-23",11.3599996566772,11.460000038147,11.2399997711182,11.3699998855591,45465200,9.66536617279053,10.0062465190888,9.5023212814331,10.1993084096909,9.73632230528066,9.78640836751275,46.4797138786338,-0.51179207275226,0.454994069448881
"2024-01-24",11.4399995803833,11.4499998092651,11,11.0299997329712,59064600,9.37633991241455,9.95014152526858,9.52493330001831,10.1957728815079,9.68094039868587,9.75603292639437,39.6376966392304,-0.769703508332131,0.210054553892678
"2024-01-25",11.0900001525879,11.3599996566772,11.0299997329712,11.3400001525879,49356700,9.63986396789551,9.90296235084536,9.55009559631348,10.1919602823257,9.67462094779505,9.74742781835742,47.2606480600034,-0.746934185296055,0.0186568060549317
"2024-01-26",11.3999996185303,11.5,11.3000001907349,11.3900003433228,35837000,9.68236827850342,9.86045856475832,9.57678802490234,10.1877468395233,9.6758128448271,9.74260859318305,48.3926987958643,-0.685604350386004,-0.122195425233256
"2024-01-29",11.3800001144409,11.5600004196167,11.3000001907349,11.5500001907349,58249600,9.81837940216064,9.82688050270083,9.59633981704712,10.1850312566757,9.69774616133996,9.7482212456999,51.9471792017058,-0.517787636203004,-0.201313867427205
"2024-01-30",11.7700004577637,11.8699998855591,11.6199998855591,11.7799997329712,70213300,10.0138969421387,9.80945396423343,9.61861181259155,10.1841519594192,9.7463847430013,9.76790092691759,56.5771599013658,-0.220274387273933,-0.205105971396551
"2024-01-31",11.7600002288818,11.9899997711182,11.7200002670288,11.7200002670288,74558900,9.96289157867432,9.79075226783755,9.64513416290283,10.1827722787857,9.779693486951,9.78234467889957,55.0860263398054,-0.0271018046858806,-0.169505138054417
"2024-02-01",11.8199996948242,12.1400003433228,11.6199998855591,12.1000003814697,81065800,10.2859210968018,9.80732870101932,9.67624691009522,10.182353515625,9.85757465769727,9.81964663578122,61.929479021536,0.386246301143411,-0.0583548502148512
"2024-02-02",12.0299997329712,12.1899995803833,11.9399995803833,12.1400003433228,73130900,10.3199243545532,9.82688045501712,9.70684963226318,10.1819003200531,9.92870538029049,9.85670424457914,62.5758893376209,0.730478808380086,0.0994118815041363
"2024-02-05",12.0100002288818,12.0799999237061,11.539999961853,11.5900001525879,81026800,9.85238170623779,9.81582946777347,9.73065176010132,10.1811947870255,9.91696327659008,9.85638405655386,50.0037907905304,0.614619110706638,0.202453327344637
"2024-02-06",11.6400003433228,12.1000003814697,11.6199998855591,12.0699996948242,98636800,10.2604198455811,9.82007985115054,9.7614245223999,10.1839605951309,9.96980274874254,9.88631263351884,57.9449377865755,0.8445020739142,0.330863076658549
"2024-02-07",12.7299995422363,12.9799995422363,12.1999998092651,12.8000001907349,137224000,10.8809747695923,9.86088356971744,9.80222822189331,10.1900745105743,10.1099830596425,9.95999131026502,66.6267249873697,1.50594257268983,0.565878975864806
"2024-02-08",12.8699998855591,12.8999996185303,12.539999961853,12.8299999237061,68653900,10.9064769744873,9.90338740348819,9.84456199645996,10.194884800911,10.2325205850032,10.0301013594667,66.9288745842835,2.01811744749245,0.856326670190335
"2024-02-09",12.8100004196167,12.9200000762939,12.6400003433228,12.6800003051758,47649600,10.7789659500122,9.94461607933047,9.88383554458618,10.2000511455536,10.3165891026969,10.0855728106182,63.8177365755971,2.29056193849024,1.14317372385032
"2024-02-12",12.6800003051758,13.0699996948242,12.6400003433228,12.9799995422363,54036500,11.0339870452881,10.0092218399048,9.924469165802,10.2074448108673,10.4269580169417,10.15582571689,67.1106071801313,2.66972186811727,1.44848335270371
"2024-02-13",12.7700004577637,12.8999996185303,12.4799995422363,12.6800003051758,67907700,10.7789659500122,10.0610765457154,9.96561285018921,10.2132735681534,10.4811130835679,10.2019842526769,61.1202999846177,2.73602491415186,1.70599166499334
"2024-02-14",12.7200002670288,12.789999961853,12.5200004577637,12.5600004196167,52978800,10.6769561767578,10.1159063816071,9.99927587509156,10.2174744606018,10.5112427902125,10.2371673581643,58.857179218515,2.67725848820495,1.90024502963566
"2024-02-15",12.3500003814697,12.5500001907349,12.3100004196167,12.5200004577637,57811800,10.9301300048828,10.1952960014344,10.0359621810913,10.2221960067749,10.5756869770849,10.2884979245879,62.5622282080668,2.79136035796461,2.07846809530145
"2024-02-16",12.4200000762939,12.5100002288818,12.2600002288818,12.3000001907349,43228600,10.7380676269531,10.2561566352845,10.0705074119568,10.2270336532593,10.6006686155262,10.3217993840224,58.2748735819411,2.70175016126977,2.20312450849511
"2024-02-20",12.1899995803833,12.3299999237061,12.1000003814697,12.25,44591000,10.6944169998169,10.3148347377777,10.1026494598389,10.2316944551468,10.6150914438786,10.3494006888961,57.3135548280005,2.56720908745551,2.27594142428719
"2024-02-21",12.210000038147,12.3199996948242,12.0500001907349,12.1400003433228,41835800,10.5983858108521,10.3614857196808,10.1306607055664,10.2368273115158,10.6125213464899,10.3678440312632,55.1577993084869,2.3599633104908,2.29274580152791
"2024-02-22",12.1300001144409,12.2399997711182,12.0500001907349,12.1199998855591,36980500,10.5809240341187,10.421714925766,10.1550923919678,10.2400926351547,10.6076602215097,10.3836277351784,54.7545043240786,2.1575550669283,2.26570765460799
"2024-02-23",12.1000003814697,12.2600002288818,12.0900001525879,12.1400003433228,32152100,10.5983858108521,10.4696410179139,10.1788532447815,10.2433210611343,10.6062333891008,10.3995357407839,55.1079882274748,1.98756611322934,2.21007934633226
"2024-02-26",12.1300001144409,12.2700004577637,11.9499998092651,11.9499998092651,40241300,10.4325113296509,10.5071481704712,10.1977664756775,10.246382522583,10.5795069184162,10.4019783769962,51.0295676408544,1.70668054658347,2.1093995863825
"2024-02-27",12.0200004577637,12.1700000762939,11.960000038147,12,36508800,10.4761638641357,10.54003739357,10.2161926269531,10.2495380449295,10.5636079869885,10.4074735982658,52.0355979337967,1.5002141225577,1.98756249361754
"2024-02-28",11.9700002670288,12.3999996185303,11.960000038147,12.3000001907349,51447900,10.7380676269531,10.5762459278107,10.2255755996704,10.254085893631,10.5904479315984,10.4319620448352,57.656212202692,1.51923373649185,1.89389674219241
"2024-02-29",12.3699998855591,12.4700002670288,12.3199996948242,12.4399995803833,43098500,10.8602895736694,10.6211158275605,10.2384230613708,10.2600728559494,10.6319620303786,10.4636900099341,60.011233796399,1.60815181149991,1.83674775605391
"2024-03-01",12.5299997329712,12.6400003433228,12.3199996948242,12.4499998092651,48761400,10.8690185546875,10.6502707004547,10.2529752349854,10.2662276697159,10.6684322648876,10.4937143465825,60.1815627334815,1.66497688553966,1.80239358195106
"2024-03-04",12.5699996948242,13.0299997329712,12.5699996948242,12.7399997711182,81871700,11.1221933364868,10.6903841495514,10.2710607719421,10.2752629804611,10.7382416605183,10.5402683458346,64.8570817939633,1.87825687343022,1.81756624024689
"2024-03-05",12.6499996185303,12.7399997711182,12.5,12.5799999237061,47896200,10.9825096130371,10.7468905448914,10.2900929832458,10.2825648641586,10.7758213455212,10.57302695822,60.6272460425341,1.91803528074326,1.83766004834616
"2024-03-06",12.5200004577637,12.5699996948242,12.3299999237061,12.3800001144409,48834500,10.8079090118408,10.7742650032044,10.2964523506165,10.2884141302109,10.7807579095703,10.5904256288586,55.7342705959627,1.79721087123357,1.82957021292364
"2024-03-07",12.4099998474121,12.4700002670288,12.2600002288818,12.4099998474121,38971000,10.834098815918,10.7719212055207,10.3031655311584,10.2943529558182,10.7889642028546,10.6084754945667,56.3039345328928,1.70136329560588,1.80392882946009
"2024-03-08",12.4300003051758,12.5200004577637,12.1400003433228,12.1800003051758,54723800,10.6333055496216,10.7582626342774,10.3041626930237,10.2993706083298,10.7650167177418,10.6103147579041,50.8959447698892,1.45803365279515,1.7347497941271
"2024-03-11",12.1300001144409,12.2399997711182,12.0799999237061,12.1099996566772,35135400,10.5721950531006,10.7479240894318,10.3049577140808,10.3036686992645,10.7353518462586,10.6074910760668,49.3425908522818,1.20538183133849,1.62887620156938
"2024-03-12",12.1400003433228,12.1599998474121,12.0299997329712,12.1099996566772,31245200,10.5721950531006,10.7248344898224,10.3066028022766,10.3096228170395,10.7102508011573,10.6048765558471,49.3425908522818,0.993639527582757,1.50182886677206
"2024-03-13",12.1199998855591,12.4799995422363,12.1099996566772,12.3699998855591,50595300,10.7991781234741,10.7258450984955,10.3153378105164,10.3165048456192,10.7239319276676,10.6192692645602,55.228767692787,0.985591950820064,1.39858148358166
"2024-03-14",12.3400001525879,12.3699998855591,12.0100002288818,12.0799999237061,52619900,10.5460033416748,10.7192974567414,10.319519367218,10.3191815567017,10.6965582990533,10.6138421591613,48.4644324396421,0.779323252142561,1.27472983729384
"2024-03-15",12.0500001907349,12.2700004577637,12.0200004577637,12.0600004196167,88254000,10.5285444259644,10.6992181777954,10.331002407074,10.3197009515762,10.6707100108858,10.6075238085541,48.0275827743063,0.595673443417088,1.13891855851849
"2024-03-18",12.1400003433228,12.1899995803833,11.9799995422363,12.1800003051758,36599200,10.6333055496216,10.6939800739289,10.3450907325745,10.3231867837906,10.6649554783836,10.6094335671517,50.888215819537,0.52332587673507,1.01580002216181
"2024-03-19",12.1099996566772,12.3500003814697,12.1099996566772,12.3000001907349,32668700,10.7380676269531,10.6961626052857,10.3583840560913,10.3267410230637,10.6762035012405,10.6189620160259,53.6364548809689,0.539049721886187,0.920449962106682
"2024-03-20",12.2600002288818,12.9200000762939,12.2600002288818,12.8999996185303,67721500,11.2618741989136,10.7293370246888,10.3801132965088,10.3317550802231,10.7663066854979,10.6665851406842,64.3717656562036,0.934896628099735,0.923339295305292
"2024-03-21",12.9200000762939,13.0600004196167,12.789999961853,12.9200000762939,55822500,11.2793350219727,10.7642575740815,10.4044019889832,10.3360284280777,10.8452341218786,10.7119740207797,64.6654736125052,1.24402935295063,0.987477306834359
"2024-03-22",12.8699998855591,12.960000038147,12.8500003814697,12.9099998474121,33137500,11.2706060409546,10.7978685855866,10.4286861038208,10.3388505077362,10.9106759555826,10.7533541704223,64.3797447038702,1.46300198679474,1.08258224282644
"2024-03-25",12.9200000762939,13.0600004196167,12.7399997711182,12.8999996185303,39063500,11.2618741989136,10.8393367290497,10.4548357391357,10.338896484375,10.9647064545566,10.7910223206809,64.0747476606025,1.60952436863067,1.18797066798728
"2024-03-26",12.960000038147,12.960000038147,12.4300003051758,12.4399995803833,67140200,10.8602895736694,10.8585430145264,10.4772040939331,10.3369759464264,10.9486423190355,10.7961532283097,51.8975098146323,1.41243911142339,1.2328643566745
"2024-03-27",12.5299997329712,13.0699996948242,12.5200004577637,13.0600004196167,53555800,11.4015588760376,10.8917175769806,10.5103978347778,10.3370993518829,11.0183217893435,10.8409980911043,62.2978773933118,1.63567686986961,1.31342685931352
"2024-03-28",13.0699996948242,13.3000001907349,13.0500001907349,13.2799997329712,61846400,11.5936183929443,10.9283840179444,10.5506630134583,10.338017449379,11.1068289591283,10.8967477430925,65.1751285263393,1.927925845296,1.43632665651002
"2024-04-01",13.3299999237061,13.3800001144409,13.1400003433228,13.289999961853,35898300,11.6023511886597,10.965050649643,10.5958632850647,10.3375301742554,11.1830631482869,10.9490146649863,65.3047818763584,2.13762142495857,1.57658561019973
"2024-04-02",13.1599998474121,13.3699998855591,13.0900001525879,13.2799997329712,42653400,11.5936183929443,10.9886219024659,10.6373185539246,10.3367094373703,11.2462254936188,10.9967630892795,65.0439947733092,2.26850758094912,1.71497000434961
"2024-04-03",13.25,13.6800003051758,13.2299995422363,13.6499996185303,57498900,11.9166355133057,11.0353281974793,10.6852341651917,10.3364687824249,11.3493654966476,11.0649017873555,69.8414269105268,2.57086519843428,1.88614904316654
"2024-04-04",13.8999996185303,13.9499998092651,13.1700000762939,13.210000038147,67812400,11.5325088500977,11.0715581893921,10.7225770187378,10.334431681633,11.3775413971784,11.0995393475587,59.4010789377245,2.50462691211475,2.00984461695618
"2024-04-05",13.2700004577637,13.3999996185303,13.0900001525879,13.2799997329712,46937400,11.5936183929443,11.1095341682434,10.7669225883484,10.3335281515121,11.4107840119116,11.136137795365,60.4148808157671,2.4662609388769,2.10112788134033
"2024-04-08",13.3500003814697,13.539999961853,13.3500003814697,13.4099998474121,29900500,11.7071113586426,11.1632244586945,10.8082675361633,10.3340200901031,11.4563728344856,11.1784321333856,62.2978751771614,2.48640147190171,2.1781825994526
"2024-04-09",13.4700002670288,13.5900001525879,13.3400001525879,13.539999961853,35497900,11.8206052780151,11.2256449699402,10.8510322761536,10.3343757009506,11.5124085950286,11.2260005144692,64.1351511688921,2.55129224508954,2.25280452857999
"2024-04-10",13.2600002288818,13.289999961853,12.9499998092651,13.0600004196167,51395000,11.4015588760376,11.2671131610871,10.8826958656311,10.3333398771286,11.4953547921069,11.2390048375484,53.7249564977576,2.28089549087207,2.25842272103841
"2024-04-11",13.1099996566772,13.1400003433228,12.9099998474121,13.039999961853,38383100,11.3840990066528,11.296359205246,10.9100999069214,10.3318441581726,11.4782385174217,11.2497525537783,53.3364925328102,2.03103101646969,2.21294438012466
"2024-04-12",12.9200000762939,12.9200000762939,12.5,12.6099996566772,52356300,11.0087022781372,11.3194941520691,10.9310161209106,10.3272294378281,11.4060021729164,11.2318969778049,45.6874698287707,1.55009608310592,2.08037472072091
"2024-04-15",12.7399997711182,12.8199996948242,12.1800003051758,12.2299995422363,59484400,10.6769561767578,11.3269147396088,10.9388368225098,10.3193827581406,11.2938412504304,11.1907902518014,40.200717802119,0.920855420486633,1.84847086067406
"2024-04-16",12.1400003433228,12.25,11.9399995803833,12.0900001525879,56392200,10.5547342300415,11.3229861736298,10.9435330200195,10.310262556076,11.1801324780629,11.1436749909303,38.3723455396842,0.327158564497387,1.54420840143872
"2024-04-17",12.1400003433228,12.25,12.0200004577637,12.039999961853,43646600,10.5110845565796,11.3116370201111,10.9567070770264,10.3001788949966,11.0772020286039,11.0968164402377,37.712663726919,-0.176757106323022,1.20001529988638
"2024-04-18",12.0799999237061,12.1700000762939,11.9799995422363,12.0600004196167,39902100,10.5285444259644,11.2749705314637,10.962069568634,10.2897271347046,10.9927931666594,11.0547222169582,38.1705485329089,-0.560204490744964,0.847971341760107
"2024-04-19",12.0200004577637,12.2299995422363,12.0200004577637,12.1400003433228,39623800,10.5983858108521,11.2409230709076,10.9564177894592,10.2791691684723,10.9321151119198,11.0209195202096,40.0684282176215,-0.80578038998399,0.517220995411288
"2024-04-22",12.3100004196167,12.8999996185303,12.25,12.8800001144409,86462700,11.2444143295288,11.2396134853363,10.9631765365601,10.2733731794357,10.9801611453981,11.0374746912703,54.1025532455533,-0.5192632144151,0.30992415344601
"2024-04-23",13.0500001907349,13.0500001907349,12.8199996948242,12.9399995803833,62807100,11.2967958450317,11.2413595676422,10.9735331344604,10.2678390979767,11.028874176111,11.056683665623,55.0222371299658,-0.25151745634584,0.19763583148764
"2024-04-24",12.9399995803833,13.0500001907349,12.7799997329712,12.9499998092651,74510400,11.3055267333984,11.2636214256287,10.9789639282227,10.2619760560989,11.0714361080013,11.0751164854582,55.1834329203229,-0.0332310496387156,0.151462455262369
"2024-04-25",12.8500003814697,13.1800003051758,12.6300001144409,13.039999961853,86944100,11.3840990066528,11.2627484321595,10.9910665893555,10.255843462944,11.1195380924093,11.0980040796207,56.6878262278438,0.194035005159776,0.159976965241851
"2024-04-26",12.7600002288818,13.0200004577637,12.6099996566772,12.789999961853,57257800,11.1658430099487,11.2413596630097,11.0008443260193,10.2486609888077,11.1266619258769,11.103029185571,51.5148899094216,0.212849483784328,0.170551468950346
"2024-04-29",12.8100004196167,12.8400001525879,12.5500001907349,12.75,50285600,11.1309242248535,11.2177883148194,11.0048602104187,10.2414281272888,11.127317664181,11.1050954847771,50.7174782100893,0.200107954356232,0.176462766031523
"2024-04-30",12.6000003814697,12.6000003814697,12.1300001144409,12.1499996185303,75890500,10.6071147918701,11.1684631347657,11.002241153717,10.232445640564,11.0472864530562,11.0682080260432,40.5719515090093,-0.189024031150975,0.103365406595024
"2024-05-01",12.1599998474121,12.4300003051758,12.1499996185303,12.1999998092651,48749400,10.6507663726807,11.1051696777344,11.0013681411743,10.2273660564423,10.9862833637677,11.0372864220904,41.6200260889529,-0.462097805314576,-0.00972723578689642
"2024-05-02",12.3999996185303,12.5500001907349,12.3599996566772,12.4899997711182,46868600,10.9039402008057,11.0737412452698,11.0074792289734,10.2232211303711,10.9736151848504,11.0274089242175,47.4127724065705,-0.487818486978464,-0.10534548602521
"2024-05-03",12.6400003433228,12.7600002288818,12.3900003433228,12.4300003051758,47463300,10.8515596389771,11.0366383075714,11.0128919410706,10.2191041088104,10.9548374085622,11.0143830512367,46.387226634541,-0.540617140310895,-0.192399816882347
"2024-05-06",12.539999961853,12.6199998855591,12.460000038147,12.5,29780300,10.912670135498,10.9969162464142,11.0191776275635,10.2155824375153,10.9483501357831,11.006848761182,47.8056743491356,-0.531474781457753,-0.260214809797428
"2024-05-07",12.3999996185303,12.4499998092651,12.0900001525879,12.1700000762939,48102900,10.7536191940308,10.943566942215,11.0255997848511,10.2116795253754,10.9183915293597,10.9880910154671,44.5053091746356,-0.634318427189018,-0.335035533275746
"2024-05-08",12.0799999237061,12.25,12.0200004577637,12.1499996185303,38177200,10.7359466552734,10.9102863311768,11.0307954406738,10.2069349336624,10.8903230871926,10.9694136554528,44.1406653990038,-0.721009989634847,-0.412230424547566
"2024-05-09",12.1400003433228,12.2200002670288,12.0600004196167,12.1300001144409,29103800,10.7182741165161,10.8769950866699,11.0303995704651,10.2036923217773,10.8638540147808,10.9508107266426,43.754596031421,-0.794066430627505,-0.488597625763554
"2024-05-10",12.1499996185303,12.1700000762939,11.9099998474121,11.9899997711182,51447800,10.5945672988892,10.8562883377075,11.0250851249695,10.1994545173645,10.822425289259,10.9244223245868,41.0481496421726,-0.93366067602717,-0.577610235816277
"2024-05-13",12.0500001907349,12.4499998092651,12.0500001907349,12.3299999237061,60962300,10.894998550415,10.8671904563904,11.025604724884,10.196467757225,10.8335904063599,10.9222427857593,49.2570928469816,-0.811668273066823,-0.624421843266386
"2024-05-14",12.4399995803833,12.6400003433228,12.3599996566772,12.4399995803833,39980400,10.9921960830688,10.8890635490418,11.0230047798157,10.1959339904785,10.8579912796998,10.9274245114859,51.6050216663252,-0.635403444912042,-0.626618163595517
"2024-05-15",12.4899997711182,12.5600004196167,12.1800003051758,12.3100004196167,50739900,10.877326965332,10.9073756694794,11.0209011268616,10.1950351333618,10.8609660005663,10.9237135821412,48.735011828002,-0.574416210229978,-0.616177772922409
"2024-05-16",12.2700004577637,12.4799995422363,12.2600002288818,12.3800001144409,41502200,10.9391784667969,10.927907371521,11.0235265159607,10.193566660881,10.8729986876787,10.9248591291527,50.3366309425357,-0.474701237434305,-0.587882465824789
"2024-05-17",12.3699998855591,12.3800001144409,12.25,12.2799997329712,24011300,10.8508167266846,10.9405289173126,11.023860874176,10.1932467222214,10.869586078295,10.9193745067477,48.0281163085844,-0.455964106936102,-0.561498794047051
"2024-05-20",12.2700004577637,12.3299999237061,12.1400003433228,12.1499996185303,27019100,10.7359466552734,10.9151055335999,11.0259136962891,10.1921013307571,10.8490261670609,10.9057872584903,45.1304682157512,-0.520467620393417,-0.553292559316324
"2024-05-21",12.1599998474121,12.1999998092651,12.0299997329712,12.1499996185303,32851000,10.7359466552734,10.887063074112,11.0291887283325,10.1918348073959,10.8316293190936,10.8932064730668,45.1304682157512,-0.565280334358009,-0.555690114324661
"2024-05-22",12.0600004196167,12.0799999237061,11.9700002670288,12.0299997329712,35403000,10.6299133300781,10.8532824039459,11.0303430938721,10.190828871727,10.8005960900143,10.8737032772899,42.3924077895565,-0.672330165825918,-0.579018124624913
"2024-05-23",12.1000003814697,12.2200002670288,12.0100002288818,12.1099996566772,43590100,10.7006034851074,10.8191076278687,11.0283716011047,10.1904274988174,10.7852126123363,10.8608810704616,44.7969770248923,-0.696706442454875,-0.602555788190905
"2024-05-24",12.1599998474121,12.2700004577637,12.039999961853,12.1599998474121,40840400,10.7447824478149,10.798054599762,11.0323471832275,10.1908747816086,10.7789925870253,10.8522811724877,46.3054212820433,-0.675328848355161,-0.617110400223756
"2024-05-28",12.1099996566772,12.1300001144409,11.6599998474121,11.6800003051758,57460100,10.3206472396851,10.7575407505036,11.028189239502,10.1915869140625,10.7084779182037,10.812900881169,36.1051988846672,-0.965725702222409,-0.686833460623487
"2024-05-29",11.5699996948242,11.6499996185303,11.5,11.5600004196167,45759500,10.2146148681641,10.7379157543183,11.0198154258728,10.1918525743485,10.6324989874284,10.7685833987242,34.083832423976,-1.2637169278173,-0.80221015406225
"2024-05-30",11.5799999237061,11.7799997329712,11.4799995422363,11.7700004577637,42218900,10.4001731872559,10.725386095047,11.0130575370789,10.1927949285507,10.5967565566326,10.7412937534303,40.3749880824282,-1.34562186004329,-0.910892495258458
"2024-05-31",11.7700004577637,12.1499996185303,11.6599998474121,12.1300001144409,57205800,10.7182741165161,10.7161027908325,11.0021855354309,10.1962485122681,10.6154515658455,10.7395885951403,49.307111431391,-1.15588253865718,-0.959890503938203
"2024-06-03",12.25,12.3199996948242,12.0200004577637,12.1899995803833,53784100,10.7712917327881,10.7120893955231,10.9920246696472,10.2006786584854,10.6394269761443,10.7419369757068,50.6344751265601,-0.954297160691886,-0.95877183528894
"2024-06-04",12.0799999237061,12.1300001144409,11.960000038147,12.0299997329712,41533100,10.6299133300781,10.6979515552521,10.9792108154297,10.2043182086945,10.637963338288,10.7336389278825,47.0932835290487,-0.8913621022405,-0.945289888679252
"2024-06-05",12.0500001907349,12.1199998855591,11.8199996948242,12.0699996948242,45509800,10.6652574539185,10.6935334682465,10.9672784805298,10.2075904035568,10.6421624330004,10.7285736335148,48.0710419258801,-0.805430465094203,-0.917318003962242
"2024-06-06",11.9799995422363,12.1000003814697,11.960000038147,12.0699996948242,28289900,10.6652574539185,10.6899990081787,10.9633778381348,10.2108207511902,10.6457155131416,10.7238835461373,48.0710419258801,-0.728915347311831,-0.87963747263216
"2024-06-07",12,12.1599998474121,11.9499998092651,12.1499996185303,31934000,10.7359466552734,10.6908826351166,10.9500655937195,10.2148230695724,10.6595972273157,10.724777109777,50.2055929099262,-0.607750462262002,-0.825260070558129
"2024-06-10",12.1300001144409,12.5200004577637,12.1000003814697,12.3800001144409,68322800,10.9391784667969,10.708113193512,10.9369767951965,10.2194648694992,10.7026097256975,10.7406586917785,55.8273683519289,-0.354251700690622,-0.731058396584627
"2024-06-11",12.3199996948242,12.3599996566772,12.0500001907349,12.1099996566772,48201800,10.7006034851074,10.6983934402466,10.9189418411255,10.2237926769257,10.702301073299,10.7376916394325,48.854444784731,-0.329591939514262,-0.650765105170554
"2024-06-12",12.2799997329712,12.3699998855591,12.0299997329712,12.0799999237061,57116200,10.67409324646,10.6824882984162,10.9005513381958,10.227318315506,10.6979614076315,10.7329806473604,48.1349923652574,-0.326276929769587,-0.585867470090361
"2024-06-13",12.0799999237061,12.0900001525879,11.8500003814697,11.9399995803833,41422300,10.5503873825073,10.6661413192749,10.8732263755798,10.2302672767639,10.6752577114585,10.7194552203343,44.8182323304097,-0.412311147976263,-0.551156205667541
"2024-06-14",11.8000001907349,11.8299999237061,11.5500001907349,11.710000038147,49382100,10.3471565246582,10.636540222168,10.849519329071,10.2315723180771,10.6247806057969,10.6918775391731,39.9481743857758,-0.627550522631104,-0.566435069060254
"2024-06-17",11.6599998474121,11.8900003433228,11.6599998474121,11.8500003814697,31970100,10.4708623886108,10.6175425052643,10.8270642089844,10.2335795927048,10.601100880076,10.6755060465388,43.9412551505833,-0.696970861507606,-0.592542227549725
"2024-06-18",11.8100004196167,11.9399995803833,11.7700004577637,11.7799997329712,29023400,10.409008026123,10.6011955738068,10.801102142334,10.234859085083,10.571548133314,10.655765452434,42.4223139405643,-0.790345090607647,-0.632102800161309
"2024-06-20",11.710000038147,11.9700002670288,11.6499996185303,11.9399995803833,53468000,10.5503873825073,10.5919176101685,10.7756977844238,10.2368036079407,10.5682926331899,10.6479596694764,46.9373171135052,-0.748190627683609,-0.655320365665769
"2024-06-21",11.8999996185303,11.9099998474121,11.7600002288818,11.8400001525879,50178700,10.462025642395,10.5835232257843,10.756907119751,10.2385155820847,10.5519438653753,10.6341867785815,44.5841782227471,-0.773382252151866,-0.678932742962989
"2024-06-24",11.9300003051758,12.25,11.9200000762939,12.2299995422363,58436900,10.8066358566284,10.5888248443604,10.7453578567505,10.2420343208313,10.591127248645,10.6469607843628,54.223022847936,-0.524408202947202,-0.648027834959831
"2024-06-25",12.1700000762939,12.210000038147,12.0299997329712,12.0900001525879,38818900,10.6829309463501,10.5857322692871,10.7388424301147,10.2453948831558,10.6052508944458,10.6496252408063,50.8067238810795,-0.416675191446758,-0.601757306257217
"2024-06-26",12.0100002288818,12.1300001144409,11.9499998092651,12.1099996566772,41426600,10.7006034851074,10.6047300815582,10.7393153762817,10.2474208784103,10.6199205237783,10.6534014070508,51.2789881960328,-0.314274117656954,-0.544260668537164
"2024-06-27",12.0799999237061,12.3800001144409,12.0500001907349,12.2299995422363,48080200,10.8066358566284,10.6343311309815,10.7443534088135,10.250311832428,10.6486459596014,10.6647521070195,54.1246481878707,-0.151022239021237,-0.465612982633979
"2024-06-28",12.2600002288818,12.6199998855591,12.2600002288818,12.539999961853,65914700,11.0805587768555,10.6683504104614,10.755742893219,10.2536098337173,10.7150940853328,10.6955526010814,60.5371784054413,0.182706634993401,-0.335949059108503
"2024-07-01",12.5600004196167,12.8699998855591,12.5299997329712,12.7600002288818,56152700,11.2749538421631,10.6961843967438,10.770671081543,10.2570846319199,10.8012263556144,10.7384712115319,64.3460728419065,0.58439551446654,-0.151880144393494
"2024-07-02",12.8299999237061,12.9499998092651,12.7200002670288,12.8699998855591,46990400,11.3721513748169,10.7262273788452,10.7861463928223,10.2611291313171,10.8890609739532,10.7854104828864,66.1075169894044,0.961024999756321,0.0707008844364689
"2024-07-03",12.8900003433228,12.960000038147,12.8000001907349,12.8699998855591,26894300,11.3721513748169,10.7633392810822,10.788701133728,10.2652154684067,10.9633825740861,10.8288727711775,66.1075169894044,1.24214039402706,0.304988786354587
"2024-07-05",12.8699998855591,12.960000038147,12.75,12.8400001525879,31589300,11.3456430435181,10.7973585605622,10.7896780776978,10.2702992534637,11.0221918770756,10.8671520506102,65.0903906566028,1.42668314332446,0.529327657748561
"2024-07-08",12.9700002670288,13.1999998092651,12.9200000762939,12.9799995422363,44346200,11.4693479537964,10.837563085556,10.7929545021057,10.2750808382034,11.0909851196481,10.9117591545499,67.5959922279532,1.64250294164039,0.751962714526927
"2024-07-09",12.960000038147,13.0699996948242,12.8800001144409,12.8999996185303,40680900,11.3986597061157,10.8706987380982,10.793245716095,10.2803460121155,11.1383196714123,10.9478258620733,64.7366747921164,1.74001497410534,0.94957316644261
"2024-07-10",12.9499998092651,13.210000038147,12.9099998474121,13.1700000762939,36305500,11.6372356414795,10.9056015968323,10.8026735687256,10.2874736785889,11.2150759744996,10.9988932531404,69.4358144785261,1.96549522196205,1.1527575775465
"2024-07-11",13.25,13.539999961853,13.25,13.4700002670288,51443400,11.9023237228394,10.9656876087189,10.8181015586853,10.2949641990662,11.3208063973211,11.0658140286737,73.6392225790154,2.30432544760555,1.38307115155831
"2024-07-12",13.5299997329712,14.210000038147,13.5299997329712,14.0299997329712,85609700,12.3971462249756,11.0518402576447,10.8539021873474,10.304301071167,11.4863971400372,11.1644312283997,79.3485320036187,2.88385413507168,1.68322774826098
"2024-07-15",14.210000038147,14.4300003051758,14.1199998855591,14.2299995422363,65643300,12.5738697052002,11.1530143737793,10.8923642539978,10.3151493215561,11.6537006116007,11.2688340785331,80.9365531880424,3.41531812772695,2.02964582415418
"2024-07-16",14.2700004577637,14.4700002670288,14.1899995803833,14.3900003433228,52040100,12.7152490615845,11.2714190006256,10.9285904312134,10.326871881485,11.8170157577521,11.3759759291295,82.1210241773653,3.87694059279109,2.39910477788156
"2024-07-17",14.289999961853,14.6300001144409,14.2799997329712,14.4799995422363,58087100,12.7947750091553,11.3876146316529,10.9674547386169,10.3382806015015,11.9674402579679,11.4810721572796,82.7695498322647,4.23626029020299,2.76653588034585
"2024-07-18",14.5100002288818,14.8500003814697,14.4499998092651,14.5500001907349,58077000,12.8566284179688,11.5099956512451,11.0063339042664,10.3505844974518,12.1042384364296,11.5829652136269,83.277618168229,4.50034350607775,3.11329740549223
"2024-07-19",14.4899997711182,14.5,13.960000038147,13.9799995422363,75908600,12.3529663085938,11.6001245975495,11.0383208465576,10.3608304452896,12.1425042629164,11.6400023317726,66.1682028413505,4.3170260350565,3.35404313140508
"2024-07-22",14.0200004577637,14.1800003051758,13.789999961853,14.1199998855591,59116800,12.4766721725464,11.700856924057,11.0731353569031,10.3726993656158,12.1939147105518,11.7019778755336,67.9119590492592,4.20387767136963,3.52401003939799
"2024-07-23",14.0600004196167,14.0699996948242,13.5699996948242,13.8299999237061,85897700,12.2204246520996,11.7715463638306,11.1031783676147,10.3836218500137,12.1979931630976,11.7403813404644,60.9087881360342,3.89775944547872,3.59875992061414
"2024-07-24",13.7299995422363,13.8800001144409,13.5900001525879,13.6700000762939,81768700,12.0790452957153,11.8413520812989,11.1328679275513,10.3942141008377,12.1796934911926,11.7654675593719,57.3922698503601,3.5206924818791,3.58314643286713
"2024-07-25",11.8000001907349,11.9799995422363,11.1499996185303,11.1599998474121,259484000,9.86116695404053,11.7993802547455,11.1121912956238,10.3932984447479,11.8229971008615,11.6244082552733,29.0539364109059,1.70837810602678,3.20819276749906
"2024-07-26",11.210000038147,11.3599996566772,11.0500001907349,11.1899995803833,79599900,9.88767433166504,11.7534321784974,11.0901008605957,10.3922223758698,11.5252551363698,11.495761297969,29.5019710663515,0.256562724610587,2.61786675892136
"2024-07-29",11.1800003051758,11.1800003051758,10.8000001907349,11.0100002288818,91667500,9.72862339019775,11.6858354091645,11.067126789093,10.3898069810867,11.2488502523433,11.3648621936896,28.3452778591659,-1.02079496758644,1.8901344136198
"2024-07-30",11.0299997329712,11.1099996566772,10.7799997329712,10.8400001525879,69337000,9.57840919494629,11.6010081768036,11.039911403656,10.3864312505722,10.9918593204361,11.2325323419309,27.2582888413935,-2.14264258644827,1.08357901360619
"2024-07-31",10.8599996566772,11.0100002288818,10.7200002670288,10.8199996948242,75478000,9.56073474884033,11.5104373455048,11.0141097640991,10.3840134334564,10.7716863094213,11.1086954831834,27.1264761164694,-3.03374211915557,0.260114787053838
"2024-08-01",10.8599996566772,10.9200000762939,10.6099996566772,10.6899995803833,60516500,9.44586658477783,11.4141231060028,10.9883081626892,10.3818164539337,10.5677140440916,10.9855229721904,26.2384307410067,-3.80326843934975,-0.55256185822688
"2024-08-02",10.5500001907349,10.5500001907349,10,10.0299997329712,110703000,8.86267852783203,11.2899748802185,10.9508428001404,10.3762013196945,10.305400887744,10.8282752355713,22.2549554218726,-4.8287870085686,-1.40780688829522
"2024-08-05",9.5600004196167,9.89999961853027,9.48999977111816,9.71000003814697,115594200,8.57992172241211,11.1455035686493,10.9098429679871,10.3687120389938,10.039942554616,10.6617305308928,20.6203622093104,-5.83196109182444,-2.29263772900107
"2024-08-06",9.78999996185303,9.85999965667725,9.68000030517578,9.77999973297119,111817600,8.64177417755127,11.0076592922211,10.8686663818359,10.3627456998825,9.82483972737525,10.512104134349,21.9704763262106,-6.53783864952462,-3.14167791310578
"2024-08-07",9.85000038146973,9.97999954223633,9.75,9.77000045776367,69482400,8.76740837097168,10.8641679286957,10.8291189002991,10.3583282613754,9.66215798023624,10.3828674111359,24.7694026829026,-6.94133327876887,-3.9016089862384
"2024-08-08",9.80000019073486,10.25,9.80000019073486,10.1300001144409,73007600,9.09046363830566,10.723574924469,10.8045152282715,10.355065741539,9.57420500455461,10.2871337983336,31.5669475387311,-6.93029572430075,-4.50734633385087
"2024-08-09",10.0799999237061,10.1700000762939,9.97000026702881,10.1000003814697,48860800,9.06354427337646,10.5568948268891,10.7814938163757,10.3523382425308,9.49564181514259,10.1964975372257,31.313051670447,-6.87349474193851,-4.9805760154684
"2024-08-12",10.1000003814697,10.1000003814697,9.84000015258789,9.85999965667725,56118700,8.84817123413086,10.3706099033356,10.7504537773132,10.3489105367661,9.3960309565254,10.0966215147742,29.2836873674044,-6.93886125397151,-5.37223306316902
"2024-08-13",9.92000007629395,10.1499996185303,9.77000045776367,10.1400003433228,44766100,9.09943866729736,10.1898193836212,10.7180770683289,10.3461113977432,9.35040137356724,10.0227561186648,34.6082861893024,-6.70828200484191,-5.6394428515036
"2024-08-14",10.1599998474121,10.2399997711182,10.0500001907349,10.1800003051758,37026400,9.13533496856689,10.0068473815918,10.6853579330444,10.3442869234085,9.31731423433642,9.95702121865757,35.3571212242585,-6.42468234498148,-5.79649075019917
"2024-08-15",10.3699998855591,10.5,10.3699998855591,10.460000038147,41597900,9.38659954071045,9.83334593772891,10.6604916572571,10.3495360898972,9.32797351224012,9.91476776103186,40.4939032745218,-5.91838621876781,-5.8208698439129
"2024-08-16",10.3999996185303,10.5200004577637,10.3699998855591,10.5100002288818,34142600,9.43146991729736,9.68727111816409,10.6358159065247,10.3558047676086,9.34389603609508,9.87896792075523,41.3895944929346,-5.41627312642643,-5.73995050041561
"2024-08-19",10.5600004196167,10.75,10.539999961853,10.7200002670288,41066300,9.61991882324219,9.54443345069888,10.6149091339111,10.362463145256,9.38636108027156,9.85977909871723,45.1254205479832,-4.80150735331649,-5.55226187099579
"2024-08-20",10.6999998092651,10.789999961853,10.6099996566772,10.6800003051758,32468000,9.58402538299561,9.41261348724368,10.5918707084656,10.3682620000839,9.41677097299833,9.83935289755266,44.5430518306064,-4.29481419107793,-5.30077233501222
"2024-08-21",10.8400001525879,10.9700002670288,10.75,10.8500003814697,48943900,9.7365779876709,9.29549012184146,10.5678186988831,10.3738460302353,9.46597205217873,9.83173994126513,47.6361760044161,-3.72027628142625,-4.98467312429502
"2024-08-22",10.8500003814697,11.0100002288818,10.8400001525879,10.9200000762939,50885400,9.79939556121826,9.29240155220034,10.5497945404053,10.3779589891434,9.51726797664635,9.82934406126165,48.9000622083635,-3.1749431362895,-4.62272712669392
"2024-08-23",10.9799995422363,11.2799997329712,10.9399995803833,11.2700004577637,64612700,10.1134805679321,9.30369186401369,10.5385822868347,10.3847049617767,9.60899299069031,9.85039120990391,54.7774266652004,-2.45064601059591,-4.18831090347432
"2024-08-26",11.3199996948242,11.3699998855591,11.0699996948242,11.1099996566772,53070300,9.96989727020264,9.31575555801394,10.5269724845886,10.3913280725479,9.6645167259999,9.85924351066678,51.8419093846626,-1.97506821346084,-3.74566236547162
"2024-08-27",11.1199998855591,11.2200002670288,10.9899997711182,11.1400003433228,44841000,9.99681949615479,9.33667607307436,10.5199657440186,10.3985958433151,9.71564022910065,9.86943432440663,52.3574580475052,-1.55828683033693,-3.30818725844468
"2024-08-28",11.1000003814697,11.1899995803833,10.9799995422363,11.039999961853,35442200,9.90708065032959,9.35399336814883,10.5086901092529,10.406902551651,9.74509260159741,9.87222294114167,50.4198920053685,-1.28775798826878,-2.9041014044095
"2024-08-29",11.0200004577637,11.1999998092651,10.9899997711182,11.1099996566772,44989200,9.96989727020264,9.38019490242007,10.4999078941345,10.4148432922363,9.77967793522899,9.87945807662767,51.7654877940078,-1.00997585722576,-2.52527629497276
"2024-08-30",11.1499996185303,11.2299995422363,11.0600004196167,11.1899995803833,44977100,10.0416870117188,9.4391453266144,10.4897338867187,10.4233129930496,9.81998702391973,9.89147503478257,53.3245664321987,-0.72272346249127,-2.16476572847646
"2024-09-03",11.0799999237061,11.1400003433228,10.9399995803833,10.9799995422363,49613500,9.85323905944824,9.50281119346621,10.4775581550598,10.4283752393723,9.82510272169334,9.88864274031336,48.8600186538636,-0.642555508259757,-1.86032368443312
"2024-09-04",10.9899997711182,11.1599998474121,10.8500003814697,10.9499998092651,47900700,9.82631587982178,9.56203827857974,10.4579517555237,10.4330053329468,9.82528936140541,9.8840259358325,48.2386280257986,-0.594257591070757,-1.60711046576065
"2024-09-05",11.0799999237061,11.1400003433228,10.7200002670288,10.7700004577637,50551900,9.66478824615479,9.60690727233889,10.4375889015198,10.438145403862,9.80059688213609,9.86778610696748,44.5758089348451,-0.68089462117501,-1.42186729684352
"2024-09-06",10.7799997329712,10.8699998855591,10.5299997329712,10.5799999237061,47508900,9.49428653717041,9.62709841728213,10.413462562561,10.4419654178619,9.75347221367983,9.8401194721677,41.03395618994,-0.880550878807418,-1.3136040132363
"2024-09-09",10.6099996566772,10.7600002288818,10.539999961853,10.6599998474121,39223300,9.56607627868652,9.65222501754763,10.3886513710022,10.4458468580246,9.7246420698347,9.81981997635428,43.0845506213992,-0.969242885804,-1.24473178774984
"2024-09-10",10.4899997711182,10.4899997711182,10.1700000762939,10.3199996948242,63019200,9.26096630096436,9.67286477088931,10.3522595214844,10.4488403129578,9.65330733616234,9.77842340780688,37.1685042289187,-1.27951170067603,-1.25168777033508
"2024-09-11",10.3100004196167,10.460000038147,10.1300001144409,10.4499998092651,55840200,9.3776273727417,9.68677420616152,10.3143129920959,10.4521195411682,9.61089503409763,9.74873481261686,40.5309496382195,-1.41392479299817,-1.2841351748677
"2024-09-12",10.3999996185303,10.6499996185303,10.3100004196167,10.6199998855591,43779600,9.53018188476562,9.70651655197146,10.2774736022949,10.4555665016174,9.59847762650809,9.7325457068501,44.6986577413821,-1.37752325424633,-1.30281279074342
"2024-09-13",10.6800003051758,10.789999961853,10.6300001144409,10.6899995803833,35184800,9.59299850463867,9.71683650016787,10.2418905448914,10.4595825529099,9.59763468468203,9.72220887705666,46.3654635759011,-1.28133630895978,-1.29851749438669
"2024-09-16",10.7399997711182,10.9200000762939,10.710000038147,10.8000001907349,34802400,9.69170951843262,9.72984848022464,10.2088118743896,10.4639646577835,9.61210773602827,9.71994966530674,48.9684039684074,-1.10949061457986,-1.26071211842533
"2024-09-17",10.8900003433228,11.1400003433228,10.8199996948242,10.8999996185303,52068600,9.78144645690918,9.73792486190798,10.1750538444519,10.4678603601456,9.63815984693303,9.72450498320321,51.283078067888,-0.887912921216316,-1.18615227898352
"2024-09-18",10.9300003051758,11.2600002288818,10.9200000762939,10.9799995422363,55017300,9.85323905944824,9.75138554573062,10.1441454315186,10.4735176467896,9.67124895655075,9.73404084070284,53.1152873993582,-0.645075207508161,-1.07793686468845
"2024-09-19",11.2200002670288,11.3100004196167,10.8699998855591,10.9200000762939,52436400,9.79939556121826,9.75452642440798,10.1073886299133,10.4775455999374,9.69096381880729,9.7388819311114,51.5494119321882,-0.492028886303941,-0.960755269011549
"2024-09-20",10.8599996566772,10.8800001144409,10.6899995803833,10.8800001144409,68809100,9.76350116729736,9.75273170471194,10.0646121788025,10.4808840322495,9.70212341088269,9.74070557823628,50.4809880899563,-0.39609212129148,-0.847822639467536
"2024-09-23",10.8400001525879,10.9200000762939,10.710000038147,10.9099998474121,40421300,9.79042148590088,9.73657875061038,10.012477684021,10.4847821092606,9.71570773011626,9.74438823806329,51.29629312938,-0.294328461123916,-0.737123803798812
"2024-09-24",10.9700002670288,11,10.8100004196167,10.8699998855591,37746300,9.75452613830566,9.72581019401553,9.95609081268311,10.4881181669235,9.72167979291463,9.7451391936368,50.1115381546006,-0.240729252358829,-0.637844893510815
"2024-09-25",10.5900001525879,10.5900001525879,10.3199996948242,10.4200000762939,74109600,9.35070514678955,9.69350447654727,9.88879993438721,10.4888825750351,9.66460677043385,9.7159218568333,39.1551608054534,-0.528154581269713,-0.615906831062595
"2024-09-26",10.5600004196167,10.75,10.5600004196167,10.6800003051758,51408500,9.58402538299561,9.67735171318057,9.82458494186401,10.4900060033798,9.65220963390489,9.70615174766013,46.4414478471163,-0.555751807282945,-0.603875826306665
"2024-09-27",10.8400001525879,10.9899997711182,10.7600002288818,10.7799997329712,45469600,9.67376232147217,9.66254496574405,9.76092761993408,10.4913230991364,9.65552543199216,9.70375253090547,48.9724403143805,-0.496994320080912,-0.582499525061514
"2024-09-30",10.4799995422363,10.6099996566772,10.4300003051758,10.5600004196167,59662900,9.47633838653564,9.63427753448489,9.70339506149292,10.4912705421448,9.62795819422962,9.68690703872993,44.0414222030212,-0.60854144944944,-0.5877079099391
"2024-10-01",10.7200002670288,10.8199996948242,10.5799999237061,10.75,63963000,9.64684104919434,9.62395763397219,9.64679843902588,10.491730465889,9.63086324883958,9.68393918765322,48.8331241657445,-0.548082116018578,-0.579782751154995
"2024-10-02",10.7299995422363,10.7299995422363,10.4300003051758,10.4799995422363,51457400,9.40454864501953,9.60286927223208,9.59048091888427,10.4874086141586,9.59604561748265,9.66324359190257,43.1752727687043,-0.695397707621026,-0.602905742448201
"2024-10-03",10.4099998474121,10.4700002670288,10.3299999237061,10.4499998092651,44458300,9.3776273727417,9.58851122856143,9.5364525604248,10.4832071685791,9.56244281059942,9.6420868349277,42.5848908746093,-0.826004014398285,-0.647525396838218
"2024-10-04",10.5900001525879,10.6099996566772,10.4399995803833,10.5699996948242,45883000,9.48531150817871,9.58806247711184,9.52893545150757,10.4799266767502,9.55057645638085,9.6304738477611,45.7786981737814,-0.829630946963467,-0.683946506863268
"2024-10-07",10.5500001907349,10.6099996566772,10.4499998092651,10.4899997711182,38009100,9.4135217666626,9.58043475151064,9.51945240020752,10.4759047031403,9.52949111950112,9.61440332323529,44.0206362142746,-0.883177050924833,-0.723792615675581
"2024-10-08",10.5,10.5799999237061,10.3800001144409,10.4899997711182,46355700,9.4135217666626,9.58806252479556,9.51315036773681,10.4728178167343,9.51164968060289,9.59952320793361,44.0206362142746,-0.915394706875639,-0.762113033915592
"2024-10-09",10.4899997711182,10.6800003051758,10.4399995803833,10.6199998855591,40407000,9.53018188476562,9.59569025039675,9.5121858215332,10.4680190229416,9.51450078893561,9.59438681362487,47.7987986466798,-0.832632936748079,-0.77621701448209
"2024-10-10",10.5799999237061,10.6999998092651,10.539999961853,10.6800003051758,39458300,9.58402538299561,9.59838242530825,9.51265163421631,10.4634469509125,9.52519688032946,9.59361930024492,49.493131188732,-0.713207578642583,-0.763615127314188
"2024-10-11",10.6400003433228,10.8000001907349,10.6300001144409,10.7200002670288,31915700,9.61991882324219,9.59972844123843,9.51613267898559,10.4586293077469,9.53976948693142,9.59556741305954,50.6432202470774,-0.581496890451483,-0.727191479941647
"2024-10-14",10.710000038147,10.960000038147,10.6599998474121,10.9200000762939,41940200,9.79939556121826,9.60511274337771,9.53486701965332,10.4549640655518,9.57971195989863,9.61066579440463,56.0342671291987,-0.322077940989496,-0.646168772151217
"2024-10-15",10.9099998474121,11.0200004577637,10.8199996948242,10.8400001525879,53097100,9.72760486602783,9.60242066383364,9.55782068252563,10.4511523866653,9.60246471468773,9.6193279478582,53.5162612946014,-0.175305730939534,-0.551996163908881
"2024-10-16",10.8900003433228,11.1800003051758,10.8900003433228,11.0299997329712,46996400,9.89810752868652,9.60466408729556,9.58294734954834,10.4488307857513,9.6479482245337,9.63997828717881,58.3081021992217,0.0826758849185927,-0.425061754143386
"2024-10-17",11.039999961853,11.1300001144409,10.9399995803833,11.0699996948242,37617200,9.93400096893311,9.6113943576813,9.60627920150757,10.446816163063,9.69195633905669,9.66175774508654,59.2602155814318,0.312557970991389,-0.277537809116431
"2024-10-18",11.1599998474121,11.1700000762939,11.039999961853,11.1000003814697,26074900,9.96092510223389,9.62126555442812,9.62368843078613,10.4468488264084,9.73333614877625,9.68391829006042,59.9981677591004,0.510308505665114,-0.119968546160122
"2024-10-21",11.0799999237061,11.1599998474121,10.8599996566772,10.8800001144409,41008600,9.76350116729736,9.61991953849795,9.63768756866455,10.4460218858719,9.73797692085643,9.68981331800389,52.4900778584043,0.497053981040496,0.00343595928000164
"2024-10-22",10.9200000762939,11.1499996185303,10.9200000762939,11.1099996566772,51597600,9.96989727020264,9.6306880950928,9.66012208938599,10.4455043649673,9.773656974602,9.71056027742602,58.3571128767557,0.649774012758608,0.132703569975723
"2024-10-23",11.1099996566772,11.2399997711182,11.0200004577637,11.0600004196167,37335400,9.92502880096436,9.65940427780154,9.67663389205932,10.444252448082,9.79694494788852,9.72644683472516,56.7173731680949,0.724808497504603,0.251124555481499
"2024-10-24",11.2399997711182,11.25,11.0699996948242,11.2399997711182,44736400,10.0865564346313,9.68453083038332,9.69565832138061,10.4443607282639,9.84150056123356,9.75312161990339,60.9692287973016,0.906160558377622,0.382131756060724
"2024-10-25",11.2799997329712,11.3299999237061,11.0200004577637,11.0699996948242,39120700,9.93400096893311,9.69754276275637,9.70660634994507,10.4437487316132,9.85573139318734,9.76652009020189,55.4308568840227,0.913440019182921,0.488393408685163
"2024-10-28",11.1700000762939,11.3900003433228,11.1199998855591,11.3699998855591,97967000,10.2032165527344,9.73388667106631,9.72204128265381,10.444992852211,9.90919064850227,9.79886797631541,61.9923095744678,1.12587160530702,0.615889048009534
"2024-10-29",10.5299997329712,10.5500001907349,10.1800003051758,10.4099998474121,156228000,9.34173202514648,9.71863121986391,9.71647754669189,10.4429921531677,9.82188932183215,9.7650060540066,41.1270036567306,0.582521582792128,0.609215554966053
"2024-10-30",10.3999996185303,10.5299997329712,10.3299999237061,10.4700002670288,48853700,9.39557361602783,9.71818246841433,9.71270851135254,10.4412606620789,9.75630229016995,9.7376406882304,42.4311595466743,0.19164397760234,0.52570123949331
"2024-10-31",10.4300003051758,10.4799995422363,10.2399997711182,10.289999961853,72098700,9.23404407501221,9.71100330352786,9.70265783309936,10.4395290851593,9.67595487245337,9.70033723539942,39.5971819958131,-0.251355827682676,0.370289826058113
"2024-11-01",10.3299999237061,10.4099998474121,10.1999998092651,10.2200002670288,43472300,9.17122936248779,9.69529919624331,9.69009450912475,10.4386735439301,9.59830479399713,9.66114405962819,38.519751935981,-0.650432963665803,0.16614526811333
"2024-11-04",10.2299995422363,10.5699996948242,10.2299995422363,10.3599996566772,55323800,9.29686164855957,9.68946619033816,9.6737621307373,10.4375535774231,9.55192892546827,9.63416017732681,41.9234437774269,-0.853538350463223,-0.0377914556019808
"2024-11-05",10.3299999237061,10.6400003433228,10.3000001907349,10.6000003814697,49309000,9.51223278045654,9.69440174102786,9.66460884094238,10.4375104665756,9.5458218262357,9.62512851829938,47.3089033655258,-0.823954629934642,-0.195024090468513
"2024-11-06",10.9499998092651,11.2299995422363,10.8400001525879,11.1899995803833,100781800,10.0416870117188,9.71997699737551,9.66550619125366,10.4393920707703,9.62210877784848,9.65598470299712,57.6947479313498,-0.350828281015436,-0.226184928577898
"2024-11-07",11.0100002288818,11.1099996566772,10.8299999237061,10.960000038147,55407900,9.96892261505127,9.7392218589783,9.66674303054809,10.4423549842834,9.67546475280276,9.67916528907521,56.059333945758,-0.0382319772617712,-0.188594338314672
"2024-11-08",10.9300003051758,10.9700002670288,10.8599996566772,10.9700002670288,45463400,9.97801780700684,9.75712680816653,9.66690544128418,10.444045753479,9.72201137652646,9.7013025126257,56.2263590373613,0.213464778299777,-0.108182514991783
"2024-11-11",11.0699996948242,11.3199996948242,11.0200004577637,11.2299995422363,56630500,10.2145080566406,9.77788243293765,9.67036186218261,10.4467064523697,9.79778009654402,9.73931773810828,60.4373692905745,0.600271600206548,0.0335083080478835
"2024-11-12",11.1400003433228,11.3000001907349,10.9499998092651,11.1000003814697,44921400,10.096263885498,9.79631538391115,9.67522235870361,10.4480958747864,9.84370067946002,9.76575819347048,57.4609271698993,0.798120170962768,0.18643068063086
"2024-11-13",11.1199998855591,11.1700000762939,11.0200004577637,11.1000003814697,55150900,10.096263885498,9.80622320175173,9.68062131881713,10.4485077095032,9.88255655731202,9.79024009658363,57.4609271698993,0.942943787053796,0.337733301915448
"2024-11-14",11.1300001144409,11.2299995422363,11.0200004577637,11.0699996948242,56780900,10.0689744949341,9.81297187805178,9.68870504379272,10.4490381240845,9.91123624002311,9.81088708905404,56.713342145228,1.02283463318043,0.474753568168443
"2024-11-15",11.0500001907349,11.1499996185303,10.9799995422363,11.0100002288818,58895400,10.0144004821777,9.81564564704897,9.69910732269287,10.4476805210114,9.92710766189305,9.82596215521134,55.167559350059,1.02937000045393,0.585676854625541
"2024-11-18",11.0500001907349,11.2700004577637,11.0299997329712,11.210000038147,47727300,10.1963167190552,9.83728642463686,9.71171213150024,10.4470624828339,9.96852443991799,9.85339582660719,59.1631896689854,1.16841559333203,0.702224602366839
"2024-11-19",11.0600004196167,11.3199996948242,11.0100002288818,11.0500001907349,53227700,10.0507841110229,9.84133076667787,9.72750848770141,10.4480544948578,9.98117977393413,9.86801718100835,54.9443818576094,1.146761206938,0.79113192328107
"2024-11-20",11.0100002288818,11.0500001907349,10.6099996566772,10.7299995422363,68633300,9.7597188949585,9.83306527137758,9.73515031814575,10.4455509901047,9.94710886947634,9.8599950857454,47.6291853974311,0.883507374733705,0.809607013571597
"2024-11-21",10.7799997329712,10.8500003814697,10.6099996566772,10.8000001907349,53409500,9.82339096069336,9.81990699768068,9.7410144996643,10.4402630710602,9.92807534504819,9.85728366907488,49.221844895039,0.718166163721201,0.791318843601518
"2024-11-22",10.8100004196167,11.3800001144409,10.8000001907349,11.1800003051758,82556700,10.1690292358398,9.83165841102602,9.75253511428832,10.4365758323669,9.96514517440074,9.88037593327969,56.8866774594815,0.857955625307039,0.804646199942622
"2024-11-25",11.3000001907349,11.5200004577637,11.2799997329712,11.3999996185303,63469300,10.3691349029541,9.839954328537,9.76608362197875,10.4345266771317,10.027297440332,9.91658030140372,60.5951703539676,1.11648507412014,0.867013974778127
"2024-11-26",11.1599998474121,11.2299995422363,11.039999961853,11.1000003814697,47458800,10.096263885498,9.87768092155458,9.77237997055053,10.4298380613327,10.0379076626653,9.92989019652181,53.7992971771286,1.08780121437069,0.911171422696639
"2024-11-27",11.1300001144409,11.2600002288818,11.0600004196167,11.1000003814697,28474200,10.096263885498,9.91271543502809,9.77724046707152,10.4264245510101,10.0468855431011,9.94221417348301,53.7992971771286,1.05279737281481,0.939496612720272
"2024-11-29",11.1599998474121,11.2700004577637,11.1199998855591,11.1300001144409,28935200,10.1235504150391,9.95719075202943,9.78372356414794,10.4236575222015,10.0586801387838,9.95564648767235,54.3925007714691,1.03492677486157,0.958582645148531
"2024-12-02",11.2200002670288,11.25,10.960000038147,10.9799995422363,50034400,9.98711490631104,9.99798502922059,9.78819583892821,10.4189424467087,10.0476701030188,9.95797748164559,50.8750817598174,0.900711229147944,0.947008361948414
"2024-12-03",10.9899997711182,11.0100002288818,10.8199996948242,10.8199996948242,43904300,9.84158134460449,10.0252210140228,9.78921903610229,10.4144600152969,10.0159641401858,9.94935554556847,47.3571224451069,0.669476473247776,0.891501984208286
"2024-12-04",10.8500003814697,10.8699998855591,10.5900001525879,10.7399997711182,66780700,9.76881694793701,10.0380502223969,9.78950485229491,10.4098320150375,9.97794149522447,9.93598231611429,45.6571761640888,0.422295227338809,0.797660632834391
"2024-12-05",10.6400003433228,10.6899995803833,10.3900003433228,10.4399995803833,68162000,9.49594402313232,10.0107630729675,9.79240962982177,10.4043198060989,9.90378803797952,9.90338688700451,39.8763316534692,0.00405064428550261,0.638938635124613
"2024-12-06",10.5100002288818,10.6000003814697,10.4200000762939,10.5100002288818,56227000,9.55961513519287,9.99029769897462,9.79192142486571,10.3992132616043,9.85083836062773,9.87792231279624,41.7302560645635,-0.274186729869597,0.456313562125771
"2024-12-09",10.5600004196167,10.8000001907349,10.5299997329712,10.6000003814697,53230100,9.64147567749023,9.97347059249879,9.79127569198607,10.3944287109375,9.81862871706811,9.86040774721802,44.1161426396639,-0.423704893559773,0.280309870988662
"2024-12-10",10.7200002670288,10.7399997711182,10.5500001907349,10.5600004196167,45084300,9.60509300231934,9.94299983978273,9.79385078430175,10.3902916193008,9.78577706864522,9.84149554389219,43.268173702515,-0.566158618865087,0.111016173017913
"2024-12-11",10.6099996566772,10.6099996566772,10.2799997329712,10.4099998474121,60487100,9.46865749359131,9.91161952018739,9.79028711318969,10.3852540874481,9.73698944171385,9.81387791053657,40.1514312862209,-0.783466734797778,-0.0678804085452254
"2024-12-12",10.3800001144409,10.5100002288818,10.3500003814697,10.3900003433228,38432600,9.45046520233154,9.87932958602907,9.79120544433593,10.378816075325,9.69290878950119,9.78695845066953,39.7403678026165,-0.960969249459831,-0.246498176728147
"2024-12-13",10.3999996185303,10.4399995803833,10.3199996948242,10.3900003433228,40560700,9.45046520233154,9.84840412139894,9.79266220092773,10.3717669534683,9.65560977609047,9.76203302486672,39.7403678026165,-1.09017505375322,-0.415233552133161
"2024-12-16",10.0699996948242,10.1199998855591,9.88000011444092,9.98999977111816,96264400,9.08663558959961,9.80201587677004,9.78468868255614,10.3628550386429,9.56807528586111,9.71200358521731,32.1145032643911,-1.48196299654656,-0.628579441015841
"2024-12-17",9.96000003814697,10.039999961853,9.88000011444092,9.97000026702881,76208600,9.06844520568848,9.7456223011017,9.77778715133666,10.3525862979889,9.49120911968071,9.6643325941411,31.786088407647,-1.79136502985572,-0.861136558783816
"2024-12-18",9.9399995803833,10.0900001525879,9.65999984741211,9.6899995803833,84199500,8.81376361846924,9.68377127647402,9.76579198837279,10.3417425680161,9.38698673487894,9.60132748483207,27.5396877835093,-2.23240744877975,-1.135390736783
"2024-12-19",9.78999996185303,9.94999980926514,9.69999980926514,9.73999977111816,81659000,8.85924339294434,9.63874750137331,9.75237321853637,10.3319992399216,9.30579545150439,9.54635829284039,29.3546716302566,-2.51994356336297,-1.412301302099
"2024-12-20",9.69999980926514,9.96000003814697,9.68000030517578,9.88000011444092,87705500,8.98658466339111,9.5969071865082,9.74042440414428,10.3227616691589,9.25668609948696,9.50489357954785,34.3156786298141,-2.61136516662287,-1.65211407500377
"2024-12-23",9.86999988555908,9.92000007629395,9.75,9.89999961853027,50646600,9.00477504730225,9.53869447708132,9.72812152862548,10.3146190166473,9.21793055299701,9.46784776234447,35.0176816220821,-2.6396411900647,-1.84961949801596
"2024-12-24",9.89999961853027,10.0600004196167,9.89000034332275,10.0200004577637,29083100,9.11392307281494,9.47593388557436,9.71441207885741,10.3073276567459,9.20192940219976,9.44163111867562,39.2155465835006,-2.53877442851712,-1.98745048411619
"2024-12-26",10,10.1199998855591,9.97999954223633,10.0699996948242,35922700,9.15940189361572,9.42909078598025,9.70304801940917,10.3002636909485,9.19538670857145,9.42072525015266,40.927901007955,-2.39194473458995,-2.06834933421094
"2024-12-27",10.0299997329712,10.1999998092651,9.97999954223633,10.0299997329712,52899900,9.12301826477051,9.38042850494387,9.68754623413085,10.291882891655,9.18425310183284,9.3986728808651,39.9580894409484,-2.28138357138479,-2.11095618164571
"2024-12-30",9.94999980926514,9.97999954223633,9.81999969482422,9.88000011444092,47116700,8.98658466339111,9.32358021736147,9.66859790802001,10.2840857982636,9.15384257284181,9.36814782771888,36.4684159034697,-2.28759471795452,-2.14628388890747
"2024-12-31",9.90999984741211,10.0100002288818,9.84000015258789,9.89999961853027,54104200,9.00477504730225,9.27446322441103,9.64947490692138,10.2764669513702,9.13090910737418,9.34123132546579,37.2552133425752,-2.25154704731735,-2.16733652058945
"2025-01-02",9.90999984741211,9.96000003814697,9.64000034332275,9.64999961853027,67156200,8.77738189697266,9.22125325202944,9.62975252151488,10.267187333107,9.07652030577395,9.29946470113297,31.9315198793243,-2.3973895543886,-2.21334712734928
"2025-01-03",9.6899995803833,9.94999980926514,9.52999973297119,9.88000011444092,77245900,8.98658466339111,9.18214163780215,9.61008626937865,10.2584299182892,9.06268405309967,9.27628840204098,40.373426896292,-2.30269197855375,-2.23121609759017
"2025-01-06",10.0600004196167,10.1899995803833,9.89999961853027,9.92000007629395,63840800,9.02296543121338,9.1584927082062,9.59204500198363,10.2472353744507,9.05657349588639,9.25752373753523,41.7269064693384,-2.17066947216208,-2.21910677250455
"2025-01-07",9.94999980926514,10.0100002288818,9.72000026702881,9.76000022888184,62404000,8.8774356842041,9.12438373565676,9.56786258697509,10.2352258777618,9.02901383255066,9.22936906691811,38.0100569930756,-2.17084432223659,-2.20945428245096
"2025-01-08",9.73999977111816,9.75,9.57999992370605,9.73999977111816,61678800,8.85924339294434,9.08527212142947,9.54636743545531,10.2231690645218,9.00289530338045,9.20195235032746,37.559654604985,-2.16320449583639,-2.20020432512805
"2025-01-10",9.67000007629395,9.84000015258789,9.59000015258789,9.64999961853027,73373400,8.77738189697266,9.04388656616213,9.51785074234008,10.2107466030121,8.96820093316387,9.17050268711599,35.5200202068794,-2.20600506705424,-2.20136447351329
"2025-01-13",9.65999984741211,9.72000026702881,9.56999969482422,9.71000003814697,66023000,8.831955909729,9.01205148696902,9.50765522003173,10.2006049346924,8.94724016032773,9.14542514805029,37.9395799126566,-2.16703963472716,-2.19449950575606
"2025-01-14",9.77999973297119,9.81999969482422,9.68000030517578,9.77999973297119,45419900,8.89562511444092,8.98430948257449,9.49765624999999,10.1880752658844,8.93929938403745,9.126921441857,40.7337148601171,-2.05569927400816,-2.16673945940648
"2025-01-15",9.97000026702881,10.0600004196167,9.89000034332275,9.94999980926514,68674400,9.05025291442871,8.96429886817934,9.49398042678832,10.1753584384918,8.9563691579438,9.12124229167713,46.9773424699104,-1.80757322808726,-2.09490621314264
"2025-01-16",9.90999984741211,10.0600004196167,9.89000034332275,10.0100002288818,45770000,9.10482883453369,8.96520853042605,9.49265241622924,10.1628708267212,8.9792091081884,9.12002648003687,49.0187871794465,-1.54404564676116,-1.98473409986634
"2025-01-17",10.0799999237061,10.210000038147,10.039999961853,10.1800003051758,60802700,9.25945663452148,8.9747591018677,9.49190431594848,10.1512000179291,9.02232411223964,9.13035463962833,54.3782279433288,-1.18320187607829,-1.82442765510873
"2025-01-21",10.3000001907349,10.4499998092651,10.2399997711182,10.4300003051758,65670800,9.48684787750244,9.00841331481936,9.4913966178894,10.1390510797501,9.09378930689546,9.15676154613752,60.8895987230454,-0.687712996835932,-1.59708472345417
"2025-01-22",10.25,10.25,10.0200004577637,10.0299997329712,64949200,9.12301826477051,9.02160205841067,9.47302324295043,10.1270036268234,9.09828606964547,9.15426204381404,48.8708521077703,-0.6114744574785,-1.39996267025904
"2025-01-23",10.0500001907349,10.1700000762939,9.97000026702881,10.1599998474121,56241100,9.24126434326172,9.0343360424042,9.45847007751464,10.115241856575,9.12028272712489,9.16070665858794,52.1748929282034,-0.441275252768347,-1.2082251867609
"2025-01-24",10.1599998474121,10.3100004196167,10.0900001525879,10.1199998855591,42909100,9.2048807144165,9.04434132575991,9.44300733566283,10.1027307033539,9.13329780209283,9.16397881087154,51.0810853816834,-0.334800084241893,-1.0335401662571
"2025-01-27",10.1099996566772,10.4200000762939,10.1000003814697,10.3800001144409,73082600,9.44137096405029,9.06071372032168,9.42754459381103,10.0908345317841,9.18069367316321,9.18452637777367,57.3411699435262,-0.0417300190865943,-0.835178136822997
"2025-01-28",10.2299995422363,10.2299995422363,9.92000007629395,10.0799999237061,92177600,9.16849899291992,9.06116857528689,9.40898929595946,10.0796692323685,9.17881756851039,9.1833391640808,49.4741210985294,-0.0492369440963869,-0.677989898277675
"2025-01-29",10.1000003814697,10.289999961853,10.0299997329712,10.210000038147,69986900,9.28674221038818,9.06935477256777,9.39279886245727,10.0691824483871,9.19542135956852,9.19099864899245,52.5143723346103,0.0481200220451505,-0.53276791421311
"2025-01-30",10.2600002288818,10.3900003433228,10.0600004196167,10.1599998474121,69663100,9.24126434326172,9.0820887565613,9.37624465942382,10.0603452587128,9.20247412629055,9.19472203375314,51.2373720992659,0.0843102435174492,-0.409352282666998
"2025-01-31",10.1700000762939,10.3500003814697,9.98999977111816,10.0799999237061,103652400,9.16849899291992,9.09027495384219,9.35932662963867,10.0528029727936,9.19724718269507,9.19277958628401,49.1768251916921,0.0485989723687297,-0.317762031659853
"2025-02-03",9.72000026702881,10.0600004196167,9.60000038146973,9.89000034332275,131430300,8.99567794799805,9.10118975639346,9.33531385421752,10.0450076913834,9.16623653120322,9.1781794649295,44.5902142501119,-0.13012312269457,-0.280234249866796
"2025-02-04",9.9399995803833,10.1599998474121,9.89999961853027,10.1599998474121,68716500,9.24126434326172,9.11392374038699,9.3191234588623,10.0386585903168,9.17777927151991,9.18285241888003,51.5111617557816,-0.0552458770837871,-0.235236575310194
"2025-02-05",10.1599998474121,10.3199996948242,9.96000003814697,10.0100002288818,124187800,9.10482883453369,9.118016910553,9.3060256576538,10.0315400123596,9.16655612736819,9.17707289411364,47.929460046743,-0.114598269696609,-0.211108914187477
"2025-02-06",9.48999977111816,9.64000034332275,9.26000022888184,9.26000022888184,222758300,8.42264842987061,9.09527754783633,9.27801080703735,10.0206613254547,9.05210878929164,9.121189600466,34.8728152933854,-0.757366244977942,-0.32036038034557
"2025-02-07",9.32999992370605,9.35000038146973,9.18000030517578,9.23999977111816,140852700,8.40445613861084,9.07253818511965,9.24271934509277,10.0064615345001,8.95246991995613,9.06809823292118,34.6021052194696,-1.27511094382797,-0.511310493042051
"2025-02-10",9.25,9.30000019073486,9.11999988555908,9.23999977111816,72168000,8.40445613861084,9.05389189720156,9.20342576980591,9.99199983596802,8.86816010744147,9.01893955926856,34.6021052194696,-1.67180909502976,-0.743410213439593
"2025-02-11",9.21000003814697,9.26000022888184,9.17000007629395,9.21000003814697,54844600,8.37716865539551,9.03115253448489,9.16904386520386,9.977358045578,8.79262296097286,8.97140097379648,34.1410638406203,-1.99275468063228,-0.993279106878131
"2025-02-12",9.17000007629395,9.28999996185303,9.10000038146973,9.22999954223633,67339600,8.39536094665527,9.0061393260956,9.135025806427,9.96241435527802,8.73150572800092,8.92873134215639,34.7651231016167,-2.2088873166592,-1.23640074883435
"2025-02-13",9.28999996185303,9.40999984741211,9.23999977111816,9.35000038146973,72059800,8.50450992584229,8.97885217666628,9.10264499664306,9.94910768985748,8.69658329689959,8.89730753354053,38.5286974375052,-2.25601099978009,-1.44032279902349
"2025-02-14",9.43000030517578,9.51000022888184,9.39000034332275,9.47999954223633,53778300,8.62275409698486,8.95474843978884,9.07535778045654,9.93656683921814,8.68522495845117,8.87697024194381,42.4052718956268,-2.16003071167956,-1.58426438155471
"2025-02-18",9.31999969482422,9.35000038146973,9.22999954223633,9.28999996185303,62175800,8.72607707977295,8.92807946205142,9.05304769515991,9.92716165065765,8.69150990019298,8.8657929706719,45.6317094878354,-1.96579224278575,-1.66056995380092
"2025-02-19",9.27000045776367,9.39000034332275,9.21000003814697,9.34000015258789,50191700,8.77304172515869,8.89238915443423,9.03313219070434,9.91777302742004,8.70405325788002,8.85892250804129,47.0828054839464,-1.74817253476028,-1.67809046999279
"2025-02-20",9.32999992370605,9.39999961853027,9.27999973297119,9.39000034332275,39787800,8.82000732421875,8.87723860740664,9.01961345672607,9.90735336303711,8.72189234500905,8.85603990183221,48.5613471056755,-1.51475781850765,-1.64542393969576
"2025-02-21",9.38000011444092,9.40999984741211,9.22999954223633,9.27999973297119,58437700,8.71668338775635,8.85100955963137,9.00275482177734,9.89667898178101,8.72109096697018,8.84571719708585,45.5462902021066,-1.40888779664735,-1.59811671108608
"2025-02-24",9.3100004196167,9.39999961853027,9.21000003814697,9.35000038146973,72562600,8.78243541717529,8.82988729476931,8.98557401657104,9.88602780818939,8.73052857469404,8.84102965783322,47.7687215039401,-1.24986667182228,-1.52846670323332
"2025-02-25",9.36999988555908,9.48999977111816,9.3100004196167,9.42000007629395,88876800,8.84818553924561,8.80022802352908,8.97043586730957,9.87650063991547,8.74862964616351,8.84155972312303,49.9677118510326,-1.05105976625908,-1.43298531583847
"2025-02-26",9.46000003814697,9.61999988555908,9.4399995803833,9.47000026702881,87948100,8.89515113830566,8.78656063079836,8.95896574020385,9.86729666233063,8.77117141418538,8.845529457581,51.5372389064597,-0.840628520341313,-1.31451395673904
"2025-02-27",9.4399995803833,9.52999973297119,9.28999996185303,9.28999996185303,70518800,8.72607707977295,8.7585273742676,8.94447797775268,9.85733567714691,8.76423382427578,8.83668113329892,45.9489846761371,-0.819847496252224,-1.21558066464168
"2025-02-28",9.31999969482422,9.6899995803833,9.3100004196167,9.55000019073486,137992600,8.97029495239258,8.74497890472415,8.9348745727539,9.84921431541443,8.79593553629375,8.84657845323178,53.7500117328487,-0.572457670564552,-1.08695606582625
"2025-03-03",9.71000003814697,9.81999969482422,9.31999969482422,9.39000034332275,154435900,8.82000732421875,8.72755432128909,8.92954200744629,9.83883935928345,8.79963888828221,8.84461022145304,49.057712580054,-0.508460317016002,-0.971256916064202
"2025-03-04",9.22999954223633,9.27000045776367,9.0600004196167,9.11999988555908,167500000,8.56639671325684,8.70609025955203,8.91950103759765,9.82671036243439,8.76375547673985,8.82400181343851,42.3404613975869,-0.68275526198226,-0.913556585247813
"2025-03-05",9.26000022888184,9.67000007629395,9.19999980926514,9.64999961853027,157774900,9.06422328948975,8.69723820686343,8.92451023101806,9.81764484405518,8.80998129408598,8.84179599684971,55.283758671734,-0.359821723720621,-0.802809612942375
"2025-03-06",9.52000045776367,9.72000026702881,9.42000007629395,9.60999965667725,136680700,9.02665233612061,8.69332938194277,8.92785840988159,9.80808221340179,8.84331530055285,8.85548905901793,54.2932048840934,-0.137471328618255,-0.669741956077551
"2025-03-07",9.53999996185303,9.96000003814697,9.51000022888184,9.89999961853027,150644900,9.29904747009277,8.73714933395388,8.93410766601562,9.80032336711884,8.91342794202053,8.88834523761606,59.9027415753293,0.282197683977414,-0.479354028066558
"2025-03-10",9.77000045776367,10.1400003433228,9.77000045776367,9.96000003814697,167183800,9.35540771484375,8.78469691276553,8.94112031936645,9.79342067241669,8.98142483014718,8.92294245815145,60.9700798754274,0.65541576974204,-0.252400068504838
"2025-03-11",9.92000007629395,9.96000003814697,9.48999977111816,9.6899995803833,210127000,9.1017951965332,8.81956386566165,8.94087776184082,9.78524991512299,8.99994334805272,8.93619080914269,54.0038949728563,0.713419624442291,-0.0592361299154125
"2025-03-12",9.69999980926514,9.71000003814697,9.46000003814697,9.59000015258789,129994600,9.00786685943604,8.85109877586367,8.93784706115722,9.77713968276977,9.001162349804,8.94150014620145,51.6501445785106,0.667250490712035,0.086061194210077
"2025-03-13",9.56999969482422,9.94999980926514,9.5,9.52999973297119,137747600,8.95150852203369,8.87890615463259,8.93441686630249,9.76839420795441,8.9935232993778,8.94224150737421,50.2353576367874,0.57347804754877,0.183544564877816
"2025-03-14",9.65999984741211,9.78999996185303,9.64000034332275,9.72999954223633,91313800,9.13936710357666,8.91064901351931,8.9374725151062,9.76036713123321,9.01596080771608,8.95684340338921,54.6905442145015,0.660024984968555,0.278840648895963
"2025-03-17",9.73999977111816,9.97999954223633,9.73999977111816,9.92000007629395,98583100,9.31783485412598,8.94540305137637,8.94373371124267,9.75535306930542,9.06240296870222,8.98358351085119,58.4923229120949,0.877372128347487,0.398546944786268
"2025-03-18",9.94999980926514,10.039999961853,9.88000011444092,9.94999980926514,102730900,9.34601306915283,8.97639985084536,8.95510633468628,9.75101006031036,9.10603529184847,9.01043014479946,59.0761879641572,1.061049755812,0.531047506991415
"2025-03-19",9.96000003814697,10.2799997329712,9.94999980926514,10.1700000762939,124697400,9.55265998840332,9.01538076400759,8.96642784118652,9.7467724943161,9.17474678362614,9.05059531839975,63.1679475738686,1.37174915968226,0.699187837529583
"2025-03-20",10.0699996948242,10.1499996185303,9.98999977111816,10.0100002288818,109103700,9.40237236022949,9.04449901580813,8.97401597976684,9.74019298553467,9.20976610310358,9.0766528770538,58.5805492861605,1.4665452987223,0.852659329768127
"2025-03-21",9.90999984741211,10.1199998855591,9.82999992370605,10,240638600,9.39297771453857,9.07831373214724,8.98432682037353,9.73330141544342,9.23795250486281,9.10008434649712,58.2955479282529,1.5150206648223,0.985131596778961
"2025-03-24",10.039999961853,10.25,10.0100002288818,10.25,102847200,9.62780475616455,9.1205821990967,8.99969804763794,9.72829087257385,9.29792977429384,9.13917474721322,63.1248037734154,1.73708273965361,1.13552182535389
"2025-03-25",10.3000001907349,10.3500003814697,10.1700000762939,10.289999961853,83674900,9.66537475585938,9.16144165992739,9.01745790481567,9.72329145908356,9.35445977145777,9.17815252563146,63.8461277718283,1.92094482341572,1.29260642496626
"2025-03-26",10.2700004577637,10.3500003814697,10.0900001525879,10.3000001907349,139742100,9.67476844787598,9.20042252540591,9.03431415557861,9.71833901405335,9.40373802936827,9.21493889024216,64.035557954222,2.04883766864723,1.44385267370245
"2025-03-27",10.2600002288818,10.3999996185303,9.81999969482422,9.89999961853027,229032500,9.29904747009277,9.2290710449219,9.04238260269165,9.71115451812744,9.38763178947973,9.22116915541628,52.244589226956,1.80522264864507,1.51612666869097
"2025-03-28",9.84000015258789,9.89000034332275,9.61999988555908,9.72000026702881,136868300,9.12997531890869,9.23705506324771,9.04397705078125,9.702108502388,9.3479923324688,9.21441405641572,47.9646202792952,1.44966652502525,1.50283463995783
"2025-03-31",9.56999969482422,10.1099996566772,9.55000019073486,10.0299997329712,139951900,9.42115783691406,9.26711258888247,9.05030363082886,9.69571127414703,9.35924856392192,9.22972841052671,54.8281165270419,1.40329322418078,1.48292635680242
"2025-04-01",10.1000003814697,10.1700000762939,9.8100004196167,9.9399995803833,135388700,9.33661937713623,9.30562372207644,9.05184688568115,9.68902390480041,9.35576715057027,9.23764625990519,52.6565516706524,1.27869034320758,1.44207915408345
"2025-04-02",9.84000015258789,10.2700004577637,9.81999969482422,10.1499996185303,136908500,9.53387260437012,9.32910618782046,9.0527873802185,9.68394133090973,9.3831679896164,9.25958895208778,56.9418343129814,1.33460608422324,1.42058454011141
"2025-04-03",9.98999977111816,10.1999998092651,9.52999973297119,9.53999996185303,220271000,8.96090126037598,9.32581863403323,9.04954504013061,9.67701005458832,9.31820387742557,9.2374639378869,44.3766792353157,0.874048765782098,1.31127738524555
"2025-04-04",9.31999969482422,9.72999954223633,9.19999980926514,9.57999992370605,177466200,8.99847316741943,9.31078991889956,9.04468921661377,9.66964810848236,9.26901453742462,9.21976091785228,45.23015836416,0.534217969546025,1.15586550210564
"2025-04-07",9.27000045776367,9.64000034332275,9,9.23999977111816,274938500,8.67911148071289,9.27697510719302,9.03417383193969,9.66099862575531,9.17826022100743,9.17971281139751,39.6597141492387,-0.0158239197665111,0.921527617731212
"2025-04-08",9.52000045776367,9.52000045776367,8.55000019073486,8.6899995803833,199286800,8.16249752044678,9.2300102233887,9.00859636306762,9.64905917644501,9.0219890363058,9.10436353058634,32.6538179825351,-0.904780372662028,0.556266019652564
"2025-04-09",8.5,9.53999996185303,8.4399995803833,9.5,199663000,8.92332935333252,9.22578334808352,9.00369297027588,9.6413656949997,9.00681062354068,9.0909535915305,47.3927744337414,-0.925568117168873,0.259899192288277
"2025-04-10",9.10000038146973,9.27999973297119,8.88000011444092,9.14000034332275,163535400,8.58518314361572,9.20746707916262,8.98966178894043,9.63025843143463,8.94194485739838,9.05348911390718,42.8990919040064,-1.23205821651086,-0.03849228947155
"2025-04-11",9.10999965667725,9.35000038146973,9.03999996185303,9.32999992370605,146073700,8.76364898681641,9.18868117332461,8.98010948181152,9.62066202163696,8.91451472346269,9.03201947486342,45.8190214062366,-1.300979827687,-0.29098979711464
"2025-04-14",9.38000011444092,9.8100004196167,9.19999980926514,9.71000003814697,189955000,9.12058258056641,9.17881855964663,8.97915115356445,9.61276191711426,8.94621747070942,9.0385797049155,51.1944774834469,-1.02186667841023,-0.437165173373758
"2025-04-15",9.61999988555908,9.63000011444092,9.38000011444092,9.44999980926514,125469000,8.87636375427246,9.15533609390261,8.97676486968994,9.60311055660248,8.93547074510373,9.02656370857157,47.7068835134977,-1.00916546327965,-0.551565231354936
"2025-04-16",9.47000026702881,9.61999988555908,9.28999996185303,9.39999961853027,133804900,8.82940006256104,9.1191730976105,8.96852758407593,9.59185476303101,8.9191521785587,9.01195899405227,47.0431903526753,-1.02981843964026,-0.647215873012002
"2025-04-17",9.40999984741211,9.6899995803833,9.39999961853027,9.63000011444092,129204600,9.04543781280518,9.10132637023928,8.96733976364136,9.58070718288422,8.93858073767354,9.01443890655248,50.4575986244458,-0.841518475695713,-0.686076393548744
"2025-04-21",9.57999992370605,9.63000011444092,9.35000038146973,9.47000026702881,94138900,8.89515113830566,9.07643504142764,8.97678981781006,9.56832218170166,8.93189926084772,9.00560277557124,48.1326726693125,-0.818418450827652,-0.712544805004525
"2025-04-22",9.55000019073486,9.72000026702881,9.52999973297119,9.64999961853027,121387100,9.06422328948975,9.0482559680939,8.98998516082763,9.55678254127502,8.95225680371572,9.0099450358615,50.875012599734,-0.64027285312136,-0.698090414627892
"2025-04-23",9.84000015258789,10.0100002288818,9.71000003814697,9.77999973297119,158691500,9.18633270263672,9.02430386543276,9.00562269210815,9.54598598957062,8.9882684804728,9.02301078895596,52.8154042842878,-0.385041194073321,-0.635480570516978
"2025-04-24",9.86999988555908,10.0900001525879,9.81999969482422,10.0600004196167,87031000,9.44933700561523,9.01303229331973,9.02706605911255,9.53588593482971,9.05920209972548,9.0545905087085,56.7755805371445,0.0509309726657081,-0.498198261880441
"2025-04-25",10.0500001907349,10.1000003814697,9.97000026702881,10.039999961853,88682400,9.43055057525635,9.0196074485779,9.04776985168457,9.52604538917542,9.11633263442254,9.08243940252686,56.4113745712692,0.373173223553258,-0.323923964793701
"2025-04-28",10.0600004196167,10.1800003051758,9.97000026702881,10.0200004577637,77051500,9.41176509857178,9.03369693756106,9.06591495513916,9.51491803646088,9.16178378275319,9.10683389853018,56.0243620395595,0.603391747727766,-0.138460822289408
"2025-04-29",10.0699996948242,10.1899995803833,9.93000030517578,10.1499996185303,141980300,9.53387260437012,9.03933267593386,9.08413732528686,9.50307578086853,9.2190282168481,9.13846639525907,58.039495749562,0.881568286237044,0.0655449994158828
"2025-04-30",10.1099996566772,10.1300001144409,9.85999965667725,10.0100002288818,136406200,9.40237236022949,9.04262032508852,9.09766323089599,9.4881019115448,9.24723500813755,9.15801498525688,55.1106523350625,0.974228836972868,0.24728176692728
"2025-05-01",10.1400003433228,10.3199996948242,10.0200004577637,10.1800003051758,126532500,9.56205272674561,9.0440293312073,9.11344345092773,9.47304282665253,9.29566850330802,9.18794370684864,57.8895469776168,1.17245816796945,0.432317047135713
"2025-05-02",10.3000001907349,10.3900003433228,10.2200002670288,10.2799997329712,82228700,9.65598201751709,9.07878336906436,9.1301629447937,9.45774649143219,9.35110135164787,9.2226132113426,59.478631849845,1.39318582879799,0.62449080346817
"2025-05-05",10.2299995422363,10.2399997711182,10.1000003814697,10.1700000762939,105766300,9.55265998840332,9.10649271011355,9.14688247680664,9.44153591632843,9.38211037268717,9.2470611207545,56.9335485577695,1.46045592398605,0.791683827571745
"2025-05-06",10.0900001525879,10.6199998855591,10.0600004196167,10.4399995803833,131814000,9.80626964569092,9.16285061836245,9.16735916137695,9.42628412246704,9.44736564545698,9.2884839744535,61.309775390488,1.71052317515392,0.975451697088181
"2025-05-07",10.460000038147,10.5100002288818,10.1199998855591,10.2799997329712,116885100,9.65598201751709,9.23752484321597,9.18351509094238,9.41279920101166,9.47946047192777,9.31570605171746,57.5760309742132,1.7578315513735,1.13192766794524
"2025-05-08",10.3400001525879,10.460000038147,10.2600002288818,10.2799997329712,107173400,9.65598201751709,9.2741574764252,9.19873170852661,9.39869575023651,9.50661763278766,9.34091167881373,57.5760309742132,1.77398052429687,1.26033823921557
"2025-05-09",10.3599996566772,10.4899997711182,10.3500003814697,10.4300003051758,76350700,9.79687690734863,9.33474216461184,9.22014770507812,9.38657801151276,9.55127290579704,9.37468688092743,60.2106799274757,1.88364717790066,1.38500002695259
"2025-05-12",10.5600004196167,10.7299995422363,10.4799995422363,10.5500001907349,102035800,10.0541877746582,9.39926910400393,9.24182556152343,9.37645372390747,9.62864442408337,9.42502028046304,64.5415821928851,2.16046371849641,1.54009276526135
"2025-05-13",10.6000003814697,10.6300001144409,10.4200000762939,10.6000003814697,83671000,10.1018390655518,9.4483319282532,9.2674621963501,9.37765708446503,9.7014435996939,9.47515500528443,65.2949478043431,2.38823105567421,1.70972042334392
"2025-05-14",10.5699996948242,10.6999998092651,10.4799995422363,10.6499996185303,84453100,10.1494884490967,9.51198816299441,9.29912403106689,9.37896615505218,9.7703735765251,9.52510563075201,66.0712338948383,2.57496300073823,1.88276893882278
"2025-05-15",10.5900001525879,10.7799997329712,10.5500001907349,10.75,71096500,10.2447881698608,9.5827575683594,9.32273532867431,9.3815469789505,9.84336043703829,9.57841544846377,67.6307188266035,2.76606282114245,2.05942771528672
"2025-05-16",10.7700004577637,10.8100004196167,10.6400003433228,10.8000001907349,64913000,10.2924394607544,9.64510765075686,9.34805107116699,9.38511713027954,9.91244951761,9.63130611604085,68.4125191297419,2.91905789497131,2.23135375122364
"2025-05-19",10.6899995803833,10.789999961853,10.6300001144409,10.75,60195700,10.2447881698608,9.71258950233462,9.36696588516235,9.38853739738464,9.9635785410332,9.67674923113863,66.6781909868205,2.96410812188446,2.3779046253558
"2025-05-20",10.789999961853,10.8400001525879,10.6599998474121,10.7200002670288,61063800,10.2161979675293,9.7701882362366,9.38418169021606,9.3923890542984,10.0024430681864,9.71670839679719,65.6035819627078,2.94065294254826,2.49045428879429
"2025-05-21",10.6599998474121,10.6899995803833,10.4499998092651,10.4799995422363,89090500,9.98747730255127,9.81024546623232,9.40189533233642,9.398013048172,10.0001406427041,9.73676535277898,57.6052148311582,2.70495673237068,2.53335477750957
"2025-05-22",10.4799995422363,10.5,10.3400001525879,10.4399995803833,94081100,9.94935703277588,9.83524646759036,9.42072513580322,9.40486022472382,9.99232777963823,9.7525128846306,56.3716283369106,2.45900618481174,2.51848505897
"2025-05-23",10.3000001907349,10.4099998474121,10.289999961853,10.3599996566772,80519000,9.8731164932251,9.85737476348879,9.43915729522705,9.41101693630218,9.97398758172852,9.76144648526723,53.8862065783587,2.17735247314084,2.45025854180417
"2025-05-27",10.4499998092651,10.4899997711182,10.210000038147,10.3100004196167,89066800,9.82546710968018,9.87805986404421,9.45287929534912,9.41630722999573,9.95113827833646,9.76618875374226,52.3332016648371,1.89377380734455,2.33896159491225
"2025-05-28",10.3199996948242,10.3400001525879,10.1499996185303,10.1700000762939,102335600,9.69204616546631,9.88596854209902,9.46036352157592,9.41931514263153,9.91127795327952,9.76069671016627,48.1488112894995,1.54273047902831,2.17971537173546
"2025-05-29",10.210000038147,10.2799997329712,10.1099996566772,10.2200002670288,101642200,9.73969745635986,9.90283479690554,9.46823720932007,9.42269590854645,9.88488095375342,9.75914120988431,49.6958253510185,1.28843041785021,2.00145838095841
"2025-05-30",10.1800003051758,10.460000038147,10.1199998855591,10.3800001144409,152191600,9.89217662811279,9.9193409919739,9.47502754211425,9.42791593551636,9.88600336519332,9.76899568530864,54.385659468659,1.1977452304605,1.84071575085883
"2025-06-02",10.2700004577637,10.2799997329712,9.88000011444092,9.97999954223633,170340800,9.5109748840332,9.91209063529971,9.47719959259033,9.42997361660004,9.82830667578407,9.74988303336231,43.4735724253016,0.804354699983634,1.63344354068379
"2025-06-03",9.97000026702881,10.2299995422363,9.89000034332275,10.1899995803833,121584300,9.71110534667969,9.92001290321353,9.48356214523315,9.4328524684906,9.8102757020757,9.74701061212657,49.2326260862974,0.649071725339323,1.4365691776149
"2025-06-04",10.1899995803833,10.3699998855591,10.1800003051758,10.2399997711182,123191200,9.75875568389893,9.91763720512393,9.48618116378784,9.43471324920654,9.80234954543312,9.74788061744304,50.5251005425849,0.558777134514932,1.2610107689949
"2025-06-05",10.1999998092651,10.25,10.0299997329712,10.1000003814697,133191400,9.62533664703369,9.91610493659975,9.48538040161132,9.43568258285523,9.77511679183321,9.7388032863016,46.9229713767689,0.372874412430968,1.08338349768212
"2025-06-06",10.1599998474121,10.3500003814697,10.1499996185303,10.2600002288818,105916700,9.77781772613525,9.92219672203066,9.48744138717651,9.43647207736969,9.77553232018737,9.7416932448078,51.2046437018809,0.347363384672428,0.936179475080178
"2025-06-09",10.289999961853,10.4499998092651,10.289999961853,10.3400001525879,63638900,9.8540563583374,9.9250556945801,9.4985415649414,9.4378222322464,9.78761294144122,9.75001643840259,53.2358932943486,0.385604509245274,0.826064481913198
"2025-06-10",10.3800001144409,10.6499996185303,10.3599996566772,10.6000003814697,87955500,10.1018390655518,9.92743825912478,9.51797883987427,9.4396485376358,9.83595542207362,9.77607737374697,59.1830087157829,0.612495646642941,0.783350714859146
"2025-06-11",10.6400003433228,10.7700004577637,10.6099996566772,10.6599998474121,93094900,10.1590185165405,9.93029723167422,9.5327360534668,9.44144665241241,9.88565743660698,9.80444338432427,60.4334842613293,0.828339244760801,0.792348420839477
"2025-06-12",10.5799999237061,10.5900001525879,10.4300003051758,10.5299997329712,76393300,10.0351266860962,9.92457914352419,9.54670619964599,9.44105488300323,9.90865270575917,9.82153103630738,56.4015570811992,0.887047743673897,0.811288285406361
"2025-06-13",10.4700002670288,10.5100002288818,10.3800001144409,10.4300003051758,90106200,9.93982791900635,9.90933113098147,9.55482530593872,9.44090453624725,9.91344889241258,9.83029376835915,53.4476749653539,0.845906806173824,0.818211989559854
"2025-06-16",10.5,10.6700000762939,10.5,10.6199998855591,75195200,10.1208982467651,9.900754070282,9.5780252456665,9.44152493000031,9.94536417769759,9.85182002601885,57.9535213794029,0.949511373854595,0.844471866418802
"2025-06-17",10.5900001525879,10.6300001144409,10.3800001144409,10.4200000762939,100969400,9.93029689788818,9.88502950668337,9.59666172027588,9.4416410112381,9.94304613464998,9.8576331276388,52.2234036288935,0.86646567086881,0.848870627308804
"2025-06-18",10.4300003051758,10.5299997329712,10.3999996185303,10.4300003051758,82770200,9.93982791900635,9.87121100425722,9.62187604904175,9.44149066448212,9.94255102455096,9.86372163070306,52.4764445657022,0.799185102735711,0.838933522394185
"2025-06-20",10.4899997711182,10.6000003814697,10.460000038147,10.5900001525879,116743400,10.0923070907593,9.87645249366763,9.66047224044799,9.44174376487732,9.96559041935225,9.88065388700353,56.4503373912833,0.859624609059972,0.843071739727343
"2025-06-23",10.5500001907349,10.75,10.539999961853,10.75,77576500,10.2447881698608,9.89122405052187,9.68690141677856,9.44370151042938,10.0085439194305,9.9076267968448,60.0481172939064,1.01858017722085,0.878173427226044
"2025-06-24",10.789999961853,10.8699998855591,10.7200002670288,10.7299995422363,77244400,10.2257270812988,9.90885457992556,9.71971229553222,9.44569856643677,10.0419567135641,9.93118978087843,59.3876333853042,1.11534403359115,0.925607548499065
"2025-06-25",10.7600002288818,10.7700004577637,10.4200000762939,10.4799995422363,91927300,9.98747730255127,9.91695508956911,9.74418886184692,9.44731201171875,10.0335752657159,9.93535922692827,51.7287674625248,0.988550454436288,0.93819612968651
"2025-06-26",10.5,10.6499996185303,10.4700002670288,10.6300001144409,88416400,10.130428314209,9.93887419700625,9.76438577651977,9.45049272060394,10.0484757347149,9.94980878894907,55.4418532076419,0.991646652299472,0.948886234209102
"2025-06-27",10.6999998092651,10.9200000762939,10.6800003051758,10.8000001907349,182008200,10.2924394607544,9.96651129722597,9.79270729064941,9.45412453651428,10.086008615644,9.97518883871243,59.2660920934232,1.11095417563958,0.981299822495197
"2025-06-30",10.7200002670288,10.8599996566772,10.6899995803833,10.8500003814697,88472200,10.3400897979736,9.98890695571902,9.82292108535766,9.45952015399933,10.1250980283101,10.0022185393984,60.344123015591,1.22852233659627,1.03074432531541
"2025-07-01",10.8100004196167,11.3800001144409,10.789999961853,11.3500003814697,140150700,10.8165912628174,10.0541877746582,9.8583441543579,9.46671497344971,10.2314816028497,10.0625424448369,69.1396037904591,1.67889138295765,1.16037373684386
"2025-07-02",11.3800001144409,11.7799997329712,11.3699998855591,11.7700004577637,122331600,11.2168521881104,10.1294751167298,9.904778175354,9.47514832496643,10.3830770775052,10.1480468702645,74.2966932242238,2.31601420692413,1.39150183085991
"2025-07-03",11.75,11.960000038147,11.75,11.8100004196167,60311500,11.2549724578857,10.2042859554291,9.94859315872192,9.48345819473267,10.517214828333,10.2300413582365,74.7298140406408,2.80715844677666,1.67463315404326
"2025-07-07",11.6000003814697,11.789999961853,11.4799995422363,11.5900001525879,73842100,11.0453119277954,10.2752847194672,9.98577274322509,9.49022620677948,10.5984605359426,10.2904317707964,67.9480531622712,2.9933512218635,1.93837676760731
"2025-07-08",11.6499996185303,11.8500003814697,11.6400003433228,11.6800003051758,74190200,11.13108253479,10.3429479598999,10.0194076538086,9.49697438716888,10.6804023819191,10.3527021977589,69.1802611315809,3.16535893625089,2.18377320133603
"2025-07-09",11.7799997329712,11.8999996185303,11.7600002288818,11.8299999237061,63886900,11.2740316390991,10.413946723938,10.0562772750854,9.50407835006714,10.7717299599468,10.4209488230434,71.1695963048826,3.36611514805418,2.42024159067966
"2025-07-10",11.8599996566772,11.9700002670288,11.7799997329712,11.9099998474121,67263000,11.3502721786499,10.4763683795929,10.095047416687,9.5118327331543,10.8607364551319,10.4897875901253,72.2002416212762,3.53628576193248,2.64345042493022
"2025-07-11",11.8500003814697,11.8599996566772,11.710000038147,11.7799997329712,65340700,11.2263813018799,10.5297365188599,10.1288975906372,9.51914713382721,10.9169895084777,10.5443500872923,67.9493331128674,3.53401981251076,2.82156430244633
"2025-07-14",11.7600002288818,11.8999996185303,11.6700000762939,11.8800001144409,62098100,11.3216819763184,10.594064283371,10.167283782959,9.5268034362793,10.9792498881455,10.6019302272202,69.4398598784561,3.55897136501224,2.96904571495951
"2025-07-15",11.8999996185303,11.9300003051758,11.5200004577637,11.5699996948242,65101900,11.0262508392334,10.6483854293823,10.1965677452087,9.53316205978394,10.9864808036975,10.6333613836656,60.1077814017605,3.32086352838854,3.03940927764532
"2025-07-16",11.3500003814697,11.4499998092651,11.1499996185303,11.2399997711182,107978100,10.7117595672607,10.6779284954071,10.2176832962036,9.53996733188629,10.9442159980918,10.6391686565245,52.0834908516086,2.86721031892161,3.00496948590058
"2025-07-17",11.1899995803833,11.3500003814697,11.1099996566772,11.1499996185303,70345300,10.6259899139404,10.7127131462097,10.2391498947143,9.54517715454102,10.8952581389916,10.6381924533701,50.1183989009659,2.41644139028583,2.88726386677763
"2025-07-18",11.1700000762939,11.2399997711182,11.0500001907349,11.1599998474121,68812600,10.6355199813843,10.7474977493286,10.2557349014282,9.54998594284058,10.8552984224366,10.6379944924823,50.3425876838449,2.04271519512376,2.71835413244685
"2025-07-21",11.2600002288818,11.4499998092651,11.210000038147,11.3100004196167,65515600,10.7784700393677,10.7818058967591,10.2781846618652,9.55649660110474,10.8434786711953,10.6484000885479,53.7037706944901,1.8319989953909,2.54108310503566
"2025-07-22",11.2399997711182,11.289999961853,11.0799999237061,11.1899995803833,79403800,10.6641092300415,10.8027719497681,10.2983472061157,9.56158294200897,10.8158833725562,10.6495637286585,50.7445648525907,1.56175077341569,2.34521663871167
"2025-07-23",11.2799997329712,11.460000038147,11.2799997329712,11.3800001144409,76163200,10.8451814651489,10.8337446689606,10.3193132972717,9.56878610610962,10.8203907714166,10.6640539313615,54.9749857644315,1.46601696748154,2.16937670446564
"2025-07-24",11.3100004196167,11.4300003051758,11.2299995422363,11.2600002288818,63557800,10.7308197021484,10.8709117889405,10.3328459358215,9.57555206775665,10.8066106069138,10.6689995440124,51.9407369556569,1.28982162135982,1.99346568784448
"2025-07-25",11.3400001525879,11.4899997711182,11.2399997711182,11.4700002670288,52312300,10.9309501647949,10.9109378814697,10.3494281578064,9.58278026103973,10.8257397696648,10.6884032937,56.4687176478145,1.28491105912649,1.85175476210088
"2025-07-28",11.4799995422363,11.4899997711182,11.25,11.2799997329712,54173600,10.7498798370361,10.9338099002838,10.3614359855652,9.5894620513916,10.8140690107988,10.6929571117249,51.7207170156707,1.13263242158845,1.7079302939984
"2025-07-29",11.289999961853,11.289999961853,11.0600004196167,11.0799999237061,58371500,10.5592784881592,10.9447693347931,10.3677257919311,9.59519083499908,10.7748704688543,10.6830549914607,47.2199008095453,0.859449637457677,1.53823416269025
"2025-07-30",11.1300001144409,11.1300001144409,10.8199996948242,10.8699998855591,79866900,10.3591480255127,10.9218971729279,10.3690599632263,9.59933566570282,10.7109131698786,10.659061882872,42.9896815109423,0.486452631351653,1.32787785642253
"2025-07-31",10.7700004577637,11.1499996185303,10.6800003051758,11.0699996948242,101090900,10.5497493743896,10.8885420322418,10.3751591873169,9.60416428565979,10.6861187398034,10.6509646600215,47.7871554044902,0.330055360280124,1.12831335719405
"2025-08-01",10.9200000762939,10.9200000762939,10.6800003051758,10.8199996948242,73541500,10.3114986419678,10.8413683414459,10.3770652008057,9.60762218475342,10.6284848785979,10.6258190290545,42.9246623044209,0.0250884147011465,0.90766836869547
"2025-08-04",10.8900003433228,11.0200004577637,10.8599996566772,10.9499998092651,56696800,10.4353895187378,10.8108722209931,10.3860234451294,9.61080215454102,10.5987779001579,10.6117131394014,46.0015984812525,-0.121895862370214,0.701755522482333
"2025-08-05",10.9799995422363,11.1000003814697,10.8999996185303,11.0600004196167,58864300,10.5402202606201,10.7813291072846,10.3978407096863,9.61486523151398,10.5897690325367,10.6064173706028,48.5300673700567,-0.156964764674017,0.530011465051063
"2025-08-06",11.1099996566772,11.2600002288818,11.0799999237061,11.210000038147,59519800,10.6831703186035,10.7517860412598,10.4140417861938,9.61879054546356,10.6041384611624,10.6121027741584,51.8416005799372,-0.0750493390947016,0.40899930422191
"2025-08-07",11.3000001907349,11.3900003433228,11.1000003814697,11.2799997329712,71775000,10.7498798370361,10.7217664241791,10.432530040741,9.62286993980408,10.6265602112968,10.6223084825197,53.3499964987937,0.0400264103047832,0.335204725438485
"2025-08-08",11.3100004196167,11.3699998855591,11.210000038147,11.3199996948242,48465300,10.7880001068115,10.6998473644257,10.4544491195679,9.62700531482696,10.651397118299,10.634581936171,54.2321749043395,0.158117942284908,0.29978736880777
"2025-08-11",11.3000001907349,11.5699996948242,11.0600004196167,11.1400003433228,84333000,10.7590274810791,10.6717146396637,10.4748357200622,9.63198294639587,10.6679556356498,10.6438001246827,53.4055514568859,0.2269444247748,0.285218780001176
"2025-08-12",11.1999998092651,11.3199996948242,11.1300001144409,11.25,63944100,10.8652639389038,10.6636652946472,10.4942974662781,9.63645977973938,10.6983107592274,10.660204851662,56.0508321595573,0.35745943061678,0.299666910124296
"2025-08-13",11.2700004577637,11.4899997711182,11.1899995803833,11.4399995803833,63823300,11.0487661361694,10.6805156230927,10.5250532913208,9.64207846641541,10.7522269710646,10.6889871690329,60.2488095680149,0.591635119694645,0.358060552038366
"2025-08-14",11.3000001907349,11.4499998092651,11.2200002670288,11.4399995803833,52469200,11.0487661361694,10.7016544342041,10.5518065071106,9.6468895149231,10.7978483810807,10.7156374628949,60.2488095680149,0.76720511001318,0.439889463633329
"2025-08-15",11.4300003051758,11.5200004577637,11.4099998474121,11.4399995803833,46141400,11.0487661361694,10.7223167419434,10.577606716156,9.65246334075928,10.8364511126328,10.7403136609152,60.2488095680149,0.895108418178148,0.530933254542293
"2025-08-18",11.3999996185303,11.4799995422363,11.3699998855591,11.460000038147,37113800,11.0680828094482,10.7367973804474,10.6064616394043,9.65678767204285,10.8720867582967,10.7645928571029,60.7418296520893,0.998587708990195,0.624464145431873
"2025-08-19",11.5200004577637,11.7299995422363,11.4899997711182,11.5799999237061,58020200,11.1839780807495,10.7627908229828,10.6345848464966,9.66599890232086,10.9200700386741,10.7956584292248,63.6544494037755,1.15242261752604,0.730055839850706
"2025-08-20",11.5200004577637,11.6000003814697,11.4700002670288,11.4899997711182,46469900,11.097056388855,10.7753845691681,10.6594448471069,9.674506316185,10.9472987079327,10.8179842040123,60.0556726322276,1.19536598946473,0.82311786977351
"2025-08-21",11.4200000762939,11.4300003051758,11.1999998092651,11.3299999237061,51779300,10.9425287246704,10.7859700202942,10.6762586402893,9.68304873943329,10.9465648643539,10.827209724061,54.1901191284722,1.10236287404339,0.878966870627487
"2025-08-22",11.3900003433228,11.7700004577637,11.3900003433228,11.7399997711182,58538700,11.3385066986084,10.8063478469849,10.6998484039307,9.69388512611389,11.0068636080853,10.8650835740275,63.9158265319418,1.30491434411768,0.964156365325526
"2025-08-25",11.7200002670288,11.8500003814697,11.6800003051758,11.8199996948242,45038800,11.415771484375,10.8396424293518,10.7274612998962,9.70447967529297,11.0697725121299,10.9058752710903,65.4568839078039,1.50283436189762,1.07189196463994
"2025-08-26",11.8100004196167,11.8699998855591,11.7700004577637,11.8400001525879,48613300,11.4350872039795,10.8834328651428,10.7573664855957,9.71409394741058,11.1259747724145,10.945076155008,65.8495402103459,1.65278536982771,1.1880706456775
"2025-08-27",11.8199996948242,11.9799995422363,11.8100004196167,11.9099998474121,40381500,11.5026941299438,10.9406101703644,10.7850024032593,9.72139898300171,11.1839315966497,10.9863811901884,67.2526516966805,1.79813901448962,1.31008431943992
"2025-08-28",11.9899997711182,11.9899997711182,11.6300001144409,11.710000038147,47723700,11.3095331192017,10.978599357605,10.8125871276855,9.72810203552246,11.2032549078116,11.0103183701153,59.7048852073393,1.75232478490299,1.39853241253254
"2025-08-29",11.7399997711182,11.8299999237061,11.7200002670288,11.7700004577637,44069700,11.3674812316895,11.0313984870911,10.8411401939392,9.73504935264587,11.2285204961005,11.0367748783801,61.1148157313616,1.73733377579373,1.46629268518477
"2025-09-02",11.7600002288818,11.8900003433228,11.6400003433228,11.7200002670288,57704200,11.3191909790039,11.0755885601044,10.8656778717041,9.74057276725769,11.2424698011625,11.0576945895374,59.2541475254847,1.67101026465308,1.50723620107844
"2025-09-03",11.6700000762939,11.7299995422363,11.5699996948242,11.6199998855591,47728700,11.2226104736328,11.109708070755,10.8852343177795,9.74620450019837,11.2394145200041,11.0699105809519,55.6076836624259,1.53121326331151,1.51203161352505
"2025-09-04",11.6499996185303,11.6999998092651,11.5699996948242,11.6800003051758,33136700,11.2805595397949,11.1395775318146,10.9063309669495,9.75212597846985,11.2457445230489,11.0855142075328,57.305409896234,1.44540264453543,1.49870581972713
"2025-09-05",11.710000038147,11.9099998474121,11.6599998474121,11.7399997711182,47547800,11.3385066986084,11.1690088748932,10.9333515548706,9.75847363948822,11.2600156269811,11.1042543920569,58.9941994601334,1.40271673742967,1.47950800326764
"2025-09-08",11.75,11.75,11.5799999237061,11.6899995803833,39734500,11.2902164459229,11.1941196918488,10.9565473175049,9.76485271930695,11.2646619068183,11.11802935901,56.9717653599206,1.31887174492382,1.44738075159887
"2025-09-09",11.6700000762939,11.6800003051758,11.4499998092651,11.4899997711182,41262700,11.097056388855,11.2110211372376,10.9726396560669,9.76935641765595,11.2388764425163,11.1164758056652,49.6410176465594,1.10107410829527,1.37811942293815
"2025-09-10",11.4899997711182,11.5200004577637,11.3100004196167,11.4200000762939,47021300,11.0294513702393,11.2192305088043,10.9864268875122,9.77424975395203,11.2066572006275,11.1100295511892,47.3448296115979,0.869733505146031,1.27644223937973
"2025-09-11",11.460000038147,11.789999961853,11.4300003051758,11.7600002288818,64196100,11.3578233718872,11.2346833705902,10.9972515296936,9.78224027633667,11.2299135346674,11.1283846490187,57.6030733972202,0.912341627746871,1.20362211705316
"2025-09-12",11.75,11.8100004196167,11.6599998474121,11.6800003051758,50100800,11.2805595397949,11.2462730407715,10.9985256767273,9.78952611923218,11.237705227764,11.1396568631502,54.8932217159343,0.880174010907742,1.13893249582407
"2025-09-15",11.7399997711182,11.7600002288818,11.6099996566772,11.6800003051758,47942400,11.2805595397949,11.2578627109528,10.9990374183655,9.79508377075195,11.2442981988457,11.1500940984572,54.8932217159343,0.844872693957366,1.08012053545073
"2025-09-16",11.6899995803833,11.7799997329712,11.5100002288818,11.6099996566772,58065000,11.2129526138306,11.2651062011719,11.0023902320862,9.79930285930634,11.239475801151,11.1547502847812,52.3920166876823,0.759546508947251,1.01600573015004
"2025-09-17",11.6300001144409,11.8800001144409,11.5500001907349,11.6599998474121,68585900,11.2612428665161,11.2689694404602,11.0049934387207,9.80512775421143,11.242824580438,11.162638624169,54.0041544520484,0.718342311067821,0.956473046333593
"2025-09-18",11.6899995803833,11.7799997329712,11.6199998855591,11.7399997711182,55040100,11.3385066986084,11.2810419559479,11.0062829399109,9.81133896827698,11.2575449063103,11.1756658889423,56.5399489118164,0.73265448503701,0.911709334074277
"2025-09-19",11.7700004577637,11.8000001907349,11.5900001525879,11.6199998855591,71676300,11.2226104736328,11.295046043396,11.0037297058105,9.81683426856995,11.2521703782061,11.179143265586,51.916377667587,0.653244268233966,0.860016320906214
"2025-09-22",11.6000003814697,11.6999998092651,11.5699996948242,11.6599998474121,58432700,11.2612428665161,11.2911828517914,11.0044269371033,9.82320490837097,11.2535661456384,11.1852247175068,53.2876412497692,0.610997363554966,0.810212529435965
"2025-09-23",11.6999998092651,11.9300003051758,11.6999998092651,11.7299995422363,55667600,11.3288497924805,11.2868367671967,11.0045702934265,9.83064125061035,11.2651482451526,11.1958636119492,55.6702009471403,0.618841347168475,0.771938292982467
"2025-09-24",11.7299995422363,11.8299999237061,11.5900001525879,11.6300001144409,60193800,11.2322692871094,11.2766958713532,11.008690662384,9.83795851230621,11.2600899439152,11.1985603286278,51.619685304861,0.549442191511873,0.727439072688348
"2025-09-25",11.539999961853,11.6499996185303,11.3699998855591,11.6199998855591,67656300,11.2226104736328,11.2626916885376,11.0189076805115,9.84659184455872,11.254323871564,11.2003418208504,51.2183273221594,0.481967886133372,0.678344835377353
"2025-09-26",11.6499996185303,12.3199996948242,11.6499996185303,12.0100002288818,117681800,11.5992746353149,11.2771787643433,11.038373374939,9.85679014205933,11.3073932198334,11.2298923996996,63.2262873857977,0.690129676895901,0.680701803681063
"2025-09-29",12.1000003814697,12.1199998855591,11.8900003433228,12.0900001525879,83325000,11.6765375137329,11.2926315784455,11.0591937255859,9.86696545124054,11.3641846496641,11.2629772229613,65.1227987149468,0.898585025071719,0.724278447959194
"2025-09-30",12.1099996566772,12.1999998092651,11.9099998474121,11.960000038147,70765000,11.5509834289551,11.304221200943,11.0746439933777,9.87669490337372,11.3929229234012,11.2843110159979,59.7318115688472,0.962503667696613,0.771923491906678
"2025-10-01",12.1199998855591,12.2799997329712,12.039999961853,12.2700004577637,73578400,11.8503818511963,11.3356097698212,11.0983694458008,9.88860352516174,11.463301219985,11.3262421889756,66.7915309503761,1.21010153873353,0.859559101272049
"2025-10-02",12.2799997329712,12.4300003051758,12.1199998855591,12.2200002670288,74530500,11.8020915985107,11.361686372757,11.117507648468,9.90036165714264,11.5154228166813,11.3614902933856,64.8176838480494,1.35486207637163,0.958619696291965
"2025-10-03",12.25,12.6700000762939,12.1999998092651,12.6700000762939,100778600,12.2367029190063,11.4065961837769,11.1476253128052,9.91429284572601,11.6263889862698,11.4263208582464,72.6511983471323,1.75094092407708,1.11708394184899
"2025-10-06",12.6300001144409,12.8000001907349,12.4799995422363,12.6999998092651,90544900,12.2656764984131,11.4553691864014,11.1743198394775,9.93018805027008,11.7247409112149,11.4884953501106,73.0814959689865,2.05636642488649,1.30494043845649
"2025-10-07",12.5,12.5299997329712,11.7399997711182,11.9200000762939,154390200,11.5123510360718,11.4761339187622,11.1895692634582,9.942407579422,11.6920655458083,11.4902624379595,50.7316401313172,1.7562967681402,1.39521170439323
"2025-10-08",11.9799995422363,12.0100002288818,11.6800003051758,11.7399997711182,78469700,11.3385066986084,11.4915866851807,11.2051538276672,9.95503129482269,11.6376718770083,11.4790212720817,47.1482395128932,1.38209174080417,1.39258771167542
"2025-10-09",11.75,11.7700004577637,11.4799995422363,11.5,70320500,11.1067152023315,11.4790312767029,11.2201051712036,9.96626865386963,11.5559862347503,11.4514430446928,42.8066447667097,0.912925905054229,1.29665535035118
"2025-10-10",11.5500001907349,11.5900001525879,11.3500003814697,11.4099998474121,84595400,11.0197925567627,11.4659929275513,11.2295060348511,9.97643469333649,11.4734948996753,11.4194689344757,41.2718242778532,0.473104007809422,1.13194508184283
"2025-10-13",11.4899997711182,11.6300001144409,11.460000038147,11.539999961853,73939400,11.1453475952148,11.4592323303223,11.246183013916,9.98713755607605,11.4230106989891,11.399163650086,44.374295870836,0.209199987253861,0.947396062925036
"2025-10-14",11.3800001144409,11.7600002288818,11.3400001525879,11.6499996185303,89117900,11.2515850067139,11.4611639499664,11.2625069236755,9.99782586574555,11.3966375155621,11.3882318987251,46.9290335762822,0.0738096739838934,0.772678785136807
"2025-10-15",11.6800003051758,11.7799997329712,11.6400003433228,11.7600002288818,88960700,11.3578233718872,11.465992975235,11.2788589859009,10.0088179731369,11.3906661088429,11.3859794152557,49.4302440357298,0.0411619713711842,0.626375422383683
"2025-10-16",11.7399997711182,11.789999961853,11.6400003433228,11.7399997711182,108701200,11.3385066986084,11.465992975235,11.291965713501,10.0198954153061,11.3826415841914,11.3824629177262,48.9782505795319,0.00156966437312445,0.501414270781571
"2025-10-17",11.7399997711182,12.0100002288818,11.7200002670288,11.9200000762939,107633500,11.5123510360718,11.480480003357,11.3072151374817,10.0325242471695,11.4025968844807,11.3920842598259,53.1318982505255,0.0922800816343106,0.419587432952119
"2025-10-20",11.9300003051758,12.0799999237061,11.9099998474121,11.9899997711182,77878900,11.5799570083618,11.4964157104492,11.3230542755127,10.0454001569748,11.4298830573855,11.4060007597175,54.6771550729799,0.209383623332671,0.377546671028229
"2025-10-21",12.2600002288818,12.6300001144409,12.0699996948242,12.5600004196167,297153200,12.130464553833,11.5364964485169,11.3504830169678,10.0621655702591,11.5376648260697,11.4596647444668,64.8421744121384,0.680648896300751,0.438167116082734
"2025-10-22",12.5299997329712,12.6000003814697,12.2799997329712,12.4300003051758,415062200,12.0049104690552,11.5751285076142,11.3732759475708,10.0772571992874,11.6095487711444,11.5000533166585,61.4567517086612,0.952129972539506,0.540959687374088
"2025-10-23",12.4700002670288,12.4899997711182,12.1899995803833,12.3400001525879,479840300,11.9179878234863,11.6098973751068,11.3906603813171,10.0917323112488,11.6570009330432,11.5310114282754,59.1541066177976,1.09261451652771,0.651290653204813
"2025-10-24",12.7299995422363,13.9700002670288,12.710000038147,13.8400001525879,298366900,13.3666896820068,11.6982681274414,11.4370188522339,10.1141785812378,11.9200299713453,11.6669875952184,75.5778479934708,2.168874990752,0.954807520714251
"2025-10-27",13.8000001907349,13.8000001907349,13.210000038147,13.2600002288818,140859000,12.806526184082,11.7547675609589,11.4721740531921,10.1339149951935,12.056414004074,11.7513978610602,64.738422120465,2.59557328089899,1.2829606727512
"2025-10-28",13.2399997711182,13.2799997329712,13.039999961853,13.1300001144409,96738500,12.6809711456299,11.8112669467926,11.5044318199158,10.1534329414368,12.1524997181595,11.8202551413987,62.5722278656542,2.81080715083049,1.58852996836706
"2025-10-29",13.1000003814697,13.3900003433228,13.0699996948242,13.2399997711182,127512200,12.7872095108032,11.858108329773,11.5364964485168,10.1732092094421,12.2501473785662,11.8918813909842,63.6796599769554,3.01269391951438,1.87336275859652
"2025-10-30",13.1400003433228,13.289999961853,13.0600004196167,13.0600004196167,80766300,12.6133651733398,11.8986720085144,11.5668226242065,10.1917979097366,12.3060270393006,11.9453246341216,60.5238314185798,3.01961157379218,2.10261252163565
"2025-10-31",13.039999961853,13.1700000762939,12.9899997711182,13.1300001144409,68862000,12.6809711456299,11.9208854198456,11.6015914726257,10.2099515008926,12.3637107479667,11.9998169683074,61.3264983298423,3.03249441737572,2.28858890078367
"2025-11-03",13.1000003814697,13.1000003814697,12.8999996185303,13.0100002288818,80419400,12.5650758743286,11.9358553886414,11.6261228561401,10.2272527360916,12.3946899981762,12.0416879983831,59.1077397268727,2.9314993034242,2.41717098131177
"2025-11-04",12.9099998474121,12.9300003051758,12.75,12.789999961853,70360600,12.3525991439819,11.9778677940369,11.6448594093323,10.2427184486389,12.3882144821463,12.0647184536126,55.1670521371154,2.68133922708171,2.47000463046576
"2025-11-05",12.9200000762939,13.3100004196167,12.8800001144409,13.1099996566772,79134300,12.6616554260254,12.0440252304077,11.6693907737732,10.2585924863815,12.4302823196662,12.1089360071247,59.4063739432151,2.65379478719194,2.506762661811
"2025-11-06",13.1400003433228,13.2600002288818,12.9799995422363,13.1199998855591,82291000,12.6713123321533,12.1222550868988,11.6927631378174,10.2763339567184,12.4673638600488,12.1505935126824,59.5351284303224,2.60703600228096,2.52681732990499
"2025-11-07",12.960000038147,13.2399997711182,12.9499998092651,13.210000038147,80011300,12.9057855606079,12.2165547370911,11.7246881866455,10.2946565628052,12.5348133524425,12.2065336643806,62.634115277116,2.6893768295573,2.55932922983545
"2025-11-10",13.2299995422363,13.2399997711182,13,13.1599998474121,62051200,12.8569374084473,12.3021342277527,11.7544773101807,10.3129168462753,12.5843708995202,12.2547117194966,61.5760967268792,2.69006066865771,2.5854755175999
"2025-11-11",13.1899995803833,13.4399995803833,13.1899995803833,13.3000001907349,79742400,12.9937143325806,12.389240694046,11.7879677772522,10.330678563118,12.6473468122987,12.3094526537991,63.4384265137217,2.74499742598457,2.61737989927684
"2025-11-12",13.3000001907349,13.5,13.3000001907349,13.4499998092651,61840500,13.1402597427368,12.4783625125885,11.8263207626343,10.3505373668671,12.7231795708276,12.3709939196464,65.374809895717,2.84686625398765,2.663277170219
"2025-11-13",13.3999996185303,13.5,13.25,13.2799997329712,71481600,12.9741744995117,12.5601459026337,11.8601930618286,10.3689745283127,12.7617941752406,12.4156739625993,61.4054807407955,2.78776821688349,2.6881753795519
"2025-11-14",13.1800003051758,13.3100004196167,13.1000003814697,13.1899995803833,67932400,12.8862457275391,12.6288406372071,11.8911478424072,10.3871994352341,12.7809405679019,12.4505311303727,59.350920962336,2.65377785147816,2.68129587393715
"2025-11-17",13.1800003051758,13.1800003051758,12.7799997329712,12.8800001144409,73404400,12.5833864212036,12.6790121078491,11.9170112419128,10.4042738723755,12.750547622256,12.4603722630268,52.7981505098151,2.32878563419983,2.61079382598969
"2025-11-18",12.8699998855591,13.0900001525879,12.7600002288818,13.0200004577637,70215400,12.7201614379883,12.7084969520569,11.9494733428955,10.4228962898254,12.7458728246763,12.4796159056165,55.2035731972038,2.13353456607563,2.51534197400687
"2025-11-19",13.0299997329712,13.1499996185303,12.8599996566772,12.8999996185303,49619300,12.6029253005981,12.738397693634,11.9809428215027,10.4397045946121,12.7238808978951,12.4887499348744,52.7234371207427,1.88274218193805,2.38882201559311
"2025-11-20",12.9099998474121,13.0100002288818,12.3800001144409,12.4099998474121,95861900,12.1242094039917,12.7487087726593,11.9962705421448,10.4548014974594,12.6316237449869,12.4617469325868,44.0255437344999,1.36318618343805,2.1836948491621
"2025-11-21",12.5100002288818,12.9399995803833,12.4899997711182,12.8299999237061,74048900,12.5345363616943,12.7071011066437,12.0213500785828,10.4753609371185,12.6166872244803,12.4671387421503,51.4229339774192,1.19954133360498,1.98686414605067
"2025-11-24",12.8400001525879,12.9799995422363,12.8299999237061,12.960000038147,52936200,12.6615438461304,12.6998519897461,12.0489697647095,10.4966463756561,12.6235882431957,12.4815391202229,53.4725922093476,1.13807377122763,1.81710607108607
"2025-11-25",12.9899997711182,13.2600002288818,12.9799995422363,13.1700000762939,52885000,12.8667068481445,12.7091387748718,12.0820448493957,10.5189576292038,12.6609911054955,12.5100700630319,56.6542338943483,1.20639646063665,1.69496414899618
"2025-11-26",13.1700000762939,13.2600002288818,13.1199998855591,13.1899995803833,44942200,12.8862457275391,12.7140905857086,12.1145449066162,10.5415030145645,12.695645662733,12.5379349270695,56.9561172307925,1.25786851328278,1.6075450218535
"2025-11-28",13.210000038147,13.3400001525879,13.1800003051758,13.2799997329712,29536200,12.9741744995117,12.7321310520172,12.1472582626343,10.5643970823288,12.7384962530066,12.5702489694726,58.3615280118938,1.33845625446727,1.55372726837626
"2025-12-01",13.1999998092651,13.3900003433228,13.1300001144409,13.1599998474121,51594000,12.8569374084473,12.7409293651581,12.1799448013306,10.5861592197418,12.7567179692283,12.5914851501374,55.7479270948608,1.31225838033138,1.50543349076728
"2025-12-02",13.1899995803833,13.1899995803833,12.8699998855591,12.960000038147,57641700,12.6615438461304,12.7457527637482,12.2079508209228,10.6063531684875,12.742075796444,12.5966746831739,51.6003438119898,1.15428172058991,1.43520313673181
"2025-12-03",12.9899997711182,13.1400003433228,12.960000038147,13.0900001525879,45364700,12.7885503768921,12.7675503253937,12.2371448326111,10.6266655349731,12.7492257318975,12.6108876975234,53.9961991537415,1.09697301008622,1.36755711140269
"2025-12-04",13.1899995803833,13.2399997711182,13.0600004196167,13.1400003433228,47554800,12.8373985290527,12.7763374805451,12.2692474174499,10.6469873189926,12.7627907776137,12.6276662776367,54.9204808665758,1.07006708132853,1.30805910538786
"2025-12-05",13.1499996185303,13.2799997329712,13,13.0299997329712,54099400,12.7299308776855,12.7792684078217,12.299393825531,10.6665369367599,12.757735408394,12.6352414331959,52.4249498563677,0.969462877664506,1.24033985984319
"2025-12-08",13.0699996948242,13.1599998474121,12.9499998092651,13.1400003433228,45580800,12.8373985290527,12.7758490562439,12.3241563034058,10.6871405124664,12.7699912731107,12.650216032889,54.6443943772376,0.946823674080677,1.18163662269069
"2025-12-09",13.1300001144409,13.2200002670288,13.0600004196167,13.0799999237061,33350000,12.7787799835205,12.7719411849976,12.3462011528015,10.7071222352982,12.7713433824045,12.6597392884913,53.1868843438365,0.881567079463297,1.12162271404521
"2025-12-10",13.0799999237061,13.4200000762939,13.0699996948242,13.4099998474121,72210700,13.1011800765991,12.7773144721985,12.3772050857544,10.7283872079849,12.8220874892037,12.6924386061289,59.5735774850078,1.02146551264124,1.10159127376441
"2025-12-11",13.3900003433228,13.6800003051758,13.3000001907349,13.6300001144409,59012300,13.3161144256592,12.7861072063446,12.4065197372436,10.7504920244217,12.8980916332738,12.738636814983,63.1800834499302,1.25174161573713,1.13162134215896
"2025-12-12",13.6700000762939,13.8400001525879,13.6700000762939,13.7600002288818,48337300,13.4431200027466,12.8095544815064,12.4393403053284,10.7740772390366,12.9819421516542,12.7908207548174,65.1580780290278,1.494207451581,1.20413856404337
"2025-12-15",13.8000001907349,13.8100004196167,13.4899997711182,13.6499996185303,53577300,13.3356533050537,12.8320248603821,12.4613193130493,10.7959040307999,13.0363592521772,12.8311787215015,62.1172603249822,1.59907780204052,1.2831264116428
"2025-12-16",13.7200002670288,13.9899997711182,13.5699996948242,13.6700000762939,69408900,13.3551931381226,12.870615196228,12.4831096458435,10.8185799598694,13.0854106192457,12.8699946042142,62.4603001517088,1.67378481231832,1.3612580917779
"2025-12-17",13.6300001144409,13.6599998474121,13.289999961853,13.3100004196167,58320600,13.0034837722778,12.8847813129425,12.5129323005676,10.8407653951645,13.072806488943,12.8798826907374,53.1337432304828,1.49786921851609,1.38858031712554
"2025-12-18",13.3800001144409,13.4700002670288,13.25,13.3199996948242,52604800,13.0132532119751,12.9052977085114,12.546427230835,10.8605105447769,13.0636444463325,12.8897619886069,53.3421502797033,1.34899665237675,1.38066358417578
"2025-12-19",13.3100004196167,13.4799995422363,13.2799997329712,13.4700002670288,61640600,13.1597995758057,12.9570772171021,12.5874889183044,10.8811762809753,13.0784375431746,12.9097647728438,56.4692273603677,1.30655184891924,1.36584123712447
"2025-12-22",13.5100002288818,13.6099996566772,13.4200000762939,13.460000038147,31106100,13.1500291824341,12.9878518581391,12.6300936508179,10.900431189537,13.0894516415222,12.9275621365172,56.1987925848343,1.25228177823014,1.34312934534561
"2025-12-23",13.4300003051758,13.4499998092651,13.2799997329712,13.289999961853,25440800,12.983943939209,13.003971862793,12.6668655776977,10.9185738706589,13.0732196873202,12.9317385663462,51.6689413855156,1.09406109818928,1.29331569591434
"2025-12-24",13.3000001907349,13.3800001144409,13.25,13.3599996566772,14227600,13.0523309707642,13.013253068924,12.7028804969788,10.93832654953,13.0700060386192,12.9406713370438,53.3367986135853,0.999443523499122,1.2345412614313
"2025-12-26",13.3400001525879,13.3800001144409,13.2600002288818,13.3100004196167,22471400,13.0034837722778,13.0191149711609,12.7357937049866,10.9583046340942,13.0597718437975,12.9453241100241,51.957583216539,0.884085503001941,1.16445010974543
"2025-12-29",13.2700004577637,13.3100004196167,13.2399997711182,13.2799997329712,24398300,12.9741744995117,13.0191149711609,12.7685070610046,10.9784179639816,13.0466030215997,12.9474611759121,51.103682431542,0.765724216821795,1.0847049311607
"2025-12-30",13.2799997329712,13.289999961853,13.1999998092651,13.2299995422363,23002800,12.9253253936768,13.0225343704224,12.7967665481567,10.9973477554321,13.0279449249961,12.9458214883391,49.6394117838598,0.634362498594632,0.994636444647486
"2025-12-31",13.210000038147,13.2200002670288,13.1199998855591,13.1199998855591,26302300,12.8178586959839,13.0303501129151,12.8215245819092,11.0148478746414,12.9956239666866,12.9363427629795,46.4838735897176,0.458253192523195,0.887359794222628
"2026-01-02",13.1800003051758,13.3900003433228,13.0600004196167,13.3400001525879,46366900,13.0327920913696,13.0425621986389,12.8395711326599,11.0332817697525,13.0013421397147,12.943487157675,52.9287843477802,0.446981414937975,0.799284118365697
"2026-01-05",13.25,13.4799995422363,13.1999998092651,13.4700002670288,50135200,13.1597995758057,13.0586822509766,12.8626689147949,11.0513174676895,13.0257202068056,12.9595102997588,56.2794274871589,0.510898216949518,0.741606938082461
"2026-01-06",13.5100002288818,13.8599996566772,13.3199996948242,13.8000001907349,84534700,13.48219871521,13.0962956428528,12.8939531326294,11.0717165994644,13.0959476696371,12.9982279601626,63.4012103376961,0.75179255029223,0.743644060524415
"2026-01-07",13.8000001907349,13.8199996948242,13.5900001525879,13.7399997711182,50609000,13.4235801696777,13.1256047248841,12.8950909423828,11.0918696117401,13.1463526696433,13.0297355312378,61.4415058541937,0.895007716204033,0.773916791660339
"2026-01-08",13.8900003433228,14.5,13.8900003433228,14.3999996185303,154276800,14.0683813095093,13.1900847911835,12.9203280448914,11.1140724945068,13.2882032296227,13.1066722555542,71.7759620098248,1.38502718713822,0.896138870755915
"2026-01-09",14.3500003814697,14.4099998474121,14.0900001525879,14.1999998092651,68436200,13.8729867935181,13.2286751270295,12.9441683578491,11.1351105546951,13.3781699317605,13.1634362954034,66.0029535999987,1.63128860533237,1.04316881767121
"2026-01-12",14.1499996185303,14.1899995803833,13.960000038147,14.0299997329712,53444000,13.7069025039673,13.2482145309449,12.9625622177124,11.1552712249756,13.4287441736384,13.2036930515933,61.4767417624804,1.70445587583543,1.17542622930405
"2026-01-13",14.0600004196167,14.1300001144409,13.960000038147,13.9799995422363,58867500,13.6580533981323,13.2589612007142,12.9834559822082,11.1770662546158,13.4640225158683,13.2373493735591,60.1697805997874,1.71237561170587,1.28281610578442
"2026-01-14",14,14.1199998855591,13.789999961853,13.8400001525879,65318600,13.5212783813477,13.2682424545289,13.0002621269226,11.199022769928,13.4728311105574,13.2583811519138,56.5450065449581,1.61746714162465,1.34974631295246
"2026-01-15",13.9200000762939,14.1300001144409,13.789999961853,13.8100004196167,44241500,13.4919691085815,13.2750812530518,13.0187999916077,11.2193768262863,13.4757754179457,13.2756839635189,55.7696818288053,1.50720260422526,1.38123757120702
"2026-01-16",13.7600002288818,13.8000001907349,13.5900001525879,13.6000003814697,60750800,13.2868051528931,13.2892473220826,13.0374841117859,11.2391277551651,13.4467030694761,13.2765077553244,50.5451261750463,1.28192833001195,1.36137572296801
"2026-01-20",13.4700002670288,13.6099996566772,13.2299995422363,13.2799997329712,67018100,12.9741744995117,13.2872933864594,13.0437344932556,11.2563292646408,13.3740063664046,13.2541126993382,43.8100821594301,0.904577090795367,1.27001599653348
"2026-01-21",13.4099998474121,13.7700004577637,13.4099998474121,13.7700004577637,58160100,13.4528903961182,13.301947927475,13.0593660545349,11.2787892103195,13.386142370976,13.2688369731738,53.9325479959507,0.884066915882209,1.19282618040323
"2026-01-22",13.7799997329712,13.8400001525879,13.6999998092651,13.710000038147,38170300,13.3942718505859,13.3141600608826,13.0691357803345,11.3007682037354,13.3873930601467,13.2781284455747,52.6810667226824,0.822891682513083,1.1188392808252
"2026-01-23",13.6999998092651,13.6999998092651,13.5500001907349,13.5600004196167,39702100,13.2477264404297,13.3273491859436,13.0769515609741,11.3236112785339,13.3659058878826,13.2758764451936,49.5834208389054,0.67814311967016,1.03070004859419
"2026-01-26",13.5600004196167,13.6599998474121,13.3400001525879,13.4399995803833,59171000,13.1304893493652,13.3312571048737,13.0796870613098,11.3484512376785,13.3296879588799,13.2651070306878,47.1926965268963,0.486848150133445,0.921929668902041
"2026-01-27",13.6400003433228,13.9499998092651,13.5100002288818,13.9300003051758,100003700,13.6092052459717,13.3615431785584,13.0890659713745,11.3718806171417,13.3726906184325,13.2905957873755,56.43057665458,0.617691128150866,0.861081960751806
"2026-01-28",13.8800001144409,13.8900003433228,13.7600002288818,13.8199996948242,48751800,13.5017385482788,13.3879213809967,13.0996172523498,11.396463394165,13.3925441461011,13.3062359918868,54.1408474758553,0.648629366463527,0.81859144189415
"2026-01-29",13.8900003433228,14.0900001525879,13.8000001907349,14,84803900,13.6775932312012,13.425534772873,13.1154442024231,11.421033115387,13.4363978515012,13.3337439355397,57.2011637243276,0.769880661108191,0.808849285736958
"2026-01-30",13.9099998474121,13.9799995422363,13.789999961853,13.8800001144409,66996300,13.560357093811,13.4626596927643,13.1349836158752,11.4432319879532,13.4554685041642,13.3505300954117,54.585914277126,0.78602428519734,0.804284285629035
"2026-02-02",13.8599996566772,13.8999996185303,13.75,13.8100004196167,54218100,13.4919691085815,13.4856185436249,13.1504197692871,11.4663100147247,13.4610839817669,13.3610070593502,53.0618829190341,0.749022300281155,0.793231888559459
"2026-02-03",13.8199996948242,14.039999961853,13.6099996566772,13.7299995422363,76638000,13.4138107299805,13.4983191013337,13.1666374778747,11.4892320680618,13.4538111737997,13.3649184423598,51.2990817846228,0.665119894470467,0.76760948974166
"2026-02-04",13.7200002670288,14,13.6899995803833,13.8199996948242,70488700,13.5017385482788,13.4992960929871,13.1941880607605,11.5115135717392,13.4611846160273,13.3750532650205,53.183407206222,0.643970153240647,0.742881622441458
"2026-02-05",13.75,13.8199996948242,13.5299997329712,13.7200002670288,79719900,13.4040412902832,13.4983191490174,13.2115781593323,11.5340580224991,13.4523933351436,13.3772005261511,50.8300903778724,0.562096746965146,0.706724647346196
"2026-02-06",13.7799997329712,13.8800001144409,13.6700000762939,13.8000001907349,55588200,13.48219871521,13.4690100193024,13.2279912567139,11.5561478996277,13.4569787782307,13.3849781697851,52.6357162472058,0.537921000186459,0.672963917914248
"2026-02-09",13.75,13.7799997329712,13.5299997329712,13.5900001525879,59778000,13.2770347595215,13.4392124176026,13.2361978149414,11.5766014099121,13.4292950830447,13.3769823616174,47.6854377016741,0.391065189540707,0.61658417223954
"2026-02-10",13.6400003433228,13.7399997711182,13.5699996948242,13.5699996948242,80827700,13.2574949264526,13.4167420387268,13.2436227989197,11.5956421995163,13.4028642897228,13.3681314404941,47.2298519298476,0.259818280388346,0.545230993869301
"2026-02-11",13.6199998855591,13.8800001144409,13.5200004577637,13.8500003814697,129595000,13.5310487747192,13.4103918075562,13.2547602844238,11.6161446905136,13.4225849797223,13.3801993911774,53.8739670245729,0.316778452291189,0.499540485553679
"2026-02-12",13.8999996185303,14.3599996566772,13.8500003814697,14,133257200,13.6775932312012,13.4182075500489,13.2711734008789,11.6374738311768,13.4618170184113,13.4022285645125,56.9975515817667,0.44461601003134,0.488555590449211
"2026-02-13",13.8800001144409,14.3400001525879,13.8500003814697,14.1199998855591,87400200,13.9442319869995,13.4408206939698,13.2968271636963,11.6595256280899,13.5360347058864,13.4423769661782,62.0351896242053,0.696734959478262,0.530191464255021
"2026-02-17",14.0900001525879,14.1700000762939,13.9300003051758,14.1300001144409,57684800,13.9541082382202,13.4741858482361,13.3201383209228,11.6822843074799,13.6003537108609,13.4802829863295,62.2117705776644,0.890713679031441,0.602295907210305
"2026-02-18",14.1099996566772,14.1400003433228,13.8100004196167,13.8500003814697,64199300,13.6775941848755,13.5093568325043,13.3369422340393,11.7028620147705,13.6122368607093,13.4948986306662,54.560234751437,0.869500640608045,0.655736853889853
"2026-02-19",13.7700004577637,13.9499998092651,13.6899995803833,13.7799997329712,58268500,13.6084642410278,13.5171355247498,13.3545129013061,11.7226244258881,13.6116564576813,13.5033108981004,52.8114442811038,0.802362919720512,0.685062067055985
"2026-02-20",13.7799997329712,14.039999961853,13.7200002670288,14.0100002288818,67701100,13.8356018066406,13.5392020225525,13.3744769668579,11.7440391349792,13.6461095882905,13.5279250394738,57.6181636166358,0.873633971742538,0.722776447993296
"2026-02-23",13.9799995422363,14.039999961853,13.5699996948242,13.6400003433228,59134400,13.4702081680298,13.5503261089325,13.3883055305481,11.7623588275909,13.6190478313273,13.5236497156631,48.9754992176201,0.705416937512826,0.719304545897202
"2026-02-24",13.7700004577637,14.3299999237061,13.7299995422363,14.1999998092651,73560800,14.0232362747192,13.5949634552002,13.4067466545105,11.784195098877,13.6812306687722,13.560656127445,58.9996335978453,0.88914975937735,0.753273588593231
"2026-02-25",14.25,14.4899997711182,14.1499996185303,14.4300003051758,58968700,14.250373840332,13.6270218849182,13.4254318428039,11.807167057991,13.7687911567045,13.6117463283996,62.2775262504054,1.15374489441662,0.833367849757909
"2026-02-26",14.4499998092651,14.8000001907349,14.3000001907349,14.4099998474121,61456300,14.2306222915649,13.6634660720825,13.4411818885803,11.8293357849121,13.8398421005292,13.6575889923378,61.8147236474813,1.33444569384549,0.933583418575425
"2026-02-27",14.3199996948242,14.5699996948242,14.0299997329712,14.0900001525879,73157000,13.9146060943604,13.6753167152405,13.4527609443664,11.8486378765106,13.8513442534263,13.6766272961913,54.7981769419875,1.27748569476342,1.00236387381302
"2026-03-02",13.9300003051758,13.9300003051758,13.2200002670288,13.3900003433228,110305500,13.2233200073242,13.6584648609162,13.4501234817505,11.8642452812195,13.7547251386413,13.6430489784975,43.236618765123,0.81855720315811,0.965602539682042
"2026-03-03",13.0699996948242,13.1800003051758,12.6800003051758,12.6999998092651,102354700,12.5419082641602,13.6109618186951,13.4408919715881,11.8762073802948,13.5681379271827,13.5614829996577,35.3249470436659,0.0490722697894297,0.78229648570352
"2026-03-04",12.9499998092651,13.1499996185303,12.8100004196167,12.8100004196167,73976700,12.6505393981934,13.5727982521057,13.4336376953125,11.8882361364365,13.4269689227228,13.4940056958455,37.2948688987294,-0.496789275428589,0.526479333477098
"2026-03-05",12.6999998092651,12.75,12.2399997711182,12.3400001525879,71944300,12.1863899230957,13.5070308208466,13.4141695022583,11.8977058887482,13.2361106150879,13.3971452682344,32.7104253374526,-1.20200721812245,0.180782023157189
"2026-03-06",12.1700000762939,12.3199996948242,12.0299997329712,12.1499996185303,59877700,11.9987545013428,13.4367664813996,13.3911440086365,11.9064757204056,13.0457481360502,13.2935607669832,31.048833022265,-1.86415540032351,-0.22820546153895
"2026-03-09",11.9399995803833,12.1999998092651,11.8000001907349,12.1899995803833,69611200,12.0382566452026,13.3645693778992,13.3722302627563,11.9155860137939,12.8907494451505,13.2005752764809,31.8338830992355,-2.34706310021481,-0.651976989274122
"2026-03-10",12.1899995803833,12.5100002288818,12.1899995803833,12.2399997711182,56746300,12.0876350402832,13.3050993919373,13.3529363441467,11.9260868024826,12.7671933828633,13.1181352589848,32.862892525481,-2.67524209190597,-1.05663000980049
"2026-03-11",12.2700004577637,12.4899997711182,12.0299997329712,12.1099996566772,50074500,11.9592523574829,13.2401872634888,13.3320517158508,11.9361362791061,12.642894763574,13.0322920810957,31.5301949308134,-2.98794191458174,-1.44289239075674
"2026-03-12",11.9300003051758,12.1899995803833,11.8500003814697,12.039999961853,51733900,11.8901243209839,13.158141040802,13.3103707122803,11.9462213182449,12.5270839262524,12.9476870618282,30.8057749446739,-3.24848085659859,-1.80401008392511
"2026-03-13",12.1099996566772,12.1300001144409,11.6499996185303,11.6700000762939,48546500,11.524730682373,13.0504979133606,13.2823588180542,11.9547176361084,12.3728757348864,12.8422828855723,27.2428421832734,-3.65516906042667,-2.17424187922542
"2026-03-16",11.8199996948242,11.8800001144409,11.6400003433228,11.710000038147,49441400,11.5642328262329,12.9314979553223,13.2572863006592,11.9640785694122,12.2484691335551,12.7476125108064,28.2095308943154,-3.91558322649197,-2.52251014867873
"2026-03-17",11.8599996566772,12.0299997329712,11.8400001525879,11.9399995803833,59520100,11.7913684844971,12.8233609676361,13.2324578285217,11.9743369245529,12.1781459567769,12.6767796199687,33.6669838828515,-3.93344112732145,-2.80469634440727
"2026-03-18",11.8699998855591,12.0100002288818,11.6999998092651,11.789999961853,55564800,11.6432361602783,12.7216430664063,13.2021265602112,11.9830922222137,12.095852141931,12.6002208451768,31.9605604772517,-4.00285605659745,-3.04432828684531
"2026-03-19",11.6800003051758,11.75,11.4799995422363,11.6400003433228,47423400,11.4951038360596,12.6159750461579,13.1623846626282,11.9930128669739,12.0034293256431,12.5183603259829,30.3063133796794,-4.11340612453109,-3.25814385438247
"2026-03-20",11.6400003433228,11.6800003051758,11.3699998855591,11.5200004577637,147725100,11.3765983581543,12.4930248737336,13.1214450263977,12.0013403320312,11.9069937921833,12.433785365403,29.0125776203999,-4.23677550913466,-3.45387018533291
"2026-03-23",11.9300003051758,12.0100002288818,11.7200002670288,11.7600002288818,44442200,11.6136102676392,12.400194978714,13.0723496055603,12.01061460495,11.8618578653303,12.3730316544575,34.989938489553,-4.13135441177887,-3.5893670306221
"2026-03-24",11.6800003051758,11.8800001144409,11.6700000762939,11.8400001525879,31903900,11.6926145553589,12.283663892746,13.0287421607971,12.0209509944916,11.835820433027,12.3226303878577,36.8973348413262,-3.95053604229102,-3.66160083295588
"2026-03-25",11.9499998092651,12.0100002288818,11.6599998474121,11.6700000762939,37746100,11.524730682373,12.1473817348481,12.9850987243652,12.0296855592728,11.7879604713879,12.2635267059699,34.5757979802702,-3.87789129492778,-3.70485892535026
"2026-03-26",11.5600004196167,11.7200002670288,11.4899997711182,11.6000003814697,28517600,11.4556016921997,12.0086307048798,12.9410496902466,12.0376932859421,11.7368283515128,12.2036804086536,33.63729098286,-3.8255021559702,-3.72898757147425
"2026-03-27",11.539999961853,11.5500001907349,11.289999961853,11.3699998855591,33064600,11.2284650802612,11.8743236541748,12.8951934242248,12.0433264160156,11.6586186174741,12.1314422361801,30.6896855052765,-3.89750542021984,-3.76269114122337
"2026-03-30",11.4099998474121,11.4499998092651,11.1099996566772,11.210000038147,41459900,11.0704565048218,11.7666804790497,12.8467631721497,12.047883605957,11.5681321386045,12.0528507005239,28.7990626936824,-4.02160927703442,-3.81447476838558
"2026-03-31",11.3599996566772,11.5900001525879,11.2700004577637,11.539999961853,38287900,11.3963489532471,11.7094025135041,12.8089540481567,12.0546897172928,11.5417039562419,12.0042209414664,37.3690430408838,-3.85295295279712,-3.82217040526789
"2026-04-01",11.6199998855591,11.6899995803833,11.5799999237061,11.6800003051758,33991700,11.5346059799194,11.6536058425904,12.7801626777649,12.0626636075974,11.5406119598846,11.9694346480184,40.6336582675339,-3.58264780872409,-3.77426588595913
"2026-04-02",11.4700002670288,11.6199998855591,11.3599996566772,11.6000003814697,31109100,11.4556016921997,11.6170664310456,12.7402169036865,12.0693371248245,11.5275334571638,11.9313729475874,39.37076981117,-3.38468583789664,-3.69634987634663
"2026-04-06",11.6000003814697,11.6300001144409,11.5,11.6099996566772,24374600,11.4654769897461,11.5904025554657,12.7016410064697,12.0770130252838,11.5179863083303,11.8968621358955,39.6233691189359,-3.18467023688551,-3.59401394845441
"2026-04-07",11.539999961853,11.6099996566772,11.3500003814697,11.5200004577637,41991600,11.3765983581543,11.5573196411133,12.6642184448242,12.0841968774796,11.4962343159955,11.858324078285,38.0854243005497,-3.05346489014023,-3.48590413679157
"2026-04-08",11.960000038147,12.2399997711182,11.960000038147,12.1800003051758,58140000,12.0283823013306,11.5543570041657,12.6421763038635,12.0938772535324,11.5781032368163,11.8709209836958,52.6116278300711,-2.46668095324412,-3.28205950008208
"2026-04-09",12.0699996948242,12.2700004577637,11.960000038147,12.2399997711182,32576200,12.0876350402832,11.5607761383057,12.6117448997497,12.1030914878845,11.656492745042,11.8869738767763,53.6756675732617,-1.93893865775754,-3.01343533161717
"2026-04-10",12.3400001525879,12.4200000762939,12.0699996948242,12.1300001144409,28362700,11.97900390625,11.565220117569,12.5812902069092,12.1118578720093,11.7061098467663,11.8937909159966,51.3971335182586,-1.57797518516907,-2.72634330232755
"2026-04-13",12.0299997329712,12.1700000762939,11.9200000762939,12.1599998474121,32688600,12.0086307525635,11.5894151210785,12.5479109573364,12.1219636392593,11.7526515245813,11.9022975705571,51.9956477449426,-1.25728704973782,-2.43253205180961
"2026-04-14",12.5100002288818,12.75,12.4499998092651,12.710000038147,50232200,12.5517845153809,11.6387927055359,12.5277395057678,12.1340704202652,11.8755950616274,11.9504077146181,61.3842183350762,-0.626025946372377,-2.07123083072216
"2026-04-15",12.6999998092651,12.7600002288818,12.4899997711182,12.710000038147,39926500,12.5517845153809,11.6768135070801,12.5089358139038,12.1453671455383,11.9796242083587,11.9949541443043,61.3842183350762,-0.127803205924626,-1.68254530576265
"2026-04-16",12.6700000762939,12.75,12.4200000762939,12.4399995803833,37407700,12.2851448059082,11.7089089393616,12.4863624954224,12.155092420578,12.0266273772124,12.0164497488675,55.2339206694538,0.0846974652048971,-1.32909675156914
"2026-04-17",12.6400003433228,13.039999961853,12.6199998855591,12.8699998855591,45735000,12.709792137146,11.7696433544159,12.4705235671997,12.1645584249496,12.1317296479715,12.0678084442956,61.7985151639443,0.529683612156617,-0.957340678823992
"2026-04-20",12.8100004196167,12.9200000762939,12.75,12.8699998855591,26029000,12.709792137146,11.8363030433655,12.456638584137,12.1720231246948,12.2206623386137,12.1153627919141,61.7985151639443,0.869140681200653,-0.592044406819063
"2026-04-21",12.8699998855591,13.0299997329712,12.7799997329712,12.7799997329712,32210000,12.6209125518799,11.8866681575776,12.4394128608704,12.1788528251648,12.2822392945008,12.152810922282,59.6743441137632,1.06500770107056,-0.260633985241137
"2026-04-22",12.8400001525879,12.8800001144409,12.5799999237061,12.6300001144409,23958300,12.4727802276611,11.9256764411927,12.4233277702331,12.1859901666641,12.3115532842178,12.17651235231,56.2067186897685,1.1090280040829,0.0132984126236704
"2026-04-23",12.6099996566772,12.6999998092651,12.3699998855591,12.4799995422363,30844500,12.3246469497681,11.9656722545624,12.4046708106995,12.191957988739,12.3135676943024,12.1874852854551,52.8964838308929,1.03452357803318,0.217543445705571
"2026-04-24",12.4499998092651,12.460000038147,12.289999961853,12.3800001144409,35043500,12.2258920669556,12.0041867733002,12.3785676765442,12.1967172908783,12.3000791362491,12.1903302322329,50.7506181206775,0.900294757610332,0.354093708086523
"2026-04-27",12.3800001144409,12.6499996185303,12.3800001144409,12.4899997711182,35098200,12.3345222473145,12.0594896316529,12.3517062568664,12.2016385412216,12.305378076413,12.2010111222389,53.0088494106487,0.855395943241244,0.454354155117468
"2026-04-28",12.5200004577637,12.5200004577637,12.2399997711182,12.3999996185303,44278000,12.2456426620483,12.1182489395142,12.3177344703674,12.2067348480225,12.2961880126646,12.2043171622248,50.9503487996848,0.752773376982652,0.514037999490504
"2026-04-29",12.3699998855591,12.3800001144409,12.1400003433228,12.2399997711182,48672800,12.0876350402832,12.152813243866,12.2804050064087,12.2105646133423,12.2641029399905,12.195674042081,47.4244818689321,0.561091561429139,0.523448711878231
"2026-04-30",11.5500001907349,12.0900001525879,11.4700002670288,12.0799999237061,80557900,11.9296264648438,12.1725642681122,12.245445652008,12.2150814914703,12.2126450207372,12.1759668141375,44.1352700015203,0.301234449465548,0.479005859395695
"2026-05-01",12.0600004196167,12.0699996948242,11.7799997329712,11.8800001144409,52880500,11.7321166992188,12.1863900184632,12.2079187011719,12.2201832771301,12.1387175866574,12.1430890278472,40.3664736963053,-0.0359994164563671,0.376004804225282
"2026-05-04",11.8500003814697,11.8800001144409,11.460000038147,11.5,51014800,11.3568468093872,12.1809585094452,12.1583436012268,12.2238375616074,12.0184297747697,12.0848488635169,34.3624684710423,-0.549606283845794,0.190882586611067
"2026-05-05",11.5600004196167,11.789999961853,11.5600004196167,11.6899995803833,42262100,11.5444812774658,12.1893526554108,12.1198290634155,12.2283823680878,11.9455146213383,12.0448216349205,39.2295257654182,-0.824478905476178,-0.0121897118063818
"2026-05-06",11.9399995803833,12.25,11.9399995803833,12.1700000762939,52111200,12.0185060501099,12.1888588428498,12.0797344589233,12.2345825481415,11.9567440719186,12.0428723323419,49.4311710125459,-0.715180382607261,-0.152787845966558
"2026-05-07",12.2200002670288,12.3000001907349,12.0600004196167,12.1800003051758,38986700,12.0283823013306,12.1858962059022,12.0352946281433,12.2414039134979,11.967765337982,12.0417989967115,49.6209305035882,-0.614805634521143,-0.245191403677475
"2026-05-08",12.289999961853,12.3699998855591,12.1800003051758,12.3199996948242,38453500,12.1666383743286,12.1952779293061,11.9940149497986,12.2480111980438,11.9983611897276,12.0510463580164,52.3183509718778,-0.437183350919412,-0.283589793125862
"2026-05-11",12.3400001525879,12.3900003433228,12.0100002288818,12.0500001907349,48850800,11.9000005722046,12.1898464202881,11.9537228393555,12.2538571023941,11.9832287870318,12.0398577812896,47.0825766803898,-0.470346039683911,-0.320941042437472
"2026-05-12",11.9200000762939,12.0299997329712,11.8000001907349,11.9899997711182,42165300,11.9899997711182,12.161757183075,11.9290564346313,12.2591523504257,11.9842704768912,12.036164595351,48.9399933660365,-0.431151618513415,-0.342983157652661
"2026-05-13",11.9700002670288,13.9399995803833,11.9700002670288,13.5699996948242,216261200,13.5699996948242,12.2126679420472,11.9496182632446,12.2732529497147,12.2282288181117,12.1497820101268,69.3077299542636,0.645664324837192,-0.14525366115469
"2026-05-14",13.75,14.9399995803833,13.6300001144409,14.4799995422363,187021600,14.4799995422363,12.3224106788636,11.9862074661255,12.292856554985,12.5746550833616,12.322390716209,75.3953555381725,2.04720311960895,0.293237694998039
"2026-05-15",13.9799995422363,14.0500001907349,13.289999961853,13.3999996185303,108272300,13.3999996185303,12.3569210529328,12.0104796600342,12.3080608129501,12.7016311656953,12.4022135978624,60.1476449836751,2.414226827092,0.717435521416832
"2026-05-18",13.9899997711182,13.9899997711182,13.0200004577637,13.0299997329712,69708800,13.0299997329712,12.372931432724,12.0311045646667,12.320462064743,12.7521494068146,12.4487162745371,55.971374971529,2.43746524208401,1.06144146555027
"2026-05-19",12.8900003433228,13.2299995422363,12.7200002670288,13.0600004196167,41418200,13.0600004196167,12.3948858261109,12.051539440155,12.3342045736313,12.7995111010919,12.4939965815801,56.2367097610358,2.44529056428771,1.33821128529776
"2026-05-20",13.0500001907349,13.3100004196167,12.9200000762939,13.2200002670288,42349000,13.2200002670288,12.4322468280793,12.0741867446899,12.3481276273727,12.8642017420052,12.547774632354,57.7007883964976,2.5217787131377,1.57492477086574
"2026-05-21",13.1700000762939,13.8000001907349,13.1400003433228,13.6700000762939,72523100,13.6700000762939,12.4995144844056,12.1084016990662,12.3637765264511,12.9881707165112,12.6309024430163,61.5925591681299,2.82852531801852,1.8256448802963
"2026-05-22",13.789999961853,14.9499998092651,13.7700004577637,14.9300003051758,109712200,14.9300003051758,12.6347198963166,12.16919921875,12.385010676384,13.2869137301519,12.8012059883614,69.9338877828752,3.79423424818011,2.21936275387306
"2026-05-26",14.7799997329712,15.5500001907349,14.7799997329712,15.3199996948242,90423300,15.3199996948242,12.7839937686921,12.245104598999,12.4078612756729,13.5996961862553,12.9877832999512,71.9635373719078,4.71144976915638,2.71778015692973
"2026-05-27",15.4300003051758,16.0599994659424,15.3900003433228,15.8800001144409,89234100,15.8800001144409,12.9657116413117,12.3314199447632,12.4333212757111,13.950512175207,13.202021582506,74.6135882901821,5.66951499074009,3.3081271236918
"2026-05-28",15.8599996566772,16.75,15.8599996566772,16.6499996185303,98577300,16.6499996185303,13.193829870224,12.4285925674438,12.4627761363983,14.3658179357182,13.4574273629523,77.7305235655948,6.75010570940717,3.99652284083487
"2026-05-29",16.8799991607666,17.7800006866455,16.8199996948242,17.4400005340576,154228200,17.4400005340576,13.4693485736847,12.5445278549194,12.4956498193741,14.8387691046935,13.7524327830342,80.3906997109548,7.89923018565519,4.77706430979894
"2026-06-01",17.3799991607666,17.4799995422363,16.6299991607666,16.6299991607666,97586400,16.6299991607666,13.7142426967621,12.6472257614136,12.5235559844971,15.114342959474,13.9655858480514,71.0228230744983,8.22562779622249,5.46677700708365
"2026-06-02",16.5699996948242,16.75,15.8299999237061,16.1499996185303,72847500,16.1499996185303,13.9539003372193,12.7426937866211,12.5490621519089,15.273674753175,14.1273942754943,66.106722791982,8.11388466498086,5.99619853866309
"2026-06-03",16.0100002288818,16.2000007629395,15.6300001144409,15.710000038147,59298500,15.710000038147,14.1621762752533,12.8246215820312,12.5723683214188,15.3408017200937,14.244624331987,61.8784923510168,7.69537590152636,6.33603401123575
"2026-06-04",15.8900003433228,15.8900003433228,15.2200002670288,15.3400001525879,50079400,15.3400001525879,14.3282509803772,12.8975692939758,12.5937279081345,15.3406784020159,14.3257632816612,58.4905741496764,7.08454481901117,6.48573617279083
"2026-06-05",15.2299995422363,15.2600002288818,14.6800003051758,14.8999996185303,65372100,14.8999996185303,14.4718318462372,12.965074672699,12.6123080158234,15.2728816660951,14.3682993066145,54.6580605301362,6.29568148725976,6.44772523568462
"2026-06-08",14.9899997711182,15.1899995803833,14.9099998474121,15,33038300,15,14.6134999275208,13.035962638855,12.6318227338791,15.2308998713112,14.4150919505689,55.3737446891184,5.65940143524413,6.29006047559652
"2026-06-09",15.1099996566772,15.3900003433228,14.4899997711182,14.9499998092651,51032600,14.9499998092651,14.7659998893738,13.1103933334351,12.6518600893021,15.1876844771503,14.4547147549168,54.9070806317104,5.07080032128713,6.04620844473464
"2026-06-10",14.8400001525879,14.8400001525879,14.2299995422363,14.3000001907349,50776700,14.3000001907349,14.8814999103546,13.1749842071533,12.6666675567627,15.0511176638556,14.4432544168293,49.1125404077188,4.20863075234661,5.67869290625704
"2026-06-11",14.3000001907349,14.7799997329712,14.1000003814697,14.710000038147,47657200,14.710000038147,14.9384999275208,13.2412572288513,12.6831386995316,14.9986380291312,14.4630133517417,52.5165309560814,3.7034099628001,5.28363631756565
"2026-06-12",14.75,15,14.6099996566772,14.8400001525879,42162200,14.8400001525879,14.9564999580384,13.3073651123047,12.7001632642746,14.9742322019707,14.4909382999525,53.5768985566245,3.33514567527871,4.89393818910826
"2026-06-15",15.2200002670288,15.4799995422363,14.7399997711182,14.7700004577637,48551900,14.7700004577637,15.025,13.373653087616,12.7164997959137,14.9428119336311,14.5116095709015,52.8919768908666,2.97143029257279,4.50943660980117
"2026-06-16",14.789999961853,14.8500003814697,14.4099998474121,14.4099998474121,47490000,14.4099998474121,15.0940000057221,13.4325435447693,12.7320021295547,14.8608408434436,14.5040829247171,49.3946590723799,2.45970683274668,4.09949065439027
"2026-06-17",14.4300003051758,14.4799995422363,13.9300003051758,13.960000038147,43099800,13.960000038147,15.1389999866486,13.4842115783691,12.744964723587,14.722249950321,14.4637804886749,45.357394795712,1.78701178332019,3.63699488017625
"2026-06-18",14.1199998855591,14.1300001144409,13.7200002670288,14.0600004196167,88711700,14.0600004196167,15.180999994278,13.5248439407349,12.7586687707901,14.6203654071358,14.4338708539298,46.4057285482268,1.29206194993199,3.1680082941274
"2026-06-22",14.1000003814697,14.5600004196167,13.9499998092651,14.1099996566772,66738100,14.1099996566772,15.2029999732971,13.5652912330627,12.7731057167053,14.5418475993729,14.4098803948741,46.9537146612766,0.91581054722556,2.71756874474703
"2026-06-23",13.8400001525879,14.2200002670288,13.7399997711182,14,65368300,14,15.1564999580384,13.6057111549377,12.7867029190063,14.4584864302386,14.3795188841426,45.8431639354927,0.549166816582769,2.28388835911418
"2026-06-24",14.0299997329712,14.1499996185303,13.710000038147,13.8400001525879,51675000,13.8400001525879,15.0824999809265,13.6423385429382,12.7992103862762,14.3633346952154,14.3395545336571,44.2053804097336,0.165836124842644,1.86027791225987
"2026-06-25",13.9200000762939,14.3599996566772,13.8900003433228,14.1099996566772,61741400,14.1099996566772,14.9939999580384,13.6735028457642,12.81330930233,14.3243600739019,14.3225504686956,47.6069817512496,0.0126346575644698,1.49074926132079
"2026-06-26",13.9700002670288,14.4799995422363,13.9700002670288,14.1300001144409,59551900,14.1300001144409,14.8679999828339,13.7050671577454,12.8284740209579,14.2944585416771,14.3082874794916,47.8605641313721,-0.0966498460022724,1.17326943985618
"2026-06-29",14.0900001525879,14.25,13.960000038147,14.0200004577637,46333200,14.0200004577637,14.6969999790192,13.7397642707825,12.8434267663956,14.252234221075,14.2869328852895,46.5267824356363,-0.242869932217682,0.890041565441407
"2026-06-30",14.0200004577637,14.1899995803833,13.789999961853,13.8999996185303,59291800,13.8999996185303,14.5605000019074,13.7635684204101,12.8561376476288,14.198044282222,14.2582711618259,45.0517675229588,-0.422399594735756,0.627553333405974
