"Date","GE.Open","GE.High","GE.Low","GE.Close","GE.Volume","GE.Adjusted","SMA20","SMA50","SMA200","EMA12","EMA26","RSI","MACD","Signal"
"2020-01-02",55.9718360900879,59.6102523803711,55.9718360900879,59.4607276916504,17540015,57.7474822998047,NA,NA,NA,NA,NA,NA,NA,NA
"2020-01-03",57.6664428710938,59.8096199035645,57.4670753479004,59.6600952148438,17231837,57.9411087036133,NA,NA,NA,NA,NA,NA,NA,NA
"2020-01-06",59.0121574401855,60.8562850952148,59.0121574401855,60.507396697998,22461009,58.7639961242676,NA,NA,NA,NA,NA,NA,NA,NA
"2020-01-07",60.5572395324707,61.0058097839355,59.410888671875,60.0588264465332,14160793,58.3283538818359,NA,NA,NA,NA,NA,NA,NA,NA
"2020-01-08",59.7597770690918,60.0588264465332,59.1616821289062,59.510570526123,11115771,57.7958869934082,NA,NA,NA,NA,NA,NA,NA,NA
"2020-01-09",60.1585083007812,60.2581901550293,58.9623146057129,59.3610458374023,7900488,57.6506729125977,NA,NA,NA,NA,NA,NA,NA,NA
"2020-01-10",59.0121574401855,59.3610458374023,57.7661247253418,58.164852142334,11767739,56.488941192627,NA,NA,NA,NA,NA,NA,NA,NA
"2020-01-13",58.513744354248,60.5572395324707,58.2146949768066,60.40771484375,13274420,58.667179107666,NA,NA,NA,NA,NA,NA,NA,NA
"2020-01-14",60.6070785522461,60.7566032409668,59.7597770690918,59.9591445922852,9034667,58.2315368652344,NA,NA,NA,NA,NA,NA,NA,NA
"2020-01-15",59.9093017578125,59.9093017578125,58.9623146057129,59.1616821289062,9239517,57.4570541381836,NA,NA,NA,NA,NA,NA,NA,NA
"2020-01-16",59.510570526123,59.7099342346191,58.9124755859375,59.0121574401855,7358067,57.311840057373,NA,NA,NA,NA,NA,NA,NA,NA
"2020-01-17",59.0619964599609,59.4607276916504,58.6134262084961,58.8626327514648,9345794,57.1666297912598,NA,NA,NA,57.7958901723226,NA,NA,NA,NA
"2020-01-21",58.513744354248,58.8127937316895,57.8658065795898,58.1150131225586,8775485,56.4405479431152,NA,NA,NA,57.5873759832138,NA,NA,NA,NA
"2020-01-22",58.3642196655273,58.3642196655273,56.5699310302734,56.6696128845215,12428998,55.0368003845215,NA,NA,NA,57.1949797372611,NA,NA,NA,NA
"2020-01-23",58.4639015197754,59.0619964599609,57.8159637451172,58.6632652282715,14679157,56.9729995727539,NA,NA,NA,57.1608289427215,NA,46.491229889372,NA,NA
"2020-01-24",59.2115211486816,59.2613639831543,57.9156455993652,58.3642196655273,11912960,56.6825675964355,NA,NA,NA,57.0872502740621,NA,45.2099720770834,NA,NA
"2020-01-27",57.0683441162109,57.7661247253418,56.7194557189941,57.0185012817383,9602991,55.3756370544434,NA,NA,NA,56.8239251633516,NA,39.8833716763601,NA,NA
"2020-01-28",57.4172325134277,58.9124755859375,57.168025970459,58.4639015197754,12625782,56.7793884277344,NA,NA,NA,56.817073357872,NA,47.0935626315831,NA,NA
"2020-01-29",62.6505737304688,64.7937545776367,62.2518463134766,64.4947052001953,44278356,62.6364326477051,NA,NA,NA,57.7123594024617,NA,65.6210839995951,NA,NA
"2020-01-30",64.2454986572266,64.7439117431641,62.301685333252,63.4480361938477,19154638,61.6199188232422,57.7547487258911,NA,NA,58.3135223902741,NA,61.5898551143454,NA,NA
"2020-01-31",63.1988296508789,63.4978790283203,61.504222869873,62.0524787902832,15646447,60.2645568847656,57.8806024551392,NA,NA,58.6136815432728,NA,56.5973677975695,NA,NA
"2020-02-03",62.1023216247559,63.1988296508789,61.0556526184082,61.1054954528809,10105766,59.3448600769043,57.9507900238037,NA,NA,58.7261705484469,NA,53.4322813110938,NA,NA
"2020-02-04",62.2518463134766,62.8997802734375,61.7534294128418,62.7004165649414,8905297,60.8938255310059,58.0572814941406,NA,NA,59.059655930379,NA,57.7207151734184,NA,NA
"2020-02-05",63.5975608825684,64.0959777832031,62.6505737304688,64.0959777832031,10046658,62.2491760253906,58.2533226013184,NA,NA,59.5503513296116,NA,61.0966590862942,NA,NA
"2020-02-06",64.4947052001953,64.7937545776367,63.9464492797852,64.544548034668,12763278,62.6848411560059,58.4977703094483,NA,NA,60.0325805336722,NA,62.1430620008588,NA,NA
"2020-02-07",64.8934326171875,65.2423248291016,63.8467674255371,63.9464492797852,13369743,62.1039619445801,58.7204347610474,NA,NA,60.3512545968888,58.5629306206337,59.8322475507029,3.05367910605399,NA
"2020-02-10",63.9962921142578,64.6442260742188,63.647403717041,64.3451843261719,6720424,62.4912147521973,59.0205484390259,NA,NA,60.6804792361671,58.8539146303791,60.8767296494289,3.10355669161404,NA
"2020-02-11",64.544548034668,64.6940689086914,63.6972427368164,64.0461349487305,8202487,62.2007789611816,59.1972284317017,NA,NA,60.9143715015539,59.1018305067348,59.6244873496956,3.06681024814031,NA
"2020-02-12",64.544548034668,66.0896301269531,64.1956558227539,65.5912170410156,13184414,63.7013359069824,59.4707183837891,NA,NA,61.3431352562352,59.4425346104569,63.770978056213,3.19737483980702,NA
"2020-02-13",65.1924819946289,65.5912170410156,64.2953414916992,64.4947052001953,10234936,62.6364326477051,59.7296873092651,NA,NA,61.5421040856921,59.6791196502531,59.1299666188714,3.12166876179978,NA
"2020-02-14",64.6442260742188,65.1426467895508,63.547721862793,63.9464492797852,7416954,62.1039619445801,59.9692934036255,NA,NA,61.6285437562903,59.858737597981,56.9001298963503,2.95663796018477,NA
"2020-02-18",63.3483543395996,64.544548034668,63.1489906311035,63.547721862793,8820688,61.7167205810547,60.1967979431152,NA,NA,61.6421094216387,59.9963659670976,55.2677986181692,2.74307189779399,NA
"2020-02-19",63.298511505127,64.4947052001953,62.7502593994141,62.8499412536621,11010597,61.0390434265137,60.4267227172852,NA,NA,61.5493300377733,60.0736013344617,52.4329793962988,2.45653443530942,NA
"2020-02-20",63.0493049621582,63.1988296508789,61.8531150817871,62.4512100219727,7937566,60.6518020629883,60.7074728012085,NA,NA,61.4112488108833,60.1164310180563,50.8286076886105,2.15385007210107,2.87257600142271
"2020-02-21",62.0524787902832,62.1023216247559,60.9061279296875,61.0556526184082,8611565,59.296443939209,60.8236450195313,NA,NA,61.0858942152411,60.055691234438,45.572542716001,1.71541274378399,2.64114334989497
"2020-02-24",58.2645378112793,60.1086654663086,57.8159637451172,59.1118392944336,14240786,57.4086494445801,60.8599491119385,NA,NA,60.520164250524,59.8596140648189,39.4530133111033,1.10349890493757,2.33361446090349
"2020-02-25",59.6600952148438,59.8096199035645,55.7226295471191,56.4204063415527,16269102,54.7947616577148,60.8309053421021,NA,NA,59.6393330823995,59.4844398124408,32.8711788864665,0.260392920311769,1.91897015278514
"2020-02-26",56.6696128845215,57.5169143676758,53.8286552429199,54.5762786865234,18682881,53.0037727355957,60.6421245574951,NA,NA,58.6184776444297,59.0043903993412,29.2682612060613,-0.654040745611661,1.40436797310578
"2020-02-27",52.931510925293,54.5762786865234,51.3864326477051,51.7851600646973,18910102,50.2930793762207,60.0249568939209,NA,NA,57.3376471416283,58.3591081013322,24.8319495131226,-1.75030255419653,0.773433867645321
"2020-02-28",49.5921401977539,55.7724685668945,49.1435699462891,54.2273864746094,30359552,52.6649322509766,59.5772075653076,NA,NA,56.6187679276819,57.9373172976022,34.2263507590453,-2.275820544378,0.163582985240656
"2020-03-02",55.8721504211426,56.5200881958008,53.6292915344238,55.8721504211426,25039892,54.2623023986816,59.2770948410034,NA,NA,56.2562347693742,57.6650939717562,39.6928249845975,-2.44317507411349,-0.357768626630173
"2020-03-03",56.0715179443359,56.7194557189941,53.1807174682617,54.2273864746094,21919391,52.6649322509766,58.943098449707,NA,NA,55.7037266896207,57.2947116220688,36.4320305051727,-2.77684429750291,-0.841583760804721
"2020-03-04",55.1245307922363,55.4235801696777,53.3302421569824,54.5762786865234,16665500,53.0037727355957,58.5485958099365,NA,NA,55.2883491582322,56.9768642971449,37.6030104800181,-2.9635101189612,-1.26596903243602
"2020-03-05",52.8318290710449,53.4797668457031,49.5921401977539,50.2400817871094,21686251,48.7925186157227,57.8757629394531,NA,NA,54.2889906132308,56.3706164688914,30.1655700036078,-3.69274985099622,-1.75132519614806
"2020-03-06",48.5454750061035,48.6451568603516,45.7543563842773,46.8508682250977,29787216,45.5461311340332,57.0188274383545,NA,NA,52.9439353087388,55.5688027403834,25.9109749467314,-4.72363502936691,-2.34578716279183
"2020-03-09",41.5178451538086,43.1626091003418,40.4213333129883,40.9197463989258,24558063,39.7801933288574,55.9026390075684,NA,NA,50.9187442349109,54.3992761173074,20.4059649363797,-6.39812168619854,-3.15625406747317
"2020-03-10",43.7607040405273,44.1095924377441,40.670539855957,44.1095924377441,19850767,42.8812065124512,54.9221385955811,NA,NA,49.6821999699171,53.5460857762069,29.127098075544,-7.21600047936037,-3.96820334985061
"2020-03-11",42.9632415771484,43.1626091003418,40.670539855957,40.9197463989258,20746329,39.7801933288574,53.8011093139649,NA,NA,48.158814332831,52.5263900393662,26.0528917433595,-8.31501213630311,-4.83756510714111
"2020-03-12",36.0352935791016,38.7765693664551,34.0416412353516,36.0352935791016,31583435,35.0317649841309,52.3676307678223,NA,NA,46.1392682791848,51.2304918871266,22.1906702674194,-9.93787765918578,-5.85762761755005
"2020-03-13",38.8762512207031,40.0724449157715,35.8359298706055,39.1254577636719,22099041,38.0358734130859,51.1376028060913,55.9283602905274,NA,44.8925921459388,50.2531127409013,29.3286457459681,-10.667041905644,-6.81951047516885
"2020-03-16",34.8391036987305,35.6365623474121,33.1444969177246,33.1943397521973,23255932,32.2699241638184,49.6459009170532,55.4188091278076,NA,42.9506432256126,48.9210246981544,24.6538013049461,-12.2041218665787,-7.89643275345082
"2020-03-17",34.440372467041,36.5337104797363,31.4000492095947,35.2876739501953,24121739,34.3049697875977,48.2753133773804,54.9460863494873,NA,41.6205396197642,47.8383539640391,28.9578695510302,-12.9975507705575,-8.91665635687215
"2020-03-18",32.4467163085938,33.8921165466309,29.4063968658447,32.8952903747559,27873844,31.9791946411133,46.8223209381104,54.4103903198242,NA,40.1372557768948,46.6636014216002,27.0556770416217,-13.9859450318475,-9.93051409186721
"2020-03-19",31.8984622955322,34.440372467041,30.6524295806885,32.2971954345703,19861762,31.3977661132812,45.359619140625,53.8717785644531,NA,38.7927189055696,45.5327988061692,26.5855164163445,-14.802691855802,-10.9049496446542
"2020-03-20",34.9387855529785,35.1381492614746,32.1476707458496,32.4965591430664,25306037,31.5915794372559,43.9743759155274,53.3476924133301,NA,37.6848512950598,44.5001158899534,27.040651978071,-15.3151614520451,-11.7869920061324
"2020-03-23",32.1476707458496,33.0448150634766,30.0543327331543,30.4530639648438,21193467,29.6049900054932,42.584192943573,52.786778755188,NA,36.4417957120496,43.3967732318452,25.3086918335232,-16.0264853855354,-12.634890682013
"2020-03-24",33.1943397521973,35.1879920959473,32.2473526000977,34.9387855529785,23974833,33.9657936096191,41.5427445411682,52.3363158035278,NA,36.0608723116757,42.6981821487173,35.1307539448075,-15.5447129199178,-13.2168551295939
"2020-03-25",37.1318054199219,39.8730773925781,34.6895790100098,37.680061340332,27665082,36.6307258605957,40.7240921974182,51.8955867385864,NA,36.1485420884326,42.2487409421898,40.2976351059894,-14.4387707603034,-13.4612382557358
"2020-03-26",38.0289497375488,41.3683204650879,37.4308547973633,40.4711761474609,24714600,39.3441162109375,40.1766440391541,51.5178383255005,NA,36.6401688765103,42.0335835546896,45.0930656538594,-12.8312035807322,-13.3352313207351
"2020-03-27",38.2781562805176,39.2251396179199,37.5803756713867,37.9791069030762,18719196,36.921443939209,39.3894696235657,51.107126121521,NA,36.6834419630793,41.6549065461355,41.8600839843907,-11.9348835353886,-13.0551617636658
"2020-03-30",37.5803756713867,39.574031829834,36.6333923339844,39.3248252868652,17425331,38.229679107666,38.5878384590149,50.7254829025269,NA,36.921324600708,41.4011859951378,44.1871233078379,-10.8206112620925,-12.6082516633511
"2020-03-31",39.2251396179199,40.7702217102051,38.9759368896484,39.574031829834,24307107,38.4719543457031,37.8781895637512,50.3515893936157,NA,37.159883023015,41.1842058729574,44.6291196175825,-9.77151984514758,-12.0409052997104
"2020-04-01",37.4806938171387,37.6302185058594,34.8889427185059,35.0883102416992,19974760,34.1111526489258,36.9335585594177,49.9050014877319,NA,36.6908475808474,40.6602760045106,38.6899657867642,-9.76242370618168,-11.5852089810047
"2020-04-02",34.9886283874512,36.8327560424805,33.7425918579102,34.3905296325684,19561750,33.432804107666,36.1655728340149,49.4729215621948,NA,36.1896101234349,40.1249077158555,37.846242068314,-9.80761780260884,-11.2296907453255
"2020-04-03",35.0384674072266,35.1381492614746,32.7956085205078,33.5432281494141,19622924,32.6090927124023,35.5187209129334,48.9856434249878,NA,35.6387612909683,39.5681806785627,36.7968931338497,-9.93075577448326,-10.9699037511571
"2020-04-06",35.2378349304199,36.3841857910156,34.5898971557617,36.0352935791016,19672140,35.0317649841309,35.281299495697,48.5526273727417,NA,35.5453772437626,39.2321498863825,41.8993833734279,-9.3973250339249,-10.6553880077106
"2020-04-07",38.327995300293,38.6270446777344,34.8889427185059,35.0384674072266,19278732,34.0627021789551,34.8403742790222,48.1263686752319,NA,35.3172733876383,38.8492278339805,40.4912403270175,-9.09144053373654,-10.3425985129158
"2020-04-08",35.7860870361328,36.7829132080078,35.1879920959473,36.3841857910156,18589124,35.3709373474121,34.61991147995,47.6981996536255,NA,35.3255293814497,38.5915766868273,43.2634169614122,-8.46310927351259,-9.96670066503517
"2020-04-09",37.1318054199219,37.5803756713867,35.337516784668,35.5867233276367,25701070,34.5956802368164,34.5981072425842,47.1373846054077,NA,35.2132448976599,38.2955843571969,42.0143596362938,-8.0488116613832,-9.58312286430478
"2020-04-13",35.5368804931641,35.5368804931641,33.6927528381348,34.9886283874512,18874790,34.0142364501953,34.3970253944397,46.5852709579468,NA,35.0287820595885,37.9784474751967,41.0569562431335,-7.76668245202667,-9.21983478184916
"2020-04-14",35.3873596191406,36.0851364135742,34.0914840698242,34.5400543212891,21481602,33.5781593322754,34.4624371528626,46.051543006897,NA,34.8056093323095,37.6525002053507,40.3149566636134,-7.56096104512236,-8.8880600345038
"2020-04-15",33.5432281494141,33.5432281494141,31.6492557525635,32.3968772888184,27732155,31.4946689605713,34.3219221115112,45.4945391845703,NA,34.2962338905037,37.1963645575893,36.8850654170152,-7.79681213898068,-8.66981045539917
"2020-04-16",32.2971954345703,32.5962409973145,30.9016361236572,31.101001739502,33241115,30.2348804473877,34.234706401825,44.881360282898,NA,33.6714102838704,36.6806990679447,34.9489167502816,-8.20401153887523,-8.57665067209439
"2020-04-17",32.2473526000977,34.5898971557617,31.5994148254395,34.0914840698242,33287181,33.1420860290527,34.3219223976135,44.2992184829712,NA,33.5899757831292,36.4185795835823,42.4556902393116,-7.76692510470192,-8.41470555861589
"2020-04-20",32.9451332092285,33.6429100036621,32.197509765625,32.4467163085938,20001786,31.5431213378906,34.3194994926453,43.6763840866089,NA,33.2750750992464,36.0574345283459,39.7394484473025,-7.71646531566809,-8.27505751002633
"2020-04-21",31.8486213684082,32.7956085205078,31.4000492095947,32.2971954345703,15539929,31.3977661132812,34.4091382980347,43.0622601699829,NA,32.9862583321748,35.7122739050078,39.4920943304394,-7.63327359127005,-8.14670072627508
"2020-04-22",32.8454475402832,33.0946578979492,31.8984622955322,32.0479888916016,15398901,31.1554985046387,34.2686235427857,42.4355458450317,NA,32.7046029740923,35.3747349864619,39.0557476730485,-7.5481329072613,-8.02698716247232
"2020-04-23",32.197509765625,33.5930671691895,32.0479888916016,32.4965591430664,16611930,31.5915794372559,34.0166662216187,41.8233618545532,NA,32.5333685838098,35.0945012420763,40.3336780210118,-7.29781751448814,-7.88115323287548
"2020-04-24",32.8454475402832,32.8952903747559,31.150842666626,31.20068359375,31222349,30.3317909240723,33.5660499572754,41.155970954895,NA,32.1946643284656,34.7417078851871,37.8635952362561,-7.3313711724792,-7.77119682079623
"2020-04-27",31.7987804412842,32.2473526000977,31.5495738983154,32.0479888916016,21475783,31.1554985046387,33.2777526855469,40.5263522720337,NA,32.0347926632614,34.4760627458872,40.4323024064308,-7.08105824211908,-7.6331691050608
"2020-04-28",32.7457656860352,34.4902114868164,32.7457656860352,33.8921165466309,28223273,32.9482612609863,33.0136817932129,39.9432382583618,NA,32.1753262936806,34.3628922655242,45.6942744810562,-6.36607057095221,-7.37974939823908
"2020-04-29",33.2940216064453,34.3905296325684,32.4965591430664,32.7956085205078,45188986,31.8822975158691,32.6841989517212,39.3465497970581,NA,32.1302449432481,34.1791445062905,43.2479847298676,-5.99458995430765,-7.10271750945279
"2020-04-30",32.6959266662598,33.9917984008789,31.9483051300049,33.8921165466309,35254082,32.9482612609863,32.6260543823242,38.7847341537476,NA,32.2560936075155,34.0879679696013,46.3416148772657,-5.37396175600547,-6.75696635876333
"2020-05-01",33.2441787719727,33.5930671691895,31.9483051300049,32.3968772888184,24151935,31.4946689605713,32.5291476249695,38.2015914916992,NA,32.1389513541395,33.8958717467102,42.9068383914654,-5.18328723243772,-6.44223053349821
"2020-05-04",31.4000492095947,31.4498901367188,30.6524295806885,30.9514770507812,27457604,30.0895214080811,32.4031690597534,37.6174530410767,NA,31.8236544393613,33.6139198697747,39.833306812822,-5.32596447349543,-6.21897732149765
"2020-05-05",31.3003673553467,32.197509765625,30.7022705078125,30.9016361236572,23474184,30.0410671234131,32.1536341667175,37.0701013946533,NA,31.5494102369077,33.3492641107849,39.727625375684,-5.39698227792432,-6.05457831278299
"2020-05-06",30.9016361236572,31.150842666626,29.7552852630615,29.8051261901855,23525367,28.97509765625,31.8992539405823,36.553708114624,NA,31.1533621475757,33.0252517808194,37.3781677323515,-5.66805560080791,-5.97727377038797
"2020-05-07",30.203857421875,31.20068359375,30.203857421875,30.4530639648438,20196745,29.6049900054932,31.6109565734863,36.085732460022,NA,30.9151510487938,32.7718990567212,39.6494065871774,-5.66567108214787,-5.91495323273995
"2020-05-08",30.9514770507812,31.5495738983154,30.7022705078125,31.3502082824707,18787072,30.4771480560303,31.405029964447,35.6894138336182,NA,30.847765972984,32.6019175011144,42.7458121642444,-5.38051643149647,-5.80806587249126
"2020-05-11",31.101001739502,31.150842666626,30.5527477264404,30.8517951965332,14414337,29.9926166534424,31.2039489746094,35.2359675216675,NA,30.7162045392084,32.4086359568424,41.4727473337444,-5.22216183330819,-5.69088506465464
"2020-05-12",31.0013198852539,31.3003673553467,29.9048099517822,29.9048099517822,19191335,29.07200050354,30.9786410331726,34.7321614837647,NA,30.4632500721825,32.1614777751163,39.0905896141735,-5.28031614345705,-5.60877128041513
"2020-05-13",29.9048099517822,30.0044918060303,27.3130588531494,28.8581409454346,47299141,28.054479598999,30.806631565094,34.2399524307251,NA,30.092669999385,31.8572556879965,36.5890452032391,-5.5390385973402,-5.59482474380014
"2020-05-14",28.0108375549316,29.4063968658447,27.3130588531494,28.4095687866211,28130338,27.6184043884277,30.675807762146,33.7322450637817,NA,29.7120137515454,31.5432667028433,35.5393851993812,-5.80552727321917,-5.63696524968395
"2020-05-15",27.9609966278076,28.2102031707764,27.3130588531494,27.3628997802734,25779038,26.600887298584,30.3487478256226,33.288412437439,NA,29.2333789126283,31.17716452475,33.1496924159966,-6.23464526602032,-5.75650125295122
"2020-05-18",28.6089344024658,32.3470344543457,28.6089344024658,31.2505264282227,51073738,30.3802394866943,30.2906037330628,32.9850946044922,NA,29.4098190009461,31.1181330404496,47.3189454791287,-5.48977034477883,-5.70315507131674
"2020-05-19",31.3502082824707,31.7489395141602,30.3533802032471,30.9514770507812,21766084,30.0895214080811,30.2251914978027,32.7912811660767,NA,29.5143886020438,31.0419395862001,46.5024408440327,-4.92092634841449,-5.54670932673629
"2020-05-20",31.5495738983154,32.2473526000977,31.3502082824707,31.9981460571289,18315596,31.1070442199707,30.2227687835693,32.5557979202271,NA,29.7594125432633,31.0467621516645,49.7694357103505,-4.1464858786641,-5.26666463712185
"2020-05-21",31.9981460571289,32.6460838317871,31.5495738983154,32.2971954345703,19827132,31.3977661132812,30.2130781173706,32.3881493759155,NA,30.0114669386507,31.0727624451176,50.6958729950563,-3.41551707332569,-4.89643512436262
"2020-05-22",32.2971954345703,32.2971954345703,31.2505264282227,31.9483051300049,13961540,31.05859375,30.249418258667,32.3086859512329,NA,30.172563371166,31.071712912146,49.5477218547246,-2.89378813302724,-4.49590572609555
"2020-05-26",33.8422775268555,34.5898971557617,33.8422775268555,33.8921165466309,25984590,32.9482612609863,30.3390563964844,32.2069337081909,NA,30.5995938157537,31.2107164935415,55.5833426899087,-1.95805398416367,-3.98833537770917
"2020-05-27",36.1349792480469,37.0321235656738,35.337516784668,36.334342956543,29644242,35.3224792480469,30.4577672958374,32.2679848098755,NA,31.3261915745681,31.5152915123938,61.7713400576654,-0.600025983422559,-3.31067349885185
"2020-05-28",37.331169128418,37.331169128418,33.5930671691895,33.7924346923828,27831269,32.8513717651367,30.5062210083008,32.2389128494263,NA,31.5608346808094,31.6142604200044,53.4281836180392,-0.16899253212066,-2.68233730550561
"2020-05-29",32.6959266662598,33.4933853149414,32.097827911377,32.7457656860352,25942336,31.8338451385498,30.450500202179,32.236005859375,NA,31.6028362896925,31.6305259547114,50.4089950810225,-0.0875409566649554,-2.16337803573748
"2020-06-01",32.7956085205078,33.9917984008789,32.3470344543457,33.6927528381348,15083601,32.7544479370117,30.513489151001,32.2631394958496,NA,31.780007312357,31.7137794348818,52.9969519692241,0.208829974400171,-1.68893643370995
"2020-06-02",34.3905296325684,35.7860870361328,34.1911659240723,35.1381492614746,22787385,34.1595993041992,30.7169930458069,32.3144998931885,NA,32.146098388025,31.8949512770535,56.7103673484777,0.787419641403386,-1.19366521868728
"2020-06-03",35.9854545593262,36.9822807312012,35.7860870361328,36.6832313537598,24642090,35.6616592407227,30.9980226516724,32.4356332778931,NA,32.6869539038247,32.1739666817697,60.3192763338787,1.59441708611461,-0.636048757726905
"2020-06-04",36.434024810791,38.6270446777344,35.7362480163574,38.577205657959,25118482,37.5028877258301,31.4244121551514,32.5063751602173,NA,33.4278667995178,32.5687015739223,64.2532683567006,2.6380088369363,0.0187627612057365
"2020-06-05",42.1159400939941,42.6641960144043,39.0257759094238,39.2749824523926,33669153,38.1812400817871,31.8532246589661,32.5373854446411,NA,34.15915499679,32.9844451670975,65.6061716275647,3.56140545563672,0.727291300091934
"2020-06-08",40.9695892333984,42.7140350341797,40.4213333129883,42.1657791137695,31792699,40.991527557373,32.3789436340332,32.5703336715698,NA,35.2102892368797,33.577562381192,70.5747354855794,4.86255326444507,1.55434369296256
"2020-06-09",40.8200645446777,40.9197463989258,39.3746643066406,39.9727630615234,23603936,38.8595771789551,32.8222916603088,32.6090963363648,NA,35.7717181510452,33.9688227365818,63.1246636422288,5.3075004348671,2.30497504134347
"2020-06-10",39.7235565185547,39.7733955383301,37.4806938171387,37.9292678833008,23465356,36.8729820251465,33.2123407363892,32.5819623947144,NA,35.9411433624454,34.1839456468459,57.0782379212177,5.14041805984911,2.8720636450446
"2020-06-11",35.1879920959473,36.6333923339844,34.0914840698242,34.6397361755371,24979842,33.6750564575195,33.4933695793152,32.4860244369507,NA,35.5925146078414,34.1462501513402,48.9500064727336,4.23550009178499,3.14475093439267
"2020-06-12",36.5835494995117,37.0321235656738,35.2876739501953,36.1349792480469,20261430,35.1286735534668,33.8688830375672,32.5063748550415,NA,35.5211544456299,34.2190222552015,52.276768257493,3.80528754070557,3.27685825565525
"2020-06-15",34.6397361755371,36.6333923339844,34.1413230895996,36.0851364135742,20497800,35.0802154541016,34.292849445343,32.5393230819702,NA,35.4533176777025,34.2828143440089,52.154751093335,3.41425684002559,3.30433797252932
"2020-06-16",38.5273628234863,38.577205657959,36.334342956543,37.2314872741699,19694772,36.194652557373,34.583570098877,32.6110342788696,NA,35.5673691976518,34.4244319894433,54.7694286507149,3.32013381821095,3.30749714166565
"2020-06-17",37.3810119628906,37.5305366516113,35.8857727050781,36.0851364135742,15090141,35.0802154541016,34.833104801178,32.6120032882691,NA,35.4924224678748,34.4730085423809,51.725273388971,2.9571365209992,3.23742501753236
"2020-06-18",35.5368804931641,36.4838676452637,34.9886283874512,36.2845001220703,15729550,35.2740249633789,35.0414538383484,32.6362297439575,NA,35.4588228517985,34.5323430920845,52.2226154195727,2.68293338000116,3.12652669002612
"2020-06-19",36.9822807312012,37.1318054199219,35.337516784668,35.6365623474121,17792356,34.6441421508789,35.2037726402283,32.6216938400269,NA,35.3334873593494,34.540624503847,50.4050956523695,2.29545026151461,2.96031140432382
"2020-06-22",35.7362480163574,35.7860870361328,34.6895790100098,35.0883102416992,15707761,34.1111526489258,35.3564005851746,32.6120032882691,NA,35.145435865438,34.5088117738529,48.8556411719843,1.84481603063351,2.73721232958576
"2020-06-23",35.337516784668,35.5368804931641,34.7394218444824,34.8889427185059,16168082,33.9173355102539,35.404854297638,32.6100652694702,NA,34.9564973492559,34.46499871729,48.2745016865535,1.42608051721562,2.47498596711173
"2020-06-24",34.3905296325684,34.3905296325684,32.4965591430664,32.5464019775391,29025298,31.6400241851807,35.2207315444946,32.5713025665283,NA,34.4462707086289,34.2557413445411,41.9590271434693,0.556196878565407,2.09122814940246
"2020-06-25",32.3968772888184,33.3937034606934,31.9981460571289,33.2940216064453,14836396,32.366828918457,35.1965044021607,32.588745765686,NA,34.126356587064,34.1158219055719,44.456503740941,0.03087916662603,1.67915835284718
"2020-06-26",32.9949722290039,33.1444969177246,32.1476707458496,32.2971954345703,17938840,31.4448394775391,35.1770541191101,32.6129449462891,NA,33.7138154932909,33.9179713553473,41.9882628920404,-0.601910591637311,1.22294456395028
"2020-06-29",32.7457656860352,33.8921165466309,32.3968772888184,33.8921165466309,15103383,32.9976654052734,35.1892149925232,32.6100565338135,NA,33.6036385566729,33.8498005442307,47.2956437496792,-0.7272184284696,0.832911965466304
"2020-06-30",33.443546295166,34.2410087585449,33.1943397521973,34.0416412353516,13947676,33.1432456970215,35.1383973121643,32.6420590209961,NA,33.5328088859573,33.7974631481411,47.7780159226966,-0.783059548060872,0.509717662760869
"2020-07-01",34.5400543212891,34.9387855529785,33.443546295166,33.5930671691895,24202957,32.7065048217773,34.9906395912171,32.668233795166,NA,33.4056851837757,33.7166514202623,46.4058261438696,-0.922292764517318,0.223315577305231
"2020-07-02",34.1911659240723,35.0883102416992,33.9419593811035,33.9917984008789,14877567,33.0947189331055,34.7702311515808,32.7070182037354,NA,33.3578442221342,33.6705823471396,47.8398522030351,-0.92881709553212,-0.0071109572622387
"2020-07-06",34.7892608642578,35.2876739501953,34.340690612793,34.8889427185059,15133900,33.9681854248047,34.5595784187317,32.7545503234863,NA,33.4517428686989,33.6926270195592,51.0156746115641,-0.714946183093856,-0.148678002428562
"2020-07-07",34.340690612793,34.340690612793,33.6429100036621,33.6927528381348,12526487,32.8035621643066,34.1501801490784,32.803985748291,NA,33.3520227603308,33.6267703636146,46.9141515651512,-0.817050226093308,-0.282352447161511
"2020-07-08",33.9917984008789,34.2410087585449,33.4933853149414,34.1911659240723,12928884,33.2888221740723,33.8716423988342,32.8466522216797,NA,33.3422995932141,33.6017371643893,48.7625794284144,-0.772095710129184,-0.380301099755046
"2020-07-09",34.0416412353516,34.0416412353516,32.7956085205078,32.7956085205078,14997186,31.9300861358643,33.6244976043701,32.8262887191773,NA,33.1250359843911,33.4779111622763,44.1292269646835,-1.05405374957457,-0.51505162971895
"2020-07-10",32.5962409973145,33.4933853149414,32.5464019775391,33.3438606262207,12725057,32.4638786315918,33.5639387130737,32.8379203414917,NA,33.0233194685758,33.4027976414849,46.2884543084453,-1.13606703540831,-0.639254710856821
"2020-07-13",33.6927528381348,33.9917984008789,33.0946578979492,33.3937034606934,13742084,32.5124092102051,33.4331254959107,32.8292033004761,NA,32.9447178903649,33.3368429428715,46.4909280918109,-1.17625131203513,-0.746654031092482
"2020-07-14",33.1943397521973,34.340690612793,32.7457656860352,34.2908477783203,13946091,33.3858795166016,33.3484086990357,32.8670275115967,NA,33.0125889097859,33.3404752816664,50.1344322964372,-0.983448403510623,-0.79401290557611
"2020-07-15",35.337516784668,35.9356117248535,35.0384674072266,35.5867233276367,18022606,34.6475524902344,33.2710536956787,32.9581881332398,NA,33.2641217683165,33.4372958156344,54.9103025086835,-0.517906855484729,-0.738791695557834
"2020-07-16",35.1879920959473,35.7860870361328,34.8391036987305,35.1381492614746,10502384,34.2108116149902,33.2275835037232,33.0415830230713,NA,33.4097663601124,33.4945932822533,53.0173846363702,-0.253255567028532,-0.641684469851974
"2020-07-17",35.1879920959473,35.6365623474121,34.7892608642578,35.2378349304199,12029771,34.3078651428223,33.1792755126953,33.1482383728027,NA,33.5479354036063,33.5548356422955,53.4018162500393,-0.0205640664217466,-0.517460389165928
"2020-07-20",34.9387855529785,35.1879920959473,34.1911659240723,34.2410087585449,9844356,33.3373527526855,33.1139360427857,33.2228856277466,NA,33.5155380726954,33.5387257986206,49.0773047993082,-0.0691371701611376,-0.42779574536497
"2020-07-21",34.5898971557617,35.6365623474121,34.3905296325684,35.0883102416992,14019625,34.1622848510742,33.1164926528931,33.2965883636475,NA,33.6150375770613,33.5849153580616,52.5915991258995,0.0896897273033437,-0.324298650831307
"2020-07-22",34.8391036987305,35.337516784668,34.3905296325684,35.1879920959473,13143364,34.259349822998,33.1335933685303,33.3819230270386,NA,33.7141625379747,33.6348734665754,53.0025876641975,0.235734709922486,-0.212291978680549
"2020-07-23",35.1879920959473,35.4870414733887,34.7394218444824,35.0883102416992,13769391,34.1622848510742,33.259706401825,33.4837287139893,NA,33.7831044322977,33.6739409765383,52.5123344913387,0.324177843738038,-0.104998014196831
"2020-07-24",34.9886283874512,35.437198638916,33.9917984008789,34.1911659240723,13131567,33.2888221740723,33.3058060646057,33.5884155654907,NA,33.7070610079553,33.6454136578371,48.1924800010894,0.183226607778142,-0.0473530898018367
"2020-07-27",34.0914840698242,34.1413230895996,33.3438606262207,33.443546295166,14185812,32.5609283447266,33.3616105079651,33.6872660446167,NA,33.5307329059201,33.5650814124215,44.8791777700627,-0.102334047933217,-0.0583492814281128
"2020-07-28",33.3937034606934,34.6895790100098,33.3438606262207,34.340690612793,15255125,33.4344024658203,33.3834473609924,33.8239363479614,NA,33.5159128382125,33.5554014904511,49.3769434753689,-0.117681954274496,-0.0702158159973893
"2020-07-29",34.8391036987305,34.8889427185059,32.4965591430664,32.8454475402832,29782982,31.9786167144775,33.3252159118652,33.8559038925171,NA,33.2794057422532,33.4386026181567,43.0691236245814,-0.47608710723176,-0.151390074244263
"2020-07-30",32.3968772888184,32.4467163085938,31.20068359375,31.20068359375,25586567,30.3772640228271,33.2087538719177,33.861658744812,NA,32.8329224008031,33.2118367962805,37.4081002828192,-1.14090165443619,-0.349292390282648
"2020-07-31",31.150842666626,31.3502082824707,29.9048099517822,30.253698348999,28609840,29.4552669525146,33.0267812728882,33.8286231994629,NA,32.3132831010664,32.9335723634089,34.5890982977727,-1.88345574994995,-0.656125062216108
"2020-08-03",30.6025886535645,30.8517951965332,30.0044918060303,30.4530639648438,18011050,29.6493740081787,32.8108407020569,33.7936553573608,NA,31.9034509329298,32.6902984111696,35.6878989046198,-2.4069755140901,-1.00629515259091
"2020-08-04",30.4032230377197,30.9016361236572,30.4032230377197,30.6025886535645,14253587,29.7949542999268,32.6604103088379,33.7683825683594,NA,31.5790668355447,32.4758284770035,36.5488025051728,-2.76132029116296,-1.35730018030532
"2020-08-05",30.7521114349365,31.8984622955322,30.6025886535645,31.8984622955322,21286984,31.0566272735596,32.5488005638123,33.7305498886109,NA,31.4986915183162,32.3707024619336,43.5957718825892,-2.69382768150547,-1.62460568054535
"2020-08-06",31.5495738983154,31.9981460571289,31.3003673553467,31.5495738983154,14027650,30.7169437408447,32.4881434440613,33.6384391784668,NA,31.3784226294745,32.248201815927,42.2357219284374,-2.69714011161689,-1.83911256675966
"2020-08-07",31.3502082824707,32.197509765625,31.150842666626,31.8984622955322,16665861,31.0566272735596,32.4177808761597,33.6025442886353,NA,31.3289156516414,32.1599370350109,44.1133235647988,-2.584026773637,-1.98809540813513
"2020-08-10",32.0479888916016,33.3937034606934,31.7987804412842,33.2441787719727,18929062,32.366828918457,32.4105018615723,33.6132039642334,NA,31.4885946157669,32.1752623597106,50.761428692097,-2.13414808018334,-2.01730594254477
"2020-08-11",34.2410087585449,34.8889427185059,33.3438606262207,33.5432281494141,18687596,32.6579780578613,32.3741067886353,33.6112745666504,NA,31.6684997607045,32.2110190780921,52.1243364249758,-1.68426623222435,-1.95069800048069
"2020-08-12",34.2410087585449,34.2908477783203,32.7956085205078,33.4933853149414,14073295,32.6094589233398,32.2722021102905,33.5802717590332,NA,31.8132627088022,32.2405331407031,51.8666854880317,-1.32525858066977,-1.8256101165185
"2020-08-13",32.8454475402832,33.6927528381348,32.8454475402832,32.8952903747559,10719714,32.0271453857422,32.1630187988281,33.5075814819336,NA,31.8461677360238,32.2247266403356,48.7520138254918,-1.17474667368629,-1.69543742795206
"2020-08-14",32.5962409973145,33.4933853149414,32.2473526000977,33.1943397521973,10111524,32.318302154541,32.0635406494141,33.4038897705078,NA,31.918803800411,32.2316581599064,50.3572333771869,-0.970643079990563,-1.55047855835976
"2020-08-17",33.2441787719727,33.3438606262207,32.1476707458496,32.2473526000977,11843460,31.396312713623,31.9664886474609,33.2681912231445,NA,31.8384205562898,32.1697807194409,45.4973335141065,-1.0300355045656,-1.44638994760093
"2020-08-18",32.3470344543457,32.7457656860352,31.9483051300049,32.097827911377,8564375,31.250732421875,31.820911026001,33.0733753204346,NA,31.7480069971491,32.1017030677694,44.7627460686751,-1.10179846182504,-1.37747165044575
"2020-08-19",32.2473526000977,32.7457656860352,31.6492557525635,31.7987804412842,10907008,30.9595737457275,31.6559222221375,32.91537525177,NA,31.6267095738534,32.0171008957663,43.2584264851094,-1.21932127204082,-1.34584157476476
"2020-08-20",31.5495738983154,31.7987804412842,30.9514770507812,31.2505264282227,12793394,30.4257946014404,31.4690977096558,32.7864315032959,NA,31.4419534242514,31.8992263554458,40.5668238630095,-1.43349222987145,-1.3633717057861
"2020-08-21",31.150842666626,31.7987804412842,31.0511608123779,31.4498901367188,12008403,30.61989402771,31.3356513023377,32.7253282546997,NA,31.3154827478604,31.8044609978358,41.9805369039059,-1.53745177448102,-1.39818771952509
"2020-08-24",31.6492557525635,33.0946578979492,31.4000492095947,33.0448150634766,20622516,32.1727256774902,31.3162411689758,32.6662092971802,NA,31.4473662754958,31.8317398629954,51.8484893338544,-1.20751674006493,-1.36005352363305
"2020-08-25",33.1444969177246,33.3937034606934,32.2971954345703,32.8454475402832,13934033,31.9786167144775,31.2434518814087,32.6041773223877,NA,31.5290971122622,31.8426196297718,50.6879392813101,-0.984600265791236,-1.28496287206469
"2020-08-26",32.9949722290039,32.9949722290039,32.097827911377,32.2971954345703,11497281,31.4448394775391,31.2167630195618,32.509181060791,NA,31.5161343992279,31.8131544333101,47.5368731139956,-0.933639053948288,-1.21469810844141
"2020-08-27",32.4965591430664,33.0448150634766,32.1476707458496,32.2971954345703,14724301,31.4448394775391,31.2701417922974,32.4364735412598,NA,31.5051659497373,31.7858718439938,47.5368731139956,-0.883115289818648,-1.14838154471686
"2020-08-28",32.4467163085938,32.9949722290039,32.2473526000977,32.9451332092285,11870004,32.0756721496582,31.4011620521546,32.3725064849854,NA,31.5929361343405,31.8073385333022,51.6561205621354,-0.674065825209658,-1.05351840081542
"2020-08-31",32.4467163085938,33.3438606262207,31.20068359375,31.5994148254395,28464920,30.7654705047607,31.4569668769837,32.294933052063,NA,31.4656337297898,31.7301631237807,43.9394951648239,-0.833684317849048,-1.00955158422214
"2020-09-01",31.2505264282227,31.8984622955322,30.6524295806885,30.8517951965332,18695642,30.0375823974609,31.4690982818604,32.2134616470337,NA,31.2459335248161,31.6047867736829,40.3345854261855,-1.13543955045952,-1.03472917746962
"2020-09-02",30.9016361236572,32.1476707458496,30.7521114349365,32.097827911377,16816680,31.250732421875,31.4788035392761,32.1601295852661,NA,31.2466718166713,31.5785605254008,47.9929513262278,-1.05099378568111,-1.03798209911192
"2020-09-03",31.8486213684082,33.1444969177246,31.3003673553467,31.4997310638428,18884902,30.668420791626,31.4763773918152,32.140697517395,NA,31.1577101205105,31.5111427673434,45.0067651217249,-1.12161164525969,-1.05470800834147
"2020-09-04",32.0479888916016,32.6959266662598,31.20068359375,31.9981460571289,17992270,31.1536769866943,31.4812298774719,32.1164344787598,NA,31.1570896383849,31.4846638206287,47.9151453997331,-1.04042458293337,-1.05185132325985
"2020-09-08",31.4997310638428,31.6990985870361,30.5527477264404,30.6025886535645,24206006,29.7949542999268,31.3526361465454,32.0834367752075,NA,30.9475303555452,31.3595001524285,41.3249448847913,-1.31370013833407,-1.1042210862747
"2020-09-09",30.9016361236572,30.9016361236572,30.0044918060303,30.7022705078125,21878280,29.8920021057129,31.214337348938,32.0213235092163,NA,30.7851413940326,31.2507965934126,41.9391994810303,-1.49005865494696,-1.18138860000915
"2020-09-10",30.7521114349365,30.9016361236572,29.9048099517822,29.9048099517822,19526919,29.1155872344971,31.0396437644959,31.9407703399658,NA,30.5282869079502,31.0926329371966,38.4694091493222,-1.81504741134771,-1.30812036227686
"2020-09-11",30.104175567627,30.154016494751,29.5559196472168,29.6556034088135,14429505,28.8729572296143,30.8819343566895,31.8640993881226,NA,30.2736208035908,30.9282125144127,37.4273146360089,-2.11648736737334,-1.46979376329616
"2020-09-14",29.8549671173096,30.7022705078125,29.7054443359375,30.6524295806885,14847532,29.8434753417969,30.7581930160523,31.7990745162964,NA,30.2074445786994,30.8478616127375,43.9659541629738,-2.07605000981206,-1.59104501259934
"2020-09-15",30.7521114349365,31.0013198852539,30.0044918060303,30.4032230377197,17325133,29.6008472442627,30.6684197425842,31.7117277526856,NA,30.114121911863,30.7554901780357,42.7628819403019,-2.08537813073346,-1.68991163622616
"2020-09-16",30.4032230377197,33.9419593811035,30.154016494751,33.6429100036621,51360267,32.7550277709961,30.7436345100403,31.7107570648193,NA,30.5204151209604,30.9036040738105,58.6166098127465,-1.2399490749845,-1.59991912397783
"2020-09-17",33.9419593811035,35.7860870361328,33.2441787719727,35.1381492614746,52374245,34.2108116149902,30.9061964035034,31.7291968536377,NA,31.0881684277342,31.1485824101942,63.6245288650928,-0.193954195617529,-1.31872613830577
"2020-09-18",34.4902114868164,35.5867233276367,34.2410087585449,34.2908477783203,29148649,33.3858795166016,31.0542006492615,31.7583127212525,NA,31.4416624414061,31.3143081217799,59.2491154311729,0.40669689756816,-0.973641531130985
"2020-09-21",33.0448150634766,33.1444969177246,31.0511608123779,31.6492557525635,32651524,30.8139953613281,31.0639057159424,31.7253150558472,NA,31.3450982752403,31.277247917302,48.1350317407479,0.216931995160419,-0.735526825872704
"2020-09-22",31.8984622955322,32.7956085205078,30.9514770507812,31.150842666626,28269901,30.3287372589111,30.9717062950134,31.6816416168213,NA,31.1887350419589,31.2069878685323,46.3677182493292,-0.0584895493609849,-0.60011937057036
"2020-09-23",31.3003673553467,31.9981460571289,30.4032230377197,30.4530639648438,17785373,29.6493740081787,30.8552441596985,31.6069115066528,NA,30.9519102675312,31.0916090640617,43.9356098496023,-0.449313498837201,-0.569958196223728
"2020-09-24",30.4032230377197,30.8019542694092,29.9048099517822,30.203857421875,19154738,29.4067401885986,30.7533391952515,31.5020952606201,NA,30.7141917938492,30.9668039621755,43.0667626660775,-0.815751501623652,-0.619116857303713
"2020-09-25",30.203857421875,30.7521114349365,30.0044918060303,30.4530639648438,16006529,29.6983814239502,30.666016292572,31.4118466567993,NA,30.5579132754032,30.8728467371218,44.487774372905,-1.02009854938286,-0.699313195719543
"2020-09-28",31.0511608123779,31.4498901367188,30.8019542694092,30.9016361236572,16711586,30.1358375549316,30.5690245628357,31.3284061050415,NA,30.4929785491768,30.818253464367,46.6391906324289,-1.05546187283533,-0.7705429311427
"2020-09-29",30.9514770507812,31.0511608123779,30.203857421875,30.5029048919678,14761158,29.7469882965088,30.5181004524231,31.256598815918,NA,30.3782108179971,30.7389004889701,44.9707995243465,-1.17339808918139,-0.851113962750438
"2020-09-30",30.6025886535645,31.3502082824707,30.6025886535645,31.0511608123779,19417934,30.2816600799561,30.5303043365479,31.1789863204956,NA,30.3633568582985,30.7050308290431,47.7391072180992,-1.11276218104761,-0.903443606409872
"2020-10-01",31.2505264282227,31.3502082824707,30.4530639648438,31.101001739502,15885525,30.3302593231201,30.4842806816101,31.1004045104981,NA,30.3582649298095,30.6772699767525,47.995196581077,-1.03987430167268,-0.930729745462435
"2020-10-02",30.154016494751,31.8984622955322,30.154016494751,31.8486213684082,18072625,31.0593509674072,30.5038271903992,31.0383458328247,NA,30.4661243202092,30.7055722723566,51.8102993575567,-0.779819213345112,-0.90054763903897
"2020-10-05",31.8486213684082,32.1476707458496,31.4997310638428,31.9483051300049,11693825,31.1565685272217,30.5039717674255,30.9957007598877,NA,30.5723465059034,30.7389794023466,52.3126571981975,-0.542089879634899,-0.828856087158156
"2020-10-06",32.0479888916016,32.7956085205078,30.4530639648438,30.7521114349365,34121508,29.9900188446045,30.5137249946594,30.9442825698853,NA,30.4827576349343,30.6835008425138,46.1021969601453,-0.654238278121599,-0.793932525350845
"2020-10-07",31.0013198852539,31.8984622955322,30.9514770507812,31.4498901367188,16710242,30.6705055236816,30.5526501655579,30.8890046310425,NA,30.5116419255108,30.682538226304,49.8428780581681,-0.556982279408313,-0.746542476162339
"2020-10-08",31.6990985870361,33.2441787719727,31.5994148254395,33.1444969177246,20699139,32.3231163024902,30.7130266189575,30.8958946228027,NA,30.7903302912,30.8040625282437,57.5485090297738,-0.0445793051847887,-0.606149841966829
"2020-10-09",35.2378349304199,35.2378349304199,33.3937034606934,34.0914840698242,34410686,33.2466316223145,30.9317103385925,30.9532819747925,NA,31.1682228036791,30.984993572249,61.1412251951192,0.591348295757732,-0.366650214421917
"2020-10-12",34.4902114868164,34.4902114868164,33.5930671691895,34.0416412353516,17863963,33.1980285644531,31.0994379997254,31.0281372070313,NA,31.480500613029,31.14892209019,60.8493547567684,1.06449437280325,-0.0804212969768835
"2020-10-13",33.8422775268555,33.9917984008789,33.1943397521973,33.4933853149414,15105450,32.6633605957031,31.2525636672974,31.0884169387817,NA,31.6624790719019,31.261102720228,57.5922957936975,1.28394815520745,0.192452593459983
"2020-10-14",33.4933853149414,34.340690612793,33.4933853149414,33.9917984008789,19652097,33.1494178771973,31.2722831726074,31.1555062103272,NA,31.8912388881012,31.4009779170406,59.7039374717458,1.56129204751478,0.466220484270943
"2020-10-15",33.3937034606934,34.2908477783203,32.9451332092285,34.2410087585449,17907361,33.3924560546875,31.2313653945923,31.2022227859497,38.2670166683197,32.1221953752683,31.5484948161255,60.7561861757374,1.8184720459296,0.736670796602674
"2020-10-16",34.6895790100098,36.6333923339844,34.5898971557617,36.334342956543,33937143,35.4339179992676,31.3337673187256,31.2965622711182,38.155448846817,32.6316911635759,31.8363039408027,68.2548606062391,2.4983654643207,1.08900973014628
"2020-10-19",36.8327560424805,37.2314872741699,36.0352935791016,36.334342956543,26250714,35.4339179992676,31.5647634506226,31.3841080856323,38.0429128932953,33.0628029844516,32.1027938710594,68.254860606239,2.99042232040001,1.46929224819702
"2020-10-20",36.6333923339844,36.9822807312012,36.2346611022949,36.5835494995117,19746677,35.6769409179688,31.8321736335755,31.4503103256226,37.9274776172638,33.4649780511465,32.3675455041638,69.0707988790099,3.39053372719149,1.85354054399592
"2020-10-21",36.2845001220703,36.9324378967285,36.2346611022949,36.4838676452637,14809210,35.5797309875488,32.128691482544,31.5087453842163,37.8137345027924,33.7903246567469,32.6054851695997,68.3144180330056,3.63386553208493,2.20960554161372
"2020-10-22",36.5337104797363,38.6270446777344,36.4838676452637,38.4775199890137,19214348,37.5239791870117,32.5345534324646,31.6070357894898,37.7123749637604,34.3647330460184,32.9698180597784,74.361709081645,4.23088469493778,2.61386137227853
"2020-10-23",39.5241889953613,40.0226020812988,37.680061340332,38.0289497375488,26597033,37.0865211486816,32.9039604187012,31.7082233047485,37.6095542049408,34.7834696771973,33.2747590293268,71.0748251954335,4.53409939510265,2.99790897684336
"2020-10-26",37.1816444396973,37.680061340332,36.2845001220703,36.7829132080078,20917251,35.8713607788086,33.190736579895,31.7792844772339,37.5064663028717,34.9508375389837,33.4670998996587,62.7744150308777,4.4334216103979,3.28501150355427
"2020-10-27",36.8825988769531,36.8825988769531,35.337516784668,35.3873596191406,19696497,34.5103912353516,33.4289067268372,31.8415660476685,37.3856823635101,34.8830765691941,33.5443807393397,55.023836614167,3.9908199237807,3.42617318759955
"2020-10-28",37.4308547973633,39.1753005981445,36.9324378967285,36.9822807312012,50860201,36.0657958984375,33.7181135177612,31.9378673171997,37.2748536586762,35.0650333890777,33.7311522326062,60.9568575292851,3.95444883493223,3.53182831706609
"2020-10-29",38.1784744262695,38.577205657959,36.434024810791,36.7330741882324,24738095,35.8227615356445,33.9927386283875,32.0351310729981,37.1666821956635,35.181606950088,33.8860862550535,59.6331555019904,3.82316413079808,3.59009547981249
"2020-10-30",36.5835494995117,37.5803756713867,36.334342956543,36.9822807312012,20539191,36.0657958984375,34.243060874939,32.147931098938,37.0604519748688,35.3176360190648,34.0475462286375,60.5555947217174,3.73034162843451,3.61814470953689
"2020-11-02",37.3810119628906,37.7797431945801,36.5337104797363,37.4806938171387,21844975,36.5518531799316,34.5128251075745,32.2665702819824,36.9573780918121,35.5075155822751,34.2330504472519,62.4058744851589,3.72290847111918,3.63909746185335
"2020-11-03",38.1286315917969,39.4743461608887,37.5803756713867,39.1254577636719,19636808,38.1558494567871,34.9211166381836,32.3862327575684,36.8659545993805,35.9149515629693,34.5236281516619,67.7775644203702,4.03006139793682,3.71729024907004
"2020-11-04",38.327995300293,39.9727630615234,37.5305366516113,39.1254577636719,25465824,38.1558494567871,35.2953838348389,32.5097774124146,36.7815498447418,36.2597050850951,34.7926815816712,67.7775644203702,4.21647150128479,3.81712649951299
"2020-11-05",39.6238708496094,40.1222877502441,39.4245071411133,39.8232383728027,17215987,38.8363418579102,35.6210451126099,32.657607460022,36.6908665561676,36.6561107424513,35.0922119725037,69.8941286014955,4.45654087343641,3.94500937429768
"2020-11-06",39.9727630615234,40.570858001709,39.673713684082,40.3216514587402,16878656,39.3224067687988,35.9248338699341,32.8151588058472,36.6040657520294,37.0663101311201,35.4055597351922,71.3421416762451,4.69064861097834,4.09413722163381
"2020-11-09",46.6016616821289,46.900707244873,42.913402557373,43.4616546630859,38779589,42.3846015930176,36.3841625213623,33.0213373947144,36.5391105747223,37.8845088175659,35.9225257987348,78.3929632273896,5.46170675699018,4.36765112870509
"2020-11-10",43.9600715637207,45.3556251525879,43.6111793518066,44.7575302124023,33051594,43.648365020752,36.9334127426148,33.2789952850342,36.4734554576874,38.7712559257484,36.4948101855509,80.5227727820173,6.2377245658308,4.74166581613023
"2020-11-11",45.4054679870605,45.4553108215332,44.0099105834961,44.3089599609375,17543666,43.2109107971191,37.4364873886108,33.5424618530274,36.3763278484344,39.4542797521131,36.9922991197412,77.6688390294759,6.65538690742817,5.12441003438982
"2020-11-12",43.6610221862793,44.2092742919922,43.2124481201172,43.6610221862793,15954303,42.5790214538574,37.8958156585693,33.769027633667,36.2811233615875,39.9350092446891,37.4061304037498,73.6104140046081,6.76059997022802,5.45164802155746
"2020-11-13",44.1594352722168,46.1032485961914,44.1095924377441,46.1032485961914,26078809,44.9607200622559,38.3721557617188,34.0548736190796,36.204604177475,40.7081955243148,37.9657296377132,78.2282149372058,7.22353004346683,5.80602442593933
"2020-11-16",47.8975372314453,48.0470581054688,46.9505500793457,47.698169708252,23830013,46.51611328125,38.9262655258179,34.3621223449707,36.1404604434967,41.6017213330741,38.5990913890863,80.6139882852016,7.77901716317795,6.20062297338706
"2020-11-17",47.1000747680664,48.5454750061035,46.5019798278809,48.2464256286621,18127238,47.0507850646973,39.4949577331543,34.7072389602661,36.0712452411652,42.4400388302469,39.2251427724649,81.3697511489806,8.19600855612117,6.59970008993388
"2020-11-18",49.6918258666992,50.0905570983887,48.4956321716309,48.4956321716309,29867932,47.2938270568848,40.0806625366211,35.0552754592896,35.9964684963226,43.1867754804989,39.8228230898293,81.7186378092815,8.4472976290038,6.96921959774786
"2020-11-19",47.9473762512207,48.6451568603516,47.3991241455078,48.1467437744141,17490999,46.9535751342773,40.5521423339844,35.4120352172852,35.917812166214,43.7662831195417,40.3510269449736,79.4747615836941,8.46386432549893,7.26814854329808
"2020-11-20",48.0470581054688,48.9940452575684,47.7978515625,48.6451568603516,16078116,47.439640045166,41.0697982788086,35.7833688735962,35.8444905567169,44.3314149542531,40.8761093968397,80.3066696044536,8.45311750163911,7.50514233496628
"2020-11-23",49.1435699462891,51.1870651245117,49.1435699462891,50.1902389526367,21708341,48.9464302062988,41.7235517501831,36.1654279708862,35.7767666339874,45.0414173007217,41.4739109382811,82.6537877257807,8.60180841818727,7.72447555161048
"2020-11-24",53.3800849914551,54.0778617858887,51.8350028991699,52.0842094421387,35369990,50.7934684753418,42.5377056121826,36.5892803955078,35.7197300815582,45.9263482506632,42.164248533619,85.0119266669388,8.92248729167944,7.96407789962427
"2020-11-25",52.4829406738281,52.6324653625488,51.5359535217285,52.3334159851074,22044528,51.0365028381348,43.2862409591675,36.9549098968506,35.656405916214,46.712525879505,42.8214525561757,85.2951965671093,9.0867382843326,8.18860997656594
"2020-11-27",52.5826225280762,52.6324653625488,51.3864326477051,51.8350028991699,10865436,50.5504379272461,44.0226247787476,37.2817024230957,35.5959759426117,47.3029738868498,43.3939699910698,81.9589194640287,9.00817301709076,8.3525225846709
"2020-11-30",51.7851600646973,51.7851600646973,49.6419830322266,50.7384948730469,25100464,49.4811058044434,44.6933902740479,37.6036069488526,35.532861661911,47.6380711049411,43.8448689402086,75.0079136402287,8.651416360499,8.41230133983652
"2020-12-01",51.4861145019531,52.2337341308594,50.3896026611328,50.5889701843262,17408658,49.3352851867676,45.3325618743897,37.9740327453613,35.4709544849396,47.8991809636837,44.2515664399537,74.0851854177977,8.2429048668357,8.37842204523636
"2020-12-02",50.2400817871094,52.2337341308594,49.8911895751953,51.9845275878906,15496290,50.6962509155273,45.9595819473267,38.3813830184937,35.4192405223846,48.3294994178134,44.7289504751814,76.9368490610879,8.04970584907847,8.31267880600478
"2020-12-03",51.8350028991699,53.3302421569824,51.7851600646973,52.8318290710449,18348801,51.5225524902344,46.627917098999,38.8188465881348,35.3735942745209,48.8207383520321,45.2321802540742,78.4848480913648,7.93363945270944,8.23687093534571
"2020-12-04",53.1807174682617,54.4765930175781,52.3832588195801,54.2273864746094,27090138,52.8835372924805,47.3302768707276,39.2883825302124,35.3415297412872,49.4457843428703,45.7989474421043,80.7738386635559,7.962708980105,8.18203854429757
"2020-12-07",54.277229309082,55.3238983154297,53.6292915344238,54.1277046203613,19542810,52.7863159179688,48.003472328186,39.7501412200928,35.3184180736542,49.9597122775008,46.3165302921683,80.1181110794495,7.86583529109595,8.11879789365725
"2020-12-08",53.928337097168,54.9750061035156,53.7788162231445,54.6261177062988,18735107,53.2723731994629,48.5478609085083,40.2128719329834,35.3108061313629,50.4693524193411,46.8317779149309,80.9507211326047,7.76732096530237,8.04850250798627
"2020-12-09",54.8254852294922,57.2677116394043,54.8254852294922,56.7692947387695,25307401,55.3624496459961,49.1335651397705,40.7251811599732,35.3225995159149,51.2221366080573,47.4636795246394,84.0448852194231,7.9185961161456,8.02252122961814
"2020-12-10",55.2242126464844,57.2178688049316,55.1245307922363,56.4204063415527,19195227,55.0222053527832,49.7241298675537,41.2199920654297,35.3462451457977,51.8067625687844,48.0235703267241,81.7178909549222,7.87778213140258,7.99357340997503
"2020-12-11",56.2210426330566,56.8689804077148,54.9251670837402,55.6229438781738,17853791,54.2444953918457,50.3074035644531,41.6982767868042,35.3541429615021,52.1817983877169,48.4843795908072,76.5038008514649,7.62600001921176,7.92005873182238
"2020-12-14",56.171199798584,56.5699310302734,53.7788162231445,53.9781799316406,15913996,52.6405029296875,50.6913927078247,42.1298998260498,35.3460339641571,52.2523683172508,48.7922405788724,67.0075061795445,7.09155328250424,7.75435764195875
"2020-12-15",54.5762786865234,55.5731048583984,53.0810356140137,55.3737373352051,17377921,54.0014724731445,51.0656606674194,42.5867979049683,35.3527166652679,52.5214612643114,49.1781096080778,70.3684156190816,6.79845500951191,7.56317711546938
"2020-12-16",55.4734191894531,55.5731048583984,54.3270683288574,54.4765930175781,11800604,53.1265716552734,51.3694499969483,43.0495289611817,35.3533306598663,52.6145551706132,49.4705882782404,65.7326855286473,6.35522439048031,7.32158657047157
"2020-12-17",54.5264358520508,54.7756423950195,53.8286552429199,54.2273864746094,12528955,52.8835372924805,51.648935508728,43.4937895965576,35.3737857532501,52.6559370355159,49.7233993163323,64.4622880318813,5.89770160428351,7.03680957723396
"2020-12-18",53.7289733886719,55.4235801696777,53.5296096801758,53.8784980773926,23023775,52.5916290283203,51.9308382034302,43.8991598510742,35.4090132427216,52.6460434959473,49.9358607764795,62.8901019656131,5.42732753040744,6.71491316786865
"2020-12-21",52.1838912963867,54.177547454834,51.6356353759766,53.6791343688965,17218374,52.3970260620117,52.1787075042725,44.2821677398682,35.4720974063873,52.6077331214957,50.1181693161486,61.8078469899895,4.96738775441457,6.36540808517784
"2020-12-22",53.3800849914551,53.6292915344238,52.2835731506348,52.8816719055176,17858164,51.6186103820801,52.3123165130615,44.6505793762207,35.5157844257355,52.4555603923548,50.2293130988102,57.5422398176529,4.43216750578539,5.97875996929935
"2020-12-23",53.2305603027344,54.7257995605469,52.931510925293,54.1277046203613,12139419,52.8348770141602,52.4143869400025,45.0540097045899,35.581057844162,52.5139167957095,50.4223178332805,61.9597950708494,4.14816107689606,5.61264019081869
"2020-12-24",54.0778617858887,54.0778617858887,52.931510925293,53.0810356140137,6029070,51.8132057189941,52.4532220840454,45.4272854614258,35.6649650478363,52.4061150915994,50.5253465655556,56.6296854300915,3.72242578010538,5.23459730867603
"2020-12-28",53.3302421569824,53.7289733886719,52.7321472167969,53.0311965942383,10793588,51.7645645141602,52.5139284133911,45.7947276306152,35.7336085033417,52.3074150027626,50.6171404876745,56.3810077429299,3.33933228705354,4.85554430435153
"2020-12-29",53.1308784484863,53.6791343688965,52.5327835083008,52.6324653625488,10640944,51.375358581543,52.6086410522461,46.1135564422608,35.8291356754303,52.1640217071904,50.673304790924,54.3253308170643,2.94181901578561,4.47279924663835
"2020-12-30",52.7321472167969,54.0778617858887,52.5826225280762,53.3800849914551,10156427,52.1051139831543,52.7471324920654,46.4469803619385,35.9181363964081,52.1549589804156,50.7793647310892,57.4573815885534,2.70896309280571,4.12003201587182
"2020-12-31",53.0810356140137,53.9781799316406,52.7321472167969,53.8286552429199,9570828,52.5429763793945,52.8394687652588,46.784301071167,36.0209553050995,52.2146539648739,50.9100026309637,59.2624485587696,2.56266208306328,3.80855802931011
"2021-01-04",54.277229309082,54.3270683288574,51.8350028991699,52.1838912963867,16040798,50.9374885559082,52.8102155685425,47.0914562225342,36.1186539173126,52.0181669788792,50.912038625404,50.7583103467606,2.1726263244215,3.48137168833239
"2021-01-05",51.9845275878906,54.2273864746094,51.934684753418,53.6791343688965,16793346,52.3970260620117,52.7858900070191,47.3889171600342,36.2226811504364,52.0764529916688,51.0220376947823,56.8240718167417,2.06658797752068,3.19841494617005
"2021-01-06",53.9781799316406,57.9156455993652,53.9781799316406,56.6197738647461,26400690,55.2674331665039,52.9099458694458,47.7525354003906,36.3509933662415,52.5673730185665,51.3365114334284,65.7577058091922,2.39763386870231,3.0382587306765
"2021-01-07",57.6166000366211,57.6664428710938,56.0216751098633,56.171199798584,15105891,54.8295631408691,52.9878053665161,48.1316994476318,36.4553122138977,52.9154022681515,51.5952560043499,63.5959706944655,2.55865822952848,2.9423386304469
"2021-01-08",56.270881652832,57.0185012817383,55.6229438781738,56.5200881958008,14590235,55.1701240539551,52.9781890869141,48.5448941040039,36.5480092048645,53.2622825428905,51.8600610450614,64.5715055469635,2.70385624230314,2.89464215281814
"2021-01-11",55.3737373352051,57.4670753479004,55.1245307922363,57.0683441162109,13493535,55.7052803039551,53.0123428344727,48.9376837921143,36.6298150253296,53.6381283522851,52.1448921012758,66.1084401067651,2.86362899765744,2.888439521786
"2021-01-12",57.3673934936523,59.3610458374023,56.8689804077148,58.7131080627441,18346073,57.3107719421387,53.1656566619873,49.3674440002441,36.7317616653442,54.2031504430318,52.5275498672656,70.274655381971,3.18994619014277,2.94874085545736
"2021-01-13",58.7131080627441,58.9124755859375,57.4172325134277,57.6664428710938,10776915,56.2890930175781,53.3480861663818,49.771909942627,36.8220587348938,54.5240646852697,52.8061826932147,64.8144026864662,3.25318344261938,3.00962937288976
"2021-01-14",57.8658065795898,58.4639015197754,57.7162818908691,58.1150131225586,11879594,56.7269554138184,53.4843603134155,50.1754119873047,36.9133337402344,54.8629709512002,53.0966103021483,66.0325095151737,3.32669192816719,3.07304188394525
"2021-01-15",57.8159637451172,57.8159637451172,56.0715179443359,56.4702491760254,14768762,55.1214752197266,53.5841054916382,50.5147245025635,37.0183853530884,54.9027408386658,53.246600296043,58.0913502339191,3.11032166075385,3.08049783930697
"2021-01-19",57.2178688049316,58.0651702880859,56.8191375732422,56.9686622619629,12740305,55.6079864501953,53.7203279495239,50.8637672424316,37.129261264801,55.0112401635165,53.4215177889432,59.6739966099651,2.97580907538795,3.05956008652316
"2021-01-20",57.3175506591797,57.3175506591797,56.3207244873047,56.7692947387695,11840751,55.4133758544922,53.8614152908325,51.1953079223633,37.2432826805115,55.0731071928974,53.5690628308357,58.7187504087693,2.80767346408748,3.00918276203603
"2021-01-21",56.8191375732422,56.9686622619629,55.174373626709,55.174373626709,13162304,53.8565483093262,53.9343914031983,51.4859907531738,37.3374065971375,54.8859442877326,53.5903580514646,51.6023787068455,2.41757339076518,2.89086088778186
"2021-01-22",54.6759605407715,55.7226295471191,54.3270683288574,55.3737373352051,10617570,54.0511436462402,54.0560180664063,51.7193215942383,37.4373488044739,54.7575134198107,53.6244903177443,52.3792598247879,2.1128836756356,2.73526544535261
"2021-01-25",55.5232620239258,55.5731048583984,53.6791343688965,54.7756423950195,18462763,53.4673385620117,54.0876411437988,51.9157010650635,37.5278308105469,54.5590249801493,53.6128494469493,49.7966952011201,1.76482978047323,2.54117831237673
"2021-01-26",59.9591445922852,60.9559707641602,55.8223114013672,56.270881652832,42495519,54.9268684387207,54.2433242797852,52.1500202178955,37.6294867515564,54.615616281468,53.7101841870805,55.6800005223975,1.68577357924105,2.37009736574959
"2021-01-27",55.2242126464844,57.6166000366211,53.0311965942383,56.7194557189941,29983117,55.3647346496582,54.4233327865601,52.4057344818115,37.7362392425537,54.7308652611896,53.8327434806048,57.2968231990949,1.66835595311687,2.22974908322305
"2021-01-28",56.8689804077148,57.168025970459,55.174373626709,55.274055480957,18879766,53.9538497924805,54.5522573471069,52.585597076416,37.8381176948547,54.6113244198497,53.8417143185215,50.8586547385868,1.42939375365223,2.06967801730889
"2021-01-29",54.8254852294922,56.0216751098633,53.1807174682617,53.2305603027344,21921317,51.9591636657715,54.5449598312378,52.6944580841065,37.9404401683807,54.2032996884531,53.7022661220215,43.4288441545425,0.932984029562434,1.8423392197596
"2021-02-01",54.1277046203613,54.8254852294922,53.0311965942383,53.5296096801758,13379614,52.2510719299316,54.5303646087647,52.7984638214111,38.0505211257935,53.9029569563728,53.5947702559408,44.7019920794521,0.575031293091377,1.58887763442595
"2021-02-02",54.2273864746094,56.5699310302734,54.0280227661133,56.0216751098633,16946953,54.6836128234863,54.7176708221436,52.9462595367432,38.1582287597656,54.0230578590057,53.6754252609441,53.9937714629204,0.647656905132155,1.40063348856719
"2021-02-03",56.0216751098633,56.3207244873047,55.174373626709,55.8223114013672,10877474,54.4890098571777,54.8222700119019,53.0969682312012,38.2729582023621,54.0947427818014,53.7356907865911,53.2232849019858,0.668181593935913,1.25414310964094
"2021-02-04",55.9718360900879,57.3175506591797,55.7724685668945,57.0683441162109,13396066,55.7052803039551,54.8441623687744,53.262281036377,38.3944957733154,54.3425177852096,53.8815863063958,57.3223712508839,0.855452688777136,1.17440502546818
"2021-02-05",57.3673934936523,57.5667572021484,56.4204063415527,56.8191375732422,10396669,55.4620246887207,54.875785446167,53.3925929260254,38.5160284042358,54.514749616519,53.9986558161976,56.260484462028,0.955753050739028,1.13067463052235
"2021-02-08",57.168025970459,58.0651702880859,56.8689804077148,57.8658065795898,8517928,56.4837036132812,54.9414644241333,53.5063976287842,38.640489025116,54.8176656160209,54.1827334307964,59.6420615177382,1.17183490942816,1.13890668630351
"2021-02-09",57.6166000366211,57.8159637451172,56.8689804077148,57.5169143676758,10581235,56.1431503295898,54.9633579254151,53.6085305786133,38.7695458221436,55.0215863411853,54.3279494973737,58.0315464784808,1.27675874062789,1.16647709716839
"2021-02-10",57.7661247253418,57.7661247253418,56.7194557189941,56.8191375732422,9140985,55.4620246887207,54.8709205627442,53.7067623138428,38.891078453064,55.08934608696,54.4119550671031,54.8418380846433,1.24493049187722,1.18216777611015
"2021-02-11",56.7692947387695,57.168025970459,55.7724685668945,57.1181869506836,10398836,55.7539291381836,54.8441623687744,53.8322187805176,39.00510679245,55.1915896333021,54.5113605538498,55.9590653677121,1.24786663282843,1.19530754745381
"2021-02-12",56.8689804077148,58.513744354248,56.7194557189941,58.4639015197754,11725144,57.0675086975098,54.861190032959,53.9868632507324,39.1310328483582,55.4801925662571,54.7007048607876,60.6740942810419,1.42500486502566,1.24124701096818
"2021-02-16",58.9124755859375,59.7099342346191,58.7131080627441,59.6600952148438,12100796,58.2351303100586,55.0168727874756,54.1376408386231,39.2574671936035,55.9040291422266,54.9625141533262,64.3297433198196,1.71301295692898,1.33560020016034
"2021-02-17",59.0121574401855,59.5604133605957,58.6134262084961,59.1118392944336,8615357,57.6999740600586,55.1214721679688,54.2611892700195,39.388493719101,56.1803283603546,55.1652889612323,61.507608467862,1.83999652360316,1.4364794648489
"2021-02-18",59.0121574401855,59.1118392944336,57.3673934936523,57.9654884338379,9802022,56.5810089111328,55.1798538208008,54.3351387023926,39.5209511566162,56.2419715220128,55.2701571056694,55.9778889694862,1.75829863209078,1.50084329829728
"2021-02-19",58.4140625,59.9591445922852,58.2146949768066,59.9093017578125,12248665,58.4783821105957,55.4109455108643,54.4489800262451,39.6631377315521,56.5860346894871,55.5078034023306,62.1858562141694,1.94248595885029,1.58917183040788
"2021-02-22",60.1585083007812,63.298511505127,59.9591445922852,62.301685333252,19388781,60.8136215209961,55.7490694046021,54.5998049926758,39.8223303508759,57.2364326635654,55.9008269666762,68.1407894291221,2.38924139295007,1.74918574291632
"2021-02-23",62.8000984191895,63.0493049621582,60.7067642211914,62.7502593994141,14454364,61.2514953613281,56.1382772445679,54.7175859069824,39.980562877655,57.8541346170673,56.2971727736874,69.122683079226,2.76561284815999,1.95247116396505
"2021-02-24",63.7969245910645,66.538200378418,63.0493049621582,65.3918533325195,21426186,63.8299827575684,56.5834329605103,54.8937414550781,40.1473270511627,58.7734958694521,56.8551586984193,74.1709136397336,3.37407759462662,2.23679245009737
"2021-02-25",65.2921676635742,66.1394729614258,63.0991477966309,63.5975608825684,18526244,62.0785522460938,56.919123840332,55.0504225921631,40.307756729126,59.2819660812431,57.2420767389878,66.247999063732,3.56361868483004,2.5021576970439
"2021-02-26",63.1988296508789,63.9962921142578,61.8531150817871,62.5010528564453,17802448,61.0082359313965,57.2718431472778,55.2177772521973,40.4674379062653,59.5475460581898,57.5210514939811,61.8966641994274,3.52304853888286,2.70633586541169
"2021-03-01",64.39501953125,66.2391510009766,63.7470855712891,65.3420104980469,15657201,63.7813339233398,57.8629516601563,55.4133744812012,40.646072177887,60.1988980374437,57.984776118378,67.7982298313463,3.81845385510404,2.92875946335016
"2021-03-02",65.541374206543,66.0397872924805,64.6442260742188,64.6940689086914,15490231,63.1488723754883,58.4078416824341,55.6138204956055,40.8237245178223,60.6527402432967,58.3673017670528,65.313601302214,3.91561440575949,3.12613045183203
"2021-03-03",65.2423248291016,67.883918762207,65.0429611206055,66.9867706298828,23589309,65.3868179321289,58.9430019378662,55.8638861083984,41.01765417099,61.3810598877324,58.8872659274288,69.5640093791978,4.2348611724933,3.34787659596428
"2021-03-04",69.1797943115234,70.4258270263672,65.6908950805664,67.6347122192383,33418377,66.019287109375,59.5195158004761,56.1324392700195,41.1958494091034,62.0946333064466,59.4155637927582,70.6582964625712,4.50903659356505,3.58010859548444
"2021-03-05",68.7810592651367,68.8309020996094,65.4915313720703,67.7842330932617,21061930,66.2140045166016,60.0449520111084,56.4087788391113,41.376471824646,62.7283827233936,59.9191519945244,71.0039435202947,4.68836863566746,3.80176060352104
"2021-03-08",70.8245544433594,71.4724960327148,68.8309020996094,70.6251907348633,28835014,68.9891738891602,60.7213094711304,56.7561901092529,41.565882472992,63.6915813642807,60.5910054682011,75.4438793846402,5.11722139634545,4.06485276208592
"2021-03-09",70.2762985229492,71.871223449707,68.9305877685547,69.7778854370117,22966413,68.1614761352539,61.305198097229,57.0627220916748,41.7497010231018,64.379257482892,61.151781073168,71.9073442650132,5.27781260510196,4.30744473068913
"2021-03-10",68.0334396362305,68.4820098876953,64.39501953125,66.0397872924805,44186284,64.5099868774414,61.7235399246216,57.3166577148438,41.916957988739,64.3993696974381,61.4005370586697,58.8098807838607,4.88404952533703,4.42276568961871
"2021-03-11",63.2486724853516,64.0959777832031,59.5604133605957,61.1553344726562,61355743,59.7386703491211,61.9373722076416,57.476139831543,42.0509100341797,63.6823390284662,61.2774358209254,46.8115715067822,3.92461462416416,4.3231354765278
"2021-03-12",61.0058097839355,62.8997802734375,60.9559707641602,62.7004165649414,26996039,61.2479705810547,62.2120742797852,57.6735920715332,42.1805374908447,63.3078208057875,61.2752532105646,50.2680014540821,3.31711007090951,4.12193039540414
"2021-03-15",63.4978790283203,66.5880432128906,63.4480361938477,66.538200378418,22351422,64.9968490600586,62.6085412979126,57.9314267730713,42.3412648773193,63.5676713064446,61.5509269771938,57.6326540751395,3.27654582683718,3.95285348169075
"2021-03-16",66.4385147094727,66.538200378418,65.1426467895508,65.541374206543,14938641,64.0231094360352,62.8979402542114,58.1610294342041,42.5022111988068,63.637738710997,61.7340516037746,55.3402882021055,3.08369053669237,3.77902089269108
"2021-03-17",65.7905807495117,67.8340759277344,65.4416885375977,67.8340759277344,15895858,66.2626953125,63.3260763168335,58.4675335693359,42.6697524356842,64.0415781881513,62.0695066933098,59.3455672652962,3.17719859541601,3.65865643323606
"2021-03-18",67.7343902587891,68.2328033447266,65.7407379150391,66.0397872924805,12792812,64.5099868774414,63.7225252151489,58.7097927856445,42.8215043735504,64.1136410634267,62.2502830032455,55.1750828878956,2.99333267301622,3.5255916811921
"2021-03-19",65.7905807495117,66.538200378418,64.6940689086914,65.890266418457,13737991,64.3639221191406,64.0168022155762,58.8917225646973,42.9650156879425,64.1521458412288,62.4068488636822,54.8292779496622,2.79664333214291,3.37980201138226
"2021-03-22",65.5912170410156,65.9899444580078,64.4448623657227,65.4416885375977,10591427,63.9257278442383,64.1724075317383,59.0736458587647,43.0971298885346,64.1173123032303,62.5193584177974,53.7410981213804,2.5559345551089,3.21502852012759
"2021-03-23",64.5943908691406,65.6908950805664,62.5508918762207,63.0991477966309,13172818,61.6374588012695,64.1917057037354,59.2029925537109,43.214410982132,63.7357963798517,62.4540325202769,48.3451683258941,2.05233162351641,2.98248914080535
"2021-03-24",63.5975608825684,64.8934326171875,62.301685333252,62.301685333252,12454218,60.858470916748,64.0431301116944,59.3060563659668,43.3137456989288,63.2931309239896,62.3358427718673,46.6287550086231,1.53569456921554,2.69313022648739
"2021-03-25",61.8032722473145,64.4448623657227,60.9559707641602,64.0461349487305,14725103,62.5625076293945,64.0673278808594,59.4110910797119,43.432260351181,63.1807273402057,62.3526327613138,50.7480698013936,1.32808278050092,2.4201207372901
"2021-03-26",64.544548034668,65.4416885375977,63.3483543395996,64.7439117431641,12143472,63.2441253662109,64.1791223526001,59.5501917266846,43.5641160678864,63.1904808826681,62.4186692505654,52.3329009173468,1.23650766889054,2.18339812361018
"2021-03-29",64.39501953125,65.0429611206055,63.6972427368164,64.544548034668,10786807,63.0493850708008,64.1425249099732,59.6766403198242,43.7109877109528,63.1687738346885,62.4653889409532,51.8198557996412,1.12603940463762,1.97192637981567
"2021-03-30",64.6940689086914,66.5880432128906,64.2953414916992,66.2889938354492,10618713,64.75341796875,64.2227521896362,59.8692791748047,43.8591114330292,63.4125652399287,62.6348725726419,55.894419623639,1.24162888075636,1.82586688000381
"2021-03-31",66.6877212524414,66.9369277954102,65.4416885375977,65.4416885375977,12557044,63.9257278442383,64.1496976852417,60.0356340026856,44.0033389949799,63.4915133328994,62.730491481649,53.5265553388191,1.21316098961708,1.70332570192646
"2021-04-01",65.9401016235352,66.5880432128906,65.541374206543,66.1893081665039,11874438,64.6560516357422,64.0815359115601,60.2204875183106,44.1456459903717,63.6706730717983,62.8731255671374,55.3249530140791,1.26850303284078,1.61636116810933
"2021-04-05",67.1362991333008,67.6347122192383,66.6378860473633,67.0864562988281,10180082,65.5324096679688,64.0474561691284,60.4540047454834,44.2979069614411,63.9570940865938,63.0701095746064,57.4526239277646,1.4063468701258,1.57435830851262
"2021-04-06",67.0864562988281,67.2858200073242,66.6378860473633,66.7874069213867,8035938,65.2402801513672,63.8600114822388,60.6777874755859,44.447738237381,64.1545073273281,63.2308629506627,56.4868721467331,1.46074928217585,1.55163650324527
"2021-04-07",66.7874069213867,67.4353485107422,66.0896301269531,66.7375640869141,8379669,65.1915893554688,63.7115171432495,60.9122724914551,44.6004754734039,64.3140584085806,63.3761019436113,56.3169496463443,1.47998446765276,1.53730609612677
"2021-04-08",66.0896301269531,67.2858200073242,65.2423248291016,67.0366134643555,11018763,65.4837341308594,63.7602045059204,61.1234098052979,44.7573383808136,64.4940085197004,63.5322228463705,57.1498473599893,1.51385490738403,1.53261585837822
"2021-04-09",67.2858200073242,68.9305877685547,66.887092590332,67.7842330932617,12689464,66.2140045166016,64.0839712142945,61.3403952026367,44.9188217258453,64.7586232884544,63.7308733404616,59.2418554819916,1.61264061532995,1.54862080976857
"2021-04-12",67.8340759277344,68.1829681396484,67.1362991333008,67.7343902587891,8442187,66.1653442382812,64.3298398971558,61.5846250915527,45.0914483261109,64.9750418961201,63.9112045180779,59.0350336451996,1.66455535623844,1.57180771906254
"2021-04-13",67.3356628417969,67.4851837158203,66.0896301269531,66.9867706298828,10277370,65.4350357055664,64.3517492294312,61.8541425323486,45.2567893600464,65.0458101744964,64.0240809023363,55.8818107021485,1.59585152611357,1.57661648047275
"2021-04-14",66.9369277954102,68.7312164306641,66.887092590332,68.1829681396484,12968951,66.6035232543945,64.4807699203491,62.1411915588379,45.4325827789307,65.2854583406346,64.2151507061925,59.5999774909748,1.66675250726913,1.59464368583202
"2021-04-15",68.4321746826172,68.531852722168,66.9867706298828,67.535026550293,10208753,65.970588684082,64.4661645889282,62.3669310760498,45.5974473953247,65.3908630088573,64.3451831489991,56.8072144211445,1.62510977307622,1.60073690328086
"2021-04-16",67.9337615966797,68.1829681396484,66.538200378418,66.7375640869141,10036727,65.1915893554688,64.5002447128296,62.5809826660156,45.757689113617,65.3602055237206,64.4078799050339,53.4853220156895,1.47858557072651,1.57630663676999
"2021-04-19",66.3886795043945,67.1362991333008,65.6410522460938,67.0864562988281,9003729,65.5324096679688,64.558669090271,62.7775252532959,45.9218186378479,65.3866984689896,64.491178405992,54.7325369260676,1.38859311479769,1.53876393237553
"2021-04-20",66.8372497558594,66.8372497558594,64.2953414916992,65.0928039550781,12330465,63.5849380493164,64.5416296005249,62.9399835205078,46.074269733429,65.1095045582706,64.4240494906827,46.9807539135078,1.06397389330051,1.44380592456053
"2021-04-21",64.4448623657227,66.6877212524414,63.647403717041,66.538200378418,9953202,64.9968490600586,64.7095991134644,63.1102464294434,46.2294130516052,65.0921729431611,64.4664790884143,52.2598621751874,0.970572402269188,1.34915922010226
"2021-04-22",66.538200378418,68.1829681396484,66.1893081665039,66.8372497558594,10555051,65.2889709472656,64.9311241149902,63.2931628417969,46.39184009552,65.1224495591771,64.5274044112922,53.2960117306513,0.92215881502411,1.26375913908663
"2021-04-23",67.2858200073242,67.8340759277344,66.5880432128906,67.535026550293,9357311,65.970588684082,65.1015281677246,63.5033341217041,46.5552489280701,65.2529325014702,64.6343069500173,55.7114276598244,0.957116399393376,1.20243059114798
"2021-04-26",67.9337615966797,69.7778854370117,67.535026550293,67.6347122192383,18815482,66.0679550170898,65.2427196502686,63.7096146392822,46.7259382724762,65.3783205807963,64.7405031031338,56.0610029376898,0.985190795700852,1.15898263205855
"2021-04-27",67.2858200073242,67.4851837158203,64.3451843261719,67.2359771728516,30050351,65.6784515380859,65.3741729736328,63.8818334960938,46.8920111370087,65.4244945742255,64.8099807649821,54.2173690578558,0.948177737425571,1.11682165313196
"2021-04-28",66.4385147094727,66.538200378418,65.541374206543,65.7905807495117,13261158,64.2665481567383,65.3498294830322,64.0024618530274,47.0507818317413,65.2463489715351,64.7697264977048,48.0489226949956,0.73587229652301,1.04063178181017
"2021-04-29",65.6908950805664,66.2391510009766,65.1924819946289,65.8404235839844,11066635,64.3152236938477,65.3693042755127,64.1347668457031,47.2054285526276,65.103098928814,64.736059623345,48.2674429788907,0.566978138003016,0.945901053048737
"2021-04-30",65.5912170410156,66.538200378418,65.1924819946289,65.3918533325195,10011667,63.8770599365234,65.3303546905518,64.2806878662109,47.351576089859,64.9144775453847,64.6724300169138,46.3763865496352,0.374266945601964,0.831574231559383
"2021-05-03",65.9899444580078,67.4353485107422,65.6410522460938,67.0366134643555,12734908,65.4837341308594,65.3279209136963,64.4207949066162,47.5079407024384,65.0020554816115,64.7325266179468,53.5610816344566,0.416373155423888,0.748534016332284
"2021-05-04",66.4883575439453,66.7375640869141,65.1426467895508,65.3918533325195,15557003,63.8770599365234,65.2597599029541,64.4820636749268,47.6557866764069,64.8289792439057,64.6691587156191,46.80725209761,0.247135623009043,0.648254337667636
"2021-05-05",65.5912170410156,66.2391510009766,65.2423248291016,65.8404235839844,11168297,64.3152236938477,65.2159416198731,64.5433382415772,47.8106760311127,64.7499399285121,64.642941306599,48.7068152574818,0.165522514524263,0.551707973038961
"2021-05-06",65.890266418457,66.3388366699219,64.9432754516602,65.8404235839844,12595406,64.3152236938477,65.1575160980225,64.5530430603027,47.9614407253265,64.6830605077945,64.6186659278767,48.7068152574818,0.0996532178329179,0.461297021997753
"2021-05-07",65.5912170410156,66.4883575439453,65.1426467895508,66.2889938354492,10810442,64.75341796875,65.0844867706299,64.6065403747559,48.1139110660553,64.6938847325569,64.628647560534,50.7468381520937,0.100941570782243,0.389225931754651
"2021-05-10",66.3388366699219,67.6845550537109,66.2889938354492,66.538200378418,13154138,64.9968490600586,65.0260620117188,64.6863126373291,48.2680838871002,64.7404946290956,64.655921745684,51.8915360814,0.130804543695673,0.337541654142855
"2021-05-11",65.7407379150391,66.2391510009766,64.4947052001953,65.2423248291016,13645738,63.7309875488281,64.9408596038818,64.6853057098389,48.420294713974,64.585185847516,64.5874081014724,45.9155277460954,-0.00344069226762,0.26934518486076
"2021-05-12",65.1924819946289,65.4416885375977,63.647403717041,63.8966102600098,14215045,62.4164543151855,64.7315061569214,64.6706573486328,48.5695723438263,64.2515348425421,64.4265967098956,40.6767393299018,-0.271722978231803,0.161131552242247
"2021-05-13",63.7969245910645,64.9931182861328,63.3981971740723,64.6442260742188,13158312,63.1467552185059,64.5903144836426,64.6258560943604,48.7181341075897,64.0815687465365,64.3317936364593,44.4675579171101,-0.388959915118847,0.0511132587700285
"2021-05-14",65.3918533325195,66.2889938354492,64.9432754516602,66.0896301269531,10167742,64.5586776733398,64.5586688995361,64.5966439056397,48.881034412384,64.1549701198909,64.3485998614134,50.9883586003675,-0.300907466424427,-0.0192908862688626
"2021-05-17",65.9401016235352,66.4883575439453,65.3918533325195,65.541374206543,15316179,64.0231094360352,64.4832038879395,64.5528260040283,49.0492636394501,64.1346838608362,64.3244894595336,48.6545447268995,-0.295075173222825,-0.0744477436596551
"2021-05-18",65.6908950805664,66.1394729614258,64.6442260742188,64.6442260742188,9816408,63.1467552185059,64.4612947463989,64.4359776306152,49.21772108078,63.9826948389392,64.2372498861241,45.023094632905,-0.396273264556291,-0.138812847838982
"2021-05-19",64.2953414916992,65.2921676635742,63.7470855712891,65.2423248291016,11921066,63.7309875488281,64.3980016708374,64.3473678588867,49.3881291484833,63.9439706404606,64.1997489722503,47.8192272279325,-0.398410174314434,-0.190732313134073
"2021-05-20",65.2423248291016,65.3420104980469,64.39501953125,65.0928039550781,9324527,63.5849380493164,64.3128000259399,64.3288668823242,49.5570790672302,63.8887348572076,64.1542074224034,47.1733156860459,-0.41380382653291,-0.23534661581384
"2021-05-21",65.3420104980469,66.1893081665039,65.0429611206055,65.9401016235352,10697965,64.4126129150391,64.2349012374878,64.4223457336426,49.7238589954376,63.9693314814894,64.173348570006,51.1964649853494,-0.317915603693453,-0.251860413389763
"2021-05-24",66.2391510009766,66.3388366699219,65.3918533325195,65.6908950805664,7827397,64.1691589355469,64.1399614334107,64.4807695007324,49.8911200714111,64.000074166729,64.1730382267127,49.9904800084413,-0.269527615901088,-0.255393853892028
"2021-05-25",65.7905807495117,66.2391510009766,65.2921676635742,65.3918533325195,9496071,63.8770599365234,64.0498918533325,64.4583737182617,50.055222234726,63.9811489005435,64.1511139089209,48.5138702985942,-0.264944750014384,-0.257304033116499
"2021-05-26",65.3918533325195,66.9369277954102,64.9931182861328,66.7874069213867,12092309,65.2402801513672,64.098578453064,64.4827171325684,50.2195894908905,64.1748614006702,64.2317928898429,55.1692795149731,-0.0886344388211224,-0.223570114257424
"2021-05-27",67.7842330932617,71.7715454101562,67.7343902587891,71.522331237793,37035234,69.8655319213867,64.3760938644409,64.5547738647461,50.4056272602081,65.0503491730882,64.6491068921795,69.5510169057902,0.620646286077631,-0.0547268341904129
"2021-05-28",71.2232894897461,71.4724960327148,69.9274139404297,70.0769348144531,14560581,68.4535980224609,64.6049207687378,64.6336460876465,50.5848479557037,65.5739259191455,64.9309210499781,62.9157460301126,0.990290694740747,0.154276671595819
"2021-06-01",70.9242401123047,71.4724960327148,70.2762985229492,70.525505065918,10087388,68.8917846679688,64.7753232955933,64.7242033386231,50.7691711521149,66.0843657266568,65.2243183550144,64.0616360347284,1.31859924845992,0.387141186968639
"2021-06-02",70.6750335693359,70.6750335693359,69.8277282714844,70.2264633178711,8012785,68.5996780395508,65.0114542007446,64.8176823425293,50.9505780315399,66.4713368517174,65.4743449983134,62.6713962496586,1.52272138565057,0.614257226705025
"2021-06-03",69.7280502319336,71.6220169067383,69.4788436889648,70.2264633178711,12672972,68.5996780395508,65.2256769180298,64.9569267272949,51.1365948581696,66.7987739575379,65.7058511495162,62.6713962496586,1.66335689881669,0.824077161127359
"2021-06-04",70.5753479003906,70.7747116088867,69.0801086425781,69.5785217285156,12855029,67.9667510986328,65.4082532882691,65.0990923309326,51.3201749515534,66.9784627484756,65.8733252198211,59.4303763019597,1.67767077943397,0.994795884788681
"2021-06-07",69.7778854370117,70.1267776489258,69.0801086425781,69.3293151855469,7493597,67.7233047485352,65.5567476272583,65.2023082733154,51.5039936065674,67.0930538254078,66.0103607404666,58.1839969254728,1.64018659009915,1.12387402585077
"2021-06-08",69.6283645629883,69.7280502319336,68.3823318481445,69.2794723510742,8852489,67.6746139526367,65.6906358718872,65.290918045044,51.6902377033234,67.1825246142123,66.1336387561829,57.9223496395351,1.58600959777264,1.21630114023515
"2021-06-09",68.6315383911133,68.8309020996094,68.1331253051758,68.4321746826172,11189043,66.8469543457031,65.846434211731,65.366869430542,51.8713730049133,67.130898419057,66.1864769479992,53.5168722531377,1.42691001939834,1.25842291606779
"2021-06-10",68.8309020996094,69.1299514770508,67.7343902587891,67.9337615966797,9999489,66.3600769042969,66.0436153411865,65.3990026092529,52.0423097610474,67.0123104937093,66.1993362040213,51.0567723830934,1.22807015342645,1.25235236353952
"2021-06-11",68.0334396362305,68.6813812255859,67.6347122192383,68.2328033447266,8500031,66.6521987915039,66.2188875198364,65.4535320281983,52.2156776714325,66.95690869337,66.2328815808719,52.468568669992,1.09315357450377,1.22051260573237
"2021-06-14",68.6813812255859,68.9305877685547,66.8372497558594,67.1362991333008,9114079,65.5811004638672,66.2700086593628,65.4720330047607,52.3863589763641,66.7452458888311,66.1846014981308,47.1034195996427,0.84709188846015,1.14582846227793
"2021-06-15",67.0366134643555,67.6347122192383,66.3388366699219,67.4851837158203,7629388,65.9218826293945,66.3649473190308,65.4798224639893,52.5587441921234,66.6185746181486,66.1651408411874,48.8939714835314,0.685306146403519,1.05372399910304
"2021-06-16",67.2858200073242,68.0334396362305,66.2391510009766,66.9867706298828,14070907,65.4350357055664,66.4793613433838,65.4837175750733,52.725541009903,66.4364917085205,66.1110589792895,46.4736855162623,0.492251575236402,0.941429514329716
"2021-06-17",66.8372497558594,67.3356628417969,64.3451843261719,64.7937545776367,15451709,63.2928161621094,66.4574527740479,65.4457421112061,52.8881777381897,65.952849316765,65.902300252091,37.6437014732194,0.0767030353730158,0.768484218538376
"2021-06-18",63.9962921142578,64.8934326171875,63.547721862793,63.6972427368164,16465184,62.2217025756836,66.3892910003662,65.3805014801026,53.0490983390808,65.378826741214,65.6296633871719,34.1498981680696,-0.382200110456399,0.538347352739421
"2021-06-21",64.2454986572266,65.7407379150391,64.0959777832031,65.7407379150391,10825169,64.2178649902344,66.379553604126,65.3405786895752,53.2139340019226,65.2002172410633,65.5250857281395,44.4899512594268,-0.495792540316686,0.3315193741282
"2021-06-22",65.3918533325195,65.7905807495117,64.4947052001953,64.9432754516602,7678083,63.4388656616211,66.3430389404297,65.286049118042,53.3777862262726,64.9292400749953,65.3705509083974,41.7357216807337,-0.675091195147715,0.130197260273017
"2021-06-23",64.8934326171875,65.7407379150391,64.4947052001953,64.544548034668,8763306,63.0493850708008,66.3016551971436,65.2383361053467,53.5372647666931,64.6400316128115,65.1986126982051,40.3894294292132,-0.856737685476772,-0.0671897288769408
"2021-06-24",65.0928039550781,65.7905807495117,64.39501953125,65.541374206543,9594524,64.0231094360352,66.240796661377,65.1867278289795,53.7084055423737,64.5451205086921,65.1115383824888,45.1528647024426,-0.869919353570425,-0.227735653815638
"2021-06-25",65.5912170410156,65.9899444580078,65.2921676635742,65.5912170410156,6844839,64.1205520629883,65.953547668457,65.1497270965576,53.87954829216,64.4798022862761,65.0381319884517,45.621165090339,-0.858465157447541,-0.353881554542018
"2021-06-28",65.5912170410156,65.6410522460938,63.7470855712891,64.2454986572266,12396856,62.8050155639648,65.6711185455322,65.1019956207275,54.0479954338074,64.2221427905359,64.8727159570082,40.5831968555104,-1.0028455828849,-0.483674360210595
"2021-06-29",65.0928039550781,65.9401016235352,64.5943908691406,65.2423248291016,13883493,63.7794799804688,65.4155033111572,65.0669370269775,54.2225280475617,64.1540408197563,64.7917355143016,45.3935887052254,-0.984222276936053,-0.583783943555687
"2021-06-30",65.541374206543,67.4353485107422,65.0429611206055,67.0864562988281,13754002,65.5822830200195,65.2646335601807,65.1068839263916,54.4012220859528,64.3737703890276,64.8502945887992,52.9782612833073,-0.734806530630505,-0.613988460970651
"2021-07-01",67.6845550537109,67.9337615966797,66.5880432128906,67.1861343383789,9368346,65.6797180175781,65.118635559082,65.120541305542,54.5816164398193,64.5746854088046,64.9117333613014,53.3553524832772,-0.519240413163424,-0.595038851409206
"2021-07-02",67.4851837158203,67.4851837158203,66.3388366699219,66.5880432128906,6653090,65.0950393676758,64.9750499725342,65.1166626739502,54.7433164978027,64.6547398640156,64.9253115839958,50.7264808050186,-0.41674304424425,-0.559379689976214
"2021-07-06",66.1893081665039,66.3886795043945,63.8966102600098,64.39501953125,14172730,62.9511871337891,64.7364440917969,65.0562746429443,54.8870183753967,64.3926548285961,64.7790801432397,42.4645712903269,-0.596527943572445,-0.566809340695461
"2021-07-07",64.1956558227539,65.1924819946289,63.4978790283203,64.6940689086914,12250973,63.2435340881348,64.5148900985718,64.9997862243652,55.0363066482544,64.2158670223713,64.6653359910097,43.8085861461718,-0.695069408903914,-0.592461354337151
"2021-07-08",63.4480361938477,64.4947052001953,62.8499412536621,64.1458129882812,10798825,62.7075805664062,64.3079214096069,64.9403688049317,55.1957745742798,63.9838229522228,64.5203170706687,41.8772404764947,-0.831511906332227,-0.640271464736166
"2021-07-09",64.8435974121094,65.7407379150391,64.4947052001953,65.5912170410156,8290767,64.1205520629883,64.1959451675415,64.9374488830566,55.3647336483002,64.0048582000329,64.4907048478776,48.343018008115,-0.753359184072688,-0.662889008603471
"2021-07-12",65.0928039550781,65.4915313720703,64.2953414916992,65.3420104980469,11187237,63.876953125,64.0571828842163,64.9286834716797,55.5358715438843,63.9851804961817,64.4452417572941,47.3647530821184,-0.7138793316115,-0.673087073205077
"2021-07-13",65.2423248291016,65.2423248291016,64.1956558227539,64.2454986572266,7907410,62.8050155639648,63.9183786392212,64.9072425842285,55.7028629207611,63.803616660456,64.3237435207512,43.2201079442555,-0.808607882293655,-0.700191235022792
"2021-07-14",64.1956558227539,64.6940689086914,63.3981971740723,63.8467674255371,8970443,62.415225982666,63.7430458068848,64.8458724212647,55.8664471435547,63.5900180946422,64.1823718512634,41.7881487962212,-0.92292282060551,-0.744737552139336
"2021-07-15",63.2486724853516,64.39501953125,62.6505737304688,63.5975608825684,10310877,62.1716117858887,63.5798746109009,64.811763458252,56.0266260147095,63.3718017394493,64.0334266612356,40.8766068274092,-1.0332492828887,-0.80243989828921
"2021-07-16",63.7969245910645,64.1458129882812,62.4013671875,62.5508918762207,9141767,61.1484184265137,63.4726547241211,64.7484273529053,56.1836331653595,63.0297427682285,63.8197223475525,37.2057041730029,-1.23782985927444,-0.889517890486256
"2021-07-19",60.7566032409668,61.0058097839355,58.9124755859375,59.8096199035645,19842400,58.4685974121094,63.2849994659424,64.6314948272705,56.3245678520203,62.3280280980563,63.4233427227049,29.6862525873132,-1.72698974482853,-1.05701226135471
"2021-07-20",59.8594589233398,63.4978790283203,59.7597770690918,63.298511505127,15072405,61.8792610168457,63.168069267273,64.5740116882324,56.4823128604889,62.2589870086393,63.3089663000486,44.9387369966483,-1.65850013477244,-1.17730983603826
"2021-07-21",63.7470855712891,65.3420104980469,63.647403717041,65.1924819946289,13548149,63.7307777404785,63.1826648712158,64.5486902618408,56.6456699943543,62.4854163519992,63.3402115919323,51.1355297996891,-1.34953013014885,-1.21175389486038
"2021-07-22",65.0429611206055,65.0928039550781,63.298511505127,63.298511505127,8712244,61.8792610168457,63.1241586685181,64.5116557312012,56.7992834568024,62.3921616850525,63.2319930308148,45.6078248966229,-1.32817471901139,-1.23503805969058
"2021-07-23",63.7969245910645,64.1956558227539,62.9496231079102,63.3483543395996,7579911,61.9279861450195,63.0194025039673,64.5018863677979,56.9589732933045,62.3207500635089,63.1353999281633,45.7739518421875,-1.29032185680503,-1.24609481911347
"2021-07-26",63.0991477966309,64.4947052001953,62.9496231079102,64.39501953125,10800049,62.9511871337891,62.9609342575073,64.4979750061035,57.120376701355,62.4177403820136,63.1217545359874,49.2774159199484,-1.11532728953608,-1.21994131319799
"2021-07-27",66.4385147094727,67.1362991333008,63.7969245910645,65.1924819946289,23964901,63.7307777404785,63.007222366333,64.4814170074463,57.2774150085449,62.6197461294697,63.1668673659497,51.830986104907,-0.866152239765716,-1.14918349851154
"2021-07-28",65.541374206543,67.1861343383789,64.9931182861328,65.4416885375977,13757312,63.9743690490723,63.0169668197632,64.480442199707,57.4310536956787,62.8281496555624,63.2266823054403,52.6334001340959,-0.630323520618392,-1.04541150293291
"2021-07-29",65.7407379150391,66.6877212524414,65.2423248291016,66.2391510009766,10889854,64.7539672851562,62.97555103302,64.51258644104,57.5888333892822,63.1244292908845,63.33981452616,55.2052836287695,-0.34004715183763,-0.904338632713853
"2021-07-30",65.5912170410156,65.890266418457,64.39501953125,64.544548034668,12050777,63.0973815917969,62.846434211731,64.4999143218994,57.7410034942627,63.1202681064095,63.321856531022,49.1039690193703,-0.318355202541643,-0.787141946679411
"2021-08-02",65.0928039550781,66.7936401367188,62.5695838928223,62.6754951477051,39943542,61.2702178955078,62.6551931381226,64.4536199188233,57.8816074943543,62.83564499704,63.1698832987617,43.4057600257759,-0.529110209276262,-0.735535599198781
"2021-08-03",62.4262886047363,64.2953414916992,61.1241836547852,64.2081146240234,23177543,62.7684669494629,62.6460571289063,64.4207369995117,58.0284875488281,62.8253099127974,63.1401487543692,48.666138029358,-0.498634937964082,-0.688155466951841
"2021-08-04",63.4293441772461,64.4510955810547,63.2112922668457,64.1146621704102,22702917,62.6771087646484,62.6177358627319,64.3908959960938,58.164703502655,62.8025097361591,63.1058494958713,48.3708968076637,-0.480684060408854,-0.646661185643244
"2021-08-05",64.1707382202148,65.1924819946289,63.8716888427734,64.1831970214844,13050690,62.7441177368164,62.6195627212524,64.3682371520996,58.3012545013428,62.7935263516448,63.0790545507561,48.6171255144325,-0.452651361287582,-0.607859220772111
"2021-08-06",64.39501953125,65.5787582397461,64.39501953125,65.1177215576172,17637083,63.6576957702637,62.5964199066162,64.3365854644776,58.4411582756043,62.9264754929708,63.1219168633123,51.9796597243769,-0.309625214273335,-0.548212419472356
"2021-08-09",64.5196228027344,64.9619674682617,63.5664100646973,64.6130752563477,12768033,63.1643600463867,62.5607902526856,64.2025620269775,58.5790814208984,62.9630731165732,63.1250608027993,50.0740133369217,-0.256613909223891,-0.489892717422663
"2021-08-10",64.6753768920898,66.2453842163086,64.2953414916992,66.0896301269531,12930790,64.6078109741211,62.6509300231934,64.1256462860107,58.714500579834,63.2161097100421,63.2348941488231,55.244158671979,-0.0297058120106053,-0.397855336340251
"2021-08-11",66.1706237792969,66.1706237792969,64.6816101074219,66.0647048950195,13330458,64.5834426879883,62.7593408584595,64.0394794464111,58.8519851875305,63.4264686297262,63.3347866332057,55.1403453181904,0.144757725405187,-0.289332723991164
"2021-08-12",66.1581573486328,66.8060989379883,65.566291809082,66.3637542724609,10270509,64.8757858276367,62.8945495605469,63.9650016021729,58.9970073127747,63.6494405063278,63.4489347216821,56.2036491727675,0.316011270362893,-0.168263925120353
"2021-08-13",66.3512954711914,66.4260559082031,65.1551055908203,65.3669281005859,9020462,63.9013175964355,63.032194519043,63.8710343933106,59.1439619445801,63.6881908278828,63.4824445642564,51.7964664479811,0.32409946566907,-0.0697912469624681
"2021-08-16",64.9370498657227,64.9806594848633,63.6972427368164,64.3887939453125,11101144,62.9451141357422,63.2560203552246,63.7706016540527,59.2783585357666,63.5738713367843,63.4426423102924,47.8328627417197,0.206846722824139,-0.0144636530051467
"2021-08-17",63.884147644043,64.3389511108398,62.5259704589844,63.3109741210938,13125487,61.8914413452148,63.2566293716431,63.6539643859863,59.4087019348145,63.3150359534659,63.3277385351015,43.8508029216182,-0.0200584797900527,-0.0155826183621279
"2021-08-18",62.9745445251465,64.4635543823242,62.7751808166504,63.1801414489746,10427487,61.7635498046875,63.1582679748535,63.5357431030274,59.5371907043457,63.0763457767308,63.2118727032189,43.3787623796868,-0.214401062161973,-0.0553463071220969
"2021-08-19",62.301685333252,62.8125610351562,61.4294624328613,61.9403343200684,17344153,60.5515403747559,63.091881942749,63.4098348236084,59.6571891403198,62.6879141764269,63.0148110492587,39.0847975703257,-0.51876196625622,-0.148029438948922
"2021-08-20",62.0462493896484,62.719108581543,61.7409706115723,62.332836151123,10203095,60.9352378845215,63.0422445297241,63.3013380432129,59.7710860824585,62.4182716699799,62.8607685926115,41.0734549553357,-0.703931772612099,-0.259209905681557
"2021-08-23",62.6754951477051,63.2237510681152,62.469898223877,62.9060134887695,9642436,61.4955711364746,62.9694637298584,63.1982054901123,59.8877846908569,62.2763177417484,62.7596428551199,43.951139356795,-0.770120879252423,-0.36139210039573
"2021-08-24",63.1053771972656,64.4884719848633,62.962085723877,64.3389511108398,11007246,62.8963775634766,62.9277437210083,63.1445110321045,60.0080848693848,62.3717115604758,62.7697713520352,50.4639701347874,-0.63415842209612,-0.415945364735808
"2021-08-25",64.39501953125,65.4977645874023,63.890380859375,65.229866027832,12627427,63.7673149108887,62.9173910140991,63.1014196777344,60.1303094100952,62.5864197682316,62.8436634675058,54.0398117647639,-0.409339120414609,-0.414624115871568
"2021-08-26",65.0803375244141,65.1800231933594,64.0710525512695,64.4074859619141,13107992,62.9633712768555,62.8278612136841,63.0519863891602,60.2332032585144,62.6444123080199,62.8525307126428,50.4215759747202,-0.331121757967767,-0.397923644290808
"2021-08-27",64.7314529418945,66.1332397460938,64.7314529418945,66.0958557128906,12473178,64.613899230957,62.9036870956421,63.0784080505371,60.3380309295654,62.9474102961641,62.9830024547402,56.8145437677821,-0.0565107365303685,-0.32964106273872
"2021-08-30",66.2453842163086,66.3263778686523,65.2921676635742,65.5351409912109,11469513,64.0657424926758,63.0434633255005,63.115288848877,60.4423050880432,63.1194614033197,63.0632054205132,54.3098482166386,0.0892057142217739,-0.245871707346621
"2021-08-31",65.3793869018555,66.2640762329102,65.0803375244141,65.6722106933594,17641256,64.1997451782227,63.1150272369385,63.1149264526367,60.550408706665,63.2856589071509,63.1473935507139,54.8340517951955,0.218956553331062,-0.152906055211085
"2021-09-01",65.6410522460938,65.709587097168,64.3327178955078,64.5819244384766,12789542,63.1338996887207,63.1378667831421,63.1088271331787,60.6412746047974,63.2623113350848,63.1463940053811,49.9274357471965,0.183569199048472,-0.0856110043591733
"2021-09-02",64.7937545776367,66.2516098022461,64.7812957763672,66.201774597168,13633178,64.7174377441406,63.2365327835083,63.1421881866455,60.7322812271118,63.486176936478,63.2627676156596,56.1984798691982,0.353145031807145,0.00214020287409032
"2021-09-03",66.0397872924805,66.887092590332,64.8435974121094,65.2610168457031,12225833,63.7977676391602,63.2435363769531,63.137681350708,60.8160161399841,63.5341139676598,63.30239724703,52.1162153537301,0.366047307380191,0.0749216237753104
"2021-09-07",65.1052627563477,65.3793869018555,63.7408561706543,64.3514099121094,17639170,62.9085502624512,63.2307458877564,63.1134413146973,60.894089756012,63.4378733976277,63.2732233963204,48.4514677762446,0.260220662816546,0.111981431583558
"2021-09-08",64.1395874023438,65.2485580444336,62.5633544921875,63.9090690612793,19263203,62.4761276245117,63.1241617202759,63.1068635559082,60.9717025184631,63.289912509456,63.2141792650753,46.7305609587446,0.119804204153495,0.113545986097545
"2021-09-09",63.7720069885254,65.3669281005859,63.6162528991699,64.3514099121094,15066205,62.9085502624512,63.040417098999,63.0894449615479,61.0490470695496,63.2312413945322,63.1915400796958,48.6930676638684,0.0628269461171005,0.103402178101456
"2021-09-10",64.3514099121094,64.7626037597656,63.4106559753418,63.547721862793,15350467,62.1228790283203,62.9027717590332,63.0202568817139,61.1149293136597,63.0607241074227,63.1123800018161,45.4189995963613,-0.081847482842401,0.0663522459126847
"2021-09-13",63.9526824951172,65.3295516967773,63.5601806640625,65.0803375244141,20038302,63.6211547851562,62.8887636184692,62.9790856170654,61.1790677452087,63.1469442116894,63.1500670228043,52.0414966380275,-0.00494506381719662,0.0520927839667085
"2021-09-14",65.1301803588867,65.1364135742188,62.3452987670898,62.5384330749512,25717763,61.1362266540527,62.7983192443848,62.899909362793,61.2295663642883,62.837603048976,63.000893662156,42.7721674915177,-0.259187772883995,-0.0101633274034323
"2021-09-15",62.7938690185547,63.8405380249023,62.7315673828125,63.647403717041,13007192,62.2203330993652,62.8147638320923,62.8852922821045,61.2879158401489,62.7426384413436,62.9430743612085,47.1913916036576,-0.3184399902596,-0.0718186599746659
"2021-09-16",63.7906951904297,63.983829498291,62.8125610351562,63.1365280151367,9601506,61.7209091186523,62.8126317977905,62.8548397827149,61.34911485672,62.5854493147757,62.8525436025007,45.4501609526119,-0.424953824325935,-0.14244569284492
"2021-09-17",63.0181541442871,63.4604988098145,62.3826789855957,62.5945053100586,17203387,61.1910438537598,62.8446069717407,62.8245090484619,61.4083936500549,62.3709253976963,62.7294695470384,43.6116071130502,-0.571572104675899,-0.228270975211116
"2021-09-20",61.3671607971191,62.2206954956055,60.6008491516113,62.1833114624023,16217539,60.7890701293945,62.8372985839844,62.75787940979,61.4588577461243,62.1275630487268,62.5857362568425,42.2163989438881,-0.732072889956004,-0.329031358160093
"2021-09-21",62.2393836975098,62.2954559326172,59.9404525756836,60.3204917907715,25342171,58.968017578125,62.7109209060669,62.6597006988525,61.4960850715637,61.6414791301727,62.3177570954561,36.5168586729739,-1.08520909096176,-0.480266904720426
"2021-09-22",60.8500556945801,61.6973609924316,60.8438262939453,61.3920822143555,18002884,60.0155868530273,62.5668813705444,62.6039121246338,61.5317453193665,61.3913418567657,62.1472259663873,41.4166522491034,-1.21627972587282,-0.627469468950904
"2021-09-23",62.0088691711426,64.8435974121094,62.0026397705078,64.1458129882812,18620844,62.7075805664062,62.5138946533203,62.6097592163086,61.5813516426087,61.5938401197873,62.1887337145368,51.7275149635826,-0.956593838170439,-0.693294342794811
"2021-09-24",63.958911895752,64.9183578491211,63.9215316772461,64.6691513061523,10528608,63.2683258056641,62.5291423797608,62.6316934967041,61.6313314056397,61.8514533022299,62.2687034990648,53.5610103363416,-0.67008010989198,-0.688651496214245
"2021-09-27",65.1364135742188,66.2453842163086,65.0367279052734,65.6348266601562,12971559,64.2130737304688,62.5091011047363,62.6929866027832,61.675584526062,62.214779521959,62.4127309236132,56.5550303220238,-0.317165101934891,-0.614354217358374
"2021-09-28",65.5974426269531,66.5070495605469,65.2485580444336,65.8715744018555,20146646,64.444709777832,62.5280494689942,62.8125088500977,61.7226970481873,62.5578457151702,62.5632478757776,57.2822328152192,-0.00863471892966761,-0.493210317672633
"2021-09-29",66.0397872924805,66.6628036499023,65.6099014282227,66.2142333984375,11876404,64.7799453735352,62.5570594787598,62.8705225372315,61.7753742980957,62.8997072010725,62.7274476904263,58.3683291939739,0.274615845198078,-0.339645085098491
"2021-09-30",66.2640762329102,66.7188720703125,64.1395874023438,64.1894302368164,14356273,62.7989959716797,62.5403142929077,62.8518869018555,61.8261667633057,62.8842131657813,62.7327475631117,50.2397405045851,0.241445829416653,-0.223426902195462
"2021-10-01",64.9058990478516,66.2827606201172,64.5881576538086,65.9276428222656,12992425,64.4995651245117,62.5294206619263,62.9042929840088,61.8786572265625,63.1327288517398,62.8636229380302,55.9155627492408,0.428078912942853,-0.0931257391677988
"2021-10-04",65.6659774780273,66.712646484375,65.1675643920898,65.3544692993164,12288913,63.9388046264648,62.5364725112915,62.9445093536377,61.9327183914185,63.2567405093898,62.9432660260624,53.7388442396786,0.498027037868698,0.0251048162395005
"2021-10-05",65.4541473388672,66.0397872924805,64.6380004882812,65.3544692993164,9208740,63.9388046264648,62.5879852294922,62.9642617034912,61.9879947280884,63.3616734504783,63.0170096260922,53.7388442396786,0.546937765582811,0.129471406108163
"2021-10-06",64.5943908691406,65.055419921875,63.5851020812988,64.9993515014648,11257962,63.5913696289062,62.6437473297119,62.9614735412598,62.0429934310913,63.3970113240826,63.0595548114859,52.2765262963265,0.535139383088801,0.21060500150429
"2021-10-07",65.3170852661133,66.369987487793,64.9993515014648,65.7345123291016,10684302,64.3106155395508,62.7138505935669,62.9681984710693,62.102561378479,63.53756581877,63.1522259765277,55.0061048693581,0.610176183473743,0.290519237898181
"2021-10-08",65.6472854614258,66.1768493652344,65.204948425293,65.2423248291016,6859525,63.8290863037109,62.7991609573364,62.9497008514404,62.1636137580872,63.5824151241455,63.2023637785413,52.8276200371298,0.601324575352802,0.352680305389105
"2021-10-11",65.3170852661133,65.890266418457,64.7750625610352,64.8435974121094,6615872,63.4389991760254,62.7900531768799,62.956533203125,62.2166343688965,63.560351132127,63.2198923265031,51.0633047037029,0.538531138056464,0.389850471922577
"2021-10-12",64.5196228027344,64.8186721801758,63.2735939025879,63.9962921142578,13722903,62.610050201416,62.8637443542481,62.9833298492432,62.2706185913086,63.4141509889407,63.1747188357559,47.4376286622248,0.378999950608971,0.387680367659856
"2021-10-13",63.6723213195801,64.2953414916992,63.0368461608887,63.7720069885254,12065484,62.390625,62.8722589492798,62.9757730102539,62.3237488937378,63.2566854521806,63.1166378108851,46.4965111896036,0.221887043025282,0.354521702732941
"2021-10-14",64.2579574584961,64.5756988525391,63.7782363891602,64.0087509155273,9853826,62.6222457885742,62.9173257827759,62.9746757507324,62.379983329773,63.1590793500873,63.0800161796028,47.6765411243154,0.125337904574141,0.308684943101181
"2021-10-15",64.5756988525391,65.9774856567383,64.2891082763672,65.049186706543,9069257,63.6401252746582,63.0397798538208,62.9925959014893,62.4376583862305,63.2330864154059,63.1215057421995,52.621840806254,0.176771247603247,0.282302204001594
"2021-10-18",64.5943908691406,65.1488723754883,64.1956558227539,64.8685150146484,6653913,63.4633750915527,63.1734951019287,62.988709487915,62.4922603797913,63.2685154425054,63.1468293977071,51.707934750429,0.192703332786359,0.264382429758547
"2021-10-19",65.1551055908203,65.398078918457,64.5320892333984,65.2485580444336,6767714,63.8351898193359,63.4168537139893,63.002126083374,62.5567488861084,63.355696115864,63.1978190585685,53.5360478697688,0.249814091130474,0.261468762032932
"2021-10-20",65.2610168457031,66.05224609375,64.712760925293,66.0397872924805,9803748,64.6092681884766,63.6465377807617,63.0021552276611,62.6178100967407,63.5485533578044,63.3023708459691,57.1710736919549,0.388899354866634,0.286954880599673
"2021-10-21",65.890266418457,66.2827606201172,64.1769638061523,64.2641906738281,11588129,62.872142791748,63.6547658920288,62.9679292297363,62.655833644867,63.4444901937957,63.270502101212,48.0805007383605,0.274990851669532,0.284562074813645
"2021-10-22",64.2018890380859,65.1114883422852,63.890380859375,64.8249053955078,8595273,63.4207229614258,63.6623857498169,62.9388279724121,62.6987894439697,63.440833696508,63.2816295723389,50.7440877762428,0.251580316823374,0.277965723215591
"2021-10-25",64.569465637207,66.0335540771484,64.376335144043,65.6036758422852,10427005,64.1826171875,63.6608629226685,62.9444539642334,62.7438519096375,63.5549542335837,63.3483693956842,54.2542441669323,0.326109164087796,0.287594411390032
"2021-10-26",65.890266418457,69.1361846923828,65.5538330078125,66.9369277954102,18781193,65.4869842529297,63.7129766464233,62.9952913665772,62.7927604293823,63.8521896211754,63.5067853110357,59.5667192559261,0.543885678432643,0.338852664798554
"2021-10-27",67.2110595703125,67.4602661132812,64.6006164550781,64.7003021240234,14420637,63.2988090515137,63.6389198303223,63.0234387207031,62.8227006149292,63.7670541489198,63.4913796621822,49.2366831700829,0.434191992998589,0.357920530438561
"2021-10-28",64.4137115478516,65.6535186767578,64.233039855957,65.5787582397461,9487384,64.1582565307617,63.7068828582764,63.0713328552246,62.8620464324951,63.8272391307416,63.5407779487437,52.7058673421966,0.450830460761753,0.376502516503199
"2021-10-29",65.3856201171875,65.566291809082,64.8685150146484,65.3357772827148,9018536,63.920524597168,63.6779308319092,63.1387125396729,62.8980142784119,63.841590740961,63.5689073301084,51.6543009019098,0.428957209279357,0.386993455058431
"2021-11-01",65.890266418457,66.5195083618164,65.5912170410156,66.1830825805664,7844250,64.7494735717773,63.7184642791748,63.214997253418,62.9461542701721,63.9812650226251,63.6563566813432,55.0239452783279,0.510409891832753,0.411676742413295
"2021-11-02",66.2516098022461,66.7500228881836,65.6036758422852,66.4696655273438,7192101,65.0298385620117,63.7730159759522,63.2856826019287,62.9932635307312,64.1425840286846,63.7580960799112,56.1374717635886,0.603041766321666,0.449949747194969
"2021-11-03",66.1394729614258,66.2516098022461,65.3046264648438,66.0210952758789,6599661,64.5909957885742,63.8229972839356,63.3195749664307,63.0391516304016,64.211570453283,63.819792354627,53.888494333783,0.61388181346469,0.482736160448913
"2021-11-04",65.9587936401367,66.2889938354492,64.9744262695312,65.547607421875,7505094,64.1277542114258,63.8138542175293,63.3267837524414,63.0905076599121,64.1986756468434,63.8426043440195,51.5411871462212,0.557733047519826,0.497735537863096
"2021-11-05",66.6191940307617,68.3137969970703,66.5693511962891,67.7468566894531,12202399,66.2793579101562,63.9363677978516,63.3931034851074,63.1516487312317,64.51878061043,64.0231046081778,60.210452781297,0.774214254815941,0.553031281253665
"2021-11-08",68.1580429077148,68.7249908447266,67.4851837158203,67.5474853515625,8305554,66.0843124389648,64.0686334609985,63.4225117492676,63.2147336006165,64.7596316609738,64.1757866697175,59.176929558507,0.909758994090781,0.624376823821088
"2021-11-09",71.4787216186523,72.3758697509766,68.8309020996094,69.3355484008789,40325875,67.8336639404297,64.3298141479492,63.4978701782227,63.279267578125,65.232559703967,64.4467405416221,64.9826660343407,1.21933111859609,0.743367682776089
"2021-11-10",70.0893936157227,70.2015380859375,67.3543548583984,67.883918762207,13952431,66.4134674072266,64.5309562683106,63.5421446228027,63.3345112419128,65.4142378121608,64.5924240131484,57.7963234754097,1.27230679382015,0.849155504984902
"2021-11-11",67.6284790039062,68.2826461791992,66.5257415771484,66.6628036499023,8848557,65.2187957763672,64.6607837677002,63.5838425445557,63.3908359718323,65.3841698066541,64.638821921535,52.5333600094364,1.15309633276406,0.909943670540733
"2021-11-12",66.9120101928711,67.2422103881836,66.3263778686523,67.0303802490234,12240118,65.5784149169922,64.7576982498169,63.6010620880127,63.4589322280884,65.414053669783,64.70842140268,53.8943752390241,1.09047980433943,0.946050897300472
"2021-11-15",67.3045120239258,67.703239440918,66.1643905639648,66.4572067260742,9831034,65.0176544189453,64.8354122161865,63.6254598236084,63.5227651405335,65.3530691696542,64.731327552033,51.4185846390431,0.960495699893427,0.948939857819063
"2021-11-16",66.1332397460938,66.1706237792969,64.05859375,64.3887939453125,19257424,62.9940643310547,64.7933559417725,63.6271701049805,63.5643173980713,64.9901453483312,64.602641387516,43.6295898662792,0.599826806601755,0.879117247575602
"2021-11-17",64.6068496704102,64.718994140625,63.1863708496094,63.5414886474609,13334471,62.165096282959,64.6711473464966,63.6209494781494,63.6026978302002,64.555522415197,64.4220824908822,40.8965386045999,0.207133826097117,0.744720563279905
"2021-11-18",63.1926002502441,63.4231147766113,61.7908134460449,62.719108581543,13692888,61.3605270385742,64.5955665588379,63.5899890136719,63.6309740638733,64.0639846649473,64.195300605526,38.3833784568799,-0.204556936940981,0.554865063235728
"2021-11-19",62.1770820617676,62.7627182006836,61.8655738830566,62.2767639160156,10598911,60.9277687072754,64.4709188461304,63.566086807251,63.6583027839661,63.5814899022286,63.9532612056556,37.0640492684879,-0.581317193866848,0.327628611815213
"2021-11-22",62.5945053100586,63.5290298461914,62.476131439209,62.9496231079102,9962170,61.5860557556152,64.3410907745361,63.5253848266602,63.6838145446777,63.2745000335188,63.7779126538008,40.4188988610371,-0.789321254545572,0.104238638543056
"2021-11-23",63.4106559753418,63.6785545349121,63.0181541442871,63.5975608825684,9648856,62.2199516296387,64.1777391433716,63.5470593261719,63.714198551178,63.1122618175373,63.6625081334925,43.5399631341797,-0.864317684124882,-0.0894726259905319
"2021-11-24",63.4604988098145,63.7470855712891,63.1178398132324,63.6910133361816,8943739,62.3113822937012,64.128367805481,63.5488803100586,63.7484453392029,62.9890495831009,63.5624247379524,43.9956583985971,-0.902066208479746,-0.251991342488375
"2021-11-26",60.2208099365234,61.1179542541504,59.5043411254883,60.9559707641602,13815999,59.6355857849121,63.9022342681885,63.5071738433838,63.7678536224365,62.4731320756873,63.2715477784679,35.073689531838,-1.26188742146175,-0.45397055828305
"2021-11-29",61.8468856811523,62.5695838928223,60.3267211914062,61.304859161377,15692352,59.9769172668457,63.7050539016724,63.4828913116455,63.7824006652832,62.0890990281732,63.0275010739033,36.833420154514,-1.48887712465355,-0.660951871557151
"2021-11-30",60.2083473205566,60.7005348205566,58.8564033508301,59.1803703308105,18313148,57.8984489440918,63.3625026702881,63.4250788879395,63.7807172584534,61.4443836306222,62.6475712865099,31.274748293042,-1.9205655242165,-0.91287460208902
"2021-12-01",60.1522789001465,60.3641052246094,57.9031867980957,57.9405670166016,13895451,56.6854972839355,62.9452856063843,63.3794284820557,63.7756448745728,60.7122472695935,62.2059361752081,28.565461373602,-2.40119994562494,-1.21053967079621
"2021-12-02",58.6881866455078,59.6725540161133,57.822193145752,59.3298950195312,9782400,58.0447235107422,62.6179719924927,63.34001121521,63.7829634475708,60.301858999001,61.8976982000624,35.3265995173489,-2.57818828077173,-1.48406939279131
"2021-12-03",59.2675933837891,59.4046592712402,57.1493377685547,57.7972755432129,12973646,56.5453033447266,62.2388494491577,63.2167656707764,63.7732980537415,59.7239273598818,61.5012245070746,31.7559076030293,-2.88985652145562,-1.76522681852417
"2021-12-06",58.4701309204102,60.3641052246094,58.0900917053223,59.8158493041992,10721861,58.520149230957,61.8508890151978,63.1218021392822,63.7618306922913,59.5387307246626,61.2804041162511,40.312976221417,-2.84213757514462,-1.98060896984826
"2021-12-07",60.1834297180176,61.2612495422363,59.996524810791,60.7752952575684,8104115,59.4588241577148,61.5196146011353,63.0267171478272,63.7528673362732,59.5264374066707,61.1454722674706,43.9128713607263,-2.64784096149876,-2.11405536817836
"2021-12-08",60.7752952575684,61.6412887573242,60.4201736450195,61.2300987243652,7635106,59.9037666320801,61.1231197357178,62.9358982849121,63.7332362556458,59.5844880567336,61.0534940722565,45.5881114525203,-2.40609655163108,-2.17246360486891
"2021-12-09",60.9123573303223,61.1740264892578,60.4326362609863,60.9497375488281,6527432,59.6294860839844,60.7839206695557,62.8328890991211,63.7209909248352,59.5914108301568,60.9480119990511,44.7017433114124,-2.22583333631197,-2.18313755115752
"2021-12-10",61.1117248535156,61.404541015625,60.0899772644043,60.4014854431152,6863859,59.0931091308594,60.4776363372803,62.7587713623047,63.7114152908325,59.5147490302649,60.8106117865925,42.9433413745248,-2.13098128477187,-2.17270629788039
"2021-12-13",59.7909278869629,60.0588264465332,57.828426361084,58.0215606689453,11843339,56.7647399902344,60.0369525909424,62.6040748596191,63.676332321167,59.0916707164141,60.5109175794549,36.2730581561291,-2.34543933526907,-2.20725290535812
"2021-12-14",57.7848129272461,58.6009674072266,57.1431045532227,57.3860816955566,11654259,56.1430206298828,59.5932209014893,62.4481591796875,63.641303062439,58.6380322415631,60.1873696572643,34.7221629551917,-2.57419027368017,-2.28064037902253
"2021-12-15",57.4546165466309,57.5729866027832,56.1836585998535,57.3673934936523,12350388,56.1247253417969,59.2497539520264,62.2918775939942,63.5949925994873,58.2513696415991,59.8864330413038,34.6751793281907,-2.73027348043421,-2.37056699930487
"2021-12-16",57.6415214538574,58.7754096984863,57.4421539306641,57.6477508544922,11440140,56.3990249633789,58.9614503860474,62.1480307006836,63.5468912887573,57.9663935372575,59.6281065170131,36.0718768504429,-2.7867948134181,-2.45381256212752
"2021-12-17",57.5979080200195,57.9841804504395,56.1400489807129,56.9748916625977,14550168,55.7407455444336,58.6804613113403,61.9766333007813,63.4945249938965,57.6239861537461,59.3401538523775,34.1829982709284,-2.89208501700343,-2.5414670531027
"2021-12-20",56.0715179443359,56.1338195800781,54.931396484375,56.0590553283691,9651745,54.892765045166,58.3787111282349,61.7979068756104,63.4240429496765,57.2037982908877,59.0107176444359,31.8680014372554,-3.06201894448349,-2.64557743137886
"2021-12-21",56.5200881958008,58.3579902648926,56.5200881958008,57.9779472351074,12227117,56.7717323303223,58.1379949569702,61.6645615386963,63.3670942306519,57.1373266046468,58.8448668804275,41.3467380439709,-2.90176589106813,-2.69681512331671
"2021-12-22",57.8907279968262,58.3829116821289,57.4172325134277,57.9841804504395,7485993,56.7778358459473,57.8658891677857,61.5479172515869,63.3284334754944,57.0820203340777,58.691753470466,41.3752696166294,-2.74269048240038,-2.70599019513345
"2021-12-23",58.1274719238281,58.9000129699707,58.1274719238281,58.5635833740234,6236589,57.3451843261719,57.6175792694092,61.4470084381104,63.3164660453796,57.1225071020922,58.5920076079257,44.097466602446,-2.50802211056987,-2.66639657822073
"2021-12-27",58.3330688476562,58.9810066223145,58.2209243774414,58.9498558044434,5503703,57.7234230041504,57.5219711303711,61.3490319824219,63.2988433074951,57.2149557024088,58.5276680076461,45.9010179372746,-2.24289186622941,-2.58169563582247
"2021-12-28",58.8314819335938,59.8594589233398,58.7131080627441,59.3735084533691,6503676,58.1382522583008,57.4300378799439,61.2389945220947,63.2645503234863,57.3570013263922,58.4988223965835,47.8868057210859,-1.95187018030973,-2.45573054471992
"2021-12-29",59.1866035461426,59.4856491088867,58.8377113342285,59.0557670593262,5602577,57.8271255493164,57.4264717102051,61.12626953125,63.2335704040527,57.429328129919,58.4490670745637,46.5079354592768,-1.74466248254022,-2.31351693228398
"2021-12-30",58.9747772216797,59.7971572875977,58.8937835693359,58.999698638916,5247049,57.7722282409668,57.4808082580567,61.0050102996826,63.1911180686951,57.4820819931571,58.3989308646676,46.2548522840457,-1.56997543950791,-2.16480863372877
"2021-12-31",58.8750915527344,59.167911529541,58.5012817382812,58.8564033508301,6092452,57.6319198608398,57.4601680755615,60.8654633331299,63.1567277336121,57.5051339728006,58.3421152347544,45.5722713847249,-1.43460904457443,-2.0187687158979
"2022-01-03",59.3236656188965,60.7067642211914,59.0308456420898,59.9591445922852,7415209,58.7117156982422,57.5684886932373,60.7822547912598,63.1284667015076,57.6907619305609,58.3694930468646,51.5035643393623,-1.16281824781111,-1.84757862228054
"2022-01-04",61.5416069030762,62.332836151123,61.1117248535156,61.9091835021973,12237390,60.6211814880371,57.6735403060913,60.726263961792,63.1119439697266,58.1415957086341,58.5362847832478,59.83836894149,-0.674263964778654,-1.61291569078016
"2022-01-05",62.133472442627,63.4168853759766,61.8593444824219,61.9091835021973,9461542,60.6211814880371,57.7316581726074,60.6550352478027,63.1068625831604,58.5230704439269,58.6907215761951,59.83836894149,-0.285651850523905,-1.34746292272891
"2022-01-06",62.5820426940918,62.9745445251465,61.9403343200684,62.2705345153809,6864983,60.9750061035156,57.7852201461792,60.5647956848145,63.1074452590942,58.9002913146329,58.8599278374781,61.2688798949893,0.0685754784922166,-1.06425524248469
"2022-01-07",62.1770820617676,63.6972427368164,62.1583938598633,63.1739082336426,10029103,61.8595962524414,57.8967256546021,60.536011428833,63.1039307022095,59.3555689973726,59.0821254978458,64.65816198008,0.462819333635545,-0.758840327260641
"2022-01-10",63.3732757568359,63.547721862793,61.6412887573242,61.9403343200684,9259300,60.6516799926758,57.9746541976929,60.4658798980713,63.0909684753418,59.5549706889577,59.1983887937591,57.2862902450652,0.602350676199825,-0.486602126568548
"2022-01-11",62.4823608398438,63.7782363891602,62.2829933166504,63.4168853759766,9107137,62.0975189208984,58.2412931442261,60.4294197845459,63.0862091445923,59.9461319554101,59.4131391735472,62.759451610102,0.89709580957511,-0.209862539339816
"2022-01-12",63.1926002502441,63.9339904785156,63.161449432373,63.6972427368164,7316816,62.3720512390137,58.5527446746826,60.3818713378906,63.0743023109436,60.3193503067338,59.6323178450633,63.7103027946284,1.15211430059712,0.0625328286475707
"2022-01-13",63.7283935546875,64.5756988525391,63.4231147766113,63.8343086242676,7034320,62.5062561035156,58.8718212127686,60.3313996887207,63.06720495224,60.6557973523925,59.8452021605042,64.1916300998275,1.35448651291097,0.32092356550025
"2022-01-14",63.3358955383301,64.3389511108398,62.8686294555664,64.2704162597656,7030789,62.933277130127,59.198533821106,60.2982453155518,63.0585910797119,61.0061788566593,60.0739484545503,65.7483289516626,1.55180477743084,0.567099807886369
"2022-01-18",63.8966102600098,64.6255416870117,63.647403717041,64.1022033691406,13499795,62.7685737609863,59.5499252319336,60.271061706543,63.044771900177,61.2773165342481,60.2735503291011,64.5821361247324,1.66535105310091,0.786750056929276
"2022-01-19",63.9776000976562,64.1645050048828,62.5945053100586,62.6879577636719,9147425,61.3837585449219,59.8744749069214,60.1731497192383,63.0254892921448,61.2936922281979,60.3557879747175,55.6452225644387,1.55395908984459,0.940191863512339
"2022-01-20",62.4449806213379,63.4168853759766,61.0369606018066,61.2114067077637,9045502,59.9379272460938,60.03278465271,60.0502220153809,62.9992209815979,61.0851130001819,60.3248353281528,48.153025235811,1.26030625345832,1.00421474150154
"2022-01-21",60.8687477111816,61.2737083435059,59.7223968505859,59.996524810791,12964978,58.7483139038086,60.131308555603,59.8685150146484,62.9655438804627,60.7256054468937,60.2080559633865,43.0205150826599,0.859601718118763,0.975292136824981
"2022-01-24",58.9311637878418,60.7067642211914,57.4982261657715,60.3765640258789,15847565,59.1204490661621,60.2200717926026,59.7226546478272,62.9300761032105,60.4786583113965,60.1274924895181,44.9955888656643,0.584035367747449,0.897040783009475
"2022-01-25",56.7692947387695,57.5418357849121,55.0123901367188,56.7630653381348,33629909,55.5821304321289,60.1130071640015,59.5299213409424,62.8771600341797,59.7253463299707,59.7907990037855,33.2087319146,-0.109469475078672,0.695738731391846
"2022-01-26",57.0122718811035,57.2614784240723,54.856632232666,55.6478652954102,17073695,54.4901313781738,59.9306011199951,59.308155670166,62.8224355125427,58.9199286450789,59.3981569574439,30.5490157021232,-0.805123150045961,0.395566355104284
"2022-01-27",56.0715179443359,57.1742553710938,54.8690948486328,56.0092163085938,12527109,54.8439674377441,59.7814432144165,59.104681930542,62.7636377334595,58.2928576901043,59.0608095856143,32.4372455839922,-1.30027322838636,0.0563984384061551
"2022-01-28",55.6354064941406,57.4172325134277,55.3550491333008,57.3798522949219,10398756,56.1860809326172,59.702135848999,58.9685222625733,62.7147151947022,57.9687381889525,58.8478667224293,39.1905926360243,-1.49390042909032,-0.25366133509314
"2022-01-31",57.0745735168457,58.9124755859375,56.7132263183594,58.8626327514648,11238219,57.638011932373,59.7024404525757,58.8779805755615,62.6769473075867,57.9178572264018,58.7582478490918,45.5334246459128,-1.43025133228686,-0.488979334531884
"2022-02-01",59.1866035461426,61.3173179626465,59.0308456420898,61.0245018005371,13080224,59.7549018859863,59.7545997619629,58.8458680725098,62.6480597686768,58.2004794817225,58.832074074047,53.198390346482,-1.07355486316796,-0.605894440259099
"2022-02-02",60.8500556945801,61.4170036315918,59.9093017578125,61.0805740356445,8926564,59.8098106384277,59.7140312194824,58.8235089111328,62.6291841316223,58.4480688904464,58.9044990047418,53.3816492271834,-0.774864606282011,-0.639688473463681
"2022-02-03",60.5260887145996,61.7783508300781,60.1522789001465,61.2550163269043,9972924,59.9806213378906,59.6820032119751,58.7914002227783,62.6041029930115,58.6838461900532,58.9842117701603,53.9852633034396,-0.509230472177058,-0.613596873206357
"2022-02-04",60.8687477111816,62.332836151123,60.8313674926758,61.6848983764648,10278374,60.4015579223633,59.6533308029175,58.7550323486328,62.579665927887,58.9481095334855,59.0892003740272,55.5139299163847,-0.23877601938862,-0.538632702442809
"2022-02-07",61.9091835021973,62.6692657470703,61.3671607971191,62.2393836975098,7039456,60.9445114135742,59.6075765609741,58.7276949310303,62.5545355415344,59.2552482842684,59.226630821401,57.476285361687,0.0483185730311808,-0.421242447348011
"2022-02-08",62.2892265319824,62.6131935119629,61.4481544494629,61.8718032836914,8279712,60.5845832824707,59.6042217254639,58.7466748809815,62.5271186828613,59.4597613609149,59.3272198925914,55.7215380986082,0.223407516083651,-0.292312454661679
"2022-02-09",62.4574394226074,62.5945053100586,61.7534294128418,61.8344230651855,10632457,60.5479850769043,59.5267450332642,58.7580962371826,62.5014663505554,59.627180394144,59.4176469432812,55.5358738964153,0.352645151133024,-0.163320933502738
"2022-02-10",61.2986297607422,62.7253379821777,61.0556526184082,61.5478363037109,8848717,60.2673530578613,59.4215101242066,58.805474319458,62.481470375061,59.7256684962544,59.4805881369538,54.0487310245088,0.41203418960194,-0.0482499088818026
"2022-02-11",61.6911277770996,62.4449806213379,59.9155311584473,60.3267211914062,11966771,59.0716400146484,59.2497793197632,58.8531971740723,62.4552524566651,59.6250487298535,59.4502956834497,48.1343581921347,0.293948153486467,0.0201897035918514
"2022-02-14",60.2519607543945,60.6818428039551,59.5354919433594,60.1834297180176,11172731,58.9313354492188,59.0496822357178,58.8709294128418,62.4305238342285,59.5183236097558,59.4118541846178,47.4778446168597,0.179205693205908,0.0519929015146628
"2022-02-15",61.0494232177734,63.161449432373,61.0245018005371,62.8748626708984,10741924,61.5667686462402,58.9895919799805,58.9713587188721,62.4109390068054,59.8334689999842,59.5714774780713,58.8352453413071,0.439793560616875,0.129553033335105
"2022-02-16",62.3577575683594,63.4916496276855,62.233154296875,63.1801414489746,7850670,61.8656997680664,59.0136890411377,59.0382697296143,62.4008822059631,60.1461198873814,59.7414198699228,59.8946040012248,0.677419482730457,0.239126323214176
"2022-02-17",62.5197410583496,62.5695838928223,60.9808883666992,61.3422393798828,6229366,60.066032409668,59.0200942993164,59.0504138946533,62.3796362495422,60.133798736964,59.7654652432373,51.3302153520979,0.616298212065569,0.314560700984454
"2022-02-18",61.3173179626465,61.6599807739258,57.2677116394043,57.7474327087402,25110235,56.5460205078125,58.9099796295166,58.983258972168,62.3407902336121,59.5818328555561,59.526987855428,39.4485715882084,0.0921346805943912,0.270075496906442
"2022-02-22",57.7162818908691,59.3236656188965,57.5480651855469,58.6570358276367,12349746,57.436695098877,58.8257919311524,58.9394031524658,62.3042066192627,59.2518116622208,59.3721513549428,43.0412901602968,-0.202687101571419,0.175522977210869
"2022-02-23",58.4327507019043,59.0993804931641,57.510684967041,57.7225112915039,11839969,56.5216102600098,58.8727659225464,58.8879731750488,62.2618304252625,58.8317806772653,59.1610001627255,40.3897572051097,-0.556480594571895,0.0291222628543165
"2022-02-24",56.4390983581543,57.996639251709,54.6385803222656,57.653980255127,18285861,56.4545097351074,58.9709848403931,58.8817685699463,62.2254480361939,58.4660466861641,58.9605193903093,40.1942221546345,-0.8386505228557,-0.144432294287687
"2022-02-25",58.1960067749023,60.6943016052246,57.9779472351074,60.0401344299316,11191511,58.7910118103027,59.168337059021,58.9347283935547,62.2073208236694,58.5160413206469,58.9479632732718,49.3833037448923,-0.732717347031253,-0.2620893048364
"2022-02-28",59.0370788574219,59.6974754333496,58.6445770263672,59.5043411254883,10142743,58.2663764953613,59.2723518371582,58.977561416626,62.1829189300537,58.4776313475261,58.897475363797,47.6142463930903,-0.712838731503529,-0.352239190169826
"2022-03-01",59.1616821289062,59.8470001220703,57.2365608215332,57.5231475830078,10806289,56.3263893127441,59.2067707061768,58.9761087036133,62.1417574882507,58.1466710344827,58.7070245452005,41.669826403555,-0.95449141743903,-0.472689635623667
"2022-03-02",58.2271575927734,59.1554527282715,57.9904098510742,58.6632652282715,7131107,57.4427871704102,59.091164970398,59.0101495361328,62.1088558769226,58.0383812092408,58.613377332253,45.8587788942362,-0.980998108593645,-0.574351330217662
"2022-03-03",59.1492195129395,59.3735084533691,57.3050918579102,57.5979080200195,7420184,56.3995971679688,58.920654296875,59.0402861785889,62.0751200866699,57.7862605875066,58.4493936163801,42.7680512742609,-1.13454218742768,-0.686389501659666
"2022-03-04",56.2085800170898,56.3705635070801,54.5264358520508,55.5357246398926,13545059,54.3803215026855,58.6406393051148,58.9924579620361,62.0283667564392,57.2622699590726,58.1479808672175,37.4996128396767,-1.5232014851341,-0.853751898354552
"2022-03-07",55.2429046630859,55.5793342590332,53.1371078491211,53.1931800842285,11428423,52.13330078125,58.2272264480591,58.8995672607422,61.9711085700989,56.4731977778691,57.7024490089977,32.6758544259452,-2.13032765894725,-1.10906705047309
"2022-03-08",54.2211570739746,56.3518753051758,53.2990913391113,54.9189376831055,11006283,53.8246650695801,57.8712341308594,58.8291568756104,61.9181688308716,56.0657312073631,57.4152057542261,39.0330821381486,-2.3503783172694,-1.35732930383235
"2022-03-09",56.9811210632324,57.9343376159668,56.7568359375,56.8502883911133,10394261,55.7175369262695,57.6278818130493,58.7890391540527,61.8759107208252,56.0121628564256,57.2894525077108,45.2625406027176,-2.22953719292956,-1.5317708816518
"2022-03-10",54.6821899414062,57.0683441162109,54.4828224182129,56.9001312255859,13026132,55.7663879394531,57.3888019561768,58.7416018676758,61.8353573608399,55.9743513307375,57.176632910062,45.4175457636708,-2.10274987898582,-1.6459666811186
"2022-03-11",57.8159637451172,58.3268394470215,57.1057243347168,57.4919967651367,11342229,56.3464660644531,57.1927576065064,58.7119886779785,61.7908882904053,56.0315997513092,57.1151390696466,47.3250404181363,-1.89711403313949,-1.69619615152278
"2022-03-14",57.5916786193848,58.5573539733887,57.2801704406738,57.5979080200195,9700540,56.4502601623535,57.0616886138916,58.6855493164063,61.7238119316101,56.096009045316,57.0658887802174,47.6773873915261,-1.699578777502,-1.69687267671862
"2022-03-15",58.096321105957,58.2894554138184,56.856517791748,57.5356063842773,8189827,56.3892021179199,56.9345819473267,58.6606949615479,61.6634899520874,56.1411156718704,57.0157638422695,47.4762016420278,-1.5340462206535,-1.6643073855056
"2022-03-16",58.2333869934082,59.4607276916504,57.7785835266113,58.999698638916,8954332,57.8241233825684,56.7474496841431,58.6429431152344,61.6081516456604,56.4000399350547,57.0756423267361,52.5442786987421,-1.18369651946056,-1.56818521229659
"2022-03-17",58.6881866455078,59.5417213439941,58.1337013244629,59.5167999267578,6982315,58.330924987793,56.5707109451294,58.5971379852295,61.5568078804016,56.6970991739375,57.1686262275551,54.2243070284168,-0.82480039268511,-1.41950824837429
"2022-03-18",59.5541801452637,59.753547668457,58.9124755859375,59.5541801452637,11872231,58.3675575256348,56.4857872009277,58.5520655059815,61.505647277832,56.9540927665063,57.2574359533388,54.3501072760775,-0.529788283009458,-1.24156425530133
"2022-03-21",58.8439407348633,59.6351737976074,58.3455276489258,59.0744590759277,8799280,57.8973960876465,56.5533559799194,58.4905133056641,61.4553005027771,57.0992163543741,57.3048404077319,52.361172179775,-0.358824929787493,-1.06501639019856
"2022-03-22",59.336124420166,59.9529113769531,58.9373931884766,59.1242980957031,7730288,57.9462432861328,56.5788333892822,58.4122462463379,61.4064151954651,57.2295281900292,57.3523517320579,52.5554324713036,-0.214156069139937,-0.894844325986836
"2022-03-23",58.924934387207,58.9747772216797,58.2583084106445,58.3766784667969,7854202,57.2135162353516,56.6134286880493,58.3434829711914,61.3541097068787,57.2270648123865,57.3420676211908,49.3073862672732,-0.200555741317143,-0.755986609052897
"2022-03-24",58.8065605163574,58.825252532959,58.3455276489258,58.6383476257324,8561245,57.4699668884277,56.6642015457153,58.250931930542,61.3072247695923,57.2644343625467,57.3515416409861,50.4613574248067,-0.151883063553349,-0.635165899952988
"2022-03-25",58.8377113342285,59.1305313110352,58.1960067749023,58.5760459899902,9227359,57.4089126586914,56.5950965881348,58.1516691589356,61.2624689483643,57.2866617927228,57.3557913460013,50.1685524369444,-0.120527590424957,-0.532238238047382
"2022-03-28",58.3143768310547,58.339298248291,56.5200881958008,57.3175506591797,12069336,56.1754875183105,56.4905521392822,58.0250537872315,61.2100853919983,57.1157119043517,57.268361432839,44.5451209634868,-0.26655124167706,-0.479100838773317
"2022-03-29",57.9530296325684,59.167911529541,57.9530296325684,58.9685478210449,13794811,57.793586730957,56.5639120101929,57.9222599792481,61.1711478233337,57.2200003392141,57.3072670104774,52.1264071748273,-0.152278543046547,-0.413736379627963
"2022-03-30",58.3268394470215,59.2738227844238,58.1274719238281,58.924934387207,9042452,57.7508544921875,56.5793153762817,57.8219055938721,61.1302926826477,57.3016702089023,57.3401253424559,51.9245190399051,-0.0670649624917696,-0.344402096200724
"2022-03-31",58.407829284668,58.5324325561523,56.9873504638672,57.0060424804688,13203013,55.8701858520508,56.5528448104859,57.7116341400147,61.0824684333801,57.0814418463097,57.2312409357593,43.8712167173265,-0.261743563480765,-0.327870389656733
"2022-04-01",57.3798522949219,57.6664428710938,56.7630653381348,57.6228294372559,9054811,56.4746780395508,56.6575626373291,57.6423691558838,61.0483777427673,56.9880935683468,57.1751992397438,46.731037710591,-0.327249705965049,-0.327746252918396
"2022-04-04",57.4296951293945,57.5169143676758,56.6322326660156,57.3300094604492,8249536,56.1876983642578,56.8602825164795,57.5911568450928,61.0182077217102,56.8649558446408,57.1020510267449,45.544625818784,-0.415213075258869,-0.345239617386491
"2022-04-05",57.1057243347168,57.5293769836426,56.0154457092285,56.1338195800781,10787509,55.0153541564941,56.9198169708252,57.5090549468994,60.9721951675415,56.5804017387721,56.9474808882078,40.9687762059405,-0.644592427461843,-0.405110179401561
"2022-04-06",55.6790161132812,56.1774291992188,54.7133407592773,56.0154457092285,10556215,54.8993339538574,56.8789068222046,57.495399017334,60.9294975090027,56.3217759257083,56.7957663004781,40.5347407925103,-0.834552301420066,-0.490998603805262
"2022-04-07",55.9593734741211,56.1213607788086,54.2585372924805,55.7350883483887,11391666,54.6245651245117,56.8218156814575,57.4980876922608,60.8873734092712,56.0606665716781,56.6349365837399,39.4682943258026,-1.01398544202956,-0.595595971450122
"2022-04-08",55.7537803649902,56.2397308349609,55.2117538452148,55.9095344543457,6447980,54.7955360412598,56.7442691802979,57.4971190643311,60.8412355422974,55.8660311054599,56.4986846917043,40.5169771394471,-1.11976692855175,-0.700430162870447
"2022-04-11",55.7849311828613,57.0621147155762,55.4671897888184,55.8659210205078,8655143,54.7527847290039,56.6593954086304,57.4684531402588,60.7943967056274,55.6947624321589,56.3693587685413,40.3288338227768,-1.19674296660411,-0.799692723617181
"2022-04-12",56.0715179443359,56.9063606262207,55.6354064941406,56.0715179443359,7240254,54.954288482666,56.5876497268677,57.4147786712647,60.755143070221,55.5808433630062,56.2645387473653,41.702929164614,-1.2151443868207,-0.882783056257884
"2022-04-13",56.171199798584,56.9748916625977,56.0652885437012,56.5387802124023,6362268,55.412239074707,56.4670555114746,57.3279254150391,60.7133068656921,55.5549042417294,56.2014054382796,44.8132644984901,-1.15032923377718,-0.936292291761744
"2022-04-14",56.7194557189941,57.411003112793,56.4640197753906,56.5886192321777,6146543,55.4610862731934,56.3235635757446,57.2409509277344,60.662700881958,55.5404707081085,56.1465669816065,45.1494255394221,-1.07948946138878,-0.964931725687152
"2022-04-18",56.6758422851562,57.0060424804688,56.0092163085938,56.3207244873047,6291965,55.1985168457031,56.1651115417481,57.1453088378906,60.6102948760986,55.4878624215846,56.0763410456137,43.6116109250446,-1.04942407627919,-0.98183019580556
"2022-04-19",56.5699310302734,57.4795341491699,56.5699310302734,57.2552490234375,7394824,56.114429473877,56.0759632110596,57.0595662689209,60.5653918266297,55.5842573527065,56.0791624106702,50.0081562586342,-0.882511501044758,-0.9619664568534
"2022-04-20",57.6290588378906,58.0091018676758,56.8502883911133,56.9437408447266,6424385,55.8091354370117,55.9691078186035,56.9568587493897,60.5296815681458,55.6188539810611,56.0591604126214,48.0515122708157,-0.785431726624952,-0.92665951080771
"2022-04-21",57.9094161987305,58.4265213012695,56.9624328613281,57.1431045532227,7225326,56.004524230957,55.9086582183838,56.8652575683594,60.4934865188599,55.6781878656605,56.0551132880537,49.4156345141518,-0.672419339260399,-0.875811476498248
"2022-04-22",56.6260032653809,56.8814392089844,55.4360389709473,55.4921112060547,7967682,54.3864288330078,55.7544813156128,56.7420264434815,60.4518807601929,55.4794557067908,55.9315070321244,40.0388990779188,-0.808223037998756,-0.86229378879835
"2022-04-25",55.1369934082031,56.0715179443359,53.9407997131348,55.996753692627,11080599,54.8810119628906,55.6280862808228,56.634299621582,60.4056830596924,55.3873874384985,55.8536925825515,43.5639374719048,-0.83486896298538,-0.856808823635756
"2022-04-26",52.9252815246582,53.0997276306152,48.8507537841797,50.208927154541,46154289,49.2085075378418,55.2797372817993,56.4370369720459,60.3323408317566,54.4367905307052,55.3614566533137,25.2379213528951,-1.67023445282346,-1.0194939494733
"2022-04-27",49.8413505554199,50.9316291809082,48.5143241882324,48.7261505126953,20213257,47.7552757263184,54.7778217315674,56.2135157775879,60.2570921325684,53.4088651761841,54.7980358439067,22.6133922640241,-2.53507383308342,-1.32260992619532
"2022-04-28",48.8382911682129,49.0314254760742,47.2558288574219,48.4271011352539,19277327,47.4621810913086,54.2633880615235,55.9314240264893,60.1823269081116,52.4939907015879,54.2546391955661,22.1139089536778,-3.24515750188985,-1.70711944133423
"2022-04-29",48.2775764465332,48.6763076782227,46.3213043212891,46.4459075927734,16677077,45.5204734802246,53.7459024429321,55.6045195007324,60.0990712165833,51.4211418983012,53.6076639573926,19.103479890836,-4.07874900280908,-2.1814453536292
"2022-05-02",46.1593208312988,47.2433662414551,45.2372550964355,47.0689239501953,18536095,46.1310653686523,53.2287218093872,55.3258201599121,60.023984451294,50.6072839706629,53.0538418397082,22.6685722881616,-4.61146221311742,-2.66744872552684
"2022-05-03",47.8788452148438,48.7635307312012,47.3368225097656,48.383487701416,12595004,47.4194374084473,52.7903087615967,55.1432884979248,59.9687386512756,50.1168460380144,52.6364785485036,29.7077707638385,-4.78685614989892,-3.09133021040126
"2022-05-04",48.7136878967285,50.3210716247559,48.1093635559082,50.109245300293,12019739,49.1108131408691,52.4950817108154,54.9767708587647,59.9048964118958,49.9620717461459,52.3753181479381,37.7223853023143,-4.60760237288842,-3.39458464289869
"2022-05-05",49.455078125,49.8911895751953,48.3211898803711,48.9628944396973,11491503,47.9873008728027,52.1494800567627,54.8060846710205,59.8261790275574,49.6582608425546,52.0502798312614,34.8776313261361,-4.59559294678406,-3.63478630367576
"2022-05-06",48.800910949707,48.8382911682129,47.4676551818848,48.7386093139648,8609237,47.7674865722656,51.8066261291504,54.6323442077637,59.7556201553345,49.3673724932794,51.7330358861506,34.3321135412485,-4.57282924218362,-3.82239489137734
"2022-05-09",47.8352355957031,47.9473762512207,45.1936416625977,45.461540222168,11266308,44.5557136535645,51.2946350097656,54.3476382446289,59.6687587928772,48.6271172871694,51.2013823874405,27.5513526633461,-5.0277257766044,-4.06346106842275
"2022-05-10",46.1032485961914,46.5393600463867,44.321418762207,45.6733665466309,10974181,44.7633171081543,50.7951616287232,54.0775770568848,59.577819442749,48.0326864903979,50.724488663049,28.5338975824295,-5.30671130177799,-4.3121111150938
"2022-05-11",45.9537239074707,46.4645957946777,44.8945960998535,45.1313400268555,12465152,44.2320823669434,50.259051322937,53.8356909179688,59.4803259658814,47.4479781637125,50.2435696781523,27.5059171690697,-5.56407821408305,-4.56250453489165
"2022-05-12",44.6952285766602,46.2340812683105,44.3401107788086,45.6546745300293,13844409,44.7450065612793,49.7256896972656,53.5817353057861,59.3841791534424,47.0321363787228,49.836268706532,30.1235339956421,-5.62668996012073,-4.77534161993746
"2022-05-13",46.3462257385254,47.3305892944336,46.1967010498047,46.7574157714844,8309406,45.8257675170898,49.2439237594605,53.3702587127686,59.2895381546021,46.8465411692408,49.5391945443511,35.4152287550152,-5.43539998959746,-4.90735329386946
"2022-05-16",46.2963829040527,46.975471496582,45.9350318908691,46.4957466125488,10451563,45.5693206787109,48.7624639511109,53.1940386962891,59.2018978500366,46.6500457091593,49.245129813563,34.7428990607823,-5.26972741107274,-4.97982811731012
"2022-05-17",47.4801139831543,48.0969009399414,47.218448638916,47.5984878540039,7218585,46.6500854492188,48.2892467498779,53.0843743896484,59.1287971878052,46.6500518230146,49.052904305093,39.9194956842876,-4.89849177356242,-4.96356084856058
"2022-05-18",47.1312255859375,47.6732482910156,46.6141204833984,46.8508682250977,11337253,45.9173545837402,47.7946577072144,52.9262281799316,59.0445416259766,46.5373291708185,48.8206413627706,37.7340122239293,-4.67694017984216,-4.9062367148169
"2022-05-19",46.7262649536133,47.6857109069824,46.3836059570312,47.1872978210449,9992827,46.2470817565918,47.3067855834961,52.7368190765381,58.9623914909363,46.492675722476,48.6300073178685,39.3433089549577,-4.39508795756888,-4.80400696336729
"2022-05-20",47.4178123474121,47.6234092712402,45.6484451293945,46.8820190429688,11782667,45.9478988647461,46.884859085083,52.540449295044,58.8784103965759,46.4088638982098,48.4313326176372,38.3741593526365,-4.17595100137888,-4.67839577096961
"2022-05-23",47.3617401123047,47.5984878540039,46.732494354248,47.0128517150879,8467508,46.0761184692383,46.4446144104004,52.3350423431397,58.7905025100708,46.3576722937527,48.2568723103484,39.0669077308405,-3.93560528411708,-4.5298376735991
"2022-05-24",46.558048248291,46.6452713012695,44.8945960998535,46.4272155761719,9837776,45.5021438598633,46.2592962265015,52.1160800170898,58.7021914291382,46.2260525346928,48.0528183510532,37.0586248226374,-3.80157892720225,-4.38418592431973
"2022-05-25",45.7730484008789,46.4708290100098,45.2434844970703,46.4334487915039,11389740,45.5082550048828,46.1469451904297,51.8984610748291,58.606693649292,46.1156221454912,47.8643321772628,37.0957023500791,-3.65347212052453,-4.23804316356069
"2022-05-26",46.8633270263672,48.4146385192871,46.5393600463867,47.9785270690918,7528368,47.0225486755371,46.1249635696411,51.6824295806885,58.5188891792297,46.2551493039598,47.8019778438016,45.6408470120095,-3.23590907659977,-4.03761634616851
"2022-05-27",48.1529731750488,49.0812683105469,47.9660682678223,49.0688095092773,7819853,48.0911102294922,46.2534954071045,51.4776332855225,58.434965801239,46.5376048309648,47.8233950575565,50.7273482889429,-2.68862180329145,-3.7678174375931
"2022-05-31",48.5641632080078,49.2432518005371,48.4457893371582,48.7759895324707,8332038,47.804126739502,46.337148475647,51.2663646697998,58.3544798469544,46.7324543553552,47.8219677747376,49.3906503658082,-2.27826973685933,-3.46990789744634
"2022-06-01",49.2681732177734,49.4924583435059,47.7791633605957,48.2962684631348,9514991,47.3339614868164,46.3328746795654,51.0550959777832,58.2764240837097,46.8249939140415,47.7858191608175,47.1964381084483,-2.01069117083144,-3.17806455212336
"2022-06-02",48.6077766418457,49.0065078735352,48.0782127380371,48.5953140258789,9897164,47.6270523071289,46.2586866378784,50.8487121582031,58.2051021385193,46.948387512978,47.7740586531369,48.7256594336466,-1.72828343129405,-2.8881083279575
"2022-06-03",47.8103141784668,48.0657501220703,47.143684387207,47.9536094665527,8463013,46.9981307983398,46.2092281341553,50.6444044494629,58.1312750434876,46.9560403261106,47.7165825157445,45.6692606250975,-1.59387397323133,-2.62926145701227
"2022-06-06",48.5392456054688,48.7759895324707,47.8290023803711,47.972297668457,7614722,47.0164451599121,46.1716760635376,50.4353340148926,58.0635995674133,46.9653333774647,47.6647204893866,45.7759262441729,-1.46730559781129,-2.39687028517207
"2022-06-07",47.9162254333496,48.6887664794922,47.455192565918,48.5953140258789,8227386,47.6270523071289,46.3252429962158,50.2396968078613,57.9970586395264,47.0671362897207,47.6619302536638,49.3465389879188,-1.24794350706626,-2.16708492955091
"2022-06-08",47.7791633605957,48.7697601318359,47.6732482910156,48.0719795227051,5418794,47.1141395568848,46.4427841186524,50.0584698486328,57.9251514816284,47.0743675615921,47.6213531650135,46.5722956652249,-1.14861415534747,-1.96339077471022
"2022-06-09",47.9037666320801,48.0034484863281,46.5705108642578,46.5892028808594,8114548,45.6609115600586,46.5142255783081,49.8158163452149,57.8389741516113,46.8569127921254,47.4761352683501,39.7530913561054,-1.30428155688048,-1.83156893114427
"2022-06-10",45.4926910400391,45.5799140930176,44.0722122192383,44.3774909973145,15384656,43.4932632446289,46.4516384124756,49.5306645202637,57.73760389328,46.3394282463567,47.1811077110375,32.1834062461203,-1.78393324259284,-1.82204179343399
"2022-06-13",43.2809791564941,43.6111793518066,41.8293533325195,42.1907005310059,15183217,41.350040435791,46.2278520584107,49.2402616119385,57.6295372390747,45.5718301216543,46.7491768017599,26.7580885272062,-2.5184329664203,-1.96132002803125
"2022-06-14",42.3339958190918,42.9320907592773,42.0723304748535,42.396297454834,8634919,41.5515365600586,46.026962852478,48.9417987823486,57.5142254257202,44.9533234198704,46.3641664134858,27.9871879013231,-3.04295990363163,-2.17764800315133
"2022-06-15",42.9632415771484,43.6236381530762,42.2405433654785,43.050464630127,10576600,42.1926803588867,45.8040925979614,48.6618984222412,57.4048601150513,44.5286091027959,46.0551674464784,31.9030587942006,-3.31462988481482,-2.40504437948403
"2022-06-16",41.7608184814453,41.8916549682617,40.4026412963867,40.6767692565918,14550650,39.8662757873535,45.5015386581421,48.3589168548584,57.2831927680969,43.8113270542663,45.596731027284,26.3120756481097,-3.91564029436522,-2.70716356246026
"2022-06-17",40.6144676208496,41.5739135742188,40.2095069885254,41.1191139221191,14449368,40.2998085021973,45.2041749954224,48.0669263458252,57.1690223121643,43.2710934308711,45.2043663957961,28.815656710568,-4.27673943706638,-3.02107873738149
"2022-06-21",42.0287170410156,42.4025268554688,40.9384384155273,40.9633598327637,12972362,40.1471633911133,44.9141382217407,47.7773783111572,57.0461709403992,42.7904888093699,44.8297587658196,28.4491513280967,-4.5489202096812,-3.32664703184143
"2022-06-22",39.985221862793,40.745304107666,39.9789924621582,40.2095069885254,15573094,39.408332824707,44.5807489395142,47.4696342468262,56.9242237663269,42.2701571194218,44.4281716590705,26.6803082101375,-4.85731115880428,-3.632779857234
"2022-06-23",40.1035957336426,40.5459365844727,39.2999038696289,39.916690826416,10841280,39.1213493347168,44.2617092132569,47.1570055389404,56.8052877616882,41.7857251525441,44.0350737091184,26.0039814218552,-5.10808400465681,-3.92784068671856
"2022-06-24",40.2842712402344,42.3464546203613,40.1347465515137,41.7919692993164,16044991,40.9592628479004,44.0342596054077,46.8771050262451,56.6977034378052,41.6585771056758,43.8072358675467,37.0156091844477,-4.90480332602458,-4.12323321457976
"2022-06-27",42.0349464416504,42.3028450012207,41.2063331604004,41.5614547729492,10911904,40.7819709777832,43.72223072052,46.5844996643066,56.5870705413818,41.5237146244616,43.5831421720086,36.4520831880582,-4.7252846970491,-4.24364351107363
"2022-06-28",42.0224876403809,42.6455039978027,40.7203826904297,41.0443496704102,11313819,40.2745704650879,43.3314037322998,46.2807693481445,56.4778289985657,41.3315385999425,43.3380627863108,34.8183396750118,-4.62993511330201,-4.32090183151931
"2022-06-29",40.9508972167969,41.1191139221191,39.4245071411133,39.6799430847168,11088303,38.9357490539551,42.8879848480225,45.9555139923096,56.3544019699097,40.9629555928676,43.011965472803,30.8849670037212,-4.76381364444052,-4.40948419410355
"2022-06-30",38.9697036743164,39.7235565185547,38.4775199890137,39.6674842834473,13967359,38.9235229492188,42.4674629211426,45.6116958618164,56.2433384513855,40.6491967246139,42.7091178784634,30.8506924269866,-4.823141418447,-4.49221563897224
"2022-07-01",39.5553398132324,40.2095069885254,38.7578773498535,39.5864906311035,10997455,38.8440551757812,42.0283130645752,45.2723942565918,56.1264570617676,40.3714826401781,42.422816937524,30.6128896613408,-4.83545046140356,-4.5608626034585
"2022-07-05",38.3217658996582,38.6955757141113,37.3373985290527,38.6457366943359,12889860,37.9209442138672,41.5744537353516,44.91072265625,56.0074572372437,39.994476728438,42.0893448839198,27.9205858920533,-4.97719354211703,-4.64412879119021
"2022-07-06",38.3529167175293,38.8513298034668,37.8358154296875,38.3591461181641,7852596,37.6397247314453,41.1056177139282,44.5757885742188,55.8897006416321,39.6322071904391,41.7597433911439,27.1375764962225,-5.094706116312,-4.73424425621457
"2022-07-07",38.9821662902832,39.3310546875,38.5896644592285,39.2500610351562,10110160,38.5139312744141,40.6499616622925,44.2484469604492,55.7783249473572,39.4601647418199,41.5193128639787,33.3911428162415,-4.95949470287438,-4.77929434554653
"2022-07-08",39.1753005981445,40.1098251342773,38.7516479492188,39.4058151245117,9940822,38.6667671203613,40.2275930404663,44.0376121520996,55.6768186950684,39.3381035692878,41.3080131792663,34.4503727127139,-4.76883165847178,-4.77720180813158
"2022-07-11",38.8700218200684,39.0133171081543,38.265697479248,38.570972442627,7662393,37.8475761413574,39.8369262695313,43.8394581604004,55.56597864151,39.1087916572985,41.0516845097916,31.5539826459013,-4.73279690150034,-4.76832082680533
"2022-07-12",38.0040283203125,40.2032775878906,38.0040283203125,39.262523651123,11678496,38.5261611938477,39.5885711669922,43.6607377624512,55.4450715446472,39.019156201383,40.8646087086106,36.3293442020246,-4.51601658634928,-4.71785997871412
"2022-07-13",38.6581954956055,39.0631561279297,38.1348609924316,38.6332740783691,6961770,37.9087142944336,39.4165048599243,43.5085025787354,55.3182734870911,38.8483189849292,40.6456535668197,34.0045970861824,-4.42196009700202,-4.6586800023717
"2022-07-14",38.0040283203125,38.1037101745605,37.3810119628906,38.0601005554199,8179393,37.3462944030762,39.2062427520752,43.3328071594238,55.1839395904541,38.6172382800288,40.4012565917276,31.9961446459013,-4.4157495637502,-4.6100939146474
"2022-07-15",38.676887512207,39.2438316345215,37.9977989196777,39.162841796875,9391720,38.4283409118652,39.0180257797241,43.1529852294922,55.0538577461243,38.5881771464651,40.2551146895155,39.4107712101323,-4.14093353330963,-4.51626183837985
"2022-07-18",40.1160545349121,40.5583992004395,39.4556579589844,39.673713684082,10607899,38.9296379089355,38.9711938858032,42.9493617248535,54.9246062088013,38.6407095714606,40.1569312242874,42.5367074326291,-3.7757408412468,-4.36815763895324
"2022-07-19",40.1845855712891,41.6175270080566,40.1721267700195,41.5801467895508,10070675,40.8003082275391,38.9962188720703,42.8056218719483,54.8146127700806,38.9729555185496,40.2045887800838,52.404827581912,-3.06341464719655,-4.1072090406019
"2022-07-20",41.3060188293457,42.5395927429199,41.1502647399902,42.2966156005859,11004036,41.5033493041992,39.0640281677246,42.6803391265869,54.699631690979,39.362246870188,40.3007932633516,55.4979164285331,-2.32885339757596,-3.75153791199671
"2022-07-21",42.1782417297363,42.5769729614258,41.8044319152832,42.4461402893066,9551106,41.6500625610352,39.176114654541,42.6222261047363,54.5881879806519,39.7142185149337,40.4007391372541,56.138515286371,-1.69927738200051,-3.34108580599747
"2022-07-22",42.6143531799316,42.8386383056641,42.2654647827148,42.4835205078125,9009387,41.6867408752441,39.3043842315674,42.5606945800781,54.4769276618958,40.017683493443,40.4959985252534,56.307845310263,-1.18114146885916,-2.90909693856981
"2022-07-25",41.978874206543,42.9445533752441,41.7608184814453,42.5894317626953,9468604,41.7906723022461,39.3459547042847,42.5118663787842,54.3679241752625,40.2904510024896,40.5919002865121,56.8165782980741,-0.74263407698264,-2.47580436625238
"2022-07-26",43.4118156433105,45.7107467651367,43.081615447998,44.5519371032715,28957643,43.7163734436035,39.4926748275757,42.4912937164307,54.2649529647827,40.8175159934302,40.8233427425929,64.9580266609365,-0.0142730819459036,-1.98349810939108
"2022-07-27",44.8572158813477,45.1064224243164,43.6734809875488,44.5955467224121,11570152,43.7591590881348,39.666904258728,42.4499615478516,54.1646033287048,41.2700764695386,41.0408106200405,65.115393176292,0.558628950146001,-1.47507269748367
"2022-07-28",46.4459075927734,46.6639633178711,45.4241600036621,45.5674514770508,18063717,44.712833404541,39.9557584762573,42.4328318023682,54.0709724998474,41.7997313826159,41.3128123077813,68.5099551639542,1.17861517440909,-0.944335123105114
"2022-07-29",45.4802322387695,46.4272155761719,45.1251106262207,46.047176361084,12729511,45.1835670471191,40.2687606811524,42.4035014343262,53.9838400840759,42.3203214848472,41.5995348810655,70.0587017868419,1.73267947788931,-0.408932202906229
"2022-08-01",45.6671371459961,47.5673370361328,45.2870941162109,47.2246780395508,14685317,46.3389854431152,40.6435071945191,42.4119340515137,53.9035818862915,42.9385774784269,41.9506052930692,73.5033634070121,2.35508445815171,0.143871129305359
"2022-08-02",46.875789642334,47.3804321289062,46.3026123046875,46.3275337219238,9290599,45.4586639404297,41.0203931808472,42.3961656951904,53.8177639770508,43.3262830879658,42.21046148917,67.1632855899192,2.64347168789436,0.643791241023159
"2022-08-03",46.6764221191406,46.9131698608398,46.1406288146973,46.564281463623,9678390,45.6909713745117,41.4229555130005,42.3910271453857,53.7280182075501,43.6900812858959,42.4682770362324,67.9489483024548,2.87698097245894,1.09042918731032
"2022-08-04",46.4085273742676,46.5082092285156,45.8291206359863,45.8976516723633,6942669,45.0368499755859,41.7491014480591,42.3702417755127,53.6358855819702,43.8972764689251,42.6585416984067,63.3525221399228,2.90383759312784,1.45311086847382
"2022-08-05",45.7481269836426,46.7511863708496,45.6048355102539,46.3275337219238,7447953,45.4586639404297,42.0886962890625,42.369372177124,53.5440029525757,44.1374899260797,42.8659581607788,64.9968628121087,2.96629731343401,1.75574815746586
"2022-08-08",47.2745208740234,47.8352355957031,46.6390419006348,46.8384056091309,9833442,45.9599609375,42.4943155288696,42.3784062957764,53.4507564163208,44.4178700816828,43.095143551647,66.8977819198965,3.06931691375063,2.01846190872281
"2022-08-09",46.9567794799805,47.4053535461426,46.6452713012695,46.6826515197754,7581496,45.8071250915527,42.8583637237549,42.3540978240967,53.3654313278198,44.6316016216628,43.2960310731215,65.7258359498194,3.08474129253484,2.23171778548522
"2022-08-10",47.4801139831543,48.4707107543945,47.2932090759277,48.0595207214355,16331500,47.1581687927246,43.3208364486694,42.3354389953613,53.2841185569763,45.0203042633646,43.5821153486477,70.6248126311435,3.29995206339058,2.44536464106629
"2022-08-11",48.5953140258789,49.3491668701172,48.5703926086426,49.1560287475586,14557872,48.2341194152832,43.8652276992798,42.344038848877,53.2043760681152,45.5147373636598,43.9267082424725,73.8326074275504,3.61517897590109,2.67932750803325
"2022-08-12",49.3990058898926,49.8226585388184,48.9442024230957,49.797737121582,8273452,48.8637886047363,44.3870000839234,42.3746353912354,53.1212600898743,46.0299760161331,44.2924178989365,75.5175517832874,3.92292450857219,2.92804690814104
"2022-08-15",49.4114685058594,49.9347991943359,49.2681732177734,49.7229766845703,5467107,48.7904205322266,44.8800392150879,42.3979027557373,53.0487181472778,46.4546597878398,44.6256032791802,74.9122702531673,4.09867066046572,3.16217165860597
"2022-08-16",49.4176979064941,50.6512718200684,49.3055534362793,50.5079765319824,9268610,49.5607032775879,45.3180589675903,42.4491542053223,52.975730381012,46.9325126324164,44.9911662420252,76.9968766730866,4.31495013920717,3.39272735472621
"2022-08-17",49.8787307739258,50.0780944824219,49.3803176879883,49.7915077209473,6485057,48.8576736450195,45.6857751846314,42.4859787750244,52.9004161262512,47.22869124974,45.2775741978026,71.1832311180446,4.30923495020652,3.57602887382228
"2022-08-18",49.698055267334,49.7728157043457,49.2245635986328,49.3491668701172,6421014,48.4236259460449,46.0244533538818,42.5019102478027,52.8187868881226,47.4125273568638,45.5106150680427,67.7804918841439,4.17905204308384,3.69663350767459
"2022-08-19",48.9068222045898,48.9628944396973,48.1405143737793,48.4208717346191,5801930,47.5127410888672,46.315753364563,42.5098822784424,52.7312014007568,47.4279448540951,45.6589206992149,61.1718352367479,3.87443270184571,3.73219334650881
"2022-08-22",47.4302749633789,47.455192565918,46.3275337219238,46.5892028808594,8143279,45.7154312133789,46.5119913101196,42.5109726715088,52.6368235778809,47.1644812170618,45.6631066632271,50.6732376871899,3.28793782014802,3.64334224123666
"2022-08-23",46.7200355529785,48.1592025756836,46.6764221191406,47.4115829467773,7642490,46.5223808288574,46.6522916793823,42.5715550231934,52.548796710968,47.0656965419535,45.7267566014219,54.452865041138,2.92813232349378,3.50030025768808
"2022-08-24",47.4427337646484,48.1467437744141,47.2745208740234,47.8103141784668,7649392,46.9136428833008,46.8100158691406,42.6828270721436,52.4519681358338,47.0423036713915,45.8146741037833,56.2051138370581,2.67955538617886,3.33615128338624
"2022-08-25",48.2028121948242,49.6419830322266,48.1654319763184,48.6825370788574,8349212,47.7695007324219,46.9628492355347,42.8071863555908,52.360394077301,47.1541801423193,45.959476076275,59.8442709973068,2.59947277044994,3.18881558079898
"2022-08-26",48.8382911682129,48.9815864562988,46.8570976257324,46.8944778442383,8628819,46.0149765014648,47.004419708252,42.8836322784424,52.2513006401062,46.9789180437263,45.9635872188817,50.5675997644875,2.20898952035553,2.99285036871029
"2022-08-29",46.6265830993652,47.872615814209,46.2776908874512,47.3804321289062,7868808,46.4918212890625,47.0120615005493,43.0161431884766,52.1516924095154,46.9039800814703,46.0027156685247,52.7130254017615,1.9591548017289,2.78611125531401
"2022-08-30",47.8227729797363,48.0844421386719,46.3088417053223,46.807258605957,6886330,45.9293975830078,47.0355981826782,43.1287349700928,52.0552454185486,46.7540443124761,45.9972846992272,49.9588868637536,1.64522670891838,2.55793434603488
"2022-08-31",46.9817008972168,47.218448638916,45.704517364502,45.7543563842773,10274200,44.8962364196777,46.9958614349365,43.2237164306641,51.951834526062,46.468227713584,45.9157255674087,45.2788198037259,1.20329612425312,2.28700670167853
"2022-09-01",45.635986328125,45.635986328125,44.5020942687988,45.5300712585449,8002191,44.676155090332,46.9778266906738,43.3290728759766,51.850127029419,46.1925242330837,45.8239055320697,44.3262428810932,0.804424452114971,1.99049025176582
"2022-09-02",45.972412109375,46.3275337219238,44.9257469177246,45.1251106262207,6479760,44.2787895202637,46.9188329696655,43.4322216796875,51.756550655365,45.8981035080345,45.7094524941581,42.5842526897903,0.412717728133916,1.67493574703944
"2022-09-06",45.1687202453613,45.2559432983398,44.321418762207,44.9568977355957,6472859,44.1137351989746,46.8265216827393,43.495311126709,51.6662938499451,45.6235853066406,45.5912512130334,41.8485762990286,0.070921707009397,1.35413293903343
"2022-09-07",44.7949104309082,45.9412612915039,44.6827697753906,45.8415794372559,5494394,44.9818305969238,46.7852569580078,43.5793083190918,51.5844003677368,45.524853812838,45.5461089451735,47.0315639817847,-0.0466672847092009,1.0739728942849
"2022-09-08",45.1936416625977,46.1530876159668,44.907054901123,45.9599533081055,5810597,45.0979843139648,46.6822477340698,43.6757765960693,51.5052514457703,45.4591815822422,45.5129145280469,47.7032172599987,-0.118060876482873,0.835566140131349
"2022-09-09",46.4334487915039,46.7075729370117,45.903881072998,46.1281661987305,10795534,45.2630386352539,46.5336936950684,43.8023223876953,51.4236363601685,45.429005744244,45.4944052026548,48.6987024625238,-0.143752749639237,0.639702362177232
"2022-09-12",46.3586845397949,47.6545600891113,46.2652320861816,46.9256286621094,11661482,46.0455474853516,46.3927816390991,43.944762878418,51.342764339447,45.523858319799,45.5352305569286,53.242873718908,-0.0249745899835285,0.50676697174508
"2022-09-13",45.6422157287598,46.0160255432129,43.9974517822266,44.1345138549805,11574005,43.3067741394043,46.118599319458,44.0340172576904,51.2477412986755,45.1827684458921,45.3701597111861,39.9160784480972,-0.413027563682522,0.322808064659559
"2022-09-14",44.047290802002,44.2341957092285,42.7887992858887,43.6298713684082,9968109,42.811595916748,45.781143951416,44.1318302917481,51.1636213493347,44.8179726721776,45.1806364671536,38.0611128983623,-0.802697401661578,0.0977069713953319
"2022-09-15",43.4741172790527,44.1033630371094,42.8324089050293,42.9320907592773,7908775,42.1269035339355,45.4446054458618,44.2215738677979,51.0743712806702,44.403962035525,44.954434027656,35.5977458802353,-1.22451100550471,-0.166736623984677
"2022-09-16",40.745304107666,41.4929237365723,40.6082382202148,41.3620872497559,22966955,40.5863418579102,45.0527412414551,44.2630220794678,50.9878107452393,43.8166358543535,44.6308716447119,30.7719309214887,-1.8243779705675,-0.498264893301242
"2022-09-19",40.8636741638184,42.0474090576172,40.7826843261719,41.7732810974121,8045047,40.9898300170898,44.7265956878662,44.3094833374024,50.909332408905,43.3817426486206,44.3611648574806,33.3215203149219,-2.20783699437693,-0.840179313516381
"2022-09-20",41.399471282959,41.8667335510254,41.0817337036133,41.4866943359375,8379870,40.7086067199707,44.4762544631958,44.3667039489746,50.8226518249512,42.9704909672898,44.0906049954428,32.425174626596,-2.54048232785363,-1.18023991638383
"2022-09-21",41.7545890808105,41.7857398986816,40.5957794189453,40.6331596374512,10164733,39.8710861206055,44.1436897277832,44.3936024475098,50.7392807388306,42.4936594524153,43.7780480417512,29.8499057725555,-2.93386445213574,-1.53096482353421
"2022-09-22",40.4960975646973,40.9384384155273,40.1970481872559,40.7203826904297,11345279,39.9566650390625,43.7958408355713,44.4345614624023,50.6464633178711,42.1033526195918,43.4949826341446,30.4576843371143,-3.19951849678477,-1.86467555818432
"2022-09-23",40.2157363891602,40.5459365844727,39.5927200317383,40.2157363891602,13124524,39.4615020751953,43.38044090271,44.4768656158447,50.5464767074585,41.6969140743,43.1962062964447,28.8976106929785,-3.47088865132122,-2.1859181768117
"2022-09-26",40.2032775878906,41.2187957763672,40.0039138793945,40.0911331176758,16780605,39.3880462646484,43.0490943908692,44.4960597229004,50.4438981056213,41.3417036420459,42.9141203681635,28.6630617485562,-3.66410102928274,-2.48155474730591
"2022-09-27",40.4026412963867,40.6892318725586,39.5678024291992,40.1658973693848,12596770,39.4615020751953,42.6975784301758,44.5066970062256,50.3430581855774,41.0524418625305,42.6583708649806,29.2812077513403,-3.76462806686438,-2.73816941121761
"2022-09-28",40.4898643493652,40.5334777832031,39.9914512634277,40.15966796875,10686228,39.455379486084,42.3738775253296,44.4797984313965,50.2448695373535,40.8067399584618,42.4211122443216,29.2584504079036,-3.80558688928748,-2.95165290683158
"2022-09-29",39.7297859191895,39.9416122436523,38.577205657959,39.0818481445312,14124337,38.3964576721191,42.0488885879517,44.4176605987549,50.153028125763,40.4359272990244,42.1229896834177,25.5586079084347,-4.00508700135646,-3.16233972573656
"2022-09-30",39.0257759094238,39.430736541748,38.5522842407227,38.570972442627,12709126,37.8945388793945,41.7098077774048,44.3425501251221,50.0617857170105,40.0449444652352,41.8097711053419,24.0088712595162,-4.22108658681758,-3.37408909795276
"2022-10-03",39.1005363464355,40.1098251342773,38.7204971313477,39.6238708496094,8721754,38.9289741516113,41.4423170089722,44.2873947906494,49.9758069610596,39.8732567246777,41.5963787383989,33.0225827262022,-4.14248082641522,-3.52776744364525
"2022-10-04",40.4213333129883,42.1408615112305,40.4151039123535,42.0785598754883,12441557,41.3406219482422,41.3036613464356,44.2783937835693,49.9005149459839,40.0990052206107,41.5774337909799,48.391880810723,-3.55584372475136,-3.53338269986647
"2022-10-05",41.5489921569824,42.495979309082,41.1502647399902,42.0162582397461,9327837,41.2794036865234,41.1185400009155,44.2296543884277,49.8282082366943,40.2806049845973,41.5553574869461,48.0902094376043,-3.06760085687934,-3.44022633126905
"2022-10-06",41.5739135742188,42.0411796569824,40.9882774353027,41.256175994873,7953396,40.5326461791992,40.8902730941773,44.165124130249,49.7564076423645,40.3193805529976,41.4796010937797,44.4500753098212,-2.79708702636507,-3.31159847028825
"2022-10-07",40.8761367797852,40.982048034668,39.9353828430176,40.2219696044922,6856315,39.5165863037109,40.6029504776001,44.0611991882324,49.6701319122315,40.195873745415,41.3341925908116,40.0121775526258,-2.75393995635869,-3.20006676750234
"2022-10-10",40.5272483825684,40.8823661804199,39.9104614257812,40.4836349487305,5764210,39.7736625671387,40.2893562316895,43.9530010986328,49.5851110458374,40.1309181795263,41.2185977742432,41.6008653657237,-2.63880785240245,-3.08781498448236
"2022-10-11",40.1783561706543,40.6580810546875,39.2999038696289,39.8730773925781,8500412,39.1738166809082,40.0827083587647,43.8096977233887,49.4942542076111,39.9836717951235,41.0671325080703,39.0051346431112,-2.63826726332506,-2.9979054402509
"2022-10-12",39.6799430847168,40.7577629089355,39.2874412536621,40.3341102600098,8598323,39.6267547607422,39.9234663009644,43.6930595397949,49.4037708663941,39.9287614821418,40.9604378601201,41.95050267744,-2.51871423225853,-2.90206719865243
"2022-10-13",39.6799430847168,42.5894317626953,39.3684349060059,42.327766418457,12818915,41.5854568481445,39.8963939666748,43.6109492492676,49.3210068893433,40.1836376922961,41.0067355629367,52.6082069922118,-2.00722603089764,-2.72309896510147
"2022-10-14",42.5520515441895,42.8511009216309,41.8605041503906,42.0972480773926,9106174,41.3589744567871,39.9350255966187,43.5373917388916,49.2386661338806,40.364458732987,41.0328273328515,51.4323558099701,-1.6288631403409,-2.50425180014935
"2022-10-17",42.9570121765137,43.7295532226562,42.6330451965332,42.7576484680176,8251944,42.0077972412109,39.9859239578247,43.4683744049072,49.1598439788818,40.6172800419445,41.1050473260633,54.565368835651,-1.18663598718096,-2.24072863755568
"2022-10-18",43.7295532226562,44.321418762207,43.567569732666,44.047290802002,9806637,43.2748260498047,40.1142349243164,43.4146717071533,49.0880585098267,41.026133273923,41.2657716759701,59.9928448548823,-0.58071954628357,-1.90872681930125
"2022-10-19",43.7793960571289,44.221736907959,43.1999893188477,43.9413795471191,8408280,43.1707763671875,40.2792194366455,43.361944732666,49.0103538131714,41.3560783651945,41.4068831345788,59.3656748649374,-0.122696434839631,-1.55152074240893
"2022-10-20",44.0846748352051,44.6142387390137,43.5052680969238,43.5924911499023,9609852,42.827995300293,40.422785949707,43.2753412628174,48.9213878822327,41.5825271244404,41.5121507024095,57.2425971479351,0.169532102866499,-1.20731017335384
"2022-10-21",43.6111793518066,45.4179306030273,43.4554252624512,45.3680877685547,10352529,44.5724563598633,40.6783336639404,43.202108001709,48.8411442565918,42.0425162375824,41.738840010369,64.2497110339804,0.727562690141625,-0.820335600654751
"2022-10-24",45.4802322387695,46.3026123046875,45.3369369506836,45.704517364502,10913990,44.9029846191406,40.9540805816651,43.1228919219971,48.7607841491699,42.4825882962836,41.9732210925003,65.406500580847,1.21355280944688,-0.413557918634424
"2022-10-25",46.7262649536133,46.8820190429688,44.2840385437012,45.4802322387695,15445168,44.6826324462891,41.2151371002197,43.0407361602783,48.6748993301392,42.8210566270537,42.173918229818,63.921538236923,1.53445168103497,-0.0239559987005462
"2022-10-26",45.6609077453613,47.7417831420898,45.5986022949219,47.0128517150879,12975572,46.1883773803711,41.5517869949341,42.973289642334,48.6025828170776,43.3391059737179,42.4712855743034,69.0864424384579,2.0433108809393,0.389497377227423
"2022-10-27",47.5361862182617,48.3647994995117,47.2807502746582,47.3492813110352,10105505,46.5189018249512,41.9579092025757,42.9265142059326,48.5246897315979,43.8283053354461,42.7711090002773,70.0983622315726,2.47175338652541,0.80594857908702
"2022-10-28",47.7791633605957,48.8258323669434,47.7106323242188,48.800910949707,8648081,47.945068359375,42.4604356765747,42.9169430541992,48.4525548171997,44.4616534929736,43.1543652490993,74.0461218928267,3.02933025738708,1.25062491474703
"2022-10-31",48.458251953125,49.1311111450195,48.3087272644043,48.4769401550293,10585428,47.626781463623,42.8953260421753,42.9192238616943,48.3781574440003,44.9485962576889,43.4856553390641,71.768799018675,3.36419195529678,1.67333832285698
"2022-11-01",48.9442024230957,49.8974189758301,48.2526550292969,48.7261505126953,9174391,47.8716278076172,43.2218763351441,42.9623477935791,48.3028491973877,45.3982934192164,43.8105421885865,72.470229177814,3.62413052044694,2.06349676237497
"2022-11-02",48.6513862609863,49.629524230957,48.1467437744141,48.2215042114258,10230221,47.3758277893066,43.5266975402832,42.9794167327881,48.2258854675293,45.7025294761533,44.0746374182695,68.7454816654611,3.69348939262983,2.38949528842595
"2022-11-03",47.8913078308105,49.0812683105469,47.7043991088867,48.8320617675781,13947456,47.9756813049316,43.8988492965698,43.0006575012207,48.1588450813294,46.0522451421192,44.3636036320963,70.707135621127,3.80636686781954,2.67286960430467
"2022-11-04",49.8351173400879,50.5640487670898,49.4862289428711,50.5079765319824,11558435,49.6222038269043,44.4041301727295,43.0377115631104,48.1072664642334,46.6014695551631,44.7531295724524,75.291357452684,4.13007984104949,2.96431165165363
"2022-11-07",50.5328979492188,52.2337341308594,50.5079765319824,51.9969863891602,12864178,51.0851020812988,44.9697021484375,43.139114074707,48.0689504051209,47.2912591745686,45.2221645731077,78.5093463325329,4.57539930030517,3.28652918138394
"2022-11-08",52.208812713623,52.7757568359375,51.4923439025879,52.3334159851074,10052376,51.4156303405762,45.5817928314209,43.2375902557373,48.0304263114929,47.9257778154928,45.6809398151424,79.169455011807,4.91416772385724,3.6120568898786
"2022-11-09",51.8474617004395,52.8255996704102,51.6480979919434,51.8038520812988,7961743,50.8953552246094,46.1452228546143,43.3369094085693,48.0069924354553,48.3826358784338,46.0671928084363,75.2512369489266,5.02623001064113,3.89489151403111
"2022-11-10",53.0997276306152,53.3738555908203,52.4268684387207,53.1931800842285,13786304,52.2603187561035,46.6789659500122,43.4841910552979,47.995843372345,48.9792024749984,46.5259428786339,78.2873409044751,5.27288528631011,4.17049026848691
"2022-11-11",53.4423866271973,54.0654029846191,53.0498847961426,53.7725868225098,12490513,52.8295555114746,47.2524950027466,43.6472590637207,47.9857713127136,49.5715644806101,46.9928771477332,79.4211521640391,5.48740040915188,4.4338722966199
"2022-11-14",53.5669898986816,54.2647666931152,53.3738555908203,53.4735374450684,7906367,52.5357627868652,47.7788932800293,43.8123985290527,47.9675197219849,50.0275949892647,47.4034612691504,77.1810329846572,5.53574285475678,4.65424640824728
"2022-11-15",53.9158782958984,54.588737487793,53.7165145874023,54.2896881103516,7913108,53.3375930786133,48.2820316314697,43.9968756866455,47.9460176277161,50.5368254645491,47.8430265883698,78.9279335080412,5.63049428155145,4.84949598290811
"2022-11-16",54.0965538024902,54.1588554382324,52.7383766174316,52.8941307067871,7629328,51.9665145874023,48.7218185424805,44.1365693664551,47.9070756912232,50.7567776372958,48.1484701438537,69.1759714432701,5.41721779663857,4.9630403456542
"2022-11-17",52.177661895752,53.4361572265625,51.8412322998047,53.1994094848633,7466411,52.2664413452148,49.1937408447266,44.2799385070801,47.8693588447571,50.9890335923602,48.4535050476582,70.0477931454013,5.23291048234402,5.01701437299217
"2022-11-18",53.8847274780273,54.2959175109863,52.862979888916,53.2554817199707,6555521,52.3215293884277,49.5811944961548,44.4211083221436,47.8310633850098,51.1940329456014,48.7400253691967,70.2144299809203,5.03489187339567,5.02058987307287
"2022-11-21",53.0249633789062,53.5794486999512,52.7882194519043,53.5109176635742,5247691,52.5724906921387,49.9646697998047,44.5516471862793,47.7919180488587,51.4061033681456,49.0239116894146,71.0058138704803,4.85924439041718,4.98832077654173
"2022-11-22",53.7663536071777,54.5700454711914,53.5794486999512,54.3893737792969,6797569,53.4355316162109,50.4023147583008,44.7542223358154,47.7543731498718,51.7183230986172,49.3506983506588,73.6032292146307,4.79755064687302,4.95016675060799
"2022-11-23",54.2211570739746,54.8005638122559,54.1650848388672,54.7444915771484,5867738,53.7844200134277,50.7821168899536,44.973678817749,47.7203723335266,52.0361841624342,49.6791221775306,74.5940733414567,4.74457253185865,4.90904790685812
"2022-11-25",54.6385803222656,55.0622291564941,54.420524597168,54.9127044677734,3040207,53.9496803283691,51.1536558151245,45.2101343536377,47.6873808097839,52.3305681879626,49.9954598183334,75.0714037419927,4.67064085041762,4.86136649557002
"2022-11-28",54.3270683288574,54.5513572692871,53.0561141967773,53.2492523193359,6876058,52.3154067993164,51.3721727371216,45.4447156524658,47.6476210784912,52.3282356666324,50.1673077428507,62.5548229326074,4.30744247799446,4.75058169205491
"2022-11-29",53.4236946105957,53.5296096801758,52.931510925293,53.3676223754883,7205262,52.4317016601562,51.6124187469483,45.6735530853272,47.6144213867188,52.3441535117899,50.3350406256141,63.0272270294441,3.99147961579971,4.59876127680387
"2022-11-30",53.3551635742188,53.7975044250488,51.8287734985352,53.5607604980469,11654259,52.621452331543,51.8499099731445,45.9118099975586,47.5828719711304,52.386814868675,50.5044044556829,63.8290620467721,3.7272202954971,4.42445308054252
"2022-12-01",53.7102813720703,53.9594917297363,52.8754425048828,53.1184158325195,6806718,52.1868629455566,52.090461730957,46.1581255340576,47.535972442627,52.3560530343491,50.6290310104883,60.5881222403793,3.41112991774031,4.22178844798207
"2022-12-02",52.6885375976562,54.171314239502,52.5888519287109,54.1277046203613,7191459,53.1784439086914,52.350599861145,46.4225611114502,47.4925361633301,52.4825747073249,50.8178764103552,64.9598419286017,3.27581240020178,4.03259323842602
"2022-12-05",53.4797668457031,53.6105995178223,52.7196884155273,52.7446060180664,7568656,51.8196067810059,52.4604700088501,46.6697232055664,47.4513040351868,52.3805796417373,50.8920786600331,55.8218040137491,2.92481859828853,3.81103831039852
"2022-12-06",53.9594917297363,54.2647666931152,52.6262321472168,53.1308784484863,9444207,52.1991081237793,52.5161703109741,46.925944442749,47.4295694732666,52.3526609466669,50.9888956573476,57.6150911982846,2.67463194042084,3.58375703640298
"2022-12-07",52.9564323425293,53.6292915344238,52.8442916870117,52.9564323425293,7801715,52.0277214050293,52.5467748641968,47.1772688293457,47.4025246047974,52.3026702479534,51.0658457127314,56.4996765097445,2.42201909702948,3.35140944852828
"2022-12-08",53.3302421569824,53.6978225708008,51.5172653198242,52.1029014587402,10334231,51.1891593933105,52.5614650726318,47.4119444274902,47.3758623504639,52.1313608857006,51.074980059441,51.2696579605901,2.06829415308676,3.09478638943998
"2022-12-09",52.0966682434082,52.208812713623,50.6699600219727,50.7447242736816,8899117,49.8547973632812,52.4411890029907,47.6411112213135,47.3428637886047,51.78112034379,50.9845961560217,44.2503101627052,1.56228399913321,2.78828591137862
"2022-12-12",50.9129371643066,51.8723831176758,50.4830551147461,51.8412322998047,7480054,50.9320793151855,52.3463151931763,47.9018620300293,47.3035691261292,51.6504986470816,50.9807060196635,50.1805915393862,1.31381591137583,2.49339191137806
"2022-12-13",52.6885375976562,52.8941307067871,51.0437698364258,51.6356353759766,12391318,50.7300758361816,52.2560308456421,48.1378840637207,47.2658876228333,51.5088951377124,50.9621408208871,49.1253481641979,1.07286371415778,2.20928627193401
"2022-12-14",51.3241271972656,51.9222259521484,50.6761894226074,50.7571830749512,12271899,49.9152145385742,52.0849119186401,48.3093759155274,47.2338317489624,51.2637135070757,50.8845907259009,45.013221541943,0.745064027766307,1.91644182310047
"2022-12-15",49.8849601745605,50.5951995849609,48.9068222045898,49.0999603271484,15598294,48.2854804992676,51.9008602142334,48.4494974517822,47.1880452156067,50.8055238135668,50.6920640424466,38.1373322320326,0.223821565097793,1.57791777149993
"2022-12-16",48.4644813537598,48.8133697509766,47.7791633605957,48.3772583007812,15978540,47.5747680664062,51.666276550293,48.5903398895264,47.1439210700989,50.3084844678498,50.4611532294066,35.5845590487081,-0.302547111562723,1.2018247948874
"2022-12-19",48.1280517578125,48.8133697509766,48.0969009399414,48.6326942443848,7061125,47.8259735107422,51.4414987564087,48.756527633667,47.1111493301392,49.9265597052178,50.2659547317277,37.185019569534,-0.675198607728167,0.826420114364288
"2022-12-20",48.6202354431152,50.3397636413574,48.5018615722656,50.0469436645508,11196647,49.2167625427246,51.273712348938,48.9453896331787,47.0965666389465,49.8173601417573,50.1882367918016,45.2897824980229,-0.738971268472244,0.513341837796982
"2022-12-21",50.4892845153809,52.0779800415039,50.4456748962402,51.697940826416,12127441,50.8403701782227,51.1439542770386,49.178720703125,47.0816451644898,49.9747463012135,50.2365429685735,52.9257641666526,-0.521127951666045,0.306447879904376
"2022-12-22",51.1995277404785,51.5297241210938,50.0157928466797,50.9440879821777,9730074,50.0990219116211,50.9596843719483,49.3881660461426,47.0535525894165,49.9938656258916,50.2263562236141,49.5266828691985,-0.462885654470657,0.15258117302937
"2022-12-23",50.9067077636719,51.3303604125977,50.4394454956055,50.9565505981445,5286213,50.1112823486328,50.7677644729614,49.5586825561524,47.0252770614624,50.0119297370826,50.2178322328747,49.584349973348,-0.410018685867009,0.040061201250094
"2022-12-27",51.0873832702637,51.766471862793,51.0250816345215,51.6107177734375,6804792,50.7546005249023,50.6897241592407,49.7465950775147,46.9973177337647,50.1261867813625,50.257592847099,52.6418441121149,-0.26146510067887,-0.0202440591356989
"2022-12-28",51.7041702270508,51.8163108825684,50.6512718200684,51.0686912536621,6210907,50.2215614318848,50.5792171478272,49.9108703613281,46.9661742401123,50.1408598045198,50.2549238533794,49.9393717617761,-0.226970891832179,-0.0615894256749949
"2022-12-29",51.2431373596191,52.27734375,51.0873832702637,52.177661895752,7088733,51.312141418457,50.5137516021729,50.0716166687012,46.940788936615,50.3210569758948,50.3332362656074,55.0264717116154,-0.0241973109941673,-0.0541110027388294
"2022-12-30",51.6543273925781,52.352108001709,51.5733375549316,52.2025833129883,6625342,51.3366394042969,50.4712404251099,50.2349339294434,46.9083515167236,50.4773004264182,50.4075624240288,55.1367581639859,0.138348293461799,-0.0156191434987038
"2023-01-03",52.3645668029785,53.0125045776367,52.0468292236328,52.9439735412598,10280781,52.065731048584,50.4156047821045,50.4196886444092,46.8770255470276,50.7216743682898,50.5303897295514,58.4058972065418,0.378553658030722,0.0632154168071815
"2023-01-04",54.5969657897949,56.0255393981934,53.2721481323242,56.0255393981934,21031104,55.09619140625,50.5794340133667,50.6301633453369,46.8606687164307,51.3946769895145,50.8685972611587,68.6360951487931,1.03419350381306,0.257411034208358
"2023-01-05",55.7861137390137,57.102954864502,55.0678367614746,56.895450592041,16001061,55.9516639709473,50.7670618057251,50.8511369323731,46.8509400558472,52.0957519097349,51.2451207211431,70.8180639649371,1.65992620686883,0.537914068740453
"2023-01-06",57.4700736999512,57.7254600524902,56.464485168457,57.4142074584961,13018044,56.4618186950684,50.9887666702271,51.0867206573486,46.8435179328919,52.7674544920939,51.6315427932857,72.0661092723359,2.20003439245657,0.870338133483677
"2023-01-09",57.4620895385742,58.9864311218262,57.4301681518555,57.9968070983887,9488844,57.0347518920898,51.281046295166,51.303648147583,46.8426241111755,53.423961784401,52.0317805043082,73.439936493597,2.67563644103526,1.23139779499399
"2023-01-10",57.6217079162598,60.1516342163086,57.6217079162598,60.0718269348145,11597142,59.0753479003906,51.7420738220215,51.5547770690918,46.8506510162354,54.2934058022455,52.5535262373514,77.6551196491569,3.31068091803437,1.64725441960207
"2023-01-11",60.5107727050781,62.011173248291,60.2633666992188,62.0031929016113,12729603,60.9746780395508,52.2442037582398,51.8153692626953,46.8684798431397,55.321293838754,53.1773152597365,80.7218817721472,4.03175408263015,2.12415435220768
"2023-01-12",62.1548271179199,63.2162818908691,61.6839561462402,62.9369506835938,14407871,61.8929557800293,52.8023477554321,52.1006927490234,46.8970671844483,56.3323187527964,53.8229182612397,82.0076100416847,4.66232707668668,2.63178889710348
"2023-01-13",62.873104095459,64.3256225585938,62.6496391296387,64.0063858032227,13843395,62.9446449279785,53.4538192749024,52.4021530914307,46.9228224754334,57.3495997028244,54.4986017180351,83.3751508240258,5.23132318061985,3.15169575380676
"2023-01-17",63.7829208374023,64.3735046386719,63.6552276611328,64.2378311157227,10640727,63.1722526550293,54.1981578826904,52.7180815887451,46.9499294662476,58.2453924647021,55.1410943800347,83.6645300541773,5.62973607899839,3.64730381884508
"2023-01-18",64.5969696044922,64.7885055541992,63.1604156494141,63.2641677856445,9816378,62.2147369384766,54.930156326294,53.002862701416,46.9816522216797,58.8560608452828,55.6650679028823,77.5490609175195,5.73248728981661,4.06434051303939
"2023-01-19",62.2027130126953,62.8491630554199,61.1891441345215,61.3407821655273,13045860,60.3232612609863,55.5550207138062,53.2168838500977,47.0008951377869,59.0817839861602,56.0101192627418,67.1130419440452,5.48412459007512,4.34829732844654
"2023-01-20",61.9233856201172,62.0510787963867,60.3910598754883,61.9952125549316,10351409,60.9668312072754,56.1425241470337,53.4145184326172,47.024790802002,59.3717912509472,56.377283110485,68.6585018633539,5.31155099225635,4.5409480612085
"2023-01-23",61.9393463134766,63.8627281188965,61.8834800720215,63.6632080078125,13729748,62.6071586608887,56.730863571167,53.6383489990234,47.0627498245239,59.8695400832459,56.8387553734779,72.2393299273668,5.33225031029128,4.69920851102506
"2023-01-24",62.2505989074707,64.5251388549805,61.8276138305664,64.4054260253906,16767395,63.3370552062988,57.3927652359009,53.8871829986572,47.1049384307861,60.4030039483309,57.3201109166498,73.6803161315568,5.37837938967707,4.83504268675546
"2023-01-25",63.6711883544922,64.9241790771484,63.3918609619141,64.4772567749023,10652380,63.4077033996582,58.0575862884522,54.1101306915283,47.1488541221619,60.8652654023813,57.771043693169,73.8219579438822,5.35600797805598,4.93923574501556
"2023-01-26",65.0279312133789,65.1077423095703,63.9425392150879,64.7565841674805,8158534,63.6824035644531,58.7039764404297,54.3271876525879,47.1932884597778,61.2986712734693,58.208922202153,74.3988737277768,5.30803346707907,5.01299528942826
"2023-01-27",64.6448516845703,67.0311279296875,64.5650405883789,66.4245834350586,9760244,65.3227386474609,59.4590353012085,54.5829271697998,47.2461382293701,61.9177585617757,58.7358715684721,77.5767190544195,5.41728062993716,5.09385235753004
"2023-01-30",65.770149230957,66.0414962768555,64.3814849853516,64.5091781616211,7175806,63.4390983581543,60.0653831481934,54.7849572753906,47.2885622787476,62.1518108381416,59.0842587380782,67.2530154755272,5.19182632663968,5.11344715135197
"2023-01-31",64.2059097290039,64.5730285644531,63.4237823486328,64.229850769043,8625026,63.1644096374512,60.6567716598511,55.0089151763916,47.3273231315613,62.3075952688046,59.3864921380317,65.8762482627175,4.91880059859975,5.07451784080153
"2023-02-01",64.0622482299805,65.8180389404297,63.8547477722168,65.6983261108398,9112192,64.608512878418,61.2839107513428,55.2557566070557,47.3730602645874,62.6615825933605,59.7733084891715,69.420475657163,4.83204657261411,5.02602358716404
"2023-02-02",65.5945739746094,67.0630493164062,65.3631286621094,66.9912185668945,10391129,65.8799514770508,61.8230987548828,55.5269250488281,47.4264674377442,63.1567162677744,60.2256524141996,72.1619572500934,4.86680299188225,4.99417946810768
"2023-02-03",66.6480484008789,66.7917022705078,65.2992782592773,65.4110107421875,7240085,64.3259582519531,62.2418134689331,55.7619944000244,47.4675250816345,63.3365996499557,60.5293787725517,64.5454061656095,4.63778240307511,4.92290005510117
"2023-02-06",65.0199508666992,65.7940902709961,64.8363952636719,65.7222671508789,5425114,64.6320571899414,62.6503253936768,55.985924911499,47.5116396903992,63.5359008099535,60.8332808775435,65.3218383109712,4.4426667334454,4.82685339077002
"2023-02-07",65.4269714355469,65.7382278442383,64.2777328491211,65.5307235717773,5891982,64.4436950683594,63.0207725524902,56.1991104125977,47.5538355445862,63.6755614650929,61.1007189657521,64.3874049212223,4.21409525603791,4.70430176382359
"2023-02-08",65.1955337524414,65.9217910766602,64.88427734375,65.4110107421875,4269472,64.3259582519531,63.2833030700684,56.4066359710693,47.6035331916809,63.7756225092252,61.3396255795448,63.7733144795622,3.97132670221714,4.5577067515023
"2023-02-09",65.7142868041992,65.9457321166992,64.1979217529297,64.4772567749023,4838334,63.4077033996582,63.4049543380737,56.6284819030762,47.6461666488648,63.7190195692918,61.4928165291828,59.0435501088633,3.6202652045586,4.37021844211356
"2023-02-10",64.4932174682617,64.9241790771484,64.1660003662109,64.8762969970703,4373095,63.8001251220703,63.5003128051758,56.8558503723145,47.7191247367859,63.7314973466424,61.6637282768041,60.3953764268612,3.35329881540121,4.16683451677109
"2023-02-13",64.8044662475586,66.1771774291992,64.7087020874023,65.9856338500977,5114245,64.8910522460938,63.5976331710816,57.1012423706055,47.8048036193848,63.9098904080964,61.9027893115663,63.9569917205485,3.24234355002666,3.98193632342221
"2023-02-14",65.5466842651367,66.8874664306641,65.4110107421875,66.671989440918,6726731,65.5660400390625,63.7173225402832,57.3688259124756,47.8953229141235,64.1646826590143,62.1741412173067,65.9946583028865,3.20155840150707,3.82586073903918
"2023-02-15",65.9297714233398,67.6695938110352,65.7940902709961,67.6536331176758,7305617,66.5313873291016,63.9331550598145,57.6358847808838,48.0003774833679,64.528791069797,62.4969001885508,68.7184431364915,3.25118665904391,3.71092592304013
"2023-02-16",66.7278518676758,67.4700698852539,66.2250595092773,67.0790100097656,5645893,65.9663009643555,64.2153070449829,57.9188186645508,48.0995536613464,64.7499464381906,62.7538928386104,65.4153468594545,3.18076458573429,3.60489365557896
"2023-02-17",66.7118911743164,66.8954544067383,65.6264953613281,66.2729415893555,5543523,65.1735992431641,64.4256454467774,58.1783084869385,48.18832447052,64.8151237928019,62.9331303500588,60.9867792830231,2.99046532768141,3.48200798999945
"2023-02-21",65.5546722412109,66.5442962646484,65.2912979125977,65.6504364013672,5101965,64.5614242553711,64.5233587265015,58.4289825439453,48.2655775260925,64.7760930947356,63.0537447134153,57.736047478169,2.73155605451911,3.33191760290338
"2023-02-22",65.5706329345703,67.3024749755859,65.5227432250977,66.3926544189453,10829053,65.2913360595703,64.6210727691651,58.7110260772705,48.3520977020264,64.8553612431717,63.2194922205379,60.4433946205176,2.58760228083956,3.18305453849062
"2023-02-23",66.632080078125,67.3663177490234,65.3631286621094,66.1931381225586,10120732,65.0951232910156,64.7054437637329,59.0158325958252,48.4387358856201,64.8922477120708,63.3584278553881,59.342909355338,2.4208616100506,3.03061595280261
"2023-02-24",65.2513961791992,66.863525390625,65.1636047363281,66.6799697875977,8704340,65.5738830566406,64.8000177383423,59.3086686706543,48.5438267326355,64.9971146881584,63.5225356480735,61.1992210168914,2.32134788865235,2.88876233997256
"2023-02-27",67.0391082763672,67.725456237793,66.632080078125,66.9114151000977,8007297,65.8014755249023,64.8239545822144,59.6100966644287,48.6490175247192,65.120862509196,63.69134600932,62.0854489535687,2.24444385217848,2.75989864241374
"2023-02-28",66.7358322143555,68.3559494018555,66.6081390380859,67.6057434082031,11441143,66.4843063354492,64.9762149810791,59.9414785003662,48.7602786445618,65.3306230978503,63.8982319594037,64.6911716996415,2.24167569981695,2.65625405389439
"2023-03-01",67.5658416748047,68.1245040893555,66.8395843505859,67.1508407592773,7512988,66.0369338989258,65.1198411941528,60.2965075683594,48.86673828125,65.4392862980158,64.0566543252942,61.6992976703034,2.15845174445144,2.5566935920058
"2023-03-02",66.7198715209961,68.419792175293,66.5442962646484,68.4118118286133,8546337,67.2769927978516,65.2532651901245,60.6905520629883,48.9739944076538,65.7220103749136,64.295197915854,66.3455101988289,2.21915867018077,2.48918660764079
"2023-03-03",68.5554656982422,69.4652862548828,67.956901550293,68.9385452270508,9618780,67.7949752807617,65.3490163803101,61.0899320983887,49.0851226806641,66.0409280527364,64.554440683625,68.0869865915338,2.3026880155256,2.45188688921775
"2023-03-06",69.1460494995117,70.0877914428711,69.0103759765625,69.4812469482422,8084105,68.3920288085938,65.5523199081421,61.4734374237061,49.1938323974609,66.4026358613298,64.8387064706597,70.0131299071016,2.41203052281409,2.44391561593702
"2023-03-07",69.4014358520508,69.8962478637695,68.7150802612305,68.9465255737305,8643445,67.8656921386719,65.7140016555786,61.813943862915,49.3035740852356,66.6277214424594,65.0629276312532,66.2187831140547,2.40504672657018,2.43614183806365
"2023-03-08",69.2498016357422,69.7605743408203,68.6911392211914,69.4173965454102,7598067,68.3291854858398,65.9082761764526,62.1785471343994,49.4139846038818,66.889485141441,65.3048726575189,67.8701037625624,2.42648430268348,2.43421033098762
"2023-03-09",71.7956924438477,75.770149230957,71.6440505981445,73.072624206543,35826152,71.9271011352539,66.2883333206177,62.6148635101318,49.5438806152344,67.664502986643,65.795408100314,77.1909519974422,2.84076798107131,2.51552186100436
"2023-03-10",73.3439712524414,75.1795654296875,72.4580993652344,72.6256942749023,23152683,71.487190246582,66.6923076629639,63.0295153045654,49.6709359741211,68.2526087189413,66.2170215926302,74.35087184463,3.07411459674842,2.62724040815317
"2023-03-13",71.5881881713867,72.4102172851562,69.9600982666016,71.0055847167969,14201502,69.8924789428711,66.9969253540039,63.4229336547852,49.7928876495361,68.5048964456997,66.489277692648,65.0126513966404,3.03149443489075,2.70809121350069
"2023-03-14",72.7613754272461,74.2857131958008,71.9872283935547,72.7613754272461,14218418,71.6207504272461,67.3334102630615,63.8291058349609,49.923450126648,68.9842585967069,66.8693867840997,69.4856319672087,3.16269060375172,2.79901109155089
"2023-03-15",71.0215454101562,71.6360702514648,68.9944152832031,71.6360702514648,15107797,70.513069152832,67.58076171875,64.2126344299317,50.0409027290344,69.2194602207261,67.1392891817836,63.8512901665095,3.09829172202036,2.85886721764479
"2023-03-16",71.348762512207,73.5035934448242,70.6863555908203,73.3998413085938,10183883,72.2491912841797,67.8666519165039,64.6163036346436,50.1616931343079,69.6855726920267,67.5178004486278,68.2032162791755,3.21066774834926,2.92922732378568
"2023-03-17",73.2561874389648,73.2881088256836,71.3088607788086,72.0590591430664,12765689,70.929443359375,68.1148090362549,64.9329686737061,50.2773197174072,69.8769374100802,67.7705147383127,62.0844104618004,3.10816979906554,2.96501581884165
"2023-03-20",72.3304061889648,72.8092575073242,71.3567428588867,71.7637634277344,8705343,70.6387786865234,68.3880680084229,65.2267109680176,50.3938438034058,69.9941437603023,67.9829787344765,60.7908522002745,2.95833613540362,2.96367988215405
"2023-03-21",72.609733581543,74.253791809082,72.5937728881836,73.5674362182617,8553980,72.4141693115234,68.7807052612305,65.5457579803467,50.5177793884277,70.3664553835671,68.311215073517,65.5168806552367,3.00864258941695,2.97267242360663
"2023-03-22",73.8148422241211,73.9026336669922,71.4684753417969,71.5003967285156,8784783,70.379524230957,69.0351146697998,65.812653427124,50.6346863555908,70.3684659754732,68.4644231592533,57.032659568459,2.78106895283547,2.9343517294524
"2023-03-23",72.3304061889648,74.1819610595703,72.250602722168,73.096565246582,10834691,71.9506759643555,69.3778923034668,66.0701599884033,50.759357509613,70.6118828968397,68.7226641077794,61.2099376950338,2.74904765929533,2.89729091542098
"2023-03-24",72.2825241088867,73.7031097412109,72.0830001831055,72.9209899902344,8342975,71.7778625488281,69.6880912780762,66.2862236785889,50.8801115608215,70.791264381761,68.9489751034126,60.5130735190571,2.67196035268866,2.85222480287452
"2023-03-27",73.6472473144531,74.7326431274414,73.5115737915039,74.4692764282227,7524516,73.3018646240234,70.0631107330322,66.5144018554688,51.0110501861572,71.1775105728783,69.2714113641986,64.3659427022043,2.75163905446973,2.83210765319356
"2023-03-28",74.4932174682617,74.8124465942383,73.8707122802734,74.3335952758789,5023152,73.1683044433594,70.3973106384277,66.7188750457764,51.1485871505737,71.4837865529523,69.5600701108031,63.7786127838336,2.76554701437892,2.81879552543064
"2023-03-29",74.9960098266602,75.3551483154297,74.7565841674805,75.0678405761719,6162254,73.8910446166992,70.7900161743164,66.9332508850098,51.3005760574341,71.8541339473749,69.8808830371658,65.6074707817104,2.82373493929615,2.81978340820374
"2023-03-30",74.9800491333008,75.2673568725586,74.6687927246094,75.0598526000977,6623107,73.883186340332,71.1203258514404,67.1666198730469,51.4632417869568,72.1662958539837,70.1773499485114,65.5687056464458,2.83417072165242,2.82266087089347
"2023-03-31",75.4429397583008,76.3527526855469,75.2673568725586,76.2968902587891,9247391,75.100830078125,71.4856185913086,67.4621712493897,51.6309882545471,72.6177626576977,70.5420521803347,68.6588616122436,2.94251501509581,2.84663169973394
"2023-04-03",76.4166030883789,77.3663177490234,76.1053466796875,77.3503570556641,6199468,76.1377639770508,71.8729053497315,67.7655899047852,51.8007136726379,73.1593013222136,70.9565493504618,71.0423136980358,3.10436737963704,2.89817883571456
"2023-04-04",77.3822860717773,78.1085433959961,75.5546722412109,75.8579406738281,8554983,74.6687545776367,72.2130584716797,68.0068218231201,51.9747260665894,73.391524899971,71.2315275154377,63.6565875917142,3.03236145548775,2.9250153596692
"2023-04-05",75.8020782470703,76.0734252929688,74.7486038208008,75.2194747924805,10642230,74.0402984619141,72.4986141204834,68.2208866882324,52.1434285163879,73.491336217193,71.4395846225841,60.7469708087093,2.87200941249635,2.91441417023463
"2023-04-06",75.11572265625,75.3312072753906,74.65283203125,74.7007217407227,8025340,73.5296783447266,72.578742980957,68.4233261871338,52.310341091156,73.4972350060443,71.5944063797799,58.4108587152111,2.65778951524611,2.86308923923693
"2023-04-10",74.88427734375,75.81005859375,74.7087020874023,75.3072662353516,7499832,74.1267166137695,72.7107192993164,68.6322124481201,52.4839330101013,73.5940783303097,71.7819849156309,60.331742569378,2.52444038265123,2.79535946791979
"2023-04-11",75.4269714355469,75.7861099243164,74.9241790771484,74.948127746582,6663078,73.7732162475586,72.9047561645508,68.8012220001221,52.6571923446655,73.6216380098865,71.9294835328108,58.6057699157302,2.35251859733407,2.70679129380264
"2023-04-12",75.2274551391602,75.5546722412109,74.8683166503906,75.0997619628906,8768118,73.9224624633789,73.0198417663574,69.0108892822266,52.8220083427429,73.6679186950392,72.0771116017417,59.1372823532396,2.2070905145136,2.60685113794483
"2023-04-13",75.3232269287109,75.5706329345703,74.5969696044922,75.2593765258789,11044694,74.0795745849609,73.1981670379639,69.2291925811768,52.9884963607788,73.7312503704117,72.2254421930913,59.7235765144416,2.08487221621259,2.50245535359839
"2023-04-14",74.9082183837891,76.3288116455078,74.8683166503906,76.1691970825195,7211767,74.9751205444336,73.3344635009766,69.4365247344971,53.1619991111755,73.922615012569,72.4291220709685,62.9837700069633,2.06200613633984,2.41436551014668
"2023-04-17",76.3128509521484,77.2944946289062,76.2011184692383,77.2306442260742,7676003,76.0199508666992,73.5889888763428,69.63932472229,53.3474201202393,74.2452820670505,72.6951093891708,66.4009085279978,2.13243049072389,2.35797850626212
"2023-04-18",77.4142074584961,78.6272964477539,77.3024749755859,78.5873870849609,8909832,77.3554229736328,73.9248210906983,69.8999140167236,53.5395796203613,74.7237652834478,73.0403178028346,70.1890017298055,2.30481949045933,2.34734670310156
"2023-04-19",78.675178527832,79.2577819824219,78.5474853515625,79.0343170166016,7038101,77.7953414916992,74.193879699707,70.1631797027588,53.7343360519409,75.1963154693326,73.3925417797876,71.3354649555525,2.45770707186739,2.36941877685473
"2023-04-20",79.2498016357422,80.1835556030273,79.0582580566406,79.6169204711914,8661237,78.3688049316406,74.5933437347412,70.4416819000244,53.9365753555298,75.6843907712262,73.76115386511,72.803751392583,2.60738451791747,2.41701192506728
"2023-04-21",79.7924957275391,79.8723068237305,79.114128112793,79.4173965454102,5112741,78.1724166870117,74.904430770874,70.7186110687256,54.1392388153076,76.0671639890393,74.0879140741398,71.4538990831421,2.6714882442485,2.46790718890352
"2023-04-24",79.4732666015625,80.422981262207,79.4732666015625,79.9281692504883,7833505,78.6751861572266,75.249296951294,71.023960723877,54.3400450897217,76.4683981687604,74.4277120062203,72.8421439339872,2.74183648473518,2.52269304806985
"2023-04-25",81.3647232055664,81.4126129150391,77.8531494140625,78.5634460449219,11649768,77.3318557739258,75.4507965087891,71.2945953369141,54.5333705329895,76.6012378003243,74.642833766791,63.9004136275224,2.62370000535082,2.54289443952605
"2023-04-26",78.3958511352539,78.5714263916016,76.6879501342773,76.7837219238281,8032357,75.5800399780273,75.5713832855225,71.5083750915528,54.7220328521729,76.4441304430479,74.7122564491048,54.5040852462876,2.31805874464897,2.49792730055063
"2023-04-27",77.4301681518555,78.3639297485352,77.094970703125,78.2601776123047,9348633,77.0333404541016,75.7284980773926,71.7377210998535,54.9145687484741,76.5347781370562,74.8841885976231,59.7869897733704,2.2041896565137,2.43917977174324
"2023-04-28",77.5179595947266,79.5849990844727,77.3184356689453,78.9864349365234,6279159,77.7482147216797,75.92174949646,71.9620576477051,55.1137662506104,76.7214606885367,75.0963386808866,62.1172316422691,2.1640495877647,2.38415373494754
"2023-05-01",79.4014358520508,81.4046325683594,79.3056640625,80.7501983642578,7408237,79.4843139648438,76.1409236907959,72.2324179077148,55.3244563484192,77.1465150387378,75.4213738871056,67.102882177176,2.28733721320753,2.36479043059953
"2023-05-02",80.2952880859375,81.4285736083984,79.9600982666016,81.0135650634766,7485046,79.7435607910156,76.3212135314942,72.5238171386719,55.531032447815,77.5460605390882,75.7415358799879,67.7846962173777,2.38247698324949,2.36832774112953
"2023-05-03",81.3088607788086,82.1628112792969,80.8539505004883,81.2210693359375,5917543,79.9478073120117,76.5851661682129,72.8315447998047,55.7361232948303,77.9155600426149,76.0531115416192,68.3414019226276,2.44887876806519,2.38443794651666
"2023-05-04",80.9976043701172,81.2051086425781,77.7414245605469,79.2657623291016,9055431,78.0231628417969,76.784309387207,73.0861813354492,55.9222375679016,77.9321143194121,76.1990412675583,58.1448121999527,2.2744026998561,2.36243089718455
"2023-05-05",80.2713470458984,81.2130889892578,79.6089401245117,80,6302841,78.7458724975586,77.0451190948486,73.3591963195801,56.1084501838684,78.0573078852808,76.3876954327435,60.5264477095923,2.18570863157839,2.32708644406332
"2023-05-08",79.9840393066406,80.6943359375,79.9840393066406,80.5427017211914,4282128,79.2800903320312,77.3027877807617,73.6333204650879,56.2966003227234,78.2454282617039,76.6019469067648,62.236982458272,2.14548248615594,2.29076565248184
"2023-05-09",80.422981262207,81.324821472168,80.422981262207,80.6065444946289,6520737,79.3429260253906,77.5812732696533,73.9041494750977,56.4848812484741,78.4142740715019,76.8049823970334,62.4431345476767,2.09529593555462,2.2516717090964
"2023-05-10",80.9896240234375,81.1412582397461,78.5794067382812,79.4413375854492,5053224,78.1959915161133,77.7949497222901,74.138383178711,56.6669078445435,78.3806921399036,76.9080201095579,56.3917655706133,1.91484844915775,2.18430705710867
"2023-05-11",79.3296127319336,79.7924957275391,78.8667221069336,79.4173965454102,5117628,78.1724166870117,77.9995918273926,74.3810928344727,56.8391880607605,78.3486497625356,77.0016791152952,56.2710540820286,1.74927438299577,2.09730052228609
"2023-05-12",79.4732666015625,79.8084564208984,77.980842590332,78.8507614135742,4332874,77.6146621704102,78.1315689086914,74.5878462219238,57.0084655761719,78.2357285945163,77.0470852675259,53.3607773495472,1.54274924594897,1.98639026701866
"2023-05-15",79.1221084594727,81.6520385742188,79.0263366699219,81.4046325683594,7973716,80.1285018920898,78.3369964599609,74.8345167541504,57.1855439186096,78.5269244864507,77.275338350827,62.7193890696019,1.61964497643687,1.91304120890231
"2023-05-16",80.7901077270508,81.5881881713867,80.5187530517578,80.7102966308594,5523851,79.4450378417969,78.4414772033691,75.0555769348145,57.356851272583,78.6681726949655,77.4360568316395,59.2389786283651,1.59113972707161,1.84866091253617
"2023-05-17",81.3008804321289,82.6656036376953,81.0454940795898,82.5778121948242,6871703,81.2832794189453,78.6158740997315,75.3239286804199,57.5315727424622,79.070496806347,77.7210362825511,64.8833246311938,1.73628735325921,1.82618620068078
"2023-05-18",82.1149215698242,83.2242584228516,81.1891479492188,83.0087814331055,5772320,81.7075119018555,78.7828094482422,75.5914952087402,57.7128169822693,79.4761914364252,78.0163307728699,66.0516745821336,1.87122445915258,1.83519385237514
"2023-05-19",83.4158020019531,84.42138671875,82.8731079101562,83.2082977294922,7230687,81.9038696289062,78.9693820953369,75.7910305786133,57.8938814735413,79.8496803891146,78.3042966140578,66.6054879252209,1.97356191407176,1.86286746471446
"2023-05-22",83.0806045532227,84.5490798950195,83.0806045532227,83.4397430419922,4996087,82.1316986083984,79.1422077178955,76.0039207458496,58.0793557167053,80.2007601151583,78.5878078728978,67.2726051386952,2.05242045288898,1.90077806234937
"2023-05-23",82.8890686035156,83.1125335693359,80.8300094604492,81.1652069091797,5738239,79.892822265625,79.2702560424805,76.2039276123047,58.2515265083313,80.1533850613839,78.6844756056925,55.5323190395906,1.86683515952062,1.89398948178362
"2023-05-24",80.8300094604492,80.9816436767578,79.7366333007812,80.5905838012695,6275400,79.3272094726562,79.4576145172119,76.3580567932129,58.4183627510071,80.0262811246566,78.7320855217638,53.0151397794681,1.64379692766428,1.84395097095975
"2023-05-25",80.92578125,81.4764556884766,80.2394256591797,81.0215454101562,6737506,79.7514190673828,79.593518447876,76.5428237915039,58.5880842208862,79.9839946543068,78.8075917103282,54.6745597509269,1.49275332293195,1.77371144135419
"2023-05-26",81.0774154663086,82.9608917236328,81.0534744262695,81.9952087402344,6796523,80.7098007202148,79.7415977478027,76.7120359802246,58.7558423805237,80.0956571259849,78.9484960814309,58.2611482995016,1.45304990150894,1.70957913338514
"2023-05-30",82.2186737060547,82.2585754394531,80.3351974487305,81.7238616943359,7098370,80.4427261352539,79.7895183563233,76.9023016357422,58.9168854141235,80.1490523581802,79.0591797891215,56.9096843731775,1.37855284100561,1.64337387490923
"2023-05-31",80.861930847168,81.2769317626953,79.577018737793,81.0295257568359,13358734,79.75927734375,79.79030418396,77.0847116088867,59.0713628578186,80.0890869713447,79.1110388672421,53.4902213340467,1.2362978897849,1.56195867788437
"2023-06-01",80.7741394042969,83.9345550537109,80.6624069213867,83.535514831543,7797043,82.2259750366211,79.9042125701904,77.2809477233887,59.2385406303406,80.4178389813873,79.3417748797887,62.2957703660808,1.3562390093099,1.52081474416947
"2023-06-02",84.1979217529297,85.1636047363281,83.4317626953125,84.4373474121094,7477278,83.1136856079102,80.1587387084961,77.5356309509277,59.4063055419922,80.8325846162369,79.6211756744644,64.8732225857511,1.52146578031638,1.52094495139885
"2023-06-05",84.4373474121094,84.4373474121094,83.0806045532227,83.0806045532227,5108732,81.778190612793,80.3103546142578,77.7321812438965,59.5709081268311,80.978062461861,79.780954558785,58.4047160045745,1.5004933316433,1.51685462744774
"2023-06-06",83.2641677856445,84.6847534179688,83.0806045532227,84.1660003662109,7794036,82.8465805053711,80.4886791229248,77.9535556030274,59.7430228996277,81.2655267762471,80.0080379622358,61.6952290108505,1.57170310138695,1.52782432223558
"2023-06-07",85.1077423095703,85.6584167480469,84.3096542358398,84.6608123779297,9121088,83.3336334228516,80.6882144927979,78.1541909790039,59.9221273612976,81.5836970295709,80.2543783667259,63.1272713460301,1.65638148335114,1.5535357544587
"2023-06-08",84.4692764282227,85.5706329345703,84.3016738891602,84.65283203125,4477596,83.3257675170898,80.9447032928467,78.3573402404785,60.1101790428162,81.8517078738046,80.4818886741603,63.0862514096447,1.70202168737639,1.58323294104223
"2023-06-09",84.8284149169922,85.0359115600586,83.8627319335938,84.8363952636719,4365076,83.506462097168,81.2114055633545,78.5496485900879,60.2950994491577,82.1062854466297,80.7059311499386,63.6702627659624,1.73513182580036,1.61361271799386
"2023-06-12",84.8443756103516,85.3072662353516,84.3176345825195,84.7805252075195,4677449,83.4514694213867,81.5032459259033,78.741014251709,60.4777885818482,82.3132368273616,80.9093043552311,63.3418136890546,1.73519285985524,1.63792874636614
"2023-06-13",84.6209106445312,85.514762878418,84.4453277587891,85.1875534057617,5411582,83.8521118164062,81.6894264221192,78.9160398864746,60.6582016372681,82.5499868256761,81.1272900930959,64.7677764733271,1.75365987320377,1.66107497173366
"2023-06-14",85.1715850830078,85.2354354858398,82.9688720703125,83.559455871582,6429268,82.2495422363281,81.8296516418457,79.0382754516602,60.8393744659424,82.5037645811611,81.2104198814835,55.4725491493222,1.59258467271204,1.64737691192934
"2023-06-15",83.3519515991211,84.3096542358398,82.9928207397461,84.1260986328125,8733159,82.8072891235352,81.9058521270752,79.2010461425781,61.0209518051148,82.5504606646032,81.3287064920058,57.7454448411931,1.50224222823159,1.61834997518979
"2023-06-16",84.5570602416992,86.9114151000977,84.5490798950195,84.8284149169922,13731752,83.4986038208008,81.9954067230225,79.3902122497559,61.2087978363037,82.6963288424798,81.4894396274721,60.4408377221029,1.48103756821123,1.59088749379408
"2023-06-20",84.6608123779297,84.7645645141602,82.5299301147461,83.0167617797852,8068443,81.7153549194336,81.9859809875488,79.55392578125,61.3928934288025,82.5454097773958,81.5061740935433,51.3427783298659,1.27503921685703,1.52771783840667
"2023-06-21",82.7134857177734,84.3495635986328,82.6656036376953,83.8387832641602,5983576,82.5244903564453,82.0056205749512,79.7218812561035,61.5821351051331,82.5421914049418,81.5816049278324,54.6765452933674,1.17745474357758,1.45766521944085
"2023-06-22",83.5275344848633,84.4293670654297,83.5115737915039,83.6552276611328,5292046,82.3438186645508,82.1281703948975,79.8932933044434,61.7724602508545,82.5116725218048,81.6380652046263,53.7903170059422,1.07009801737554,1.38015177902779
"2023-06-23",82.274543762207,83.2960891723633,81.9154052734375,82.8252182006836,7532911,81.5268096923828,82.2381504058838,80.0453802490235,61.9595256233215,82.3601551634322,81.6298240555712,49.8550425127737,0.894686612779805,1.28305874577819
"2023-06-26",82.6256942749023,83.8866729736328,82.4900207519531,83.3599395751953,5326378,82.0531616210938,82.3532375335693,80.2048519897461,62.1448822784424,82.3129253876878,81.6611823937581,52.2773515032687,0.798106241943786,1.18606824501131
"2023-06-27",83.5035934448242,83.9664764404297,83.2881088256836,83.7350387573242,5973427,82.4223709106445,82.4388660430908,80.3537969970703,62.3315042114258,82.3297631604504,81.7175667283423,53.9574797962858,0.749161357365491,1.09868686748215
"2023-06-28",84.0303268432617,85.6903457641602,83.7749404907227,85.4349594116211,6009012,84.0956497192383,82.6215122222901,80.5153109741211,62.5256672668457,82.6014380156485,81.8937210239642,60.7088645861728,0.864189565250317,1.05178740703578
"2023-06-29",84.7725448608398,86.0574645996094,84.6288909912109,85.9856338500977,4070746,84.6376800537109,82.8654323577881,80.6609561157227,62.7186279296875,82.9147060215043,82.0969772483899,62.62092784014,0.996052230571531,1.04064037174293
"2023-06-30",86.9832382202148,87.9968109130859,86.671989440918,87.6695938110352,9250648,86.2952499389648,83.0688961029053,80.830954284668,62.9335703086853,83.4347897011136,82.4079604106547,67.7840413642956,1.24603167623853,1.08171863264205
"2023-07-03",87.0391082763672,87.2545852661133,85.6424560546875,86.4166030883789,3723916,85.0619125366211,83.1663074493408,80.9648164367676,63.1448218917847,83.6851162911917,82.6045494570226,61.0291941487996,1.30812024431086,1.12699895497581
"2023-07-05",86.3687133789062,86.9832382202148,86.001594543457,86.7118911743164,4588235,85.3525619506836,83.3450260162354,81.108419342041,63.3609501838684,83.941646392652,82.8081059380345,61.990480302189,1.3688762009189,1.17537440416443
"2023-07-06",86.2011184692383,86.7917022705078,85.283317565918,85.6903457641602,4594375,84.3470153808594,83.4200477600098,81.2218559265137,63.5797535514832,84.0040108523762,82.9220992300956,56.7728707575937,1.30473255299344,1.20124603393023
"2023-07-07",85.5067825317383,86.8874664306641,85.34716796875,86.4086227416992,4843847,85.0540390014648,83.5060680389404,81.3762995910645,63.800074596405,84.1655536445436,83.0800206946415,59.3627936622357,1.3066113137983,1.22231908990385
"2023-07-10",86.5203475952148,88.3719100952148,86.4884262084961,88.212287902832,5805400,86.8936386108398,83.6844615936279,81.6025715637207,64.0309997558594,84.5852590239738,83.3625109106562,65.2043603078172,1.46678416947894,1.27121210581887
"2023-07-11",88.3719100952148,89.0103759765625,87.9728622436523,88.7629699707031,4746113,87.4360961914062,83.8809432983399,81.8106266784668,64.2688248062134,85.023849357425,83.6642579684895,66.723408273418,1.62505641231832,1.34198096711876
"2023-07-12",88.8188323974609,89.3615341186523,88.4996032714844,88.7470092773438,5403938,87.4203643798828,84.0793880462647,82.0040696716309,64.5061433029175,85.3925439762646,83.9424880730372,66.632557050509,1.72743974656291,1.41907272300759
"2023-07-13",88.7869110107422,89.2418212890625,88.443733215332,88.8108520507812,3477075,87.4832534790039,84.2609451293945,82.1640484619141,64.7462520599365,85.7141915920707,84.2047669919976,66.8270117629177,1.79256430959127,1.49377104032432
"2023-07-14",88.5873870849609,88.7629699707031,87.8132476806641,88.0127716064453,3405529,86.6970977783203,84.4833229064942,82.3031192016602,64.9827973175049,85.8654079284168,84.3893840872808,61.9655826118784,1.749063412537,1.54482951476686
"2023-07-17",88.1245040893555,89.5051879882812,87.9090194702148,88.6991195678711,4557412,87.3731994628906,84.7116184234619,82.4516270446777,65.2223558044434,86.0973758567974,84.6104074484371,64.3664032388195,1.75742967467265,1.58734954674802
"2023-07-18",88.5075836181641,89.2498016357422,88.2043075561523,88.6352767944336,4476718,87.310302734375,84.9022033691406,82.6373698425293,65.4616304206848,86.2839799918093,84.8103996918399,63.9619157150433,1.73749953463691,1.6173795443258
"2023-07-19",88.0526733398438,88.4357528686523,86.8555450439453,87.7015151977539,5604920,86.3905181884766,85.1359615325928,82.7902627563477,65.7016007232666,86.3003704836043,84.9274455064056,58.2018744400725,1.61658574446955,1.61722078435455
"2023-07-20",87.8212280273438,89.2577819824219,87.7573852539062,88.7789306640625,5158852,87.4518051147461,85.3823272705078,82.953697052002,65.9493870544434,86.4775142730107,85.1144351070234,62.4084243976666,1.60146650127369,1.61406992773837
"2023-07-21",88.9385452270508,89.2897033691406,87.6456527709961,88.0526733398438,10277106,86.7364196777344,85.601957321167,83.1015669250488,66.188424282074,86.5173458737374,85.2345821122613,58.1594738376462,1.5049804078193,1.59225202375456
"2023-07-24",88.1085433959961,88.5714263916016,87.8371887207031,87.9888305664062,6687261,86.6735305786133,85.8592933654785,83.2711177062989,66.4150888252258,86.5413742898722,85.3411708875466,57.7870061384141,1.4063591931579,1.55507345763523
"2023-07-25",91.3806838989258,94.1420593261719,90.6863555908203,93.5035934448242,21329067,92.1058578491211,86.3619281768799,83.549786529541,66.6692210960388,87.3974486836028,85.8422588106262,73.5465968419061,1.81168330671198,1.60639542745058
"2023-07-26",93.4876327514648,93.6871490478516,90.5427017211914,91.556266784668,9449750,90.187629699707,86.750191116333,83.801245880127,66.9174960136414,87.826707301465,86.1641381357433,64.4032428851254,1.9295372781452,1.6710237975895
"2023-07-27",92.2266540527344,93.5833969116211,91.7238616943359,92.1149215698242,7752311,90.7379302978516,87.0823051452637,84.0134344482422,67.1736027336121,88.2745877624475,86.5029375551587,65.7198905082608,2.04808097546874,1.74643523316535
"2023-07-28",92.2027130126953,92.4580993652344,90.9976043701172,91.2929000854492,5600785,89.9281921386719,87.3468307495117,84.2230975341797,67.4243753814697,88.5289884357128,86.7566601169004,62.0811729809213,2.04287292344389,1.80572277122106
"2023-07-31",91.3328018188477,91.580207824707,90.7581787109375,91.1731872558594,5169252,89.8102798461914,87.5225822448731,84.3936375427246,67.6775576972962,88.7261101911711,86.982854170922,61.5467857782893,2.00413752441782,1.84540572186041
"2023-08-01",90.7342376708984,91.1412582397461,89.600959777832,90.3591384887695,6595040,89.0083923339844,87.7199062347412,84.5396551513672,67.9244658851624,88.7695382131424,87.1328940348525,57.8968112736215,1.87833102115851,1.85199078172003
"2023-08-02",90.1596145629883,90.5826034545898,89.3296127319336,89.3615341186523,5377375,88.0257110595703,87.8535636901856,84.6620919799805,68.1566671562195,88.655103266439,87.1990286292761,53.6944106965009,1.66982896489976,1.81555841835597
"2023-08-03",89.2498016357422,90.3192367553711,89.0263366699219,89.6727828979492,4347409,88.3322982788086,88.052827835083,84.7861039733887,68.3915337753296,88.6054409606497,87.2829745292414,54.79680753597,1.51514821595038,1.75547637787486
"2023-08-04",90.0399017333984,90.8778915405273,89.2258605957031,90.2314453125,6118274,88.8826141357422,88.2442565917969,84.965899810791,68.6259078598023,88.648082987587,87.4014663519452,56.7855397155709,1.42631089348313,1.68964328099651
"2023-08-07",90.6145248413086,91.7637634277344,90.6145248413086,91.5642471313477,4140914,90.1954879760742,88.4093490600586,85.1832653808594,68.8605111694336,88.8861452935081,87.6084309166955,61.1741209519968,1.45843769080571,1.64340216295835
"2023-08-08",91.2929000854492,91.6440505981445,90.2793273925781,90.6225051879883,4735463,89.267822265625,88.5009353637695,85.3735934448242,69.0909963989258,88.9448648276799,87.731348794394,56.7858974896592,1.38321825660053,1.59136538168679
"2023-08-09",90.9018325805664,90.92578125,89.369514465332,89.5211486816406,3900213,88.1829223632812,88.5390632629395,85.5230558776856,69.3177710342407,88.8276429100801,87.7647986883856,52.0806721442334,1.2110142535257,1.51529515605457
"2023-08-10",89.7446136474609,91.811653137207,89.7446136474609,90.6384658813477,5853515,89.2835388183594,88.6290775299072,85.6998721313477,69.5413264465332,88.8977807421231,87.8772979572726,56.0584986714303,1.1612587193415,1.44448786871195
"2023-08-11",90.6145248413086,92.0909805297852,90.5427017211914,91.4604949951172,4463437,90.0932922363281,88.7988872528076,85.9065524291992,69.7672779846192,89.0817055873854,88.041445681647,58.7702349628479,1.18155704700702,1.39190170437097
"2023-08-14",91.3806838989258,92.4580993652344,91.1412582397461,92.2186737060547,4916020,90.8401260375977,88.972233581543,86.0788354492188,69.9980654525757,89.352231810495,88.2487553376434,61.1514738610025,1.2504159051645,1.36360454452967
"2023-08-15",91.5003967285156,91.5083770751953,90.5586624145508,90.861930847168,4276614,89.5036697387695,89.0819019317627,86.206635131836,70.2146419143677,89.3755299533065,88.341711959949,55.0268142293254,1.17024899158182,1.3249334339401
"2023-08-16",90.7661590576172,92.0510787963867,90.5586624145508,90.6384658813477,4614924,89.2835388183594,89.2265529632569,86.3567420959473,70.4284650993347,89.3613774710069,88.4114769124239,54.0662807743409,1.07440865344208,1.2748284778405
"2023-08-17",90.9656829833984,91.2929000854492,88.5395050048828,88.5554656982422,5734981,87.231689453125,89.2155471801758,86.4444442749024,70.6248982048035,89.0337331605635,88.3240852487721,46.005186039057,0.80345911287123,1.18055460484665
"2023-08-18",88.0287322998047,89.3296127319336,87.8052673339844,89.2178802490234,5651281,87.8842086791992,89.272936630249,86.5354557800293,70.8261853408814,88.8568832403536,88.2915017991741,48.6283392489798,0.640357712416684,1.07251522636065
"2023-08-21",89.4173965454102,89.7685546875,88.6033554077148,89.4014358520508,3686075,88.0650024414062,89.3425102233887,86.6302404785156,71.0271522140503,88.735055425131,88.2747240689691,49.3623792263293,0.521475836958962,0.962307348480316
"2023-08-22",89.5051879882812,90.2234649658203,88.4596939086914,89.114128112793,3308421,87.7820129394531,89.1263179779053,86.7157514953613,71.229183139801,88.5884335042574,88.2382269482642,48.2013924906114,0.396887571413429,0.849223393066938
"2023-08-23",88.9864349365234,90.7901077270508,88.9864349365234,90.5586624145508,3568043,89.2049407958984,89.0771835327149,86.8308209228516,71.4353294372559,88.6832807798945,88.3098353814223,54.0531241286479,0.422880868092745,0.7639548880721
"2023-08-24",90.3431777954102,90.9497222900391,88.6033554077148,88.6193161010742,4211960,87.2945861816406,88.9050163269043,86.8996704101563,71.6236913490296,88.4696354570862,88.234631736994,46.4638941284644,0.266339548843675,0.664431820226415
"2023-08-25",88.9465255737305,89.6807632446289,87.9648818969727,89.3615341186523,3903596,88.0257110595703,88.8098922729492,87.0151937866211,71.8083943939209,88.4013393959299,88.2191561312589,49.3924561647065,0.206512137114445,0.572847883604021
"2023-08-28",89.8244247436523,91.2051086425781,89.5051879882812,90.9497222900391,3524313,89.5901641845703,88.7988864898682,87.1508512878418,71.9992670631409,88.5842355172592,88.3207122833561,55.0577001648113,0.298370820490779,0.517952470981373
"2023-08-29",90.7182769775391,92.3144454956055,90.1197128295898,92.043098449707,5833091,90.6671981811523,88.8818267822266,87.2942231750488,72.1981262779236,88.9046913117043,88.4945260535632,58.5018617101369,0.463492236675567,0.507060424120211
"2023-08-30",91.6600189208984,92.2426147460938,90.9417419433594,91.2290496826172,6086573,89.8653030395508,88.9738063812256,87.4572221374512,72.3861511993408,89.052477731373,88.5960650895623,55.115195266505,0.515161301294054,0.50868059955498
"2023-08-31",91.4445343017578,91.7318420410156,90.8300094604492,91.348762512207,5218620,89.9832305908203,89.0563529968262,87.6063969421387,72.5719195747376,89.1956704789803,88.6988180896555,55.5229705452299,0.560156719137561,0.518975823471496
"2023-09-01",91.7956924438477,92.1468505859375,90.6065444946289,91.1731872558594,4435119,89.8102798461914,89.1027362823486,87.7557261657715,72.7582921600342,89.2902257662435,88.7811485901396,54.7375562590273,0.573406837136203,0.529862026204438
"2023-09-05",90.7342376708984,91.1332778930664,89.6328811645508,90.0877914428711,4406550,88.7411041259766,89.0300170898438,87.9000120544434,72.935309715271,89.2057455138948,88.7781823335349,50.0263089823947,0.481608396479105,0.520211300259371
"2023-09-06",90.063850402832,91.0375137329102,89.3296127319336,89.9281692504883,5018014,88.583869934082,88.9958194732666,88.0306262207031,73.1183964920044,89.1100723477697,88.7637888224644,49.353562263739,0.390118008592411,0.494192641925979
"2023-09-07",89.5610504150391,90.3032684326172,88.9146041870117,89.2178802490234,4139035,87.8842086791992,88.9808837890625,88.1398629760742,73.2964853286743,88.9214779372204,88.6986347377781,46.3656037617617,0.251236335374427,0.445601380615669
"2023-09-08",88.9864349365234,89.4094161987305,88.7629699707031,89.1620101928711,3170967,87.8291778564453,88.9081657409668,88.2145335388184,73.4740235710144,88.7534317709473,88.634230524346,46.1290480636475,0.134486694244584,0.383378443341452
"2023-09-11",89.5849990844727,91.2210693359375,89.4812469482422,91.1891479492188,5272499,89.8259963989258,88.8948009490967,88.3182998657227,73.6602910995483,88.9184417137132,88.7225094780186,55.0838725496788,0.220837121095196,0.350870178892201
"2023-09-12",91.1811676025391,93.2322463989258,90.9816436767578,91.7797317504883,5275255,90.4077529907227,88.8731822967529,88.4005499267578,73.8451522064209,89.1475665255609,88.8473423308115,57.310321334244,0.337910157888066,0.348278174691374
"2023-09-13",91.5323257446289,92.0670394897461,89.8962478637695,90.6624069213867,3508651,89.3071441650391,88.8633560180664,88.4854545593262,74.022765827179,89.1721169316344,88.8814017259395,52.053351745297,0.327082156727676,0.344038971098634
"2023-09-14",91.2769317626953,93.5434951782227,91.2370300292969,92.2984848022461,6637768,90.9187622070312,88.9451171875,88.5967785644531,74.2076112365723,89.4408315893878,89.0323173171314,58.1123695352615,0.458838188835675,0.366998814646043
"2023-09-15",92.1149215698242,92.505989074707,91.1412582397461,92.1707916259766,8437076,90.79296875,89.1231811523438,88.725697631836,74.3999990463257,89.6488526910204,89.1627359417884,57.5015622142291,0.545201696759778,0.40263939106879
"2023-09-18",92.4022369384766,93.7190704345703,91.7158813476562,93.0327224731445,4700880,91.6420059204102,89.3110710144043,88.8574569702149,74.596050567627,89.9554916493881,89.3463855698344,60.5179597109222,0.681735557257168,0.458458624306465
"2023-09-19",92.5937728881836,93.1205139160156,91.9553070068359,92.7454147338867,3882045,91.3590087890625,89.4757713317871,88.9467643737793,74.7897383499146,90.1714173631841,89.4954687712587,59.0144238531436,0.755288062296255,0.517824511904423
"2023-09-20",93.0008010864258,93.9106140136719,91.6360702514648,91.6600189208984,5134919,90.2898406982422,89.6011627197266,89.003839263916,74.980253238678,90.1896363378085,89.5543111362205,53.596707513189,0.709430058170613,0.556145621157661
"2023-09-21",90.9417419433594,91.2529907226562,89.4333572387695,90.1755752563477,5760292,88.8275756835938,89.5822944641113,89.0319834899903,75.1584988975525,89.9800885448524,89.5004788804704,47.2128512001302,0.535873852722646,0.552091267470658
"2023-09-22",90.1037521362305,90.3431777954102,88.6432571411133,88.7869110107422,6249463,87.4596862792969,89.5905494689942,89.0315121459961,75.336699295044,89.5923343501515,89.3493090581612,42.1546088305496,0.271994595763569,0.49607193312924
"2023-09-25",88.3639297485352,89.3535537719727,88.2920989990234,89.1620101928711,4741101,87.8923721313477,89.583882522583,89.0554176330567,75.5151656150818,89.3308017011048,89.2413878043232,44.1914019186137,0.1001933060226,0.416896207707912
"2023-09-26",88.5873870849609,89.3375930786133,87.5897827148438,87.7334365844727,6022043,86.4841384887695,89.428581237793,89.0376364135742,75.6874477005005,88.8928535145916,89.0371471142821,39.336697924096,-0.16205999896346,0.301104966373638
"2023-09-27",88.2920989990234,89.07421875,87.9090194702148,88.4996032714844,5912656,87.2393951416016,89.2571910858154,89.0362182617188,75.867698879242,88.6384753033624,88.903980301491,42.9561147477975,-0.298642419864892,0.181155489125932
"2023-09-28",88.6352767944336,90.1755752563477,88.4517135620117,89.6568222045898,5518337,88.3801498413086,89.1829334259033,89.0760108947754,76.0603256416321,88.5987329245849,88.8651780451812,48.0024682870396,-0.299830739618623,0.0849582433770211
"2023-09-29",89.8882675170898,89.9840393066406,87.7174758911133,88.2282485961914,4924165,86.9719009399414,89.0323669433594,89.0664128112793,76.2405247497559,88.3484510807936,88.7249352966449,42.9510409817196,-0.424327405359681,-0.0168988863703194
"2023-10-02",88.1484451293945,88.7470092773438,86.2729415893555,86.8236236572266,5389278,85.5872802734375,88.8212169647217,89.0434300231934,76.4148107719421,87.9236555719696,88.492516406037,38.6449842749026,-0.642834961837024,-0.14208610146366
"2023-10-03",86.440544128418,87.7813262939453,85.4269714355469,86.001594543457,8624900,84.7769622802734,88.6230098724365,89.0054986572266,76.5891195106506,87.4395489117086,88.2172901744989,36.348308882919,-0.881619987705196,-0.289992878711967
"2023-10-04",86.1691970825195,87.158821105957,85.6823654174805,86.8715057373047,4876551,85.6344757080078,88.4755401611328,88.8760710144043,76.7758644866943,87.1618453419085,88.0259705843885,40.3859284540516,-0.981670791861966,-0.428328461341967
"2023-10-05",86.4884262084961,87.1109313964844,85.538703918457,86.7677536010742,4819539,85.5322113037109,88.3579402923584,88.7829626464844,76.9656517028809,86.911132412955,87.8412476747086,40.0595736426054,-1.05885934726018,-0.554434638525609
"2023-10-06",86.4724655151367,89.3056640625,86.1532287597656,88.9624862670898,5284026,87.6956939697266,88.3512660980225,88.7221179199219,77.1650003051758,87.0318341909199,87.830465918784,49.3792736177857,-0.90928781887899,-0.625405274596285
"2023-10-09",88.5953674316406,88.6991195678711,87.4221878051758,87.9968109130859,5418473,86.7437591552734,88.1971542358399,88.6584292602539,77.3526352882385,86.9875149546666,87.749969121487,45.9908913218851,-0.868893943158866,-0.674103008308801
"2023-10-10",88.7549896240234,90.1755752563477,88.4676742553711,88.9704742431641,5707039,87.7035751342773,88.0619453430176,88.6162951660156,77.5369513130188,87.0976780592221,87.7465325298418,49.7360463680831,-0.739464514337429,-0.687175309514527
"2023-10-11",89.3854751586914,90.5027923583984,89.2338409423828,90.3910598754883,3580573,89.1039276123047,88.0517845153809,88.618205871582,77.7319758415222,87.4063318366194,87.8470803137279,54.6743819444829,-0.501722397072846,-0.650084727026191
"2023-10-12",90.5826034545898,90.7741394042969,88.3958511352539,88.8507614135742,3861746,87.5855407714844,87.8851234436035,88.6094024658203,77.9193471336365,87.4339024419832,87.8277070143025,49.0474677456211,-0.448383073754988,-0.60974439637195
"2023-10-13",88.8268127441406,88.9624862670898,86.7198715209961,87.2944946289062,4578337,86.0514526367188,87.6480476379395,88.5637855529785,78.0958313941956,87.2212178565579,87.696132615963,44.1082435708484,-0.54154584157633,-0.596104685412826
"2023-10-16",87.7015151977539,88.5235443115234,86.1851577758789,87.1029510498047,5616698,85.8626403808594,87.3590793609619,88.5033860778809,78.2740367889404,87.0122059372197,87.5603183763257,43.5272544829873,-0.625982693153559,-0.602080286960973
"2023-10-17",86.7917022705078,88.3399810791016,86.2410202026367,87.8052673339844,4916647,86.5549468994141,87.1188762664795,88.4305752563477,78.4502508163452,86.9418583929419,87.4858464150729,46.3192805113962,-0.621801176329817,-0.606024464834742
"2023-10-18",87.0071792602539,87.4541091918945,85.7222671508789,85.8499603271484,6080433,84.6274871826172,86.8357585906982,88.3377685546875,78.6167050552368,86.5858012836612,87.2741161015577,40.3395311693773,-0.788681511360745,-0.642555874139942
"2023-10-19",85.9297714233398,87.0710296630859,85.1316833496094,85.3551483154297,5035055,84.1397171020508,86.6013656616211,88.2569044494629,78.7770749855042,86.2094806403365,87.0419383978905,38.9684936985476,-0.956386970322987,-0.705322093376551
"2023-10-20",85.1556243896484,85.5865936279297,84.2218704223633,84.6608123779297,9714760,83.4552688598633,86.4011447906494,88.140339050293,78.9188703727722,85.785755751033,86.7762591728515,37.0648283305893,-1.14144517320746,-0.792546709342732
"2023-10-23",84.9800491333008,86.4325637817383,84.7565841674805,85.1476440429688,7300229,83.9351654052734,86.2032844543457,88.0171765136719,79.0587878799438,85.501049543993,86.5658077826605,39.3037084607053,-1.2299986171685,-0.880037090907887
"2023-10-24",88.6272964477539,91.6919403076172,86.4485244750977,90.6783752441406,15904078,89.3871459960938,86.3484348297119,87.9881169128418,79.223414516449,86.0989105366239,86.7747957984704,57.7100050270199,-0.778895825253412,-0.859808837776992
"2023-10-25",91.2450103759766,91.2450103759766,88.6592178344727,88.7470092773438,8224191,87.4832763671875,86.3606288909912,87.9477090454102,79.3756571388245,86.3118898951721,86.8272758405976,51.802274525982,-0.593576085896785,-0.80656228740095
"2023-10-26",89.2019119262695,89.6408615112305,85.3711090087891,86.8316040039062,9738191,85.5951385498047,86.221378326416,87.8739410400391,79.5082560920715,86.2016204574233,86.73600641165,46.6967815764218,-0.616106247376036,-0.768471079395968
"2023-10-27",87.1827621459961,87.6616134643555,84.3814849853516,84.8762969970703,6677237,83.6676864624023,86.0561676025391,87.8026609802246,79.6217211341858,85.8117844581893,86.5087234524464,42.1318529164766,-0.805628572984585,-0.775902578113691
"2023-10-30",85.81005859375,88.1723861694336,85.7302474975586,87.6376724243164,5611435,86.3897399902344,86.0962905883789,87.7727716064453,79.7442050552368,85.9007006938885,86.4999098626529,49.6219305585153,-0.692728084590877,-0.759267679409128
"2023-10-31",87.3982467651367,87.5897827148438,86.2649612426758,86.695930480957,6349452,85.4614028930664,86.1305126190186,87.7206996154785,79.8567888450623,85.833116416839,86.4229834204613,47.3700551356619,-0.682534877039087,-0.74392111893512
"2023-11-01",86.4325637817383,86.4565048217773,84.461296081543,85.5945739746094,12703791,84.3757400512695,86.0675758361816,87.6525741577149,79.9628062820435,85.6089046682898,86.2713357634842,44.809050317505,-0.76784610940811,-0.748706117029718
"2023-11-02",86.8954544067383,87.1747817993164,85.6823654174805,86.0175552368164,9398127,84.7926864624023,86.0305995941162,87.5643290710449,80.0756960296631,85.4833326366148,86.1618061856262,46.0161423153836,-0.78744118658528,-0.756453130940831
"2023-11-03",86.632080078125,87.3503570556641,86.2649612426758,86.927375793457,6941620,85.689567565918,85.9302932739258,87.5322286987305,80.2025275611878,85.5150610872769,86.1268255471293,48.619364818955,-0.710306522928439,-0.747223809338352
"2023-11-06",87.2226638793945,89.2897033691406,86.6240997314453,89.2098922729492,6131806,87.9395751953125,85.9900840759277,87.5305059814453,80.3373912811279,85.8880632577439,86.2611032988466,54.5417166659615,-0.432454521025916,-0.684269951675865
"2023-11-07",88.8747024536133,90.1276931762695,88.4756546020508,89.2258605957031,5237415,87.9552993774414,86.002670288086,87.4978086853028,80.4641319847107,86.2060995838512,86.3865993046684,54.5811170036284,-0.208944121275856,-0.589204785595863
"2023-11-08",89.5450897216797,91.0215454101562,89.3774948120117,90.861930847168,6065021,89.5680847167969,86.0258781433106,87.4758264160157,80.5952871322632,86.7233280658428,86.622264890752,58.5494690696733,0.11667112978202,-0.448029602520287
"2023-11-09",91.2609710693359,91.5961685180664,90.1276931762695,90.2553863525391,5786605,88.9701690673828,86.0951095581055,87.4579237365723,80.7230994606018,87.0689959122336,86.7961837186506,56.5758959425358,0.314313581421199,-0.295560965731989
"2023-11-10",90.7661590576172,92.2266540527344,90.3351974487305,91.9952087402344,4382618,90.6852188110352,86.3267978668213,87.4719635009766,80.8581135368347,87.6253378966646,87.0842603921606,60.6709975047145,0.62132640510173,-0.112183491565246
"2023-11-13",91.8914566040039,93.0247421264648,91.5482864379883,92.1947326660156,5753776,90.8819122314453,86.5777614593506,87.4933961486817,80.9859094047547,88.1263493327847,87.3655679358113,61.1238068038311,0.870802325159037,0.0844136717796109
"2023-11-14",92.9768524169922,93.8228225708008,92.2346343994141,93.5754165649414,6007634,92.2429351806641,86.8621608734131,87.5634327697754,81.1299285888672,88.7596702324585,87.726854398393,64.1956464522701,1.17730863730185,0.30299266488406
"2023-11-15",93.3439712524414,93.7749404907227,92.3543472290039,92.8172378540039,5245309,91.4955444335938,87.2055637359619,87.6216662597656,81.2715842628479,89.1805739557101,88.0060166232227,61.3297975259084,1.33463299164647,0.509320730236541
"2023-11-16",93.0486831665039,94.9401473999023,92.8252182006836,94.9241790771484,5825072,93.5724868774414,87.6772022247315,87.7354318237305,81.416404132843,89.8562528667457,88.4183477531648,65.8872845042794,1.62625196027755,0.732706976244742
"2023-11-17",95.2354354858398,95.8339996337891,94.9241790771484,95.7142868041992,5186418,94.3513412475586,88.2220058441162,87.8658750915528,81.5587610816956,90.5478049253323,88.8578287527495,67.4371291254459,1.90188776420044,0.966543133835882
"2023-11-20",95.7142868041992,96.3607330322266,95.4828414916992,95.8260192871094,5190678,94.4614944458008,88.7483222961426,87.9585850524902,81.7094387626648,91.1499110054043,89.2729151003829,67.6609111411286,2.10253681411749,1.1937418698922
"2023-11-21",95.6105346679688,95.9696731567383,95.0039901733398,95.6823654174805,3506019,94.3198776245117,88.9949588775635,88.036827545166,81.8578778648377,91.6375981775747,89.6467641762443,67.0231911804816,2.22075388846876,1.39914427360752
"2023-11-22",95.6903457641602,96.1612167358398,95.2593765258789,95.4509201049805,3773785,94.0917282104492,89.3253814697266,88.1325192260742,82.0061180305481,92.0151566441708,89.9760207713706,65.9448351904729,2.26631035171205,1.57257748922842
"2023-11-24",95.7541885375977,96.0494842529297,95.514762878418,95.746208190918,1981995,94.3828125,89.7647651672363,88.2018002319336,82.1564023017883,92.3794113912214,90.3024497883061,66.6813948952814,2.30000582241598,1.71806315586594
"2023-11-27",95.5307235717773,96.0255355834961,95.2274551391602,95.746208190918,3984415,94.3828125,90.3005214691162,88.2735971069336,82.3112778472901,92.6876269464181,90.6046988780612,66.6813948952814,2.29891837194909,1.83423419908257
"2023-11-28",95.746208190918,95.8579406738281,94.6209106445312,94.8523559570312,4378107,93.5016860961914,90.6561187744141,88.3107907104492,82.4597856521607,92.812866815614,90.8192905238487,61.9755845778826,2.19510225224879,1.90640780971581
"2023-11-29",95.3870697021484,95.5307235717773,94.5331192016602,94.8603363037109,3792831,93.5095596313477,91.0585266113281,88.3538017272949,82.6028781890869,92.9200503257269,91.0185697169967,62.0013901616924,2.08911282021069,1.94294881181479
"2023-11-30",95.0119705200195,97.2386245727539,94.8922576904297,97.2067031860352,10174611,95.822509765625,91.6308650970459,88.4644551086426,82.7541605377197,93.3665825472497,91.3744171280062,68.7177035463263,2.18022230057306,1.99040350956644
"2023-12-01",97.1268920898438,98.3639297485352,96.9433364868164,97.7653656005859,5668572,96.3732070922852,92.2098911285401,88.6153677368164,82.9033696365357,93.8291401695628,91.744697866101,70.0739661540491,2.27200301700712,2.04672341105458
"2023-12-04",97.2146835327148,97.6935348510742,96.695930480957,96.9912185668945,4747116,95.6100921630859,92.7059173583985,88.7783758544922,83.0515885925293,94.103132783951,92.0310233695813,65.8156675082018,2.2515336008472,2.0876854490131
"2023-12-05",96.5762176513672,96.7118911743164,95.7621688842773,95.9537124633789,3688206,94.5873641967773,93.0383068084717,88.9122756958008,83.1986574172974,94.1776299243858,92.2203819493736,60.5086362294761,2.12235943252399,2.09462024571528
"2023-12-06",96.632080078125,97.8292083740234,95.5307235717773,95.6185150146484,3964241,94.256950378418,93.3533893585205,89.0677319335938,83.3471350479126,94.18983307116,92.3712388700436,58.8574111876619,1.96878836244145,2.06945386906051
"2023-12-07",95.3711090087891,95.7861099243164,94.3096542358398,95.3551483154297,5064626,93.9973220825195,93.5748512268067,89.2028904724121,83.4906649780274,94.1602159959845,92.4916894783751,57.5289351018189,1.80397452681358,2.01635800061113
"2023-12-08",95.051872253418,96.4245834350586,94.9561080932617,96.2410202026367,4925418,94.8705825805664,93.8698719024658,89.3326991271973,83.6395422744751,94.2695031628433,92.6679037822412,60.7388401530091,1.72832158194243,1.95875071687739
"2023-12-11",96.2410202026367,96.4964065551758,95.4828414916992,95.9936141967773,4643869,94.6266860961914,94.0669452667236,89.4857948303223,83.7848062896729,94.3244543833584,92.8129987684597,59.3887899432126,1.62849561478915,1.89269969645974
"2023-12-12",96.5602569580078,97.749397277832,96.2569808959961,97.621711730957,4664543,96.2316055297852,94.3344299316406,89.6986813354492,83.9369569396973,94.6178622520394,93.0662288989282,64.9151088003786,1.66723565730409,1.84760688862861
"2023-12-13",97.4700698852539,97.6536331176758,96.1851577758789,96.7118911743164,5506309,95.3347396850586,94.4890201568604,89.9098368835449,84.0812091064453,94.7281510878885,93.2342667349379,60.0013904810671,1.60229109453682,1.79854372981025
"2023-12-14",96.671989440918,97.6855545043945,95.6903457641602,96.8475646972656,10454155,95.4684753417969,94.6876667022705,90.1065168762207,84.2283668136597,94.8420471269513,93.3997636687793,60.4817502005729,1.54420461200175,1.74767590624855
"2023-12-15",97.6935348510742,98.6991195678711,97.2306442260742,98.3479614257812,13586279,96.947509765625,94.8564178466797,90.334822845459,84.3767193984986,95.1659644559781,93.6625596759531,65.4268632379329,1.60512886389863,1.71916649777857
"2023-12-18",98.6991195678711,98.8347930908203,98.2442169189453,98.675178527832,5206215,97.2700805664062,95.0023548126221,90.5263105773926,84.5240949249268,95.4896746268132,93.9297834456163,66.4139799788221,1.66069922017873,1.7074730422586
"2023-12-19",98.7230682373047,100.542701721191,98.7230682373047,100.510772705078,5957138,99.0795440673828,95.2332572937012,90.7730262756348,84.6775325012207,96.0419622330546,94.3112471953767,71.3547225331824,1.83510990379814,1.73300041456651
"2023-12-20",100.10375213623,100.734237670898,98.3399810791016,98.4596939086914,6231921,97.0576553344727,95.3701461791992,90.9601078796387,84.8234923171997,96.1982227101959,94.5146848353098,60.623130602055,1.78124476404873,1.74264928446295
"2023-12-21",99.1460494995117,101.396644592285,99.114128112793,101.332801818848,5185165,99.8898544311523,95.6600524902344,91.1758264160156,84.9812956619263,96.7661660518815,94.9128455461129,67.9048241729493,1.95265508594211,1.78465044475878
"2023-12-22",101.667999267578,102.178771972656,100.70231628418,101.109336853027,4030650,99.6695709228516,95.924390411377,91.417507019043,85.1200080108643,97.2128437243384,95.2651955740195,66.8690636748673,2.04444880271688,1.8366101163504
"2023-12-26",101.197128295898,101.923385620117,101.069435119629,101.731842041016,2480063,100.283218383789,96.2194107055664,91.7021423339844,85.2639881515503,97.6852090565616,95.6369009673358,68.318777519936,2.1417549800421,1.89763908908874
"2023-12-27",101.276931762695,102.482040405273,101.237030029297,102.314445495605,3314310,100.920860290527,96.5903694152832,92.0033067321777,85.4191300582886,98.1830015540947,96.0283053616462,69.7976538273997,2.24381361759312,1.96687399478962
"2023-12-28",102.154830932617,103.112533569336,102.003189086914,102.410217285156,3965494,101.015312194824,96.965657043457,92.292514038086,85.5661028671265,98.6187416526685,96.397713275215,70.0208913458405,2.3040260001941,2.03430439587051
"2023-12-29",102.346366882324,102.537910461426,101.324821472168,101.859535217285,4441133,100.472152709961,97.1981391906738,92.6094073486328,85.7158982849121,98.9038818153289,96.6995236037147,66.9559847780103,2.27959573063452,2.08336266282332
"2024-01-02",101.364723205566,102.274543762207,99.9521179199219,100.518753051758,5189425,99.1496276855469,97.3369602203369,92.9096055603028,85.850400466919,98.9416888722855,96.8810127949615,60.0622806796846,2.12701748038617,2.09209362633589
"2024-01-03",99.8563461303711,99.936149597168,98.6831588745117,99.0103759765625,4531850,97.6617965698242,97.4395454406738,93.193736114502,85.9840622329712,98.7447823642145,96.9388486301365,53.4011457175106,1.86296181520416,2.04626726410954
"2024-01-04",99.2019119262695,100.375099182129,99.0981674194336,99.4892272949219,4364199,98.1341171264648,97.6168830871582,93.4777151489258,86.1215389251709,98.6508338660992,97.0273870372719,55.1034125591702,1.67318411677273,1.97165063464218
"2024-01-05",99.6807632446289,100.830009460449,99.5450897216797,100.790107727051,4190157,99.4172897338867,97.8749000549316,93.6783180236817,86.2565545272827,98.7687501534511,97.2044168666508,59.4385131824261,1.60932325631491,1.89918515897673
"2024-01-08",100.734237670898,102.498008728027,99.1300888061523,102.378288269043,6920068,100.983825683594,98.2242252349854,93.9483290100098,86.4095760345459,99.1095310042423,97.4843730753133,64.0076673692625,1.66709584075952,1.85276729533329
"2024-01-09",101.572227478027,102.777336120605,101.316841125488,102.777336120605,4815028,101.37744140625,98.5495681762695,94.2639750671387,86.5567098617554,99.4584402968589,97.7727485072345,65.0723212149985,1.724091646559,1.82703216557843
"2024-01-10",102.713485717773,103.886672973633,102.561851501465,103.511573791504,4571320,102.101684570312,98.9233180999756,94.6326550292969,86.7083289718628,99.8650932620055,98.0934104378328,67.0061923115111,1.80611808302402,1.82284934906755
"2024-01-11",103.846771240234,103.910614013672,102.003189086914,103.615325927734,5014005,102.20401763916,99.2219387054443,94.9489405822754,86.8528397369385,100.224927781568,98.3978998601534,67.2818454078925,1.85677532143573,1.82963454354118
"2024-01-12",104.229850769043,104.389465332031,103.096565246582,103.583396911621,5640380,102.172523498535,99.5638278961181,95.2831629943848,86.9978608322144,100.52455789187,98.6775016111446,67.0960538985815,1.87181095038709,1.83806982491036
"2024-01-16",103.112533569336,103.631286621094,101.548286437988,102.130882263184,6314619,100.739791870117,99.8273937225342,95.6104440307617,87.1321045684815,100.557670811601,98.83026385255,59.1006566953107,1.74785221825158,1.82002630357861
"2024-01-17",101.691940307617,102.697525024414,100.710296630859,101.260971069336,5031171,99.881721496582,99.974104309082,95.9122247314453,87.2620972442627,100.45367860929,98.9081496039597,54.8825271953647,1.56259015209446,1.76853907328178
"2024-01-18",101.516357421875,102.689544677734,101.173187255859,102.593772888184,6508082,101.196380615234,100.170419311523,96.2223609924316,87.3925749969483,100.567940456358,99.0776481973875,59.6358601724948,1.50416596082485,1.71566445079039
"2024-01-19",102.713485717773,103.790901184082,101.707901000977,103.599365234375,6154611,102.188278198242,100.325856018066,96.5073350524902,87.5228275680542,100.817223185879,99.3080652344878,62.8187109145802,1.51967309787748,1.67646618020781
"2024-01-22",103.974464416504,105.562652587891,103.958503723145,104.732643127441,10052443,103.306114196777,100.638278961182,96.814351348877,87.6660143661499,101.200129495248,99.6042170094722,66.0662089379577,1.60225393431275,1.6616237310288
"2024-01-23",101.859535217285,105.251396179199,100.957702636719,103.711090087891,13333800,102.298484802246,100.758710479736,97.0689593505859,87.8073052978516,101.369107234786,99.8037924015295,60.9024425798871,1.56839213780473,1.64297741238398
"2024-01-24",103.96647644043,104.06224822998,100.917793273926,103.695129394531,10785198,102.282722473145,100.889368057251,97.3352104187012,87.9510705184937,101.509663425303,99.9874168512788,60.8223569328363,1.52243814467996,1.61886955884318
"2024-01-25",104.261772155762,105.746208190918,103.503593444824,103.695129394531,6086573,102.282722473145,100.989343261719,97.5671604919434,88.0918505477905,101.628595586509,100.157439489936,60.8223569328363,1.46884355677004,1.58886435842855
"2024-01-26",104.173980712891,105.538703918457,104.06224822998,104.700721740723,4696495,103.274627685547,101.10703163147,97.8150148010254,88.2393576049805,101.881831294054,100.38834231924,64.2530230007092,1.48771156123297,1.56863379898944
"2024-01-29",104.868316650391,105.45890045166,103.503593444824,104.628890991211,6126544,103.20378112793,101.216455078125,98.0342317199707,88.3857641983032,102.085208191573,100.596893342106,63.8231387208005,1.47948390851953,1.55080382089546
"2024-01-30",104.932159423828,107.166801452637,104.724662780762,106.887466430664,7871346,105.431594848633,101.464427185059,98.3129527282715,88.5425242996216,102.600036908044,100.955019379627,70.5056742429895,1.62945590870662,1.56653423845769
"2024-01-31",106.759773254395,107.318435668945,105.442939758301,105.68236541748,6253472,104.242889404297,101.719090270996,98.5263607788086,88.6888631439209,102.852783445929,101.19856530738,63.7401207232269,1.63462607747893,1.58015260626194
"2024-02-01",106.16919708252,108.108543395996,105.722267150879,108.068634033203,6190572,106.596664428711,102.16583366394,98.7712672424317,88.841746711731,103.428765135588,101.598424501553,69.8993988432051,1.80154430840327,1.6244309466902
"2024-02-02",108.084594726562,109.66480255127,107.773345947266,108.970474243164,6103864,107.486236572266,102.633439636231,99.031762084961,88.9924007797241,104.052991510461,102.034558729013,71.8458637451041,1.97818543696462,1.69518184474509
"2024-02-05",108.523544311523,110.646446228027,108.339981079102,109.904228210449,7158013,108.407249450684,103.08293762207,99.3135095214844,89.1454603195191,104.722877347419,102.506609893581,73.7392846655126,2.16207272500615,1.7885600207973
"2024-02-06",109.88028717041,110.446929931641,109.002395629883,109.800476074219,6026178,108.304916381836,103.448992156982,99.5977732849122,89.29514087677,105.273960275791,102.936114077896,73.1506334659935,2.27116228238917,1.88508047311567
"2024-02-07",110.630485534668,110.79808807373,110.079811096191,110.534713745117,5807655,109.029159545898,103.831578063965,99.8907002258301,89.4494245910645,105.851683240422,103.38745077923,74.6905424075287,2.38349281524965,1.98476294154247
"2024-02-08",110.654426574707,111.316841125488,110.33519744873,110.973663330078,4327110,109.462127685547,104.199600219727,100.192286529541,89.6033592987061,106.40713623198,103.837426846364,75.591808069667,2.47474293581815,2.08275894039761
"2024-02-09",110.941741943359,111.276931762695,110.303268432617,111.1572265625,4324604,109.643188476562,104.571558761597,100.515116577148,89.7649159622193,106.904990423454,104.267483263416,75.977063909079,2.529558667274,2.17211888577289
"2024-02-12",111.364723205566,112.386276245117,110.853950500488,111.867515563965,4516313,110.343803405762,104.980122756958,100.851801452637,89.9387347793579,107.434038574578,104.717581051738,77.4596308191986,2.59407970997576,2.25651105061346
"2024-02-13",111.596168518066,113.160415649414,110.68635559082,113.144454956055,9054930,111.603355407715,105.523300933838,101.167418365479,90.111584854126,108.075471933523,105.22763841144,79.8653933917995,2.70635506514707,2.34647985352018
"2024-02-14",114.126098632812,117.238624572754,113.607345581055,116.919395446777,13116028,115.326881408691,106.295558929443,101.546491851807,90.299478187561,109.191073391241,105.97573048531,84.9718551446333,3.03403703018221,2.48399128885259
"2024-02-15",117.318435668945,118.826812744141,117.150840759277,118.411811828613,8627532,116.798965454102,107.075688171387,101.970269317627,90.4860514450073,110.361518323989,106.77745159411,86.4364369165392,3.35657638983833,2.65850830904974
"2024-02-16",118.874702453613,120,118.523544311523,119.042297363281,8616756,117.420852661133,107.837316894531,102.426939086914,90.6744379043579,111.447569760472,107.565851673148,87.0122809077224,3.60868995777486,2.84854463879476
"2024-02-20",118.930564880371,119.984039306641,117.972862243652,118.611335754395,7166032,116.99577331543,108.521799850464,102.881715545654,90.859677734375,112.301139538158,108.264364387392,84.3754032932876,3.72862776557044,3.0245612641499
"2024-02-21",118.491622924805,119.225860595703,117.845169067383,118.970474243164,5302571,117.35001373291,109.274376296997,103.348769378662,91.0563119888306,113.077889414274,108.937375450023,84.7890954176109,3.80082037697964,3.17981308671585
"2024-02-22",119.592979431152,121.508377075195,119.592979431152,121.04549407959,5753024,119.396774291992,110.13007888794,103.839293212891,91.2595664978028,114.050025549307,109.712145734613,86.9406127488518,3.95387382650194,3.33462523467306
"2024-02-23",121.308860778809,122.745414733887,121.237030029297,122.370307922363,7066168,120.703544616699,111.051119995117,104.360830383301,91.4666837692261,115.073643867368,110.526323429582,88.0981165048231,4.11424201645736,3.49054859102992
"2024-02-26",122.633682250977,123.846771240234,122.553871154785,123.519554138184,7705449,121.837135314941,111.979245376587,104.872940979004,91.6791548156738,116.114181013148,111.364161347016,89.0082558960737,4.26530367460916,3.64549960774577
"2024-02-27",123.695129394531,123.711090087891,122.186752319336,122.897048950195,7300354,121.223106384277,112.880211639404,105.390708312988,91.8942903900147,116.900169531783,112.094453571998,85.2073550143839,4.28720227151842,3.7738401405003
"2024-02-28",123.032722473145,125.22745513916,122.761375427246,124.18994140625,7633025,122.498397827148,113.73355178833,105.931306762695,92.1159202957154,117.761435423378,112.865116109417,86.4970586649354,4.33820429442009,3.88671297128426
"2024-02-29",124.493217468262,125.442939758301,123.782920837402,125.211494445801,8177329,123.506042480469,114.696709442139,106.462477416992,92.3453771972656,118.645221124469,113.653332877643,87.4296154791582,4.39220577209116,3.98781153144564
"2024-03-01",125.299278259277,127.150840759277,125.195533752441,126.616119384766,8698201,124.891532897949,115.611452865601,107.014906463623,92.5691923522949,119.606192166543,114.485792138406,88.5958615780805,4.47252006777052,4.08475323871062
"2024-03-04",127.190742492676,129.106140136719,126.560256958008,128.499603271484,8402242,126.749351501465,116.574608612061,107.568302612305,92.8057139205933,120.705139756531,115.394203943077,89.9432252367114,4.60242857264577,4.18828830549765
"2024-03-05",128.906631469727,129.409423828125,124.964088439941,125.985633850098,8003663,124.26961517334,117.367726898193,108.112541809082,93.0206455993653,121.253520589886,116.051641811986,76.8858560447783,4.48238275364321,4.24710719512676
"2024-03-06",126.975257873535,128.475662231445,126.472465515137,127.294494628906,8198755,125.560661315918,118.230514144897,108.625957946777,93.2399113464356,121.91615762466,116.756013627092,78.6256621115174,4.41959590539749,4.28160493718091
"2024-03-07",129.321624755859,133.064651489258,128.946533203125,132.881088256836,14393838,131.071166992188,119.332614517212,109.253989868164,93.485747833252,123.32462060428,117.81639535784,84.1199298291786,4.67526207172624,4.36033636408997
"2024-03-08",135.283325195312,140.311248779297,133.559463500977,134.046295166016,21242234,132.220489501953,120.470532608032,109.892735290527,93.7361917877197,124.693215819307,118.883365294441,84.9867462193415,4.88701721260698,4.46567253379337
"2024-03-11",133.351959228516,134.41340637207,130.071823120117,132.928970336914,9338609,131.118362426758,121.544291305542,110.496685333252,93.9923194885254,125.681699912761,119.789661378316,80.4516738274365,4.91865363558917,4.55626875415253
"2024-03-12",133.639266967773,133.918594360352,130.830001831055,133.647247314453,6928589,131.826889038086,122.618445587158,111.112916870117,94.2548178863526,126.627113624349,120.681307871632,81.148134398906,4.92686552505814,4.63038810833365
"2024-03-13",132.09098815918,136.51237487793,132.09098815918,135.80207824707,8462887,133.952362060547,123.7358959198,111.782521057129,94.5258226013184,127.754074922226,121.664348922663,83.0939963676825,5.00534959787899,4.70538040624272
"2024-03-14",135.873901367188,136.27294921875,132.186752319336,133.080612182617,9460777,131.267974853516,124.532950592041,112.424888000488,94.7786134719849,128.294674911655,122.375728621245,72.8646305679976,4.83669952947079,4.73164423088834
"2024-03-15",132.202713012695,136.073425292969,131.596176147461,134.788513183594,13263757,132.952606201172,125.340632629395,113.130704193115,95.0411628723145,129.011279725427,123.159201034573,74.9488840704668,4.75163742675737,4.73564287006214
"2024-03-18",134.844375610352,136.27294921875,134.541107177734,135.602554321289,6228788,133.755569458008,126.157368469238,113.843133239746,95.3111443328858,129.741170453516,123.944117214086,75.8991025967277,4.67715077547137,4.72394445114399
"2024-03-19",135.522750854492,138.810852050781,134.87629699707,138.435760498047,9360787,136.550201416016,127.135089874268,114.585791473389,95.5827654647827,130.788713678516,124.877901229044,78.8990404234234,4.73327337447058,4.72581023580931
"2024-03-20",137.757385253906,139.489227294922,137.278533935547,138.810852050781,7229434,136.920181274414,128.113598251343,115.304518585205,95.8517979431153,131.732016385577,125.769921973146,79.2669827026552,4.74047714977894,4.72874361860323
"2024-03-21",139.361526489258,141.300872802734,138.14045715332,140.973663330078,7890893,139.053512573242,129.096435165405,116.058040008545,96.1381745529175,132.858400414449,126.753891647227,81.292593396355,4.81603261871573,4.74620141862573
"2024-03-22",140.70231628418,141.660018920898,139.728652954102,139.784515380859,6842132,137.880569458008,129.955286407471,116.773617706299,96.4133444976807,133.631041805766,127.578090003581,76.8470582617121,4.74450730686968,4.74586259627452
"2024-03-25",139.393463134766,140.071823120117,137.901031494141,138.459701538086,6288181,136.573791503906,130.692119216919,117.461013183594,96.679545288086,134.083772528557,128.244438262864,72.1154281528211,4.55328460616999,4.70734699825362
"2024-03-26",138.459701538086,139.704711914062,137.589782714844,138.507583618164,5056983,136.621002197266,131.462014007568,118.149982757568,96.9460214614868,134.474115554512,128.864924480227,72.1820676404542,4.35276790554828,4.63643117971255
"2024-03-27",139.680770874023,143.942535400391,139.409423828125,143.750991821289,12606433,141.793014526367,132.426744842529,118.971047210693,97.2374542236328,135.60010001172,129.822560779941,78.3002921747059,4.45033528615428,4.5992120010009
"2024-03-28",143.615325927734,143.631286621094,139.130081176758,140.087783813477,12122274,138.1796875,133.160427093506,119.737006530762,97.5110953140259,135.996959625302,130.44160720365,67.1831462967626,4.25888069055993,4.5311457389127
"2024-04-01",140.143661499023,140.486831665039,138.116516113281,139.952117919922,7399592,138.045867919922,133.818143844605,120.473996276856,97.7820640945435,136.312176286013,131.004885775225,66.8048474865658,4.05121570801066,4.43515973273229
"2024-04-02",140.529998779297,144.509994506836,133.990005493164,136.470001220703,20490400,134.611190795898,134.211235809326,121.122454528809,98.0438723373413,136.05048621061,131.27201948046,57.8075848114146,3.64012586159792,4.27615295850542
"2024-04-03",138.149993896484,147.940002441406,138.009994506836,145.619995117188,16208500,143.636566162109,135.179583358765,121.929063568115,98.3480187225342,137.217575433918,132.187911827249,69.4506714934426,3.80493460948366,4.18190928870107
"2024-04-04",146.649993896484,151.990005493164,146.210006713867,147.389999389648,11880200,145.382461547852,136.170673370361,122.790743103027,98.6574380111694,138.473711759138,133.165285880627,71.1113972049635,3.9863436205664,4.14279615507413
"2024-04-05",148.529998779297,156.470001220703,148.529998779297,156.300003051758,14777900,154.171096801758,137.32566986084,123.8285105896,99.0197167205811,140.888694073388,134.721271874785,77.6870765045442,4.57791268800887,4.22981946166108
"2024-04-08",157.470001220703,157.949996948242,153.699996948242,156.520004272461,9588800,154.388092041016,138.434049987793,124.870617980957,99.3790347290039,142.965524529946,136.17807336858,77.8213107761411,4.98424672450395,4.38070491422966
"2024-04-09",156.130004882812,157.869995117188,150.929992675781,154.490005493164,8807300,152.385757446289,139.49741973877,125.852840576172,99.7292444229126,144.41479113246,137.378642559521,73.431360155904,5.12171938945343,4.52890780927441
"2024-04-10",151.889999389648,157.789993286133,151.649993896484,156.610000610352,8075400,154.476867675781,140.629918670654,126.878302307129,100.09399471283,145.962802908356,138.645177753318,75.0164030439352,5.27795143950638,4.6787165353208
"2024-04-11",157.070007324219,158.440002441406,154.75,157.679992675781,6063200,155.532287597656,141.70891494751,127.880316162109,100.461390342712,147.435031322094,139.896074778825,75.8010971954502,5.3889693153925,4.82076709133514
"2024-04-12",155.899993896484,156.979995727539,153.029998779297,154.630004882812,6851300,152.795166015625,142.785274505615,128.851361694336,100.813254318237,148.259667428791,140.851563018588,69.6880564821512,5.25951168126255,4.90851600932062
"2024-04-15",157.199996948242,158.690002441406,152.690002441406,153.699996948242,6423700,151.876220703125,143.731455230713,129.756952819824,101.152157173157,148.816060240227,141.668204328553,67.7136424302148,5.0454905852386,4.93591092450422
"2024-04-16",152.699996948242,157.020004272461,152,156.759994506836,6187200,154.899871826172,144.788670349121,130.705225524902,101.503468132019,149.75203125345,142.648327846896,70.6592678778511,4.97987148799832,4.94470303720304
"2024-04-17",158,158.679992675781,153.630004882812,155.669998168945,6519900,153.822830200195,145.65230178833,131.613537139893,101.841106033325,150.378308014487,143.476068761955,68.2699520459889,4.81072510007519,4.91790744977747
"2024-04-18",156.679992675781,158,152.880004882812,152.940002441406,6186600,151.125228881836,146.362554168701,132.469943389893,102.171422615051,150.493218917156,144.042673215279,62.5636294165953,4.47821854308157,4.82996966843829
"2024-04-19",153.449996948242,153.529998779297,146.779998779297,148.059997558594,9566100,146.303131103516,146.725035095215,133.215422821045,102.476175460815,149.84859002275,144.210114540334,53.8921161572202,3.90990292212772,4.64595631917618
"2024-04-22",148.830001831055,151.910003662109,148.830001831055,150.190002441406,7322800,148.407867431641,147.251399993896,133.994337615967,102.796479721069,149.626940393349,144.521059198949,56.7123391198181,3.53296690648432,4.42335843663781
"2024-04-23",157.830001831055,163.649993896484,152.820007324219,162.619995117188,19250900,160.690338134766,148.45722732544,135.015280609131,103.174661216736,151.329001584336,145.718783564565,68.7317774092449,3.85003078020132,4.30869290535051
"2024-04-24",161.869995117188,162.339996337891,155.559997558594,159.190002441406,10416000,157.301071166992,149.491230773926,135.954425964355,103.526698379517,152.247781520129,146.576730794375,63.4927695472274,3.86899796101348,4.2207539164831
"2024-04-25",158.089996337891,161.479995727539,157.119995117188,161.259994506836,5908200,159.346496582031,150.368904876709,136.909288787842,103.88625038147,153.339891529653,147.522639371238,65.2159629094562,3.94329452293452,4.16526203777338
"2024-04-26",161.009994506836,163.369995117188,160.309997558594,162.350006103516,5898000,160.423568725586,151.481098937988,137.81122253418,104.251266403198,154.429688021335,148.478263767856,66.1227576774123,4.00827979965008,4.13386559014872
"2024-04-29",163,166.070007324219,163,164.490005493164,5371700,162.538177490234,152.705714416504,138.726006774902,104.626541023254,155.677147939627,149.519738858403,67.8924822031369,4.1181245554843,4.13071738321584
"2024-04-30",163.559997558594,166.259994506836,161.580001831055,161.820007324219,6723600,159.899856567383,153.970147705078,139.575586853027,104.9925548172,156.32679542082,150.288636466476,63.4396083776643,4.01770825546846,4.10811555766636
"2024-05-01",162.570007324219,163.300003051758,158.820007324219,159.699996948242,4775800,157.804992675781,154.678569030762,140.391771240234,105.344713783264,156.554210383122,150.845403593091,60.0706627742989,3.78454142721558,4.04340073157621
"2024-05-02",161.389999389648,162.820007324219,159.419998168945,162.639999389648,5030400,160.71012878418,155.444952392578,141.25897354126,105.711712913513,157.193582444823,151.576123977616,63.0047613165208,3.70603121375286,3.97592682801154
"2024-05-03",165.300003051758,165.300003051758,162.009994506836,164.110000610352,3968600,162.162673950195,155.84453125,142.114291534424,106.090573692322,157.958058061034,152.360312864474,64.4128301619519,3.67401791931197,3.91554504627162
"2024-05-06",165.119995117188,167.979995727539,165.029998779297,167.970001220703,4831600,165.97688293457,156.423970794678,143.019758300781,106.483199081421,159.191723426193,153.368947684481,67.8709171023555,3.79658061793036,3.89175216060337
"2024-05-07",167.809997558594,170.800003051758,167.220001220703,168.779998779297,4781800,166.777252197266,157.143545532227,143.918560638428,106.883403244019,160.358727852512,154.362155426169,68.561280730916,3.88474261051113,3.89035025058492
"2024-05-08",168.100006103516,170.190002441406,168.100006103516,168.860000610352,4878200,166.856323242188,157.762518310547,144.831224975586,107.284317207336,161.358357912462,155.287649338466,68.6329882142204,3.90933123133597,3.89414644673513
"2024-05-09",168.759994506836,169.339996337891,167.130004882812,167.5,4968800,165.512466430664,158.261527252197,145.691506347656,107.651350250244,161.997451530647,156.045043197148,65.8826208601915,3.81454496185398,3.8782261497589
"2024-05-10",167.910003662109,168.740005493164,163.110000610352,163.380004882812,5711300,161.441345214844,158.693836212158,146.450212402344,108.00761882782,161.911896712831,156.444769272533,58.2651254351787,3.49460545451341,3.8015020107098
"2024-05-13",163.080001831055,163.110000610352,158.860000610352,159.5,7768600,157.607376098633,158.980393981934,147.104529266357,108.341966056824,161.249662772185,156.530888296688,52.1498797980332,3.0145963693462,3.64412088243708
"2024-05-14",158.639999389648,160.820007324219,158.029998779297,160,6103500,158.101440429688,159.140472412109,147.731571044922,108.682832298279,160.76532087334,156.647225491725,52.8368339402667,2.62889774695183,3.44107625534003
"2024-05-15",160,163.740005493164,159.229995727539,163.470001220703,7133300,161.530288696289,159.525845336914,148.476784515381,109.041432342529,160.883008230717,157.008933877248,57.4070039198766,2.46742287702997,3.24634557967802
"2024-05-16",163,163.919998168945,161.089996337891,161.119995117188,4283200,159.208145141602,159.929991149902,149.149734191895,109.392431106567,160.625336986237,157.171838415349,53.6176704713184,2.19727567336987,3.03653159841639
"2024-05-17",161.820007324219,161.880004882812,159.100006103516,159.889999389648,5946300,157.992736816406,160.514471435547,149.688165588379,109.742266235352,160.220321575494,157.232645704316,51.6943192894838,1.90016256343903,2.80925779142092
"2024-05-20",159.919998168945,161.419998168945,158.820007324219,159.279998779297,5586800,157.389953613281,160.963575744629,150.191554870606,110.087554512024,159.784880350538,157.244298142017,50.7225232696685,1.61569114972082,2.5705444630809
"2024-05-21",157.940002441406,161.220001220703,157.360000610352,161,5071300,159.089584350586,160.88353805542,150.750979309082,110.438589363098,159.677911735161,157.380986009318,53.3835521643497,1.45946837930377,2.34832924632547
"2024-05-22",160.490005493164,161.740005493164,159.729995727539,160.809997558594,4432200,158.90185546875,160.963577270508,151.292478637695,110.782121200562,159.558518463405,157.493643006313,53.0428388630695,1.31108495408241,2.14088038787686
"2024-05-23",161.990005493164,166.270004272461,161.75,165.259994506836,7411500,163.299026489258,161.161203765869,151.87941192627,111.15227722168,160.133981236614,157.923671412457,59.5543319035752,1.39960640756842,1.99262559181517
"2024-05-24",165.830001831055,169.149993896484,163.850006103516,167.330001831055,5500300,165.344482421875,161.407249450684,152.560942077637,111.538085021973,160.935596803577,158.473361116859,62.1814809901693,1.55372213308607,1.90484490006935
"2024-05-28",167,168.649993896484,165.309997558594,168.559997558594,5749700,166.559860229492,161.608333587647,153.233087158203,111.924466629028,161.800868099871,159.072361051128,63.6906471944226,1.7152615518585,1.86692823042718
"2024-05-29",166.600006103516,167.429992675781,163.389999389648,163.600006103516,4820800,161.658737182617,161.696277618408,153.791150512695,112.28229385376,161.779001804909,159.263944468275,54.283288744796,1.57917559120544,1.80937770258283
"2024-05-30",163.479995727539,165.020004272461,163.190002441406,164.199996948242,4384400,162.251602172852,161.918608093262,154.305178527832,112.639351234436,161.851709553823,159.485252446392,55.1463365120876,1.48380936239036,1.74426403454434
"2024-05-31",164.289993286133,165.350006103516,160.070007324219,165.139999389648,11704800,163.180450439453,162.042124176025,154.830383911133,113.007735137939,162.056131228536,159.758970816248,56.5309039531168,1.43789134378531,1.68298949639254
"2024-06-03",166.119995117188,166.789993286133,159.029998779297,161.460006713867,5220500,159.544143676758,161.911197662354,155.240196533203,113.359038162231,161.669671605185,159.743057694805,50.0210742093282,1.20607050984434,1.5876056990829
"2024-06-04",161,161.979995727539,158.350006103516,161.380004882812,5598600,159.465072631836,161.585607147217,155.67188659668,113.720205078125,161.330502532362,159.722466208659,49.886547414199,1.00676902997652,1.47143836526162
"2024-06-05",161.830001831055,162.940002441406,160.520004272461,162.550003051758,4279900,160.621200561523,161.27780456543,156.152834777832,114.083890037537,161.221379152233,159.789039123686,51.9225139292362,0.896394418792812,1.35642957596786
"2024-06-06",162.300003051758,163.169998168945,159.759994506836,160.619995117188,3867300,158.714096069336,160.870693206787,156.594696655273,114.437135505676,160.835643293326,159.709413712253,48.427404488729,0.705174200377789,1.22617850084984
"2024-06-07",160.699996948242,163.800003051758,160.100006103516,161.919998168945,3341800,159.998657226562,160.595002746582,156.958809509277,114.798218727112,160.706876206131,159.730839157757,50.8283633101834,0.611051099162263,1.10315302051233
"2024-06-10",162,163.899993896484,161.559997558594,162.839996337891,4385200,160.907745361328,160.568322753906,157.413370666504,115.156732749939,160.737779153085,159.818017395058,52.5132625810606,0.575505673902033,0.997623551190269
"2024-06-11",162.029998779297,162.259994506836,159.610000610352,160.360000610352,5106400,158.457153320312,160.61081161499,157.821596374512,115.512545585632,160.38691364035,159.717212648781,47.762174501511,0.419304206768345,0.881959682305885
"2024-06-12",161.259994506836,162.940002441406,159.179992675781,161.050003051758,5790700,159.138977050781,160.662688446045,158.312152099609,115.868111915588,160.194923395801,159.674380382262,49.1409022277754,0.326002839211048,0.770768313686917
"2024-06-13",160.589996337891,160.630004882812,154.179992675781,155.690002441406,8080900,153.842590332031,160.278303527832,158.516272583008,116.189374046326,159.217641385991,159.242395934097,40.2532571090105,-0.0155451994812594,0.613505611053282
"2024-06-14",154.220001220703,156.600006103516,153.220001220703,155.880004882812,6247400,154.030349731445,160.019413757324,158.68923034668,116.506189804077,158.41959651606,158.856318437604,40.6629666629128,-0.274916305400552,0.435821227762515
"2024-06-17",156.139999389648,167.5,155.449996948242,163.229995727539,9564800,161.29313659668,160.184433746338,158.831671142578,116.863328971863,158.861679605387,159.036823486425,53.8469951722047,-0.110127879316746,0.326631406346663
"2024-06-18",163.399993896484,165.190002441406,162.360000610352,164.970001220703,5105300,163.012481689453,160.465560150146,159.004158935547,117.228475227356,159.500264541397,159.331316686649,56.3212096511586,0.106035560529438,0.282512237183218
"2024-06-20",164.970001220703,166.300003051758,163.050003051758,165,4957200,163.042114257812,160.663186645508,159.217286071777,117.594634399414,160.045164497768,159.606190580809,56.3646273674634,0.275035645773847,0.281016918901344
"2024-06-21",164.5,164.919998168945,161.300003051758,164.240005493164,17195200,162.291137695312,160.832650756836,159.373571472168,117.962384567261,160.390698835852,159.805075552254,54.875884548959,0.366461003553331,0.298105735831741
"2024-06-24",164.100006103516,164.759994506836,159.199996948242,160.539993286133,5519000,158.635025024414,160.599450683594,159.435626220703,118.312640342712,160.120595172554,159.718405142784,48.2009567926999,0.251811949543246,0.288846978574042
"2024-06-25",159.580001831055,163.649993896484,158.419998168945,159.729995727539,6825500,157.834655761719,160.223959350586,159.536416015625,118.662392578125,159.768912186272,159.578868151594,46.857271553044,0.119090977946157,0.254895778448465
"2024-06-26",158.570007324219,161.020004272461,157.520004272461,160.639999389648,3998000,158.733825683594,159.832657623291,159.673568115234,119.016915817261,159.609668108937,159.516272413224,48.5911391117894,0.0585493218338451,0.215626487125541
"2024-06-27",160.800003051758,161.850006103516,159.600006103516,160.5,3339700,158.595520019531,159.679496765137,159.747481079102,119.360763435364,159.453645325951,159.44806853221,48.3299402921286,0.00349756117632438,0.173200701935698
"2024-06-28",160.259994506836,161.619995117188,157.899993896484,158.970001220703,8641200,157.08366394043,159.421099853516,159.812697753906,119.694142990112,159.089032805102,159.272927451337,45.4536167040447,-0.115458822273251,0.115468797093908
"2024-07-01",160.669998168945,161.399993896484,156.050003051758,158.970001220703,4435100,157.08366394043,159.116260528564,159.931866455078,120.033025588989,158.780514518229,159.110759783863,45.4536167040447,-0.207556840330603,0.0508636696090059
"2024-07-02",158.820007324219,162.940002441406,158.25,161.449996948242,5247300,159.534240722656,159.115765380859,160.196488647461,120.376102981567,158.896472395833,159.142128742292,50.9421604882085,-0.154362863183921,0.00981836305042047
"2024-07-03",161.880004882812,164.490005493164,161.539993286133,163,2577300,161.065841674805,159.195803833008,160.449648132324,120.727467346191,159.230221515675,159.284625996552,54.053890529571,-0.0341555128352655,0.00102358787328327
"2024-07-05",163.240005493164,163.240005493164,159.660003662109,160.5,4668300,158.595520019531,159.094519805908,160.40775177002,121.062234916687,159.132575131653,159.233581109365,48.6894890592111,-0.0634325856446849,-0.0118676468303104
"2024-07-08",160.800003051758,163.779998779297,160.649993896484,163.529998779297,3453300,161.589553833008,159.238292694092,160.49352142334,121.413387641907,159.510571854938,159.408097607413,54.5737158971193,0.0642842170903046,0.00336272595381264
"2024-07-09",163.979995727539,165.580001831055,163.029998779297,163.130004882812,3829900,161.194305419922,159.29807510376,160.530477600098,121.767909965515,159.769607788013,159.540409297228,53.6982458665095,0.143661716673549,0.0314225240977599
"2024-07-10",163.149993896484,165.990005493164,162.539993286133,165.699996948242,3904600,163.733795166016,159.439377593994,160.596682128906,122.142441062927,160.379482769244,159.851030472694,58.3242133543596,0.330590484770221,0.0912561162322521
"2024-07-11",165.190002441406,165.679992675781,161.789993286133,161.919998168945,4553800,160.269500732422,159.5299949646,160.55130859375,122.506490135193,160.362562455887,159.882028269711,50.8592437217782,0.300555472917297,0.133115987569261
"2024-07-12",161.880004882812,162.300003051758,158.800003051758,159.009994506836,5983400,157.389114379883,159.442501831055,160.50109375,122.853973846436,159.905108905732,159.697367981576,45.6298771453298,0.130084125231611,0.132509615101731
"2024-07-15",160.600006103516,160.75,158.600006103516,159.559997558594,5383300,157.933547973633,159.647049713135,160.503664855957,123.21122089386,159.601791839255,159.566714647654,46.7444863383012,0.0219827748406676,0.110404247049518
"2024-07-16",159.880004882812,163.869995117188,159.649993896484,162.850006103516,6500700,161.190032958984,160.005033874512,160.513262939453,123.580974082947,159.846136626906,159.686960448493,52.956732214162,0.0996801354135934,0.108259424722333
"2024-07-17",161.649993896484,161.949996948242,156.509994506836,156.660003662109,6041200,155.063110351562,159.693532562256,160.37127166748,123.914388885498,159.110286430699,159.344453033906,42.8330018750149,-0.146956231451989,0.0572162934874689
"2024-07-18",157.369995117188,160.440002441406,156.419998168945,158.789993286133,5274800,157.171371459961,159.401477050781,160.195161437988,124.265386238098,158.811991819816,159.183484028428,46.6148700011601,-0.233373588270935,-0.00090168286421196
"2024-07-19",159.660003662109,160.440002441406,157.619995117188,159.130004882812,5459800,157.507934570312,159.124768066406,160.009775085449,124.624989509583,158.611367627585,159.059369253753,47.2152090567159,-0.28165686074948,-0.0570527184412655
"2024-07-22",159.970001220703,162.940002441406,159.770004272461,162.759994506836,6350500,161.10090637207,159.065256500244,159.894666748047,125.006609230042,158.994373588275,159.21059422548,53.2582217117944,-0.135807945606314,-0.0728037638742753
"2024-07-23",166,177.199996948242,164.619995117188,172,16428000,170.24674987793,159.64584274292,159.989352416992,125.429670600891,160.725508402068,160.028087236773,64.4233631515409,0.435811723640356,0.028919333628651
"2024-07-24",171.5,172.869995117188,162.050003051758,162.300003051758,7335200,160.645629882812,159.786391448975,159.973438110351,125.805237693787,160.713219399106,160.073831136479,50.7251193740226,0.399433347778788,0.103022136458678
"2024-07-25",163.300003051758,168.199996948242,161.919998168945,164.669998168945,8791500,162.991439819336,159.999272155762,160.081119384766,126.181716423035,161.063714848372,160.289950298172,53.3358408959961,0.482728049238257,0.178963319014594
"2024-07-26",167.25,172.619995117188,166.110000610352,169.809997558594,7297700,168.079040527344,160.473448181152,160.280671386719,126.588392829895,162.14299572206,160.866919944778,58.474551720681,0.793249337850277,0.301820522781731
"2024-07-29",171.25,172.729995727539,168.399993896484,169.869995117188,4886600,168.138412475586,161.02618560791,160.412833862305,126.990567016602,163.065367530295,161.405549021134,58.5319418756964,1.02835281638514,0.447126981502412
"2024-07-30",170.479995727539,174.729995727539,167.270004272461,167.479995727539,5329500,165.772811889648,161.460643005371,160.544127197266,127.373911437988,163.481897431734,161.729049974357,55.2552085862814,1.08381732141156,0.574465049484242
"2024-07-31",170.869995117188,171.75,167.960006713867,170.199996948242,5568800,168.465057373047,161.907183837891,160.753573608398,127.778309020996,164.248537422705,162.228013485371,58.1281590487191,1.24548399128113,0.708668837843619
"2024-08-01",170.75,174.699996948242,168.220001220703,169.75,6112900,168.019683837891,162.254875946045,160.966168212891,128.188150177002,164.828713794272,162.657026104076,57.4707630649406,1.33513303557267,0.833961677389428
"2024-08-02",165.570007324219,167.429992675781,158.360000610352,160.279998779297,8210700,158.646209716797,162.257410430908,160.957300720215,128.552068023682,163.877559320814,162.359928593908,45.7449171243072,0.934732319760179,0.854115805863578
"2024-08-05",152.490005493164,159.899993896484,150.199996948242,158.360000610352,7064800,156.745758056641,162.01522064209,160.914178771973,128.903022079468,162.780359126326,161.944064109666,43.7939400502968,0.516409799431883,0.786574604577239
"2024-08-06",159.929992675781,165.449996948242,159.759994506836,162.270004272461,5056700,160.615905761719,161.98630065918,160.860516357422,129.282964172363,162.447366301002,161.845682009818,48.6014033617535,0.371764191489388,0.703612521959669
"2024-08-07",164.419998168945,166.270004272461,161.570007324219,162.130004882812,4307500,160.477340698242,161.823477935791,160.763173522949,129.664652290344,162.144285439039,161.744323394145,48.4416453634591,0.247280421655893,0.612346101898914
"2024-08-08",164.479995727539,166.330001831055,163.559997558594,165.610000610352,3842700,163.921859741211,162.00609588623,160.710413513183,130.066985244751,162.417758408604,161.905622382817,52.6117239437939,0.316317628906049,0.553140407300341
"2024-08-09",165.449996948242,167.880004882812,164.570007324219,167.130004882812,2770100,165.426376342773,162.407958984375,160.785766296387,130.474441299438,162.880622706168,162.166418972443,54.3485365832364,0.440414074782258,0.530595140796724
"2024-08-12",167.630004882812,168.779998779297,164.619995117188,166.869995117188,3173700,165.169052124023,162.769734191894,160.84411529541,130.853350830078,163.232688770454,162.388836242931,53.9841047324128,0.519649347237494,0.528405982084878
"2024-08-13",167.759994506836,168.630004882812,166.25,167.960006713867,2942400,166.247924804688,163.02262878418,160.905464782715,131.247174072266,163.696571237259,162.674694654913,55.3363543214658,0.628171815237755,0.548359148715454
"2024-08-14",168.5,169.179992675781,165.619995117188,167.949996948242,4456000,166.238037109375,163.58137512207,161.039342651367,131.650388565064,164.087565986815,162.938645947836,55.3203091950308,0.705124332104279,0.579712185393219
"2024-08-15",168.75,170.75,168.220001220703,169.940002441406,4162500,168.207763671875,164.133194732666,161.214196472168,132.073088951111,164.721442553748,163.328950964431,57.9368637866809,0.852568746137039,0.634283497541983
"2024-08-16",170.050003051758,170.330001831055,168.860000610352,169.419998168945,3305600,167.69303894043,164.642449951172,161.355633239746,132.479605445862,165.178611228622,163.652216740431,56.9975097621891,0.93270627101345,0.693968052236276
"2024-08-19",169.610000610352,171,168.020004272461,170.929992675781,4506000,169.187637329102,165.046786499024,161.565104064941,132.898236618042,165.795384474849,164.062247895148,59.0725347172318,1.05638963377457,0.766452368543935
"2024-08-20",170.910003662109,170.910003662109,169.190002441406,169.990005493164,2573900,168.257232666016,164.947310638428,161.73027557373,133.317644081116,166.174130350414,164.372987507805,57.2214733947636,1.0957657154729,0.832315037929727
"2024-08-21",170.100006103516,172.190002441406,169.850006103516,171.199996948242,4102900,169.454879760742,165.387773132324,161.901218261719,133.740955047607,166.678861028926,164.749423970985,59.0023578805551,1.17113432717093,0.900078895777968
"2024-08-22",171.740005493164,171.979995727539,168.770004272461,169.679992675781,2996600,167.950378417969,165.635720062256,162.091082763672,134.152259101868,166.874479088778,164.986531707799,55.856548369667,1.14430393889571,0.948923904401516
"2024-08-23",170,171.380004882812,168.850006103516,171.220001220703,4058000,169.474685668945,165.705502319336,162.297796936035,134.559934654236,167.274510870343,165.318987556772,58.2833648945704,1.18287883471249,0.99571489046371
"2024-08-26",170.539993286133,171.929992675781,169.580001831055,171.220001220703,3707300,169.474685668945,165.772315979004,162.610438842773,134.967531585693,167.612999300897,165.626817046563,58.2833648945704,1.19919122383141,1.03641015713725
"2024-08-27",170.699996948242,171.5,169.600006103516,170.990005493164,3206000,169.247024536133,165.946026611328,162.914772338867,135.36592628479,167.864387798625,165.894980564309,57.7335899261998,1.18714094158685,1.06655631402717
"2024-08-28",171.199996948242,173.169998168945,170.289993286133,171.869995117188,4578700,170.118026733398,166.028675079346,163.091270141601,135.77166557312,168.211101480898,166.207798799056,59.314807953088,1.20530004988741,1.09430506119922
"2024-08-29",172.619995117188,175.970001220703,172.490005493164,173.580001831055,4262500,171.810638427734,166.218222808838,163.267233276367,136.177292671204,168.764876395796,166.622823956736,62.2688659850543,1.28556964057698,1.13255797707477
"2024-08-30",173.960006713867,174.820007324219,171.770004272461,174.619995117188,5295600,172.84001159668,166.927912902832,163.463191223144,136.58708316803,169.391820272855,167.08335637451,63.9816652678389,1.38162408778224,1.18237119921626
"2024-09-03",174.190002441406,174.75,163.600006103516,164.210006713867,6099600,162.536148071289,167.217432403564,163.468091430664,136.938549232483,168.337101472614,166.746526129827,42.9594894870512,0.953888143701964,1.1366745881134
"2024-09-04",163.5,166.619995117188,163.399993896484,166.360000610352,4112400,164.66423034668,167.419848632813,163.588675537109,137.304392662048,167.772044376317,166.592281997742,46.844092651856,0.708173490648667,1.05097436862046
"2024-09-05",164.779998779297,166,162.509994506836,163.850006103516,3144200,162.179794311523,167.504971313477,163.675578308105,137.647429199219,166.911698212502,166.265431058022,43.1495270348114,0.388696044852921,0.91851870386695
"2024-09-06",164.509994506836,166.039993286133,160.589996337891,161.229995727539,3954900,159.586517333984,167.288204193115,163.692632141113,137.973605079651,165.784747308115,165.770696708093,39.6355478359908,0.00847592505826,0.736510148105212
"2024-09-09",163.490005493164,166.380004882812,162.910003662109,165.350006103516,3716000,163.664535522461,167.2001121521,163.794012451172,138.319620285034,165.458560879553,165.614684768417,46.9516530015536,-0.0942693512247517,0.570354248239219
"2024-09-10",167.449996948242,167.729995727539,164.25,166.979995727539,3473200,165.277893066406,167.205554199219,163.957897033691,138.674410362244,165.430765831376,165.589737234934,49.5564305241417,-0.0960031739966283,0.43708276379205
"2024-09-11",166.240005493164,166.729995727539,162.229995727539,166.350006103516,4258000,164.654327392578,167.125874328613,164.109310302734,139.027223358154,165.311313763869,165.520447616982,48.563889421315,-0.126349255408753,0.324396359951889
"2024-09-12",166.509994506836,170.970001220703,166.229995727539,169.699996948242,5148500,167.970184326172,167.212481689453,164.278029174805,139.395160217285,165.720370773454,165.701909595441,53.8563616286877,0.0111411981059018,0.261745327582692
"2024-09-13",169.410003662109,179.320007324219,169.210006713867,178.279998779297,7360800,176.46272277832,167.625229644775,164.585966796875,139.805559768677,167.373040312664,166.499006868247,64.0570705729312,0.524948142849424,0.314385890636038
"2024-09-16",178.720001220703,181.520004272461,176.259994506836,181.440002441406,6844600,179.590530395508,168.220104217529,165.005867004394,140.236003990173,169.252654171563,167.468749351747,66.9545317492797,1.06521654142704,0.464552020794238
"2024-09-17",181.509994506836,182.429992675781,178.990005493164,180.330001831055,5936900,178.491836547852,168.685314178467,165.343912658691,140.660915374756,170.674066844838,168.285274329237,64.9731886828388,1.41948992573664,0.655539601782718
"2024-09-18",181.199996948242,185.770004272461,180.429992675781,183.550003051758,5686500,181.679016113281,169.35640335083,165.753606872559,141.090197906494,172.36713596306,169.277403350277,67.9372987963156,1.82524811441607,0.889481304309388
"2024-09-19",187.649993896484,187.990005493164,184.279998779297,186.160003662109,5021500,184.262390136719,170.096778869629,166.164178771973,141.529643821716,174.1971750667,170.387402371495,70.1428044822524,2.23594740114579,1.15877452367667
"2024-09-20",185,187.839996337891,184.320007324219,187.429992675781,9895700,185.519439697266,170.975231933594,166.669177551269,141.979190559387,175.939061932941,171.508294025256,71.1815946152372,2.58341320043267,1.44370225902787
"2024-09-23",187.809997558594,189.779998779297,187.399993896484,188.669998168945,3972500,186.746810913086,171.838838195801,167.256331481934,142.439987792969,177.601792545271,172.637073053984,72.1986687568218,2.87581305884088,1.73012441899047
"2024-09-24",188.669998168945,189.800003051758,187,189.660003662109,3648900,187.726699829102,172.751438903809,167.852194519043,142.907336540222,179.159470588937,173.754823185474,73.0174195645981,3.11050208816019,2.00619995282442
"2024-09-25",189.830001831055,190.880004882812,188.199996948242,189.330001831055,3214800,187.400085449219,173.659091949463,168.376395568848,143.374350357056,180.427257490519,174.765583353159,72.253603478674,3.23958186087436,2.25287633443441
"2024-09-26",189.399993896484,189.550003051758,184.529998779297,184.589996337891,4781500,182.979019165039,174.302141571045,168.934713745117,143.814892539978,180.819836209676,175.373986005891,62.6935257790241,3.1052782272978,2.42335671300709
"2024-09-27",184.169998168945,186.190002441406,183.130004882812,185.380004882812,4452800,183.762145996094,174.899716949463,169.46652923584,144.260569839478,181.27249925374,175.99533119035,63.6119646983722,2.99847048651674,2.53837946770902
"2024-09-30",185.080001831055,188.710006713867,183.089996337891,188.580001831055,5628400,186.934173583984,175.604425048828,170.055054016113,144.714082679749,182.143526073778,176.805615812101,67.1406620895191,3.01908411515035,2.63452039719728
"2024-10-01",187.490005493164,188.220001220703,184.919998168945,186.300003051758,3794000,184.674087524414,176.711322021484,170.52651763916,145.160779418945,182.53284322003,177.388465568569,62.4907549047868,2.90006322280996,2.68762896231982
"2024-10-02",185.570007324219,188.199996948242,184.729995727539,186.440002441406,2879800,184.812850952148,177.718753051758,170.817839660644,145.607501296997,182.883613640355,177.938420041426,62.6617357719458,2.77916011493069,2.70593519284199
"2024-10-03",186.5,186.710006713867,183.699996948242,183.889999389648,3999500,182.285110473633,178.724018859863,171.250629272461,146.034189300537,182.79153623009,178.260397110479,57.518255867841,2.54186526736144,2.67312120774588
"2024-10-04",186.580001831055,187.160003662109,184.860000610352,187.080001831055,3978300,185.447280883789,180.017057037354,171.69974609375,146.475075302124,183.200112330659,178.792758871465,61.7482819308507,2.46506261607795,2.6315094894123
"2024-10-07",185.940002441406,187.229995727539,184.800003051758,185.960006713867,2514200,184.337036132812,181.050682067871,172.024906005859,146.901362762451,183.375023684837,179.203446076009,59.5078432789698,2.32784452541084,2.570776496612
"2024-10-08",187.619995117188,189.880004882812,186.559997558594,187.470001220703,3627200,185.833877563477,182.078481292725,172.378815307617,147.345243873596,183.753308896935,179.694589149155,61.5342389884104,2.2586766618842,2.50835652966644
"2024-10-09",186.630004882812,189.419998168945,186.5,189.279998779297,2312600,187.628082275391,183.227169036865,172.815920715332,147.783935012817,184.349427878236,180.282255306654,63.8683526060193,2.25600271344752,2.45788576642266
"2024-10-10",188.149993896484,189.75,187.389999389648,188.119995117188,2300900,186.47819519043,184.152569580078,173.17618347168,148.217978134155,184.676930541651,180.741213816563,61.3010136769416,2.17754248850073,2.40181711083827
"2024-10-11",189.410003662109,191.770004272461,189.059997558594,191.160003662109,2983900,189.491683959961,184.80401763916,173.605623474121,148.664020462036,185.417661836775,181.389396790148,65.2440087594585,2.2207830876066,2.36561030619194
"2024-10-14",191.979995727539,193.929992675781,191.660003662109,192.630004882812,3132900,190.948852539062,185.371933746338,174.251676330566,149.114160423279,186.268614252512,182.097504623401,66.9951811584612,2.29059131685363,2.35060650832428
"2024-10-15",193.850006103516,194.330001831055,189.759994506836,190.570007324219,3824300,188.906845092773,185.892684173584,174.894898071289,149.553618087769,186.674495920244,182.601900213725,62.2609731502668,2.23031397907287,2.326548002474
"2024-10-16",190.5,192.220001220703,189.919998168945,192.179992675781,2912800,190.502746582031,186.333870697022,175.492634887695,150.003771057129,187.263457560519,183.187148092859,64.379514966795,2.22521585717039,2.30628157341328
"2024-10-17",194.089996337891,194.800003051758,192.199996948242,192.619995117188,2633300,190.938934326172,186.667697906494,176.101866760254,150.462717590332,187.828915524466,183.761354480511,64.9585180422389,2.21350188425262,2.28772563558115
"2024-10-18",193.100006103516,193.440002441406,191.139999389648,192.610000610352,3075900,190.92903137207,186.938177490234,176.642010192871,150.929053764343,188.305856424097,184.292293509516,64.9327120492472,2.17782460576632,2.26574542961818
"2024-10-21",192.910003662109,194.389999389648,192.020004272461,194.229995727539,4728800,192.534866333008,187.22758026123,177.184179992676,151.401057510376,188.95647333316,184.902854459404,67.2076905470225,2.1922965362583,2.2510556509462
"2024-10-22",184.5,185,175.75,176.660003662109,15636200,175.118225097656,186.597156524658,177.383163452148,151.779562187195,186.82751206616,184.178067099275,38.2351683625006,1.43852360306125,2.08854924136921
"2024-10-23",179.699996948242,184.979995727539,179.619995117188,181.690002441406,9788600,180.10432434082,186.232368469238,177.660291442871,152.175164680481,185.79317549303,183.876308376426,45.4811203282816,1.04247639814488,1.87933467272435
"2024-10-24",181.899993896484,182.210006713867,179.630004882812,179.740005493164,4366800,178.171325683594,185.991983795166,177.898957214355,152.559134101868,184.620583214656,183.453717065846,43.3575146143263,0.636054786718154,1.63067869552311
"2024-10-25",180,181.419998168945,178.300003051758,179.100006103516,3974900,177.536911010742,185.680722045898,178.085540161133,152.93631023407,183.530787490977,183.015435135838,42.6535923606077,0.281589558146211,1.36086086804773
"2024-10-28",179.979995727539,180.580001831055,175.210006713867,175.360000610352,5687400,173.829574584961,185.025492095947,178.208270874023,153.294438018799,182.038293197743,182.335001020959,38.699563413846,-0.162726751064624,1.05614334422526
"2024-10-29",174.559997558594,174.899993896484,172.770004272461,174.050003051758,5219300,172.530990600586,184.418337249756,178.275137939453,153.646230354309,180.575631259719,181.608778026857,37.3920206760868,-0.568885919701989,0.731137491439809
"2024-10-30",172.979995727539,176.529998779297,172.509994506836,174.639999389648,3694000,173.115844726562,183.833486938476,178.372310180664,154.008110618591,179.42797179308,180.979671856465,38.401465090408,-0.857389146232768,0.413432163905293
"2024-10-31",172,173.619995117188,170.429992675781,171.779998779297,5177100,170.280807495117,183.233271789551,178.388828735351,154.360106048584,178.020715747239,180.187163385254,35.4202061511024,-1.2023318405776,0.0902793630087153
"2024-11-01",172.759994506836,175.270004272461,171.589996337891,171.699996948242,3984900,170.201507568359,182.470983123779,178.433851318359,154.70513168335,176.817760642796,179.447485176595,35.3375667332275,-1.46545633181252,-0.220867775955532
"2024-11-04",172.300003051758,174.679992675781,171.449996948242,171.759994506836,4197400,170.260971069336,181.767179870605,178.449577026367,155.045495147705,175.809023785341,178.767002650131,35.4591666019653,-1.65465596051845,-0.507625412868115
"2024-11-05",172.360000610352,175.470001220703,171.770004272461,175.259994506836,3607300,173.730422973633,181.162007141113,178.534691772461,155.397616691589,175.489239045078,178.393922674094,42.2795087392397,-1.62824135793174,-0.731748601880839
"2024-11-06",181.5,182.059997558594,178.5,180.759994506836,5939500,179.182418823242,180.739723968506,178.733399658203,155.782036361694,176.057420549411,178.452329796253,51.0359605148083,-1.3420442588656,-0.853807733277792
"2024-11-07",181.020004272461,181.020004272461,176.770004272461,178.850006103516,5084200,177.289123535156,180.280270385742,178.876821594238,156.157068367004,176.246913316449,178.366166369505,48.2959252457083,-1.18814744757512,-0.920675676137257
"2024-11-08",179.649993896484,186.419998168945,179.449996948242,184.809997558594,4676500,183.19709777832,179.96554107666,179.10455078125,156.56164024353,177.316172464429,178.724013140529,56.1985794413955,-0.787717694651902,-0.894084079840186
"2024-11-11",186.630004882812,187.470001220703,183.699996948242,184.559997558594,3371900,182.949264526367,179.565561676025,179.306735839844,156.960013427734,178.182802012419,179.036994724665,55.8131980139857,-0.477104027332031,-0.810688069338555
"2024-11-12",185.070007324219,185.699996948242,180.589996337891,182.639999389648,3158000,181.046020507812,179.172520446777,179.676933288574,157.349224624634,178.623297165557,179.185811449342,52.8177295415486,-0.313927916075452,-0.711336038685935
"2024-11-13",182.949996948242,186.300003051758,182.759994506836,183.559997558594,3934800,181.9580078125,178.745283508301,180.022808837891,157.731856689453,179.136329572779,179.391159328095,54.0892439691701,-0.142052571749141,-0.597479345298576
"2024-11-14",183,183.800003051758,177.490005493164,178.399993896484,5085600,176.843002319336,178.040486907959,180.316072998047,158.094857254028,178.783509995326,179.202406957076,46.5174265638874,-0.233756325521928,-0.524734741343246
"2024-11-15",176.75,177.919998168945,175.889999389648,176.929992675781,5302100,175.385833740234,177.263327026367,180.632059326172,158.438803100586,178.260790571466,178.919697829902,44.6018882483639,-0.368269825194412,-0.493441758113479
"2024-11-18",177,178.570007324219,175.130004882812,177.520004272461,2833800,175.970718383789,176.435119628906,180.878182983398,158.781225509644,177.908471773362,178.701254907968,45.5707298474671,-0.443636019799987,-0.483480610450781
"2024-11-19",176.5,177.880004882812,175.699996948242,177.559997558594,3216000,176.010345458984,176.479725646973,181.09283203125,159.119240989685,177.61645234038,178.501928282117,45.640095262043,-0.49605959457053,-0.485996407274731
"2024-11-20",178.100006103516,178.539993286133,176,177.979995727539,3225400,176.426696777344,176.295844268799,181.328279418945,159.459849891663,177.43341302299,178.348207429912,46.4128185461522,-0.512926045125028,-0.49138233484479
"2024-11-21",178.410003662109,180.940002441406,177.339996337891,178.699996948242,4532000,177.140411376953,176.244298553467,181.511683959961,159.800406150818,177.388335846677,178.258741055619,47.7830875086911,-0.48828192311211,-0.490762252498254
"2024-11-22",179.300003051758,181.740005493164,178.779998779297,181.149993896484,3405200,179.569030761719,176.345904541016,181.573810119629,160.150940666199,177.723827372068,178.355799552367,52.2568745944947,-0.354332285176606,-0.463476259033925
"2024-11-25",182.240005493164,183.699996948242,179.550003051758,180.210006713867,9740700,178.637252807617,176.586288452148,181.554744567871,160.495910987854,177.864354362152,178.376647941645,50.470234395808,-0.287197671558359,-0.428220541538812
"2024-11-26",180.869995117188,184.929992675781,180.419998168945,184.600006103516,3918900,182.98893737793,177.109185791016,181.644686584473,160.859136657715,178.652751749195,178.718299010999,57.7376068164958,-0.0366763012890847,-0.349911693488866
"2024-11-27",184.639999389648,184.690002441406,180.440002441406,180.600006103516,2726200,179.023834228516,177.404585266113,181.591582946777,161.196239051819,178.709841361398,178.740931249334,50.4709538355004,-0.0173938267625795,-0.283408120143609
"2024-11-29",181.449996948242,182.970001220703,181.130004882812,182.160003662109,2054700,180.570220947266,177.919055938721,181.517739562988,161.522455749512,178.996053605378,178.876434189921,52.9575968748815,0.066872652062,-0.213351965702487
"2024-12-02",180.800003051758,181.639999389648,179.419998168945,180.440002441406,2817700,178.865234375,178.352242279053,181.384655456543,161.832787094116,178.975927569935,178.875604574001,49.9782435723723,0.0560853427570285,-0.159464504010584
"2024-12-03",181,182.240005493164,179.910003662109,180.720001220703,2882300,179.142791748047,178.796333312988,181.232575073242,162.141396789551,179.001598981952,178.895396216523,50.4667909549929,0.0593658460057878,-0.11569843400731
"2024-12-04",180.5,182.899993896484,178,182.649993896484,3713400,181.055923461914,179.162608337402,181.099159545898,162.461697540283,179.317648901946,179.055435271737,53.8150928925663,0.146442709103689,-0.0632702053851099
"2024-12-05",180.330001831055,180.770004272461,172.710006713867,172.910003662109,7547300,171.400939941406,178.773534393311,180.779176635742,162.731952171326,178.099693677248,178.488435617639,39.3562580289492,-0.217796709935514,-0.0941755062951907
"2024-12-06",173.300003051758,175.830001831055,172.440002441406,175.580001831055,6899600,174.047637939453,178.611460113525,180.60054901123,163.005206489563,177.476300486818,178.159487641477,43.8128582622221,-0.383469420406912,-0.152034289117535
"2024-12-09",175,176.369995117188,170.770004272461,171.320007324219,6500800,169.824829101562,177.942846679688,180.32180267334,163.250812911987,176.299151042932,177.542105527409,38.9008559644291,-0.700089976281482,-0.261645426550324
"2024-12-10",171.009994506836,173.160003662109,170.610000610352,171.270004272461,5100300,169.775253295898,177.284146118164,179.978624267578,163.490503501892,175.295474466466,176.96678313989,38.8457937065013,-0.944419423673903,-0.39820022597504
"2024-12-11",173.169998168945,173.169998168945,167.929992675781,168.639999389648,7606400,167.168228149414,176.590256500244,179.628507080078,163.720229110718,174.045128879227,176.240964251706,35.963016410523,-1.24592791568211,-0.567745763916454
"2024-12-12",168.639999389648,169.279998779297,164.449996948242,164.830001831055,7808600,163.391464233398,175.661929321289,179.200079345703,163.924694442749,172.406103549099,175.289149435535,32.2313340009871,-1.64473722173896,-0.783144055480955
"2024-12-13",165.649993896484,167.869995117188,165.539993286133,166.009994506836,4957100,164.561157226562,175.04783706665,178.845600280762,164.129970016479,171.199188730247,174.494483345982,34.498263992047,-1.88848068577642,-1.00421138154005
"2024-12-16",166.320007324219,169.199996948242,165.449996948242,165.789993286133,7436000,164.343078613281,174.495699310303,178.423516235351,164.327227745056,170.144402558406,173.742527439856,34.2681064817427,-2.07095230768689,-1.21755956676942
"2024-12-17",165.800003051758,166.509994506836,163.529998779297,165.800003051758,4855100,164.353012084961,173.914813995361,178.023835754394,164.515246047974,169.253419408646,173.047007783938,34.2896112422733,-2.19222997489128,-1.41249364839379
"2024-12-18",166,166.630004882812,159.600006103516,159.949996948242,8059100,158.554046630859,173.041999053955,177.478239135742,164.686668205261,167.607362058217,171.973455105932,28.4400535963692,-2.53881800829402,-1.63775852037383
"2024-12-19",163.029998779297,165.770004272461,162.179992675781,164.800003051758,6257600,163.361740112305,172.388751220703,176.99291229248,164.875673599243,166.954189451154,171.335550291589,37.8987585534804,-2.55718140980025,-1.82164309825912
"2024-12-20",163.970001220703,169.080001831055,163.160003662109,168.369995117188,9281500,166.900573730469,171.876759338379,176.601359863281,165.054820632935,166.945940878741,171.007033509284,43.7884837140397,-2.37481029125204,-1.9322765368577
"2024-12-23",168.119995117188,169.330001831055,166.550003051758,169.020004272461,4127700,167.544906616211,171.275553131103,176.162424316406,165.231442718506,167.038089453736,170.750579665352,44.8147326844209,-2.17421821869799,-1.98066487322576
"2024-12-24",169.240005493164,171.490005493164,168.850006103516,171.490005493164,2235700,169.99333190918,170.843357086182,175.743313903809,165.425817565918,167.492742139189,170.694487238969,48.6510970347641,-1.87571675662733,-1.95967524990607
"2024-12-26",171.020004272461,172.669998168945,170.130004882812,172.149993896484,3309700,170.647583007812,170.226289367676,175.378128662109,165.619921035767,167.978102272823,170.691012851476,49.6581860138052,-1.58936931320079,-1.88561406256502
"2024-12-27",170.720001220703,171.470001220703,168.979995727539,170.080001831055,3188400,168.870315551758,169.718613433838,174.945480041504,165.794510803223,168.115365854198,170.55614638483,46.9636057847947,-1.43107157517818,-1.79470556508765
"2024-12-30",167.199996948242,169.229995727539,166.009994506836,168.100006103516,4117500,166.904388427734,169.035321807861,174.464789123535,165.972692871094,167.929061634742,170.285645795416,44.1122045081759,-1.38390065097165,-1.71254458226445
"2024-12-31",168.5,168.550003051758,166.149993896484,166.789993286133,2806900,165.603713989258,168.372245788574,173.958282775879,166.135948410034,167.571315843129,169.938836031997,42.283055269446,-1.39316017700746,-1.64866770121305
"2025-01-02",167.919998168945,170.699996948242,167.220001220703,168.589996337891,4148000,167.390914916992,167.784651947021,173.455403747559,166.304125137329,167.543561854492,169.750101134589,45.6197830238951,-1.29987509011673,-1.57890917899379
"2025-01-03",169.220001220703,172.630004882812,169,171.960006713867,3975500,170.736953735352,167.268703460693,173.367778320312,166.475058898926,168.034852913086,169.823201327238,51.2967651319527,-1.05306483458982,-1.47374031011299
"2025-01-06",173.149993896484,173.679992675781,171.179992675781,172.449996948242,4980300,171.22346496582,167.259829711914,173.190161132812,166.646575317383,168.525408613507,169.926924559726,52.0800851144969,-0.824775679222145,-1.34394738393482
"2025-01-07",172.220001220703,173.699996948242,170.779998779297,172.309997558594,6496400,171.084442138672,167.111669921875,173.048423461914,166.80672996521,168.919106078917,170.012666602611,51.8235854603609,-0.643222970115376,-1.20380250117094
"2025-01-08",172,173.580001831055,170.710006713867,172.889999389648,4527700,171.66032409668,167.203444671631,172.930891723633,166.975628738403,169.340831927803,170.134715305875,52.8593072167201,-0.466620452295197,-1.05636609139579
"2025-01-10",172.399993896484,173.460006713867,170.740005493164,171.690002441406,5131200,170.468856811523,167.238124847412,172.863677368164,167.145104064941,169.514374217607,170.159466528516,50.44304930577,-0.379110445084108,-0.920914962133452
"2025-01-13",169.509994506836,172.520004272461,169,171.570007324219,5610800,170.349731445312,167.397200012207,172.820052185059,167.313747711182,169.642890714177,170.173560226056,50.1959920156187,-0.311840165519528,-0.799100002810667
"2025-01-14",173.110000610352,177.899993896484,172.399993896484,176.860000610352,6432700,175.602081298828,168.007730865478,172.869776916504,167.482793045044,170.559689265661,170.575672898113,59.5929549584132,-0.00937040562711822,-0.641154083373957
"2025-01-15",179.070007324219,180.880004882812,178.880004882812,180.289993286133,7397000,179.007705688477,168.730058288574,173.044314880371,167.686933135986,171.859384099941,171.200267919622,64.296849200245,0.3849971663763,-0.435923833423906
"2025-01-16",181.679992675781,182.880004882812,178.619995117188,179.740005493164,6144700,178.46159362793,169.435984039307,173.209516601562,167.889011764526,172.875108642708,171.738143898015,63.0297353315285,0.662033907486936,-0.216332285241738
"2025-01-17",180.779998779297,183.190002441406,179.960006713867,182.850006103516,5899100,181.549468994141,170.295806884766,173.435286560059,168.123703155518,174.209625619852,172.46490871995,66.9908952619437,1.01163588167075,0.0292613481407594
"2025-01-21",184.899993896484,189.320007324219,184.509994506836,187.5,7508400,186.166412353516,171.676425170899,173.684006347656,168.336352386475,176.049131271185,173.479834915029,71.8478194426282,1.48103458676576,0.31961599586576
"2025-01-22",188.080001831055,189.240005493164,186.610000610352,188.360000610352,7457800,187.020294189453,172.859352874756,173.84076385498,168.544541549683,177.73700248938,174.48283189832,72.6493554834865,1.86503769778137,0.628700336248882
"2025-01-23",201.399993896484,207.649993896484,198.100006103516,200.800003051758,14403500,199.371810913086,174.482914733887,174.282417602539,168.770545120239,181.065434554565,176.326459973488,81.0528793165193,2.68761397568487,1.04048306413608
"2025-01-24",202.5,203,195.520004272461,196.75,7835700,195.350616455078,175.87320022583,174.525487976074,168.97535774231,183.263154846952,177.735656749902,73.1706305577703,3.10995452354741,1.45437735601834
"2025-01-27",194.339996337891,196.630004882812,192.740005493164,194.460006713867,7674800,193.076919555664,177.027379608154,174.72804107666,169.178813552856,184.772964802138,178.872046587366,69.0799471991049,3.29896052924665,1.82329399066401
"2025-01-28",195.300003051758,196.550003051758,191.789993286133,194.429992675781,4858800,193.047103881836,178.147355651856,174.968062744141,169.371664733887,186.045909275938,179.9220508314,69.0254511443306,3.40361752005378,2.13935869654196
"2025-01-29",194.929992675781,199.940002441406,194.929992675781,199.100006103516,5595800,197.683929443359,179.588036346436,175.282581176758,169.582422943115,187.83637391708,181.237745543397,72.6402637260788,3.64086871302554,2.43966069983868
"2025-01-30",199.809997558594,205.929992675781,199.479995727539,205.570007324219,6282100,204.107879638672,181.448210906982,175.827878723144,169.83898651123,190.339682489632,182.931829550455,76.6976520024625,4.0495155804116,2.76163167595326
"2025-01-31",205.839996337891,205.869995117188,203.070007324219,203.570007324219,5507800,202.122116088867,183.274131011963,176.362604370117,170.090215988159,192.152364581822,184.353332257004,73.0893821748096,4.23048079974278,3.05540150071116
"2025-02-03",200,204.729995727539,198.970001220703,204.110000610352,4678300,202.658279418945,185.037499237061,176.89635559082,170.329008026123,193.768659172149,185.709254268999,73.4525389796497,4.33979713874433,3.3122806283178
"2025-02-04",202.929992675781,204.539993286133,200.429992675781,202.179992675781,5413800,200.741989135742,186.53775100708,177.390988464355,170.563603820801,194.841479166548,186.822790185054,69.8256490785061,4.2921364002489,3.50825178270402
"2025-02-05",203.880004882812,205.279998779297,201.789993286133,204.580001831055,3239400,203.124923706055,188.132823944092,177.92495300293,170.823602294922,196.115855249549,188.030355631055,71.697162886125,4.30010334839734,3.66662209584268
"2025-02-06",205,206.100006103516,204.059997558594,206.059997558594,3113200,204.594421386719,189.808322906494,178.474033203125,171.115058746338,197.420250039883,189.257323464807,72.8168491849621,4.31313643542743,3.79592496375963
"2025-02-07",206.479995727539,207.839996337891,204.5,205.279998779297,3954400,203.819961547852,191.416304779053,178.959051818848,171.392119216919,198.404821041109,190.336037396885,71.2177718996537,4.23923065467586,3.88458610194288
"2025-02-10",206.139999389648,206.660003662109,203.399993896484,205.220001220703,3787500,203.760406494141,193.080882263184,179.461514892578,171.607469558716,199.228757264652,191.330435107793,71.0884889486089,4.12810546968641,3.93328997549159
"2025-02-11",205,209.149993896484,204.440002441406,208.820007324219,4110900,207.334777832031,194.93013458252,179.94843170166,171.857638092041,200.475837351941,192.515941976255,74.1245250803652,4.13466817032135,3.97356561445754
"2025-02-12",206.699996948242,211.419998168945,206.139999389648,209.639999389648,4595200,208.148941040039,196.55747756958,180.530933837891,172.101650314331,201.656314842418,193.673941906905,74.7743188375955,4.12155236627001,4.00316296482003
"2025-02-13",211.119995117188,211.300003051758,206.270004272461,208.360000610352,3763300,206.878036499023,197.950994110108,181.057090148926,172.333922653198,202.459656635742,194.652022987803,71.7455353583994,4.01107243998586,4.0047448598532
"2025-02-14",208.660003662109,209.160003662109,204.970001220703,208.270004272461,4268500,206.788681030273,199.367348480225,181.615559082031,172.555175170898,203.125660388747,195.551034694653,71.5261671920446,3.87347768623238,3.97849142512904
"2025-02-18",209.869995117188,212.190002441406,209.320007324219,210.080001831055,4396000,208.585815429688,200.719165802002,182.204419555664,172.79860496521,203.965684241199,196.516574008359,73.2947273764563,3.79057607249111,3.94090835460145
"2025-02-19",209.039993286133,211.779998779297,208.880004882812,210.5,2699100,209.002822875977,201.860986328125,182.763357543945,173.054594116211,204.74062864655,197.441481331886,73.7028868898001,3.6968661627867,3.8920999162385
"2025-02-20",209.729995727539,210.279998779297,207.149993896484,208.740005493164,2969100,207.255355834961,202.8727394104,183.480445861816,173.287320251465,205.127509752459,198.168434998781,68.9473418264734,3.51169688236233,3.81601930946327
"2025-02-21",208.360000610352,209.119995117188,198.440002441406,199.830001831055,5419500,198.408706665039,202.824584197998,183.967667236328,173.468550415039,204.09384773901,198.186232899985,51.0048801108865,2.98084016865396,3.64898348130141
"2025-02-24",202.630004882812,203.25,197.429992675781,198.710006713867,4299100,197.296691894531,202.921887969971,184.517104492187,173.625149459839,203.048131455244,198.120340973655,49.2692511166269,2.487271351024,3.41664105524593
"2025-02-25",198.979995727539,200.080001831055,194.839996337891,199.270004272461,4121400,197.85270690918,203.160677337647,185.078653564453,173.780526733398,202.248835371234,198.100516228138,50.1820841898523,2.09404761889582,3.15212236797591
"2025-02-26",201.759994506836,204.600006103516,199.990005493164,201.610000610352,3157400,200.176055908203,203.517124938965,185.738810119629,173.947125396729,201.929946223075,198.254259908143,53.9137606269649,1.85402639854262,2.89250317408925
"2025-02-27",204.419998168945,205.470001220703,201.100006103516,201.429992675781,3480200,199.997329711914,203.632794952393,186.470927429199,174.119549713135,201.632620605974,198.383376189904,53.5812620362769,1.63786123538865,2.64157478634913
"2025-02-28",201.949996948242,207.320007324219,201.029998779297,206.979995727539,6117400,205.507858276367,203.702793884277,187.289861450195,174.339882278442,202.228811016803,198.911115603716,61.4710764386306,1.66792861375182,2.44684555182967
"2025-03-03",207.089996337891,208.479995727539,200.809997558594,201.960006713867,5376400,200.523590087891,203.622867584229,188.013471679687,174.554463348389,201.966469335432,199.030558158099,52.7393338167227,1.47510573476899,2.25249758841753
"2025-03-04",198,203.039993286133,193.259994506836,198.770004272461,6164200,197.356246948242,203.357765960693,188.673536376953,174.750737380981,201.257204352788,198.906535105517,48.066787627184,1.18179588519967,2.03835724777396
"2025-03-05",198.869995117188,204.470001220703,198.690002441406,202.5,6221200,201.059707641602,203.373651885986,189.523649597168,174.948384475708,201.226820243374,199.06602936745,53.2790679941977,1.08546439731128,1.84777867768142
"2025-03-06",199,200.220001220703,195.279998779297,196.050003051758,5621400,194.655609130859,202.950186157227,190.149526977539,175.125621795654,200.215864687603,198.739331572147,44.8891305548655,0.742949623396649,1.62681286682447
"2025-03-07",195.070007324219,195.75,187.679992675781,193.850006103516,7681300,192.471252441406,202.344027709961,190.660940551758,175.298014373779,199.024385880496,198.275029414314,42.4345785764489,0.377937891823921,1.37703787182436
"2025-03-10",189.199996948242,192.210006713867,187.910003662109,192.119995117188,6195000,191.108444213867,201.708451843262,191.132211303711,175.466606826782,197.806548701014,197.744171251318,40.930822535508,0.0315445200238962,1.10793920146427
"2025-03-11",189.929992675781,193.679992675781,188.320007324219,191.720001220703,5356700,190.710556030273,201.055959320068,191.546555786133,175.624711685181,196.7148575209,197.223162716426,40.4797911816536,-0.257730982773152,0.834805164616782
"2025-03-12",194.919998168945,197.25,192.429992675781,195,4735000,193.97331237793,200.387886047363,192.013070373535,175.800068969727,196.293081345059,196.982433061722,45.7581514343905,-0.349955935637958,0.597852944565834
"2025-03-13",194.550003051758,195.619995117188,191.669998168945,192.419998168945,3837200,191.406890869141,199.550783538818,192.463801879883,175.940608291626,195.541359733379,196.569429936346,42.5609231423288,-0.523006147649585,0.37368112612275
"2025-03-14",195.369995117188,197.699996948242,193.600006103516,197.110000610352,3263200,196.072189331055,199.01049118042,193.047157897949,176.094246826172,195.623025825329,196.532597298917,49.4723876541219,-0.462809470840253,0.20638300673015
"2025-03-17",197,203.600006103516,196.330001831055,202.029998779297,3733000,200.966262817383,198.719370269776,193.754408874512,176.266278839111,196.445062285645,196.861016966951,55.5190096016963,-0.211293575393912,0.122847690305337
"2025-03-18",201.800003051758,201.979995727539,199.520004272461,200.789993286133,3983100,199.732803344727,198.276719665527,194.401246643066,176.456649169922,196.950868602427,197.073741883824,53.7724518099277,-0.0623488853574328,0.0858083751727834
"2025-03-19",201.320007324219,206.820007324219,201.320007324219,205.570007324219,3564000,204.487640380859,198.050960540772,195.076260375976,176.667829360962,198.110371952955,197.622919550271,59.112304970852,0.246657828855823,0.117978265909391
"2025-03-20",205,206.169998168945,203.110000610352,203.929992675781,3970800,202.856262207031,197.831005859375,195.708916320801,176.8662084198,198.840508915121,198.010574561883,56.6926208026977,0.419136379495999,0.178209888626713
"2025-03-21",202.600006103516,204.309997558594,200.820007324219,204.130004882812,7976300,203.055221557617,198.063331604004,196.34833190918,177.083763809204,199.488926244735,198.384252117122,56.9242047665043,0.556835593462823,0.253935029593935
"2025-03-24",206.919998168945,210.880004882812,205.600006103516,210.229995727539,4043900,209.123107910156,198.654652404785,197.097587585449,177.332053985596,200.971108039415,199.179722916606,63.3594655000674,0.899381270632293,0.383024277801607
"2025-03-25",210.770004272461,212.759994506836,210.25,212.130004882812,4315200,211.013092041016,199.312671661377,197.908472290039,177.584013442993,202.516028655046,200.056268777674,65.1079612953291,1.22953401680519,0.552326225602323
"2025-03-26",212.289993286133,214.210006713867,206.690002441406,207.369995117188,4791100,206.27815246582,199.617776489258,198.627040710449,177.821833724976,203.094816933627,200.51714905087,57.681524506056,1.28550994015146,0.698962968512151
"2025-03-27",206.360000610352,207.690002441406,202.800003051758,205.880004882812,3301900,204.796005249023,199.857710266113,199.210919189453,178.045820465088,203.356538212919,200.834101361844,55.5457338310264,1.25598035093151,0.810366444996023
"2025-03-28",205.600006103516,206.860000610352,199.589996337891,199.880004882812,5178400,198.827606201172,199.523697662354,199.607317199707,178.235419769287,202.659779441881,200.685472090683,47.8606022439925,0.983781900418523,0.845049536080523
"2025-03-31",197.529998779297,201.570007324219,194.449996948242,200.149993896484,6923100,199.096176147461,199.452326965332,200.020008850098,178.438614883423,202.111532781201,200.567746465259,48.2078574139325,0.769708162527971,0.829981261370012
"2025-04-01",199.559997558594,204.5,198.470001220703,203.789993286133,3854000,202.717010498047,199.720365142822,200.443359680176,178.656505050659,202.204683199177,200.726951208429,52.7744825494108,0.736190123873293,0.811223033870669
"2025-04-02",199.479995727539,202.190002441406,198.429992675781,199.770004272461,6026500,198.718200683594,199.603289794922,200.694395446777,178.880883102417,201.668301273703,200.578154873256,47.7654679463525,0.543502058405054,0.757678838777546
"2025-04-03",189.839996337891,194.149993896484,186.720001220703,187.630004882812,12750500,186.64208984375,199.202613830566,200.686831359863,179.043941802979,199.356576438325,199.545853759959,36.498950066641,-0.094854048865034,0.58717226124903
"2025-04-04",179.679992675781,183.160003662109,165.419998168945,166.809997558594,18167100,165.931716918945,197.875637054443,200.01802947998,179.06713470459,194.214290358421,197.055917697662,25.4235863167109,-1.44204110814923,0.181329587369378
"2025-04-07",163.210006713867,175.339996337891,159.360000610352,167.699996948242,18545500,166.817016601562,196.661065673828,199.44735748291,179.08615737915,189.999325165058,194.815999097951,26.4509909630157,-2.47242215998443,-0.349420762101384
"2025-04-08",176,178.350006103516,166.360000610352,169.369995117188,11903400,168.478225708008,195.549449157715,198.955383605957,179.113337936401,186.68838678705,192.865052920918,28.4430871512857,-3.20258441865067,-0.920053493411241
"2025-04-09",165.809997558594,189.110000610352,165.699996948242,187.270004272461,12548600,186.283996582031,195.16498336792,198.820121459961,179.233302230835,186.626172909355,192.377567266185,45.4865640356416,-2.98963878094612,-1.33397055091822
"2025-04-10",181.899993896484,185.410003662109,175.960006713867,181.509994506836,8150900,180.554321289062,194.622354888916,198.477529296875,179.342898712158,185.692041890848,191.50177126788,42.0183970898868,-3.03377318056494,-1.67393107684756
"2025-04-11",179.009994506836,184.25,175.050003051758,181.669998168945,6491100,180.713485717773,193.854419708252,198.009641418457,179.457292861938,184.926110171914,190.702639004909,42.1503497917245,-3.0290765052532,-1.94496016252869
"2025-04-14",185.350006103516,187.610000610352,183.830001831055,186,5319100,185.020690917969,193.057141113281,197.667612915039,179.58872718811,184.940661055922,190.281753961432,45.7484593027793,-2.80693907551037,-2.11735594512503
"2025-04-15",183.880004882812,188.440002441406,182.289993286133,185.669998168945,4999300,184.692413330078,192.305121612549,197.308295593262,179.719211654663,184.9024690981,189.86772872948,45.5160952236877,-2.6151150933366,-2.21690777476734
"2025-04-16",184.070007324219,185.880004882812,181.279998779297,182.449996948242,5128000,181.489364624023,191.155207824707,196.923243103027,179.841240158081,184.377376102088,189.247109166113,43.2099670243018,-2.57321397694389,-2.28816901520265
"2025-04-17",183.389999389648,184.240005493164,181.589996337891,181.789993286133,4932000,180.83283996582,190.054036712646,196.477401428223,179.959986038208,183.832062850355,188.623829966091,42.7320588598557,-2.54038268473182,-2.33861174910848
"2025-04-21",179.289993286133,180.789993286133,176.020004272461,178.350006103516,8501600,177.41096496582,188.771823883056,195.933732299805,180.049369659424,182.844201637349,187.793247373478,40.234277046655,-2.63536937847754,-2.3979632749823
"2025-04-22",186.5,190,182.100006103516,189.179992675781,13041000,188.183929443359,187.724864959717,195.621011657715,180.184960098267,183.665698222889,187.822186786062,50.1195148320135,-2.2129912521503,-2.3609688704159
"2025-04-23",195.940002441406,197.029998779297,192.570007324219,193.679992675781,7235700,192.660217285156,186.807221221924,195.399007873535,180.355283584595,185.049470386315,188.180559415625,53.5568661455063,-1.66387486520025,-2.22155006937277
"2025-04-24",194.330001831055,197.699996948242,194.050003051758,197.410003662109,5906300,196.37060546875,186.31184387207,195.179724426269,180.529188842773,186.79118347592,188.787229493634,56.2482445380777,-1.05729927975927,-1.98869991145007
"2025-04-25",198.699996948242,199.990005493164,197.259994506836,198.429992675781,4390600,197.385238647461,185.941305541992,194.964450378418,180.710143508911,188.421038117696,189.424119060584,56.9823763688324,-0.529542355990842,-1.69686840035822
"2025-04-28",199.5,201.479995727539,198.600006103516,200.860000610352,3416900,199.802429199219,185.990046691894,194.822938232422,180.890486679077,190.172021361007,190.192882774557,58.7578192491807,-0.0109685563653539,-1.35968843155965
"2025-04-29",200.490005493164,202.429992675781,199.649993896484,200.5,3444200,199.4443359375,186.007454681396,194.676051330566,181.086360855103,191.598531295852,190.878175601442,58.3734526730007,0.37739028683641,-1.01227268788044
"2025-04-30",198.600006103516,202.029998779297,196.860000610352,201.539993286133,4436300,200.478851318359,185.895546722412,194.51391204834,181.301809539795,192.964734376238,191.589336765658,59.2037350806678,0.717888392850519,-0.666240471734246
"2025-05-01",202.25,205.240005493164,200.860000610352,203.610000610352,4687600,202.537963867188,186.086534881592,194.384614868164,181.524831619263,194.437538913307,192.400346180586,60.8764484744012,1.05883007653687,-0.321226362080024
"2025-05-02",206.320007324219,208.720001220703,205.559997558594,207.699996948242,3831700,206.606430053711,187.08475189209,194.371636352539,181.751913604736,196.309676011831,193.452648689706,64.015855475081,1.47686131023566,0.0383911723831117
"2025-05-05",206.309997558594,210.520004272461,205.649993896484,208.940002441406,4466500,207.839904785156,189.1801612854,194.560260314941,182.015797576904,198.083557361573,194.518371363443,64.9345538517524,1.83282739472894,0.397278416852278
"2025-05-06",206.020004272461,209.830001831055,205.919998168945,208.600006103516,3169600,207.501693725586,191.214395141601,194.764360351562,182.267449188232,199.532501417575,195.480098945824,64.4486861100025,2.07305116664276,0.732432966810374
"2025-05-07",208.899993896484,210.630004882812,208.220001220703,209.919998168945,3968300,208.814743041992,193.231221008301,194.983601074219,182.523983230591,200.960538590562,196.467850360355,65.5271300206038,2.28672946844317,1.04329226713693
"2025-05-08",211,216.800003051758,210.509994506836,214.490005493164,5870300,213.360687255859,194.585055541992,195.247293701172,182.78528213501,202.868253769839,197.719171611874,69.0299046579747,2.6042402039153,1.35548185449261
"2025-05-09",215.210006713867,216.119995117188,212.729995727539,214.960006713867,3778200,213.828201293945,196.248749542236,195.523911132812,183.00318939209,204.554399542778,198.912433069805,69.3745500455734,2.83640714956865,1.65166691350782
"2025-05-12",219.339996337891,219.979995727539,211.149993896484,218.949996948242,5468000,217.79719543457,198.102935028076,195.769697875976,183.288947219849,206.5917527569,200.311304356084,72.2027035152831,3.13534396923072,1.9484023246524
"2025-05-13",220,223.550003051758,219.300003051758,221.580001831055,7188700,220.413345336914,199.872567749023,196.167492980957,183.576056747437,208.718151615364,201.800344428738,73.9127785618337,3.42804528218652,2.24433091615922
"2025-05-14",222.940002441406,223.350006103516,220.449996948242,223.240005493164,4764700,222.06462097168,201.741178131103,196.661660461426,183.845984649658,210.771454593258,203.301401950438,74.9598843773498,3.67437340380075,2.53033941368753
"2025-05-15",223.449996948242,230.089996337891,223.449996948242,229.380004882812,7207700,228.172286987305,204.075324249267,197.20391204834,184.146154022217,213.448505730804,205.143689730946,78.4115217906194,4.04829220472243,2.83392997189451
"2025-05-16",229.070007324219,232.320007324219,227.589996337891,231.779998779297,4651700,230.559631347656,206.561663818359,197.921992492676,184.470088119507,216.080986594935,207.026352072925,79.5954885499182,4.3736627880208,3.14187653511977
"2025-05-19",229.5,235.869995117188,228.919998168945,235.289993286133,4734400,234.051147460938,209.393672943115,198.753590393066,184.798018569946,218.845626728166,209.028188768333,81.2178459846772,4.69670527103594,3.452842282303
"2025-05-20",234.160003662109,236.080001831055,233.800003051758,235.259994506836,4311000,234.02131652832,211.685542297363,199.611847839355,185.128026733398,221.180348235882,210.879531565369,81.1584726185626,4.88469250384316,3.73921232661103
"2025-05-21",234.860000610352,237.300003051758,232.660003662109,233.539993286133,4631000,232.310363769531,213.668049621582,200.443843994141,185.496347503662,222.892658317982,212.467000617529,77.6521678712602,4.90695386584783,3.97276063445839
"2025-05-22",231.190002441406,232.449996948242,229.419998168945,230.270004272461,6909400,229.057601928711,215.30239944458,201.145529785156,185.857906723022,223.841111181171,213.695934047987,71.3417451209039,4.74748252856592,4.1277050132799
"2025-05-23",228.839996337891,233.690002441406,228.009994506836,232.789993286133,4234200,231.564331054688,217.011354064941,201.948678588867,186.212648849487,225.02929885402,215.019519011447,73.1524565696999,4.65528891916112,4.23322179445614
"2025-05-27",235.419998168945,242.279998779297,235.100006103516,241.779998779297,7162400,240.50700378418,219.046582794189,202.83737487793,186.612797164917,227.410484227891,216.907480846464,78.3965190220461,4.84215820516645,4.3550090765982
"2025-05-28",241.779998779297,246,241.600006103516,243.669998168945,9570500,242.387023925781,221.193717193603,203.665790100098,187.00512298584,229.714567258335,218.794854407895,79.3114194772178,4.99084536516716,4.48217633431199
"2025-05-29",244.529998779297,244.940002441406,241.490005493164,244.160003662109,5243700,242.874465942383,223.313497924805,204.528623352051,187.392363433838,231.739167055881,220.578529336375,79.5531996085839,5.05971172855459,4.59768341316051
"2025-05-30",243.389999389648,246.860000610352,242.300003051758,245.910003662109,9143000,244.615234375,225.417361450195,205.331175231934,187.789594345093,233.720100489592,222.359026005903,80.4326757861337,5.10933812211745,4.7000143549519
"2025-06-02",245.850006103516,248.100006103516,244.509994506836,247.479995727539,5450800,246.176971435547,227.395888519287,206.197589416504,188.189239578247,235.636542173585,224.123318259951,81.2134014837087,5.13700404001711,4.78741229196494
"2025-06-03",247.5,250.5,244.179992675781,248.869995117188,6456200,247.559661865234,229.381876373291,207.087678222656,188.595847702026,237.470868279992,225.859343712194,81.9018980637461,5.14104237484843,4.85813830854164
"2025-06-04",249.979995727539,253.059997558594,249.720001220703,250.880004882812,5811500,249.559066772461,231.484745025635,207.896397399902,189.002604217529,239.330591124988,227.614878753695,82.8790071654846,5.14716455947066,4.91594355872744
"2025-06-05",252.479995727539,253.009994506836,250.110000610352,251.919998168945,4188200,250.593597412109,233.573687744141,208.688007507324,189.417107009888,241.063361323006,229.317006061726,83.3790342965501,5.12232191716238,4.95721923041443
"2025-06-06",253,257.470001220703,252.070007324219,255.630004882812,5796700,254.284072875977,235.619857025146,209.648125915527,189.842589187622,243.09731694654,231.166418418337,85.0557602900384,5.16117289433107,4.99800996319776
"2025-06-09",254.020004272461,255.320007324219,251.139999389648,251.410003662109,5771600,250.086288452148,237.432761383057,210.55393157959,190.251734466553,244.172543332018,232.567890272693,75.7010519612032,4.98979160266624,4.99636629109146
"2025-06-10",250.779998779297,251.25,239.75,242,11230900,240.725845336914,238.579193878174,211.391896362305,190.608089294434,243.642282102002,233.172183240414,59.8847853440324,4.49028641242062,4.89515031535729
"2025-06-11",242.639999389648,246.960006713867,238.509994506836,245.520004272461,6940800,244.227310180664,239.769892120361,212.294519042969,190.989473953247,243.732286421796,233.991081532284,62.99903323794,4.1630667398614,4.74873360025811
"2025-06-12",240,243.429992675781,238.679992675781,239.990005493164,8946600,238.726425170898,240.602982330322,213.014707336426,191.335732650757,242.962153921658,234.341847727737,55.6851066855994,3.67851763460387,4.53469040712726
"2025-06-13",235,238,233.699996948242,236.600006103516,7420300,235.354248046875,240.962080383301,213.747428283691,191.665130462646,241.791706863999,234.416840343969,51.7209933568203,3.14604808648071,4.25696194299795
"2025-06-16",237.600006103516,239.940002441406,236.070007324219,236.539993286133,4505600,235.294570922852,241.19882736206,214.720477905273,191.99536819458,240.792147488438,234.481857423887,51.6509176900568,2.69116345881895,3.94380224616215
"2025-06-17",236.729995727539,238.970001220703,234.880004882812,235.75,5720500,234.508728027344,241.221706390381,216.092018127441,192.31732170105,239.825467571347,234.483847838957,50.6772165822486,2.27803312749195,3.61064842242811
"2025-06-18",235.960006713867,239.520004272461,232.240005493164,235.889999389648,7761100,234.648010253906,241.25304107666,217.448638000488,192.631508560181,239.028935676356,234.496008017843,50.8540563570713,1.93305109832334,3.27512895760716
"2025-06-20",239.720001220703,240.800003051758,236.509994506836,239.369995117188,9142100,238.109664916992,241.543006134033,218.841266784668,192.957856826782,238.887509405684,234.763686306668,55.1573082898997,1.75658474438385,2.9714201149625
"2025-06-23",239.240005493164,248.460006713867,238.619995117188,247.809997558594,8052000,246.505249023438,242.415388488769,220.045691833496,193.377702331543,240.059469346877,235.633431693096,63.5038725074646,1.87835725261019,2.75280754249203
"2025-06-24",248.380004882812,249.389999389648,245.570007324219,248.75,5255700,247.440307617188,243.209187316894,221.383411560059,193.791582717895,241.194982926925,236.50801509488,64.3008508567668,1.98173741814394,2.59859351762241
"2025-06-25",250.080001831055,250.990005493164,248.479995727539,249.899993896484,5197400,248.584228515625,243.613048553467,222.740826416016,194.223604888916,242.331789940571,237.402549422343,65.2991969336886,2.07632164449048,2.49413914299603
"2025-06-26",251.179992675781,255.479995727539,250,251,6790300,249.678436279297,243.977619171142,224.033981323242,194.674064483643,243.462043223452,238.31187437471,66.2708628364867,2.16110458711105,2.42753223181903
"2025-06-27",251.850006103516,260.549987792969,251.779998779297,254.509994506836,26988000,253.169967651367,244.492394256592,225.403532409668,195.121591644287,244.955570058516,239.412473876685,69.2314963653282,2.31529130127386,2.40508404571
"2025-06-30",256.309997558594,257.890014648438,253.869995117188,257.390014648438,8135800,256.034820556641,245.063373565674,226.89444152832,195.575376281738,246.660070135151,240.643758815941,71.4461942239468,2.50009031973761,2.42408530051552
"2025-07-01",255.75,255.75,247.110000610352,249.020004272461,7178300,247.708877563477,245.13996887207,228.231962280273,195.990649032593,246.821425124124,241.167100945388,58.3100647122386,2.34456696480199,2.40818163337281
"2025-07-02",248,249.130004882812,243.660003662109,244.75,6228600,243.461334228516,244.935052490234,229.552969665527,196.368104782104,246.304488063261,241.337044151545,52.9603766908135,2.05830146349042,2.33820559939633
"2025-07-03",245.550003051758,248.699996948242,245,246.880004882812,3089500,245.580139160156,244.736106109619,230.700893859863,196.713691864014,246.193049770476,241.651347485517,55.1698703884574,1.87944422086512,2.24645332369009
"2025-07-07",247.520004272461,249.440002441406,246.479995727539,248.649993896484,5336400,247.702026367188,244.591527557373,231.801730041504,197.054249343872,246.425200016124,242.099545921196,57.3313627594636,1.78672540605918,2.15450774016391
"2025-07-08",248,249.460006713867,243.339996337891,247.050003051758,5994500,246.108123779297,244.182730102539,232.796480407715,197.392330780029,246.376419056612,242.396477614389,55.1791610577993,1.64191389305368,2.05198897074186
"2025-07-09",248.990005493164,251.720001220703,246.820007324219,250.330001831055,5589500,249.375610351562,244.14719619751,233.836287841797,197.730813751221,246.837833101989,242.913450409735,58.6094348180758,1.61554771283132,1.96470071915976
"2025-07-10",250.610000610352,252.679992675781,246.75,252.570007324219,5462500,251.607086181641,244.691258239746,234.872380981445,198.067537231445,247.571564345012,243.557423429876,60.8150567959181,1.64812915927897,1.9013864071836
"2025-07-11",251.5,256.880004882812,251.399993896484,255.419998168945,7867200,254.446212768555,245.202203369141,235.972418518066,198.412171096802,248.629202564019,244.364000417926,63.4814288763337,1.74542982550541,1.87019509084796
"2025-07-14",256.190002441406,262.459991455078,256,262.339996337891,7502200,261.339813232422,246.332872772217,237.189637756348,198.785136108398,250.584681128389,245.621468033815,68.9976555567168,2.02067560881545,1.90029119444146
"2025-07-15",263.920013427734,265.059997558594,261.739990234375,264.670013427734,9392400,263.660980224609,247.748209381103,238.412098083496,199.164807510376,252.596419450884,246.957728196096,70.6075910319417,2.28326171283482,1.97688529812013
"2025-07-16",264,266.859985351562,262.029998779297,266.179992675781,11912900,265.165191650391,249.24174041748,239.58327331543,199.553633041382,254.530076712347,248.30642919271,71.6355493163458,2.50643833100515,2.08279590469713
"2025-07-17",269.799987792969,272.799987792969,258.160003662109,260.279998779297,16260200,259.287658691406,250.480686950683,240.612228393555,199.935176239014,255.262012401433,249.119853600021,62.4456016776752,2.46554367813381,2.15934545938447
"2025-07-18",265.399993896484,269.700012207031,262.559997558594,263.269989013672,8619800,262.266265869141,251.861599731445,241.707519836426,200.327696838379,256.339589858003,250.093661916252,64.9029033435918,2.49743551831494,2.22696347117056
"2025-07-21",263.690002441406,266.25,259.579986572266,262.859985351562,5208500,261.857849121094,253.04900894165,242.768381958008,200.702315216064,257.188552821556,250.965083190685,64.2818044994089,2.4798149414841,2.27753376523327
"2025-07-22",260.730010986328,261.5,254.660003662109,259,4751300,258.012542724609,253.624373626709,243.661419067383,201.069007492065,257.315320498948,251.487117230235,58.5961821765918,2.31749575600639,2.2855261633879
"2025-07-23",260.529998779297,263.730010986328,259.950012207031,263.179992675781,4689800,262.176605224609,254.36118850708,244.628387145996,201.455826263428,258.063210456742,252.278931155744,62.4675774651519,2.29281108592749,2.28698314789581
"2025-07-24",263.559997558594,269.839996337891,263.179992675781,268.010009765625,5206700,266.988220214844,255.281388092041,245.612207641601,201.879341812134,259.436288881066,253.368508123085,66.3794948614819,2.39484409602837,2.30855533752233
"2025-07-25",268.829986572266,272.829986572266,268.260009765625,271.589996337891,4598400,270.554534912109,256.325193023681,246.615031433105,202.304878082275,261.146788270457,254.641547144494,68.961720538833,2.55466603895222,2.35777747780831
"2025-07-28",273.359985351562,273.440002441406,267.440002441406,270.609985351562,5006400,269.578308105469,257.145610046387,247.565305175781,202.731084442139,262.443945168151,255.747973882344,67.4348916309434,2.6181913327249,2.40986024879162
"2025-07-29",272.730010986328,273.799987792969,269.119995117188,270.309997558594,4125300,269.279449462891,257.807841491699,248.387448425293,203.148312301636,263.495561213496,256.750305406829,66.946230061685,2.6271656409439,2.45332132722208
"2025-07-30",270.920013427734,273.630004882812,269.510009765625,273.549987792969,4697000,272.507080078125,259.047751617431,249.226397399902,203.572707290649,264.881948731131,257.917473900999,69.5154757325325,2.70027258130063,2.50271157803779
"2025-07-31",273.070007324219,274.940002441406,269.880004882812,271.079986572266,4524000,270.046508789062,260.377010345459,249.946304626465,203.990548858643,265.676496432351,258.815920929744,65.3454675023318,2.65075482140411,2.53232022671105
"2025-08-01",265.529998779297,270.549987792969,261.709991455078,269.380004882812,4416300,268.35302734375,261.515654754638,250.632938842773,204.384855575562,266.08827041872,259.522373256708,62.5637847364526,2.52999272456469,2.53185472628178
"2025-08-04",270.510009765625,276.850006103516,270.220001220703,276.230010986328,3744000,275.176879882812,262.88939743042,251.490269165039,204.80599571228,267.48651802858,260.681966340123,68.400927777832,2.61028861489379,2.54754150400418
"2025-08-05",276.260009765625,277,268.619995117188,272.119995117188,4000600,271.08251953125,264.138117218017,252.33076751709,205.216874084473,268.039749028991,261.452377687614,62.1402348465929,2.51953009555259,2.54193922231386
"2025-08-06",273.5,275.049987792969,269.910003662109,272.279998779297,3576800,271.241943359375,265.231433868408,253.124319763184,205.620570068359,268.532394310589,262.177530700337,62.2849874957778,2.42387804678625,2.51832698720834
"2025-08-07",271.950012207031,272.869995117188,268.730010986328,272.019989013672,3050400,270.98291015625,266.200225067138,253.733837890625,206.02078994751,268.909396748383,262.829781030405,61.8710611630466,2.31313806759015,2.4772892032847
"2025-08-08",273.579986572266,277.179992675781,272.579986572266,275.010009765625,4467300,273.961547851562,267.175991821289,254.365328369141,206.435952529907,269.686650764256,263.65435635049,64.7703712686443,2.2879555252814,2.43942246768404
"2025-08-11",275.149993896484,276.410003662109,272.549987792969,275.200012207031,3360100,274.150817871094,267.816542053222,254.990855407715,206.844032287598,270.37344570377,264.431872018683,64.9527368557138,2.24692040325116,2.40092205479747
"2025-08-12",276.040008544922,280.540008544922,275.700012207031,279.630004882812,3630100,278.563903808594,268.561688232422,255.669828796387,207.361260681152,271.633516181435,265.478689188306,68.9842029369513,2.31838834670581,2.38441531317914
"2025-08-13",281,281.5,264.079986572266,268.859985351562,7599600,267.8349609375,268.695176696777,256.102988586426,207.799913864136,271.049123066984,265.653227836395,53.0171572008248,2.03117999902949,2.31376825034921
"2025-08-14",272.989990234375,274.160003662109,269.480010986328,269.700012207031,4481700,268.671783447266,269.16438293457,256.525231018066,208.252416152954,270.683378510104,265.876824548311,53.9131672608755,1.80781230931231,2.21257706214183
"2025-08-15",268.920013427734,269.700012207031,265.209991455078,267.850006103516,5203300,266.828826904297,269.392510986328,256.870626220703,208.698875732422,270.090370570749,265.947343241347,51.5801260104542,1.55783745718503,2.08162914115047
"2025-08-18",267.899993896484,269.609985351562,266.510009765625,268.450012207031,2697000,267.426544189453,269.670945739746,257.20728515625,209.166860580444,269.680551127473,266.056913681947,52.3010701417236,1.36197830583615,1.9376989740876
"2025-08-19",266.309997558594,268.959991455078,263.799987792969,265.929992675781,3404900,264.916168212891,270.01612701416,257.419927062988,209.628786468506,268.947569140614,265.972414017573,49.0010899380808,1.11859537540031,1.77387825435015
"2025-08-20",265.459991455078,268.940002441406,263.809997558594,266.440002441406,3854700,265.424194335938,270.178506469726,257.726685180664,210.090328216553,268.405511478356,265.931805152267,49.6928609149768,0.930203261950258,1.60514325587017
"2025-08-21",267.140014648438,271.920013427734,266.140014648438,268.709991455078,3266400,267.685516357422,270.213371276855,258.265878601074,210.577351760864,268.294742998212,266.061709685982,52.7642398566396,0.839291499278949,1.45197290455192
"2025-08-22",269.730010986328,272.350006103516,266.369995117188,266.529998779297,5229300,265.513854980469,269.961337280273,258.69160949707,211.053913497925,267.866914072406,266.021127855944,49.6304737323051,0.693849481557551,1.30034821995305
"2025-08-25",267,271.920013427734,266.559997558594,266.609985351562,4301600,265.593505859375,269.762097167968,259.22895111084,211.530576171875,267.517158962709,265.989452152494,49.7483592053811,0.574348643471279,1.1551483046567
"2025-08-26",267.980010986328,274.700012207031,267.420013427734,273.940002441406,4693500,272.895629882812,269.942906188965,259.979778747558,212.026402206421,268.34461602734,266.501020873259,59.18037908675,0.691777895649515,1.06247422285526
"2025-08-27",273.700012207031,274.700012207031,272.230010986328,273.350006103516,2705700,272.307861328125,269.932945251465,260.720044555664,212.492029418945,268.954346073615,266.931157203249,58.2329105773373,0.757944067513083,1.00156819178682
"2025-08-28",272.5,276.670013427734,272.130004882812,276,3388100,274.94775390625,270.178007507324,261.528825073242,212.980322570801,269.876408817097,267.524979181249,61.2347933962141,0.878957039093997,0.977045961248259
"2025-08-29",276,276.279998779297,271.640014648438,275.200012207031,5037100,274.150817871094,270.467897033691,262.318881225586,213.435091171265,270.53401021002,268.015782047163,59.8366595265021,0.939582043871301,0.969553177772867
"2025-09-02",273.899993896484,275.579986572266,268.010009765625,275.390014648438,4081200,274.340118408203,270.426058959961,263.04349029541,213.892045440674,271.119565317432,268.48425140724,60.0698786690559,0.98155251057721,0.971953044333736
"2025-09-03",275.910003662109,277.320007324219,273.600006103516,275.929992675781,4120400,274.877990722656,270.615832519531,263.610945129394,214.361205291748,271.697784610544,268.957861726901,60.7669835060066,1.01871827283682,0.981306090034352
"2025-09-04",275.829986572266,282.359985351562,275.829986572266,282.269989013672,4591300,281.19384765625,271.113427734375,264.286015930176,214.857384490967,273.158717386806,269.864231055001,67.8620090977657,1.22079399664279,1.02920367135604
"2025-09-05",282.269989013672,284.410003662109,271.859985351562,279.230010986328,4952600,278.165435791016,271.472554016113,264.877640075684,215.363996658325,273.928981756685,270.47913510952,62.066069541309,1.27545758594929,1.07845445427469
"2025-09-08",280,282.920013427734,275.489990234375,276.049987792969,5008600,274.997528076172,271.524353027344,265.384021911621,215.862055130005,274.093373498144,270.813830884828,56.6185574763653,1.2109952444457,1.10496261230889
"2025-09-09",275.380004882812,277.079986572266,273.299987792969,276.239990234375,3073600,275.186828613281,271.576153564453,265.824359130859,216.358135681152,274.261597362011,271.137756642491,56.8622071788632,1.15212309720456,1.11439470928803
"2025-09-10",277.549987792969,283.489990234375,276.890014648438,283.410003662109,3206400,282.329467773438,271.764431762695,266.350252075195,216.889731292725,275.502808194539,271.96677228182,64.8777926061035,1.3001720331681,1.15155017406404
"2025-09-11",283.730010986328,286.910003662109,279.589996337891,281.559997558594,4016800,280.486541748047,272.397010803223,267.005805358887,217.410030517578,276.26953643354,272.597866316356,61.6925401791838,1.34691814239043,1.19062376772932
"2025-09-12",281.559997558594,283.529998779297,280.700012207031,281.690002441406,3249700,280.616058349609,272.99422454834,267.748899841309,217.927408752441,276.938232112935,273.191806466967,61.8343553242101,1.37135359014549,1.22676973221255
"2025-09-15",281.989990234375,287.109985351562,281.619995117188,286.779998779297,3716600,285.686645507812,273.937115478515,268.551029968262,218.457996826172,278.284141865993,274.117350099622,66.9871185462274,1.52007589627454,1.28543096502495
"2025-09-16",289.869995117188,294.739990234375,288.839996337891,292.970001220703,5538400,291.853057861328,275.158441162109,269.434050598144,219.02407585144,280.371667403737,275.431106230119,71.9473357253947,1.79375570219369,1.3870959124587
"2025-09-17",292.089996337891,292.709991455078,286.5,289.5,4149600,288.396301269531,276.332447814941,270.279814147949,219.551112670898,281.606226460013,276.391491047853,65.9639773772592,1.88672067739482,1.48702086544592
"2025-09-18",290.709991455078,297.649993896484,290.209991455078,297.089996337891,3977500,295.957336425781,277.859104919433,271.211448669434,220.135780181885,283.81408953167,277.8408129277,71.539332341307,2.14989170994264,1.61959503434527
"2025-09-19",297.790008544922,303.029998779297,295.359985351562,301.140014648438,9652600,299.991912841797,279.474424743652,272.179145202637,220.732888641357,286.302985425535,279.481635143559,73.9878917374415,2.44071503248244,1.7838190339727
"2025-09-22",300.100006103516,301.149993896484,296.350006103516,301.019989013672,4192800,299.872344970703,281.192349243164,273.08766784668,221.337924194336,288.390579201715,280.992058093718,73.7852930625389,2.63300007772098,1.95365524272236
"2025-09-23",301.649993896484,305.769989013672,301.149993896484,305.630004882812,3637400,304.464813232422,283.135914611816,273.95016784668,221.964534301758,290.863538283362,282.730780696585,76.4523918315674,2.87650236268591,2.13822466671507
"2025-09-24",306.899993896484,307.25,298.790008544922,300.299987792969,5645500,299.155090332031,284.448887634277,274.660050048828,222.555030136108,292.139161675465,283.947396225136,67.8564124749381,2.88495881956734,2.28757149728552
"2025-09-25",298.5,300.239990234375,294.869995117188,297.179992675781,4504500,296.046997070312,285.635844421386,275.277686157226,223.178260421753,292.740367120826,284.843662954408,63.3652158047397,2.77229413654942,2.3845160251383
"2025-09-26",299.929992675781,302,292.75,294.980010986328,3817600,293.855377197266,286.581225585937,275.969040527344,223.777299118042,292.911907132586,285.511197342768,60.3328546530498,2.59209090876145,2.42603100186293
"2025-09-29",296.359985351562,297.929992675781,289.660003662109,293.630004882812,3860800,292.867950439453,287.517082214355,276.58107421875,224.392514724731,292.905144564412,286.056142016597,58.9637413706721,2.39428613541801,2.41968202857395
"2025-09-30",294.709991455078,301.470001220703,293.910003662109,300.820007324219,4112400,300.039306640625,288.802041625976,277.344703369141,225.043834991455,294.002707960752,287.091931988747,65.1492899997739,2.40716481446652,2.41717858575246
"2025-10-01",296.380004882812,302.230010986328,295.029998779297,300.880004882812,3633300,300.099151611328,290.06309967041,278.186435546875,225.708489608765,294.940622368533,288.055429738568,65.1964360412379,2.39023185093723,2.41178923878942
"2025-10-02",302.309997558594,303.440002441406,296.799987792969,299.450012207031,2508200,298.6728515625,290.937049865722,278.916360473633,226.38489654541,295.514811475297,288.841905429229,63.0086653215273,2.31022781689234,2.39147695441
"2025-10-03",299.459991455078,302.75,295.459991455078,297,2817000,296.229217529297,291.840238952636,279.501180419922,227.043236846924,295.62472009899,289.389113732938,59.3350059002448,2.15474807798264,2.34413117912453
"2025-10-06",295.799987792969,299.290008544922,294.75,298.220001220703,2759800,297.446044921875,292.962664794922,280.039010620117,227.708751678467,295.904923917895,289.985923450637,60.5679006586422,2.04113372015642,2.28353168733091
"2025-10-07",298.070007324219,302.739990234375,297.890014648438,301.739990234375,2578800,300.956878662109,294.251167297363,280.66658203125,228.391771011353,296.682147724697,290.798586799635,63.9627671349489,2.02324261263209,2.23147387239114
"2025-10-08",303.399993896484,304.670013427734,299.589996337891,302.559997558594,2658600,301.774780273438,295.223432922363,281.316488647461,229.107874679565,297.465629655273,291.611638168065,64.7247039349746,2.00746154165286,2.18667140624349
"2025-10-09",302.709991455078,304,296.100006103516,299.350006103516,4292500,298.573120117188,296.12776184082,281.837809448242,229.78393157959,297.63601280326,292.12730349763,59.4278680751154,1.88572216279494,2.12648155755378
"2025-10-10",299,300,291.489990234375,291.489990234375,3380000,290.733489990234,296.633633422851,282.251549072266,230.403096160889,296.57408621664,292.024058052637,48.879640903161,1.55810045047142,2.01280533613731
"2025-10-13",296,297.579986572266,293.119995117188,297.529998779297,2604100,296.757843017578,297.18719329834,282.819645385742,231.049160842896,296.602356493708,292.374708790781,55.4269283877477,1.44596901709164,1.89943807232817
"2025-10-14",294.839996337891,302.290008544922,292.010009765625,300.079986572266,2516500,299.301208496094,297.559600830078,283.302131958008,231.69570022583,297.017564494075,292.887782843027,57.8796194217218,1.41002182165504,1.80155482219355
"2025-10-15",301.540008544922,304.950012207031,295.720001220703,300.119995117188,2773000,299.341094970703,298.106840515137,283.867303466797,232.339167785645,297.375030721248,293.365805963595,57.9187269811065,1.36662987851786,1.71456983345841
"2025-10-16",301.670013427734,303.049987792969,297.760009765625,299.839996337891,2623100,299.061828613281,298.262065124512,284.423701171875,232.990125350952,297.634538089253,293.787733567276,57.5160699553636,1.30938227926283,1.63353232261929
"2025-10-17",298.170013427734,302.959991455078,297.339996337891,300.140014648438,3949300,299.361053466797,298.230522155762,284.991264038086,233.652408676147,297.900155839645,294.200572078351,57.8541618000894,1.25750393181021,1.55832664445748
"2025-10-20",303.859985351562,305.429992675781,301.670013427734,302.679992675781,5058700,301.894470214844,298.331628417969,285.549922485351,234.333862457275,298.514665743522,294.770490458832,60.705418601561,1.2702001746719,1.50070135050036
"2025-10-21",307.299987792969,316.529998779297,303.029998779297,306.630004882812,6726600,305.834197998047,298.40009765625,286.183590087891,235.026078872681,299.640747628833,295.590024350626,64.7043758900489,1.37038565056655,1.4746382105136
"2025-10-22",307.600006103516,309,294.799987792969,297.890014648438,5212200,297.116912841797,298.298188781738,286.554650268555,235.657978668213,299.252465353904,295.703127201824,52.0759078443272,1.20030457089422,1.41977148258972
"2025-10-23",299.149993896484,307.089996337891,298.679992675781,306.390014648438,3091000,305.594848632812,298.775581359863,287.309848022461,236.329835586548,300.228216627583,296.435847307823,60.2096177993812,1.27932210432753,1.39168160693728
"2025-10-24",309.190002441406,310.299987792969,303.570007324219,303.869995117188,3586800,303.081390380859,299.236882019043,287.998040161133,236.989820327759,300.667166435779,296.928109757677,57.1147013208034,1.25924644896465,1.36519457534276
"2025-10-27",307.489990234375,313.329986572266,304.5,312.839996337891,4244400,312.028106689453,300.194889831543,288.902025756836,237.691659240723,302.415003397883,298.04662804892,64.1739524879871,1.46566843502269,1.38528934727874
"2025-10-28",312.100006103516,316.670013427734,309.450012207031,309.790008544922,3058100,308.986022949219,300.642225646973,289.733215332031,238.384245071411,303.425929482704,298.85695359709,60.5257213088251,1.52881699107892,1.41399487603878
"2025-10-29",310,315.119995117188,309.019989013672,314.279998779297,3596800,313.46435546875,301.310485839844,290.704179077148,239.099818191528,304.970302711326,299.938983365361,63.7892741463354,1.67744762268394,1.46668542536781
"2025-10-30",310.410003662109,314.839996337891,308.5,310.75,3782000,309.943511962891,301.874018859863,291.594565429687,239.771525344849,305.735411826951,300.680059557771,59.6162026701668,1.68130612871888,1.50960956603803
"2025-10-31",311.739990234375,314.920013427734,307.179992675781,308.950012207031,4023800,308.148193359375,302.469967651367,292.403818969727,240.417227783203,306.106608985786,301.233254654186,57.5488052622439,1.61780090886521,1.53124783460346
"2025-11-03",309.100006103516,311.690002441406,306.279998779297,308.619995117188,3297600,307.819061279297,302.988618469238,293.249923095703,241.06401512146,306.370063184788,301.721092181972,57.1574726502384,1.54081737183012,1.53316174204879
"2025-11-04",305.820007324219,309.230010986328,303.070007324219,304.200012207031,3938200,303.410522460938,303.11130065918,294.006263427734,241.673320388794,305.914749227272,301.846235165599,52.0517822955121,1.34787636474607,1.49610466658825
"2025-11-05",303.450012207031,308.540008544922,302.5,305.109985351562,4711100,304.318145751953,303.238468933105,294.634713745117,242.264079055786,305.669117923377,302.029339653477,52.9829596148573,1.20510751507636,1.43790523628587
"2025-11-06",303.730010986328,308.029998779297,301.440002441406,305.269989013672,3467800,304.477722167969,303.533699035644,295.278110961914,242.851366195679,305.485826268699,302.210701321218,53.1552134671524,1.08372236097629,1.36706866122396
"2025-11-07",304.029998779297,308.920013427734,297.700012207031,307.269989013672,4766500,306.472534179688,304.320651245117,295.908606567383,243.386869812012,305.637627485774,302.526392644067,55.3570471897344,1.02841765788262,1.29933846055569
"2025-11-10",309.940002441406,313.760009765625,308.920013427734,311.940002441406,3716400,311.130462646484,305.039282226562,296.648199462891,243.965769042969,306.48267904896,303.163731162765,60.0758755295505,1.09477076082483,1.25842492060952
"2025-11-11",310.5,312.720001220703,307.049987792969,310.720001220703,2682200,309.913604736328,305.569902038574,297.359669189453,244.549952468872,307.010513770094,303.663721797843,58.3409280270252,1.10213757258706,1.22716745100502
"2025-11-12",310.779998779297,312.450012207031,302,309.019989013672,3884500,308.218017578125,306.013748168945,298.026469726562,245.125807037354,307.196283586714,304.001077040827,55.9176669594948,1.051051061065,1.19194417301702
"2025-11-13",309.980010986328,311.380004882812,302.579986572266,304.170013427734,4153300,303.380615234375,306.2296875,298.470205078125,245.654290466309,306.609257686354,303.955116907016,49.5893003802894,0.873201545789426,1.1281956475715
"2025-11-14",300.970001220703,306.799987792969,296.25,304.820007324219,2803300,304.028930664062,306.463081359863,298.987474975586,246.153895721436,306.212284298309,303.960584592723,50.3994916208078,0.74078674003184,1.05071386606357
"2025-11-17",306.820007324219,308.820007324219,298.549987792969,300.130004882812,3076600,299.351104736328,306.335913085937,299.474546508789,246.640040664673,305.156718211851,303.619141640398,44.8041633296459,0.50641621708889,0.941854336268633
"2025-11-18",295.829986572266,301.079986572266,293.75,296.010009765625,4053600,295.241790771484,305.806292724609,299.875645751953,247.102958221436,303.631344759487,302.998597131589,40.5456888325968,0.208828566827535,0.795249182380414
"2025-11-19",295.859985351562,301.670013427734,295.5,300.820007324219,2952600,300.039306640625,305.952412414551,300.229842529297,247.59944480896,303.078723510431,302.779390428555,46.8920788747354,0.0988617757148091,0.655971701047293
"2025-11-20",305.399993896484,307.079986572266,290.480010986328,290.619995117188,3733900,289.865783691406,305.16595916748,300.417427368164,248.033149108887,301.045963538273,301.822826966544,37.7015203581077,-0.257390547984182,0.473299251240998
"2025-11-21",290.619995117188,291.709991455078,284.040008544922,287.440002441406,5604100,286.694030761719,304.346591186523,300.538986816406,248.443647155762,298.837973880342,300.702175395816,35.3737698627563,-0.619949460964264,0.254649508799945
"2025-11-24",289.480010986328,294.820007324219,287.369995117188,294.049987792969,11909200,293.286834716797,303.40952758789,300.690990600586,248.890981521606,297.983952470566,300.152890901074,43.2210699936935,-0.722611207907042,0.0591973654585479
"2025-11-25",294.489990234375,295.980010986328,286.209991455078,293.440002441406,4693100,292.678436279297,302.594148254394,300.707498168945,249.335571670532,297.16771921037,299.599227595757,42.7057225498746,-0.811587000707259,-0.114959507774614
"2025-11-26",295.209991455078,298.609985351562,293.459991455078,296.619995117188,4113700,295.850189208984,301.713439941406,300.856575927734,249.778148727417,296.96502228708,299.321521048589,46.3004905999197,-0.787280097085263,-0.249423625636743
"2025-11-28",297.010009765625,298.679992675781,295.260009765625,298.450012207031,1376400,297.675476074219,301.100038146973,300.890938720703,250.225781402588,297.074322869717,299.199591791228,48.3104123781237,-0.710318122022691,-0.341602524913933
"2025-12-01",295.75,296.399993896484,288.029998779297,288.450012207031,3756300,287.701416015625,300.077699279785,300.64512878418,250.629898300171,295.632337199857,298.347875067109,39.5902821872244,-0.910191790922488,-0.455320378115644
"2025-12-02",290.799987792969,292,288.459991455078,289.320007324219,4255800,288.569152832031,299.115203857422,300.419064941406,251.03880065918,294.54569345096,297.623525271918,40.594913215919,-1.034135933356,-0.571083489163714
"2025-12-03",288.040008544922,289.350006103516,284.5,288.489990234375,4059500,287.741271972656,298.331741333008,300.084594116211,251.434577941895,293.498859377375,296.89150650901,39.9129235070116,-1.14272286584656,-0.685411364500283
"2025-12-04",288.850006103516,294.540008544922,287.660003662109,291.859985351562,4195300,291.1025390625,297.670960998535,299.92354309082,251.845076522827,293.130194713548,296.462694105565,44.0246382562482,-1.12408726570834,-0.773146544741894
"2025-12-05",291.670013427734,293.279998779297,282.149993896484,283.940002441406,5220300,283.203125,296.607231140137,299.666665649414,252.224815368652,291.602953219156,295.480503801449,37.5256383431987,-1.31228643934431,-0.880974523662378
"2025-12-08",285,288.839996337891,283.299987792969,287.190002441406,4333200,286.444671630859,295.605838012695,299.518451538086,252.664995193481,290.809371436341,294.811182899924,41.3516692076569,-1.35741508317915,-0.976262635565732
"2025-12-09",287.200012207031,290.450012207031,284.769989013672,285.309997558594,3553400,284.569549560547,294.277792358398,299.352483520508,253.101359481812,289.849398840065,294.052543393303,39.8320281546788,-1.42938554611178,-1.06688721767494
"2025-12-10",285.450012207031,285.880004882812,281.309997558594,283.600006103516,5807400,282.863983154297,292.925311279297,299.008977050781,253.526415863037,288.774719503793,293.223761153377,38.4479982398456,-1.51728551331706,-1.15696687680337
"2025-12-11",282.079986572266,289.359985351562,279.640014648438,288.420013427734,5971500,287.671478271484,291.897984313965,298.760423583984,253.963892974854,288.604990083438,292.812480939903,44.320746229836,-1.43692333160104,-1.2129581677629
"2025-12-12",290.929992675781,304.010009765625,290.700012207031,299.809997558594,9381900,299.031921386719,291.680549621582,298.767604980469,254.459065933228,290.209133360866,293.27318023226,55.1987744448674,-1.04477568285227,-1.17932167078077
"2025-12-15",300,308.059997558594,299.910003662109,300.980010986328,6808600,300.198883056641,291.489047241211,298.846998291016,254.932521057129,291.746017929447,293.786195256288,56.146552222575,-0.694442883901258,-1.08234591340487
"2025-12-16",297.660003662109,301.399993896484,296.859985351562,298.730010986328,5271300,297.954742431641,291.419229125976,298.857172241211,255.419676818848,292.7012063144,294.094976528537,53.7898998620833,-0.473918402343643,-0.960660411192626
"2025-12-17",299.119995117188,301.230010986328,291.619995117188,292.179992675781,3802500,291.421691894531,291.228224182129,298.666468505859,255.890004043579,292.504357942112,293.896955444536,47.5347938053427,-0.473838696395368,-0.863296068233174
"2025-12-18",296,302.309997558594,295.420013427734,301.690002441406,4495100,300.907043457031,291.271611022949,298.649113769531,256.389240722656,293.797078790561,294.416221223239,55.6066585306314,-0.210294945742406,-0.732695843735021
"2025-12-19",304.230010986328,308.429992675781,303.640014648438,307.209991455078,8856400,306.412719726562,292.098957824707,298.805905761719,256.948026275635,295.737946626869,295.304850742004,59.5014473643267,0.146660606412907,-0.556824553705435
"2025-12-22",309.649993896484,316.399993896484,305.929992675781,314.730010986328,6959900,313.913208007812,293.459916687011,299.26950012207,257.555236053467,298.534140685476,296.683247576508,64.1197754487875,0.623861685513605,-0.320687305861627
"2025-12-23",315,317.75,314.160003662109,315.529998779297,2724800,314.711120605469,294.531130981445,299.628565673828,258.173249435425,301.022906827013,298.018645578653,64.5824906476776,1.00807828400342,-0.0549341878886173
"2025-12-24",315.989990234375,317.160003662109,315.119995117188,316.75,878500,315.927978515625,295.693608093261,299.961101074219,258.799336547852,303.315994779107,299.345262833244,65.3170781264453,1.32647228430507,0.22134710655012
"2025-12-26",316.600006103516,318.059997558594,314.540008544922,315.140014648438,1882300,314.322143554688,296.617205810547,300.260722045898,259.401080703735,305.009248436889,300.454661405203,63.4469056010429,1.51589827576131,0.480257340392357
"2025-12-29",313.339996337891,314,311.25,311.579986572266,2773200,311.126770019531,297.289770507812,300.502020874023,259.999680099487,305.950405603449,301.245187969227,59.779072985062,1.56192291931403,0.696590456176692
"2025-12-30",311.940002441406,312.929992675781,310.559997558594,311.790008544922,3155100,311.336486816406,298.471524047851,300.741529541016,260.576001586914,306.779033482366,301.992691587537,59.9427457821252,1.58491977725279,0.874256320391912
"2025-12-31",312.140014648438,313.359985351562,307.869995117188,308.029998779297,2555700,307.581939697266,299.422163391113,300.855278930664,261.109079971313,306.902557515427,302.406709966035,55.5819361731118,1.4866890850064,0.996742873314809
"2026-01-02",309.75,320.980010986328,308.660003662109,320.75,4340100,320.283447265625,301.049272155762,301.144263916016,261.711833190918,308.961155938534,303.730912728968,64.8880411595835,1.72199897684895,1.14179409402164
"2026-01-05",323.820007324219,329.429992675781,323.420013427734,324.320007324219,5628200,323.848266601562,302.686558532715,301.678890991211,262.308636322021,311.251480655923,305.221087089901,66.9790905503093,1.97574604805943,1.3085844848292
"2026-01-06",325.920013427734,332.790008544922,321.459991455078,327.540008544922,4324700,327.063568115234,304.879580688476,302.108265380859,262.929672851562,313.684109495817,306.839048647333,68.784785641503,2.23083107533424,1.49303380293021
"2026-01-07",328.420013427734,330.260009765625,322.950012207031,323.640014648438,4656800,323.169250488281,306.715809631347,302.510022583008,263.530242996216,315.143361956196,308.048693228144,64.2052614774643,2.30309976442535,1.65504699522923
"2026-01-08",330.149993896484,330.149993896484,310.269989013672,314.440002441406,5771700,313.982635498047,308.186463928222,302.54911315918,264.054540634155,314.964788654943,308.488244507396,54.9168323069244,2.09944601224235,1.74392679863186
"2026-01-09",317.109985351562,322.299987792969,315.190002441406,321.589996337891,3508000,321.122222900391,310.099375915527,302.791837158203,264.605086288452,315.912086231166,309.424094758729,59.7859647864475,2.09679581594826,1.81450060209514
"2026-01-12",320.200012207031,324.540008544922,319.410003662109,324.170013427734,4125300,323.698486328125,311.900726318359,302.996519775391,265.192187957764,317.10999393839,310.481457097202,61.4057649635435,2.13492197027161,1.87858487573043
"2026-01-13",325.549987792969,328.089996337891,325,327.230010986328,2783900,326.754028320312,313.286831665039,303.332730102539,265.80197807312,318.593691535609,311.686832743359,63.2941962960863,2.21596104380102,1.94606010934455
"2026-01-14",324.820007324219,326.299987792969,316.359985351562,318.880004882812,3923600,318.416168212891,314.197695922851,303.538089599609,266.399920883179,318.566380255191,312.185302037398,55.3372349854826,2.04400340956095,1.96564876938783
"2026-01-15",320.589996337891,324.450012207031,317.950012207031,319.940002441406,4044900,319.474609375,315.273689270019,303.771200561523,267.001813049316,318.706107812084,312.725250729072,56.0918497505036,1.91249573517602,1.95501816254547
"2026-01-16",321.720001220703,325.549987792969,318.700012207031,325.119995117188,4109700,324.647064208984,316.934957885742,304.195931396484,267.611463317871,319.620101103915,313.608348023881,59.6773020147479,1.91696207002012,1.9474069440404
"2026-01-20",321.75,323.880004882812,309.660003662109,312.339996337891,10372200,311.885681152344,317.483889770508,304.347282104492,268.177300720215,318.430190342135,313.480743070433,49.0379167303306,1.57886804249072,1.87369916373046
"2026-01-21",313.059997558594,320.329986572266,310.660003662109,318.5,9783900,318.036712646484,318.065089416504,304.618461914062,268.834273834228,318.369655312035,313.818222298289,53.3546080261937,1.45034057627782,1.78902744623993
"2026-01-22",305.869995117188,310,294.839996337891,295,13939000,294.570892333984,317.097973632812,304.380429077148,269.477469711304,314.708307161565,312.392494152785,39.5806392074404,0.741315189105629,1.57948499481307
"2026-01-23",297,299.109985351562,290.070007324219,293.869995117188,7780200,293.442535400391,316.034544372558,304.026670532226,270.110597305298,311.436649967539,310.988793504459,39.0584859273416,0.144010482831969,1.29239009241685
"2026-01-26",293,298.730010986328,290.440002441406,295.059997558594,7844800,294.630798339844,314.969685363769,303.721014404297,270.741360168457,308.851134332509,309.777090158932,39.9568031940247,-0.298910363561333,0.974130001221216
"2026-01-27",295.510009765625,300.630004882812,294.600006103516,297.470001220703,7452200,297.037292480469,314.105442810058,303.497399902344,271.295126647949,307.033620201426,308.833401442009,41.8270316976524,-0.582767677388518,0.662750465499269
"2026-01-28",297,298.269989013672,291.149993896484,292.480010986328,7541300,292.054565429688,313.151832580566,303.27087890625,271.852627868652,304.729150236543,307.590524700356,39.110637862127,-0.93025442399447,0.344149487600521
"2026-01-29",293.299987792969,299.190002441406,290.329986572266,298.859985351562,6149900,298.425262451172,312.506271362304,303.158805541992,272.441186752319,303.759321346486,306.911616385601,44.1085181780355,-1.02710189866356,0.0698992103477044
"2026-01-30",297,307.600006103516,296.380004882812,306.790008544922,7427800,306.34375,312.444361877441,303.298658447266,273.047802047729,304.156925754719,306.86955220889,49.6414763502328,-0.883967286635479,-0.120874089048932
"2026-02-02",305.600006103516,309.660003662109,301.019989013672,308.709991455078,6727200,308.260955810547,311.843237304687,303.559041748047,273.665644760132,304.788314994077,306.972619142346,50.9086266386211,-0.71156318578901,-0.239011908396948
"2026-02-03",309.890014648438,312.429992675781,305.010009765625,309.929992675781,4588100,309.479156494141,311.124781799316,303.747838745117,274.305593719482,305.509982917164,307.158288575812,51.7395882219299,-0.536630694972073,-0.298535665711973
"2026-02-04",310.010009765625,311.779998779297,302,308.339996337891,6591900,307.891479492188,310.166177368164,304.108352661133,274.940886917114,305.876367005629,307.212599014063,50.5389018978448,-0.434953518417514,-0.325819236253081
"2026-02-05",306.709991455078,309.230010986328,302.5,306.369995117188,4461900,305.924346923828,309.303932189941,304.492958984375,275.583453826904,305.883748531506,307.117172933304,49.0209958755639,-0.401613621933983,-0.340978113389261
"2026-02-06",310.690002441406,323.179992675781,310.220001220703,321,5800600,320.533081054688,309.631454467773,305.037883911133,276.245199584961,308.137491996611,308.110943905259,58.8947079875568,0.00861640648510686,-0.271059209414388
"2026-02-09",321.040008544922,324.489990234375,316.390014648438,316.739990234375,4706400,316.279266357422,309.389306640625,305.509900512695,276.863294830322,309.390072667505,308.716004827641,55.5225407101241,0.218345608689741,-0.173178245793562
"2026-02-10",316.940002441406,320.070007324219,315.880004882812,316.329986572266,4610600,315.869842529297,308.997874450684,305.910293579102,277.460791015625,310.38696033855,309.245918731468,55.1949651209507,0.368975478079947,-0.0647475010188603
"2026-02-11",319.450012207031,321.779998779297,312.760009765625,313.730010986328,5241100,313.273651123047,308.32385559082,306.222257080078,278.040233078003,310.831066613088,309.544269278992,53.0573191585757,0.415707044776847,0.0313434081402812
"2026-02-12",317.779998779297,324.880004882812,311.660003662109,312.890014648438,6163900,312.434875488281,308.02479095459,306.716926269531,278.603395309448,311.077806440041,309.758388257458,52.3518754866733,0.425950751488946,0.110264876810014
"2026-02-13",315.220001220703,326.679992675781,313.529998779297,315.410003662109,4393400,314.951202392578,307.798620605469,307.244567260742,279.180929641724,311.673713509662,310.143041156356,54.3143446303632,0.493537545643141,0.18691941057664
"2026-02-17",315,330.399993896484,314.5,327.079986572266,5863600,326.604217529297,307.896478271484,308.021826171875,279.811556472778,313.970714128067,311.362387554351,62.0993604196575,0.837714084287233,0.317078345318758
"2026-02-18",330.350006103516,331.790008544922,326.5,329.579986572266,3988900,329.1005859375,308.757223510742,308.781787109375,280.44436958313,316.298386714134,312.676328175325,63.532983304402,1.15840510215326,0.485343696685659
"2026-02-19",328.040008544922,335.880004882812,325.570007324219,334.739990234375,4456700,334.253082275391,309.568041992187,309.802786254883,281.082602844238,319.060647569712,314.274606256812,66.3612594502064,1.52288515127093,0.692851987602712
"2026-02-20",338.829986572266,344.299987792969,336.790008544922,343.220001220703,5035400,342.720764160156,311.975535583496,310.928308105469,281.757007141113,322.700665506703,316.381729064467,70.4213148936281,1.99725074545909,0.953731739173987
"2026-02-23",342.149993896484,343.279998779297,337,338.989990234375,5045100,338.496887207031,314.228253173828,312.006854858398,282.411983108521,325.1308534606,318.019888926879,66.1334154052331,2.23601252038543,1.21018789541628
"2026-02-24",337.980010986328,346.799987792969,330.720001220703,345.640014648438,6171900,345.137237548828,316.753575134277,313.252319946289,283.093595581055,328.208758704943,320.028581417394,69.298362301361,2.55607710140116,1.47936573661325
"2026-02-25",345.609985351562,348.480010986328,338.660003662109,342.890014648438,5030300,342.391235351562,319.021272277832,314.346715087891,283.738748321533,330.390678189038,321.685074301406,66.5294847067254,2.70625048629858,1.72474268655032
"2026-02-26",342.609985351562,343.980010986328,334.809997558594,340.839996337891,4722400,340.344207763672,321.435754394531,315.17296081543,284.371328353882,331.921990431289,323.067232335648,64.4617704887513,2.74084067010598,1.92796228326145
"2026-02-27",340.619995117188,343.799987792969,337.670013427734,342.260009765625,7055100,341.762145996094,323.602598571777,316.004226074219,284.991153106689,333.435860518182,324.45204075494,65.2670312917007,2.76892071393302,2.09615396939576
"2026-03-02",341.450012207031,347.200012207031,335.329986572266,345.739990234375,3981200,345.237091064453,325.547265625,316.949873046875,285.615271835327,335.251434448378,325.991674111201,67.2269282340181,2.84048982613545,2.2450211407437
"2026-03-03",340.679992675781,341.130004882812,329.079986572266,334.140014648438,5891500,333.653991699219,326.816917419433,317.794519042969,286.173218688965,335.00567402543,326.559253191794,55.903198212829,2.5864895118054,2.31331481495604
"2026-03-04",336.549987792969,340.25,333.420013427734,339.809997558594,3920400,339.315704345703,328.308744812012,318.562692260742,286.728935775757,335.668755613165,327.504175499491,59.494621986637,2.49296977701765,2.34924580736836
"2026-03-05",336.579986572266,341.809997558594,320.790008544922,326.989990234375,4825400,326.514343261719,329.239888000488,318.964724731445,287.208709335327,334.260384482173,327.43085459299,49.6486231991244,2.08579301351199,2.29655524859709
"2026-03-06",323.670013427734,324.540008544922,317.609985351562,323.109985351562,4677000,322.639984130859,330.07566986084,319.139260253906,287.651653518677,332.472630581971,327.075975299499,47.1076398173079,1.64996994277264,2.1672381874322
"2026-03-09",319.890014648438,322,310.119995117188,321.929992675781,5740100,321.929992675781,330.145515441894,319.283637695312,288.091196899414,330.850686288711,326.694791401445,46.6365980600049,1.27210319743318,1.9882111894324
"2026-03-10",322.260009765625,331.880004882812,320.549987792969,326.519989013672,4146700,326.519989013672,330.657551574707,319.495477905273,288.562245025635,330.184425169474,326.681843076425,50.1097788649121,1.07216919681377,1.80500279090867
"2026-03-11",324.230010986328,326.200012207031,321.190002441406,325.149993896484,3116000,325.149993896484,331.121559143066,319.712034912109,289.042706985474,329.409897281322,326.5683727668,49.0829318524261,0.870116260937182,1.61802548491437
"2026-03-12",318.640014648438,318.640014648438,301.130004882812,306.700012207031,8007200,306.700012207031,330.792877197265,319.623499755859,289.418385391235,325.916068808354,325.096642354965,37.8376765114675,0.25205626470115,1.34483164087173
"2026-03-13",307.369995117188,309.510009765625,299.049987792969,299.690002441406,5770600,299.690002441406,330.155633544922,319.390570068359,289.714300384521,321.881289367285,323.214669028035,34.5946183632221,-0.412536864356894,0.993357939826004
"2026-03-16",303.769989013672,305.700012207031,300.149993896484,304,6327200,304,329.608073425293,319.318931274414,290.022365264893,319.130321772318,321.791360211143,38.1071009944909,-0.826945271954849,0.629297297469834
"2026-03-17",305.410003662109,306,299.019989013672,302.089996337891,4787100,302.089996337891,328.382362365722,318.955062255859,290.31844291687,316.508733243945,320.331999924236,37.1548358090908,-1.19353254785516,0.264731328404835
"2026-03-18",302.820007324219,304.970001220703,300.179992675781,300.959991455078,3942400,300.959991455078,326.975332641601,318.49729675293,290.60016670227,314.116619122581,318.897036333928,36.5725475772554,-1.49904723678321,-0.0880243846327742
"2026-03-19",296.100006103516,296.239990234375,286.130004882812,291.609985351562,7128700,291.609985351562,324.84317779541,317.788225097656,290.827331771851,310.654060080885,316.875773298197,32.09105284842,-1.96345500085191,-0.463110507876601
"2026-03-20",290,293.429992675781,282.290008544922,286.790008544922,10192400,286.790008544922,322.046640014648,317.060640258789,291.023483505249,306.982667536891,314.647198131288,30.0470246310991,-2.43591255219082,-0.857670916739446
"2026-03-23",296.799987792969,299.829986572266,290.170013427734,291.540008544922,6473800,291.540008544922,319.698796081543,316.611787719726,291.233388214111,304.606873845819,312.935554458224,34.4763190830379,-2.66146830992853,-1.21843039537726
"2026-03-24",287.709991455078,292.519989013672,285.299987792969,290.630004882812,5028200,290.630004882812,316.973434448242,316.001943359375,291.433570251465,302.456586313049,311.283291526712,34.0317423204688,-2.83558592893689,-1.54186150208919
"2026-03-25",295.100006103516,297.869995117188,293.089996337891,296.559997558594,4456600,296.559997558594,314.681872558593,315.459173583984,291.644949874878,301.549418812363,310.192677158703,39.5060997942669,-2.78641598683437,-1.79077239903822
"2026-03-26",291.579986572266,294.019989013672,282.679992675781,285.239990234375,5890800,285.239990234375,311.926661682129,314.628892822266,291.820718383789,299.040275954211,308.344329979123,33.7486316627876,-3.01742341931233,-2.03610260309304
"2026-03-27",282.989990234375,284.970001220703,280.970001220703,282.809997558594,4161700,282.809997558594,308.979054260254,313.91676940918,292.031139144897,296.543310047193,306.452897947973,32.648674234433,-3.23364143956046,-2.27561037038653
"2026-03-30",284.070007324219,284.709991455078,270.790008544922,273.25,8598600,273.25,305.379699707031,312.99227722168,292.176252593994,292.959723886087,303.993424025901,28.6872918999319,-3.62958513828711,-2.54640532396664
"2026-03-31",277.929992675781,286.489990234375,275.799987792969,283.769989013672,7828800,283.769989013672,302.885499572754,312.174735717773,292.401470413208,291.5459185211,302.495391802773,37.6521763564768,-3.61971573068195,-2.76106740530971
"2026-04-01",290.209991455078,295.5,289.989990234375,292.679992675781,5242500,292.679992675781,300.553713989258,311.790621948242,292.688099136353,291.720391467974,301.768325200773,44.0657868367321,-3.32968469308846,-2.87479086286546
"2026-04-02",284.890014648438,289.109985351562,279.309997558594,281.160003662109,5322900,281.160003662109,298.285997009277,311.053087768555,292.917426300049,290.095716420918,300.241782864576,38.5449197303461,-3.37929862621245,-2.97569241553485
"2026-04-06",280.549987792969,288.790008544922,278.570007324219,288.690002441406,5062800,288.690002441406,296.588497924804,310.935469970703,293.188332672119,289.879452731762,299.386095425823,43.5255604827511,-3.1753788299818,-3.01562969842424
"2026-04-07",285.5,290.100006103516,283.119995117188,288.600006103516,5280500,288.600006103516,294.921998596191,310.838619384766,293.458092651367,289.682614788955,298.587125846392,43.4802046002377,-2.98221533570692,-3.00894682588078
"2026-04-08",309.920013427734,313.130004882812,305.299987792969,308.059997558594,6432900,308.059997558594,293.998999023437,311.107203369141,293.807844314575,292.509904445822,299.288820047296,54.5169560555612,-2.26500796134068,-2.86015905297276
"2026-04-09",306,315.049987792969,304.149993896484,313.019989013672,5470800,313.019989013672,293.392498779297,311.426857299805,294.140418014526,295.665302071645,300.305943674435,56.8308181207601,-1.54530461369113,-2.59718816511643
"2026-04-10",313.079986572266,313.470001220703,306.420013427734,308.350006103516,3685100,308.350006103516,293.474998474121,311.752766113281,294.444966506958,297.616794999626,300.901800150663,54.0431098572567,-1.09172000612593,-2.29609453331833
"2026-04-13",306.429992675781,312.149993896484,304.320007324219,311.899993896484,3811500,311.899993896484,294.085498046875,312.022260742187,294.761545333862,299.814210214527,301.716481168872,55.8173461731509,-0.630482944443722,-1.96297221554341
"2026-04-14",315.010009765625,319.140014648438,313.019989013672,318,3530100,318,294.785498046875,312.255385742187,295.103153152466,302.612024027677,302.922667748956,58.7633436362476,-0.102548853008499,-1.59088754303643
"2026-04-15",316.440002441406,318.579986572266,311.399993896484,313.929992675781,3993700,313.929992675781,295.377497863769,312.368766479492,295.406953277588,304.353249973539,303.738025150943,56.0766848929362,0.202551136720586,-1.23219980708503
"2026-04-16",313.570007324219,313.950012207031,297.859985351562,298.290008544922,7373300,298.290008544922,295.243998718261,312.144983520508,295.618229217529,303.420443599905,303.334468365312,47.1547810123787,0.028343377874962,-0.980091170093029
"2026-04-17",310.130004882812,314,303.850006103516,304.130004882812,7733100,304.130004882812,295.869999694824,312.06975402832,295.900334854126,303.529606874199,303.393396996238,50.3324516570319,0.0448954655275058,-0.775093842968922
"2026-04-20",303.880004882812,305.470001220703,298.410003662109,303.600006103516,5315200,303.600006103516,296.710499572754,312.023267211914,296.201028213501,303.540437524863,303.408701374555,50.0383798450719,0.0434187120249119,-0.611391331970155
"2026-04-21",293.579986572266,304.299987792969,284.209991455078,286.730010986328,12891500,286.730010986328,296.469999694824,311.347205810547,296.406777572632,300.954218057396,302.173242827279,41.6890425749283,-0.40341916394605,-0.569796898365334
"2026-04-22",286.649993896484,287.799987792969,268.910003662109,276.290008544922,12777700,276.290008544922,295.752999877929,310.547420654297,296.549717483521,297.159724286246,300.255966213771,37.5170132838357,-1.03120080062623,-0.662077678817514
"2026-04-23",276.489990234375,282.940002441406,273.359985351562,282.339996337891,8591100,282.339996337891,295.041999816894,309.876823730469,296.730876846313,294.879766140345,298.928857334076,41.1899668127686,-1.35453339294214,-0.800568821642438
"2026-04-24",280.609985351562,286.130004882812,277.179992675781,284.600006103516,9672300,284.600006103516,295.010000610351,309.303350830078,296.906998825073,293.298264596218,297.867460946627,42.5485772348745,-1.53396961718753,-0.947248980751456
"2026-04-27",282.809997558594,284.869995117188,280.100006103516,284.559997558594,5213300,284.559997558594,295.097500610351,308.745853271484,297.071763381958,291.953915821199,296.881722917884,42.5298460844025,-1.6598553283282,-1.0897702502668
"2026-04-28",283.369995117188,289.410003662109,280.549987792969,289.200012207031,8417200,289.200012207031,295.895001220703,308.230829467773,297.24553237915,291.530238342096,296.312707309673,45.5250574130145,-1.61399388200332,-1.19461497661411
"2026-04-29",287.209991455078,289.940002441406,279.589996337891,283.570007324219,9819400,283.570007324219,295.88500213623,307.370145263672,297.356683349609,290.305587416269,295.368803607046,42.6223916646967,-1.71420140818715,-1.29853226292872
"2026-04-30",285.010009765625,291.570007324219,284.829986572266,289.929992675781,7603400,289.929992675781,295.74750213623,306.586733398437,297.488028411865,290.24780361004,294.965928723249,46.7526441378485,-1.59954918645393,-1.35873564763376
"2026-05-01",289.049987792969,291.760009765625,286.239990234375,286.510009765625,3782900,286.510009765625,296.015002441406,305.631871948242,297.594752502441,289.672758403207,294.339564356018,44.8817200989943,-1.58551772101082,-1.40409206230917
"2026-05-04",286.399993896484,289.839996337891,279.410003662109,280.519989013672,6133100,280.519989013672,295.606501770019,304.387856445312,297.700914154053,288.264640035586,293.315892108436,41.7317552771028,-1.72212014716984,-1.4676976792813
"2026-05-05",282.480010986328,290.660003662109,281.609985351562,286.679992675781,6401100,286.679992675781,295.510501098633,303.351518554687,297.822982788086,288.020848134078,292.824344002314,45.934147577854,-1.64040181993825,-1.50223850741269
"2026-05-06",300.429992675781,308.369995117188,299.859985351562,305.829986572266,9168300,305.829986572266,295.399000549316,302.565373535156,298.042843475342,290.760715586107,293.787724933421,56.4496233063584,-1.03033894557738,-1.40785859504563
"2026-05-07",308.010009765625,310,301.859985351562,302.630004882812,5477800,302.630004882812,294.879501342773,301.770148925781,298.265930786133,292.586760093292,294.442708633376,54.5406930580257,-0.630325861590653,-1.25235204835464
"2026-05-08",304.450012207031,305.410003662109,296.829986572266,297.149993896484,3952200,297.149993896484,294.319500732422,300.906264648437,298.440797729492,293.288796063014,294.643248282495,51.3388935374038,-0.459692264247236,-1.09382009153316
"2026-05-11",296.029998779297,303.070007324219,292.850006103516,300.769989013672,4562000,300.769989013672,293.763000488281,300.086421508789,298.609706573486,294.439748824654,295.097080929249,53.2896275319098,-0.22275113753264,-0.919606300733053
"2026-05-12",299.720001220703,300.910003662109,293.299987792969,297.450012207031,4393300,297.450012207031,292.735501098633,299.130679931641,298.744183959961,294.902866268096,295.271372135011,51.2600446060824,-0.124802436568761,-0.760645527900194
"2026-05-13",295.970001220703,298.399993896484,291.309997558594,294.709991455078,4219900,294.709991455078,291.774501037597,298.351799926758,298.869842376709,294.87319321994,295.229788380942,49.5816705529301,-0.120785630392417,-0.632673548398639
"2026-05-14",295.029998779297,297.850006103516,289.079986572266,291.540008544922,4686200,291.540008544922,291.437001037597,297.396286010742,298.981145172119,294.360395577629,294.956471356051,47.6383078822554,-0.202089405152461,-0.546556719749403
"2026-05-15",287.489990234375,288.309997558594,281.309997558594,281.529998779297,5022500,281.529998779297,290.307000732422,296.496599121094,299.026259765625,292.386488377886,293.961917831847,42.0354379449102,-0.535929778109101,-0.544431331421343
"2026-05-18",283.390014648438,287.239990234375,282.040008544922,285.989990234375,4696200,285.989990234375,289.426499938965,295.763599243164,299.105977172852,291.402411740423,293.371404676479,45.1318499369172,-0.671160482811106,-0.569777161699296
"2026-05-19",284.790008544922,287.420013427734,282.619995117188,285.279998779297,5239400,285.279998779297,289.353999328613,295.030599365234,299.190612030029,290.460502054096,292.772041276688,44.7222839010546,-0.789535507732297,-0.613728830905896
"2026-05-20",289,300.450012207031,286.179992675781,300.170013427734,6098400,300.170013427734,290.547999572754,294.503599853516,299.315577697754,291.954273034655,293.320039213802,54.1248246267609,-0.465623208972554,-0.584107706519228
"2026-05-21",298.5,302.880004882812,294.75,301.760009765625,4928300,301.760009765625,291.51900024414,294.035800170898,299.468965148926,293.462847916343,293.945222217641,55.0049520111309,-0.164103467189813,-0.500106858653345
"2026-05-22",303.25,306.299987792969,300.25,302.839996337891,3502100,302.839996337891,292.430999755859,293.958599853516,299.626955413818,294.905486135043,294.604094374697,55.6276636851602,0.102303995803554,-0.379624687761965
"2026-05-26",306.350006103516,314.980010986328,306.350006103516,314.489990234375,5084200,314.489990234375,293.927499389648,294.254599609375,299.844490814209,297.918486765709,296.077123697636,61.7734739148318,0.621920074431004,-0.179315735323371
"2026-05-27",314.299987792969,320.480010986328,311.950012207031,317.209991455078,4788100,317.209991455078,295.327998352051,294.518799438476,300.060733032227,300.886410564074,297.642521309298,63.0599233674231,1.08986083053795,0.0745195778488925
"2026-05-28",316.769989013672,322.320007324219,314.290008544922,320.820007324219,5022600,320.820007324219,297.190498352051,294.893399658203,300.294078979492,303.953117757942,299.359372125218,64.7552263099141,1.53452541008221,0.366520744295556
"2026-05-29",319.329986572266,325.920013427734,316.579986572266,323.760009765625,9345400,323.760009765625,298.881999206543,295.349400024414,300.520059509277,307.00033191297,301.166826765248,66.1189598503003,1.93696802877601,0.680610201191647
"2026-06-01",321.480010986328,326.399993896484,314.920013427734,324.600006103516,4633500,324.600006103516,300.786499023437,296.009200439453,300.803884735107,309.707974096131,302.902617827342,66.5175861431593,2.24671424684357,0.993831010322032
"2026-06-02",323,325.029998779297,316.660003662109,317.720001220703,4827600,317.720001220703,302.646499633789,296.627800292969,301.049125823975,310.940593653758,304.000201782406,60.2635556372696,2.28302212651799,1.25166923356122
"2026-06-03",313.440002441406,319.549987792969,311,314.640014648438,4127000,314.640014648438,304.044500732422,297.089800415039,301.288181762695,311.509735345247,304.788336068779,57.6503693608554,2.20526787972342,1.44238896279366
"2026-06-04",316.670013427734,329.459991455078,316.25,327.649993896484,4243400,327.649993896484,305.135501098633,297.830200195312,301.58929901123,313.992852045437,306.481792204164,64.6277278682958,2.45073607383155,1.64405838500124
"2026-06-05",326.899993896484,332.489990234375,322.529998779297,328,3951500,328,306.404000854492,298.459000244141,301.904718170166,316.147797884601,308.075733522374,64.7957706840227,2.62015585256736,1.83927787851446
"2026-06-08",329.570007324219,332.019989013672,321.040008544922,322.040008544922,3152100,322.040008544922,307.648501586914,299.195000610351,302.187797241211,317.054291832342,309.110124264785,59.6032125934384,2.57001209082108,1.98542472097579
"2026-06-09",324.649993896484,331.309997558594,320.019989013672,330.440002441406,4825300,330.440002441406,309.132002258301,300.147600708008,302.501569671631,319.113631926044,310.690115240831,63.9839642115546,2.71122777069484,2.1305853309196
"2026-06-10",329.489990234375,330.570007324219,318.25,318.709991455078,3777800,318.709991455078,310.195001220703,301.056800537109,302.767550354004,319.05153339205,311.28418014559,55.0124292119382,2.49526116066241,2.20352049686816
"2026-06-11",320.559997558594,332.920013427734,319.760009765625,332.760009765625,4451200,332.760009765625,312.09750213623,302.036600952148,303.103382873535,321.160529757215,312.874982339667,61.9029240311851,2.64819748628962,2.29245589475245
"2026-06-12",334.559997558594,336.859985351562,328.470001220703,335.299987792969,4377500,335.299987792969,314.285501098633,302.889000854492,303.415404663086,323.335830993485,314.536093854726,63.0060530018958,2.79768755023162,2.39350222584828
"2026-06-15",343.450012207031,348.899993896484,341.959991455078,342.260009765625,5252700,342.260009765625,317.322001647949,304.111000976562,303.765165405273,326.247243112276,316.589717255534,65.9182569025325,3.05048626988316,2.52489903465526
"2026-06-16",344.040008544922,352.880004882812,344.040008544922,351.730010986328,5210300,351.730010986328,320.609002685547,305.371801147461,304.149076690674,330.167668939053,319.192701976333,69.4429888112666,3.43835147068416,2.70758952186104
"2026-06-17",352.109985351562,362.329986572266,350,357.029998779297,5029400,357.029998779297,324.196502685547,306.740401000976,304.563472595215,334.300335068321,321.995464702479,71.2359226243574,3.8214421365258,2.93036004479399
"2026-06-18",362.850006103516,364.700012207031,357.100006103516,357.640014648438,7763400,357.640014648438,327.070002746582,307.732001342773,304.979972076416,337.891055003724,324.635801735513,71.4436088309159,4.0831150468766,3.16091104521051
"2026-06-22",357.640014648438,361.279998779297,354.540008544922,355.119995117188,5426700,355.119995117188,329.73800201416,308.574001464844,305.381182098389,340.541661175026,326.893890134155,69.2201097899471,4.1749850495125,3.36372584607091
"2026-06-23",349.279998779297,359.920013427734,347.769989013672,356.470001220703,4735200,356.470001220703,332.419502258301,309.536401367187,305.757562866211,342.992175028207,329.084713177603,69.7630205828684,4.22610388562723,3.53620145398218
"2026-06-24",356.839996337891,369.25,355.660003662109,365.880004882812,6453700,365.880004882812,334.989002990723,310.616001586914,306.19613571167,346.513379621223,331.810290340952,73.2984101318137,4.43117338680576,3.71519584054689
"2026-06-25",367.649993896484,379.670013427734,366.510009765625,371.359985351562,7591800,371.359985351562,337.696502685547,311.683201293945,306.677947998047,350.335934348968,334.739897378775,75.1226302152516,4.65915090860682,3.90398685415888
"2026-06-26",368.399993896484,371.440002441406,363.820007324219,369,8360900,369,340.105502319336,312.78460144043,307.14701385498,353.207329064511,337.277682758125,72.8154648774105,4.72300633001264,4.06779074932963
"2026-06-29",367.820007324219,376,367.470001220703,373.709991455078,6071500,373.709991455078,342.603001403808,314.293001098633,307.603916473389,356.361584816906,339.976372291233,74.4987762236293,4.81951507842946,4.2181356151496
"2026-06-30",374.609985351562,376.820007324219,368.739990234375,373.730010986328,4684100,373.730010986328,345.059501647949,315.685001220703,308.07013381958,359.033650381433,342.476641824203,74.5060022401809,4.83449279023496,4.34140705016667
