"Date","GRMN.Open","GRMN.High","GRMN.Low","GRMN.Close","GRMN.Volume","GRMN.Adjusted","SMA20","SMA50","SMA200","EMA12","EMA26","RSI","MACD","Signal"
"2020-01-02",97.620002746582,98.4700012207031,97.379997253418,98.3399963378906,828000,85.2885818481445,NA,NA,NA,NA,NA,NA,NA,NA
"2020-01-03",97.2699966430664,98.1699981689453,97.2699966430664,97.7099990844727,503800,84.7421875,NA,NA,NA,NA,NA,NA,NA,NA
"2020-01-06",97.4000015258789,98.0599975585938,96.7600021362305,97.6900024414062,686200,84.7248382568359,NA,NA,NA,NA,NA,NA,NA,NA
"2020-01-07",97.75,98.0500030517578,97.2200012207031,97.5400009155273,781200,84.5947570800781,NA,NA,NA,NA,NA,NA,NA,NA
"2020-01-08",97.4700012207031,98.0299987792969,96.9599990844727,97,1080000,84.1264038085938,NA,NA,NA,NA,NA,NA,NA,NA
"2020-01-09",97.6699981689453,97.7900009155273,96.879997253418,97.4000015258789,750100,84.4733276367188,NA,NA,NA,NA,NA,NA,NA,NA
"2020-01-10",97.5299987792969,97.5800018310547,96.4100036621094,96.5,387800,83.6927947998047,NA,NA,NA,NA,NA,NA,NA,NA
"2020-01-13",96.9700012207031,97.5999984741211,96.6999969482422,97.5899963378906,559500,84.6381149291992,NA,NA,NA,NA,NA,NA,NA,NA
"2020-01-14",97.4000015258789,97.620002746582,96.9100036621094,97.2900009155273,788800,84.3779296875,NA,NA,NA,NA,NA,NA,NA,NA
"2020-01-15",97.8199996948242,97.870002746582,96.9599990844727,97.1900024414062,736400,84.2912139892578,NA,NA,NA,NA,NA,NA,NA,NA
"2020-01-16",97.75,98.7300033569336,97.6399993896484,98.4700012207031,699800,85.4013366699219,NA,NA,NA,NA,NA,NA,NA,NA
"2020-01-17",98.4000015258789,99.2399978637695,98.0599975585938,99.0400009155273,1855000,85.8956680297852,NA,NA,NA,84.6872628529867,NA,NA,NA,NA
"2020-01-21",99.1500015258789,101.150001525879,98.9599990844727,100.589996337891,1115200,87.2399597167969,NA,NA,NA,85.079985447419,NA,NA,NA,NA
"2020-01-22",100.970001220703,101.309997558594,100.080001831055,100.220001220703,502800,86.9190826416016,NA,NA,NA,85.3629234772933,NA,NA,NA,NA
"2020-01-23",100.110000610352,100.809997558594,99.6399993896484,100.559997558594,500200,87.2139282226562,NA,NA,NA,85.6476934381183,NA,63.4708860948689,NA,NA
"2020-01-24",100.620002746582,100.970001220703,99.1500015258789,99.5899963378906,423400,86.3726806640625,NA,NA,NA,85.7592299344174,NA,56.3298039622979,NA,NA
"2020-01-27",98.2600021362305,99.120002746582,97.5100021362305,98.4300003051758,923700,85.3666381835938,NA,NA,NA,85.6988312035215,NA,49.2006571830347,NA,NA
"2020-01-28",99.7399978637695,102.419998168945,99.0199966430664,101.919998168945,826100,88.3934478759766,NA,NA,NA,86.1133876146684,NA,63.9737603377813,NA,NA
"2020-01-29",102.349998474121,102.349998474121,100.51000213623,100.529998779297,568100,87.1879348754883,NA,NA,NA,86.2787025778715,NA,56.8790098049044,NA,NA
"2020-01-30",99.870002746582,100.169998168945,98.1800003051758,99.3199996948242,516500,86.1385269165039,85.553967666626,NA,NA,86.2571370915072,NA,51.5224171816801,NA,NA
"2020-01-31",98.9700012207031,99.1999969482422,96.8399963378906,96.9499969482422,618600,84.0830459594727,85.4936908721924,NA,NA,85.9226615327327,NA,42.9836746368197,NA,NA
"2020-02-03",97.5199966430664,98.9100036621094,97.4000015258789,98.120002746582,702700,85.097785949707,85.5114707946777,NA,NA,85.7957575968826,NA,47.6005721686255,NA,NA
"2020-02-04",99.2900009155273,99.75,98.7099990844727,98.8499984741211,585300,85.7308807373047,85.5617729187012,NA,NA,85.7857765415629,NA,50.3043324612307,NA,NA
"2020-02-05",99.2099990844727,99.9800033569336,97.6999969482422,98.0400009155273,775800,85.0283966064453,85.5834548950195,NA,NA,85.6692565515448,NA,47.3827739623501,NA,NA
"2020-02-06",98.4599990844727,98.7300033569336,97.7799987792969,97.8499984741211,615500,84.8636245727539,85.6203159332275,NA,NA,85.5453131701924,NA,46.6977017209161,NA,NA
"2020-02-07",97.6699981689453,97.9800033569336,95.9199981689453,96.1999969482422,734400,83.4325790405273,85.568278503418,NA,NA,85.2202771502439,85.3582948537973,41.1350423072275,-0.161692198502572,NA
"2020-02-10",96.0199966430664,98.0999984741211,95.8499984741211,97.7099990844727,591100,84.7421875,85.6207481384277,NA,NA,85.1467248963602,85.3126572720346,47.3196010829625,-0.194499129414316,NA
"2020-02-11",97.5800018310547,98.2600021362305,97.3899993896484,98.0400009155273,463400,85.0283966064453,85.64026222229,NA,NA,85.1285205440656,85.2916009264354,48.5908167841043,-0.191203331392975,NA
"2020-02-12",98.0999984741211,99,96.9400024414062,97.8099975585938,391300,84.8289108276367,85.6628112792969,NA,NA,85.0824267415381,85.2573275857836,47.7263631370275,-0.205144647619326,NA
"2020-02-13",97.5500030517578,98.5,97.1999969482422,98.3000030517578,474400,85.2538909912109,85.7109451293945,NA,NA,85.1088058568724,85.2570730232227,49.7762869964239,-0.173906001100821,NA
"2020-02-14",98.1399993896484,98.4499969482422,97.5699996948242,98.1800003051758,373900,85.1498107910156,85.6983688354492,NA,NA,85.115114308279,85.2491276726888,49.2667298544917,-0.157202036042314,NA
"2020-02-18",98.4400024414062,98.7200012207031,96.8399963378906,97.120002746582,1222700,84.2304992675781,85.6151103973389,NA,NA,84.9790196866327,85.1736737167547,44.8950520830671,-0.228537788295091,NA
"2020-02-19",103.870002746582,105.580001831055,101.779998779297,103.669998168945,2959100,89.9112014770508,85.7486724853516,NA,NA,85.7378168851586,85.5246016989989,65.3536509270127,0.249302752569536,NA
"2020-02-20",103.5,103.949996948242,98.4100036621094,99.8099975585938,1307800,86.5634994506836,85.7308933258057,NA,NA,85.8648449721624,85.6015570880125,52.891322976588,0.307573709061382,-0.0839231856373888
"2020-02-21",99.3300018310547,99.620002746582,96.5,96.5800018310547,944000,83.7621459960938,85.5583042144775,NA,NA,85.541352821998,85.4653044145371,45.1351115599936,0.088981614214001,-0.0493422256671108
"2020-02-24",94.4700012207031,95.6999969482422,92.8199996948242,95.3600006103516,1044300,82.7040786743164,85.3748741149902,NA,NA,85.1048491069701,85.2607691745207,42.5944418145231,-0.182874338409378,-0.0760486482155642
"2020-02-25",95.4599990844727,96.5400009155273,91.2300033569336,92,1183700,79.7900085449219,85.0960426330566,NA,NA,84.2871813281934,84.8555276464023,36.5004328166229,-0.669781137390602,-0.194795146050572
"2020-02-26",91.4499969482422,93.5400009155273,90.3199996948242,90.379997253418,970800,78.3850250244141,84.5956214904785,NA,NA,83.3791572814582,84.3762311558847,33.9764625486148,-1.18169994175779,-0.392176105192015
"2020-02-27",89.5899963378906,91.2600021362305,88.5100021362305,89.2799987792969,1346200,77.4310150146484,84.1077754974365,NA,NA,82.4640584711797,83.8617707009783,32.341123855531,-1.66668580703154,-0.64707804555992
"2020-02-28",87.7300033569336,88.8600006103516,85.4400024414062,88.3899993896484,2043500,76.6591186523438,83.6338050842285,NA,NA,81.5709908067434,83.3282409195979,31.0393575623135,-2.10882900378282,-0.9394282372045
"2020-03-02",90,93.5500030517578,89.4000015258789,93.4700012207031,1475000,81.0649185180664,83.4828987121582,NA,NA,81.4931335315623,83.1605874083734,44.7172202943867,-2.00510112876277,-1.15256281551615
"2020-03-03",93.6100006103516,94.9400024414062,89.3899993896484,90.0699996948242,1399600,78.1161651611328,83.1338176727295,NA,NA,80.9735999361116,82.7869265011704,39.1240379279579,-2.19035376924289,-1.3601210062615
"2020-03-04",91.4300003051758,93.5199966430664,90.0999984741211,93.4100036621094,881600,81.0128936767578,82.8979183197021,NA,NA,80.9796451269803,82.655516662325,46.2380301099446,-2.02753742643847,-1.4936042902969
"2020-03-05",91.129997253418,91.4400024414062,87.129997253418,89.379997253418,1512800,77.5177383422852,82.5223854064941,NA,NA,80.447044083181,82.2749404904702,40.1424530684677,-2.22169277351334,-1.63922198694018
"2020-03-06",86.8300018310547,87.9800033569336,84.9599990844727,87.5199966430664,1114700,75.9045639038086,82.0744323730469,NA,NA,79.7482009786622,81.8030607433101,37.6738298650463,-2.51195951102104,-1.81376949175636
"2020-03-09",81.8399963378906,83.6600036621094,79.5599975585938,81.1600036621094,1173800,70.3886489868164,81.4222358703613,NA,NA,78.3082699029936,80.9575487613476,30.7177937432541,-3.27242968554263,-2.10550153051361
"2020-03-10",83.3600006103516,84.7799987792969,81.0299987792969,84.4199981689453,1289400,73.2160034179688,80.8459266662598,NA,NA,77.5248442899129,80.3841009581344,37.1260541577679,-3.55699278108571,-2.39579978062803
"2020-03-11",82.3499984741211,83.0400009155273,79.4700012207031,80.5100021362305,1103500,69.8249282836914,80.0857532501221,NA,NA,76.3402418274173,79.6019400192867,33.1639447204698,-4.09751092885323,-2.73614201027307
"2020-03-12",75.9499969482422,77.8600006103516,72.379997253418,72.879997253418,1602900,63.2075614929199,79.0046857833862,NA,NA,74.3198294682638,78.3875416099262,27.088648140565,-5.18923295477777,-3.22676019917401
"2020-03-13",75.0699996948242,77.7200012207031,73.25,77.3399963378906,1430200,67.6043853759766,78.1222105026245,82.4322652435303,NA,73.2866842232965,77.5887892963003,35.5383479265814,-5.54475087447837,-3.69035833423488
"2020-03-16",69,73.5,67.5,70.8499984741211,1940400,61.9313430786133,76.9612871170044,81.9651204681396,NA,71.539708662576,76.4289784653605,30.6093183762767,-6.39714137354385,-4.23171494209667
"2020-03-17",71.7300033569336,75.7300033569336,70.6500015258789,73.9300003051758,1600300,64.6236419677734,75.9809442520142,81.5627495574951,NA,70.4756984018372,75.5545090951689,35.202507431282,-6.72204843119875,-4.72978163991709
"2020-03-18",70.3899993896484,71.9599990844727,65.620002746582,71.7099990844727,1270500,62.6830863952637,74.6195384979248,81.1219145202637,NA,69.2768350162105,74.6010703766574,33.4821676578386,-7.13694231673229,-5.21121377528013
"2020-03-19",71.3899993896484,73.5299987792969,68.8399963378906,70.1100006103516,1091200,61.284496307373,73.3555883407593,80.6557093048096,NA,68.0472444456201,73.6146574826363,32.2585804484612,-7.56291372860005,-5.68155376594411
"2020-03-20",70.8499984741211,70.8499984741211,65.7099990844727,66.0299987792969,1709000,57.7180938720703,72.0533857345581,80.1275431060791,NA,66.4581443573817,72.437134252224,29.3164783105369,-8.25403980508625,-6.19605097377254
"2020-03-23",65.9100036621094,65.9100036621094,61.0400009155273,63.6300010681152,1658400,55.6202125549316,70.6991924285889,79.5504808044434,NA,64.7907702339278,71.1914363487209,27.715203694015,-8.99078097461095,-6.75499697394022
"2020-03-24",66.6399993896484,70.8099975585938,65.2200012207031,70.370002746582,1219900,61.5117797851562,69.7852809906006,79.1068605041504,NA,64.286310164886,70.4744247514198,37.9631808428249,-8.78065285152835,-7.16012814945785
"2020-03-25",70.4499969482422,73.7900009155273,66.4700012207031,71.7099990844727,1551400,62.6830863952637,69.0001840591431,78.6677599334717,NA,64.0396603541749,69.8972885768897,39.7907705179787,-8.38033683705939,-7.40416988697816
"2020-03-26",72.1600036621094,74.9499969482422,71.0800018310547,74.2300033569336,1469500,64.8858642578125,68.3729265213013,78.2779186248779,NA,64.1698455701192,69.5260719606618,43.1808412954186,-7.70391054678481,-7.46411801893949
"2020-03-27",72.0400009155273,76.1800003051758,70.2600021362305,73.5299987792969,1260700,64.2739944458008,67.7536703109741,77.8775742340088,NA,64.1858684740702,69.1370291817832,42.4655945151244,-7.16137324138535,-7.40356906342866
"2020-03-30",73.870002746582,77.2300033569336,72.4100036621094,76.6900024414062,1117700,67.0362014770508,67.0522344589233,77.5102715301514,NA,64.6243812437595,68.981412314766,46.7534319909795,-6.31623929519606,-7.18610310978214
"2020-03-31",76.0400009155273,76.9800033569336,74.5699996948242,74.9599990844727,1023300,65.5239868164062,66.422625541687,77.1028379058838,NA,64.7627821010898,68.7253067222949,44.7855871207381,-5.76574308677423,-6.90203110518056
"2020-04-01",71.9899978637695,74.4800033569336,70.2099990844727,71.4100036621094,1244300,62.4208602905273,65.4930238723755,76.6064559173584,NA,64.4024864379263,68.2583106903121,40.9743966577369,-5.6488714903591,-6.65139918221627
"2020-04-02",70.9100036621094,73.6600036621094,70.629997253418,73.4599990844727,1345900,64.2128143310547,64.827777671814,76.1523305511475,NA,64.3733061137922,67.95864429333,43.9411317790666,-5.27576471958803,-6.37627228969062
"2020-04-03",73.3499984741211,74.0999984741211,70.6500015258789,71.5599975585938,1112400,62.5519523620605,64.1601470947266,75.6590910339356,NA,64.093097844295,67.5581485947175,41.8419888309199,-5.12899009593848,-6.12681585094019
"2020-04-06",74.3499984741211,76.1800003051758,74.1100006103516,75.4400024414062,1387900,65.9435348510742,63.9378913879395,75.2505081176758,NA,64.3777804607226,67.4385475766698,47.3710225061124,-4.53860177292149,-5.80917303533645
"2020-04-07",77.5199966430664,78.4800033569336,73.629997253418,74.2300033569336,1484200,64.8858642578125,63.5213844299316,74.8408926391602,NA,64.4559471987364,67.2494599234211,45.905353992914,-4.15395562710209,-5.47812955368958
"2020-04-08",74.6900024414062,77.7300033569336,74.0500030517578,77.3600006103516,1106100,67.6218490600586,63.41123046875,74.4254606628418,NA,64.9430090235552,67.2770443039128,50.1979330380346,-3.46928927170755,-5.07636149729317
"2020-04-09",78.7699966430664,79.7399978637695,77.6100006103516,78.6500015258789,1327000,68.7494659423828,63.6883256912231,74.0566912841797,NA,65.5286177802979,67.3861125734291,51.8923139800593,-2.7564949545162,-4.61238818873778
"2020-04-13",78.5699996948242,78.5699996948242,76.8399963378906,77.8199996948242,1060200,68.0239562988281,63.7093042373657,73.6943998718262,NA,65.912516013918,67.433360256792,50.697187523075,-2.25532916805944,-4.14097638460211
"2020-04-14",79.2200012207031,82.4100036621094,78.9199981689453,81.9899978637695,1030300,71.6690292358398,64.196188545227,73.4461195373535,NA,66.7981334326752,67.7471135144992,56.1601430900832,-1.40076828752412,-3.59293476518651
"2020-04-15",79.9400024414062,80.4100036621094,77.6500015258789,77.9300003051758,1090000,68.1201095581055,64.3710119247437,73.1065660095215,NA,67.0015143750491,67.7747428510627,50.3146028616035,-1.14087998491237,-3.10252380913168
"2020-04-16",78.129997253418,79.0800018310547,77.3199996948242,78.6600036621094,1122200,68.7582168579102,64.674768447876,72.7671127319336,NA,67.2717762954892,67.8475927774958,51.2962182515048,-0.848691100795496,-2.65175726746445
"2020-04-17",80.9800033569336,83.25,80.5199966430664,82.1100006103516,2604900,71.77392578125,65.1992399215698,72.5020233154297,NA,67.964414677914,68.1384322592554,55.7460633624197,-0.255388296401227,-2.1724834732518
"2020-04-20",81.4100036621094,81.7399978637695,79.5299987792969,80.0500030517578,863600,69.9732513427734,65.811997795105,72.2042158508301,NA,68.2734664725077,68.2743447839604,52.6526839837052,-0.00128644435252179,-1.73824406747195
"2020-04-21",78.5699996948242,79.4599990844727,77.7300033569336,78.0400009155273,913100,68.2162551879883,66.4417999267578,71.8998893737793,NA,68.2646647364278,68.2700418509254,49.7516881920607,-0.00787624315417013,-1.39217050260839
"2020-04-22",79.5699996948242,79.9499969482422,78.5100021362305,78.9599990844727,622700,69.0204467773438,66.8172332763672,71.5854545593262,NA,68.3809388965687,68.3256274010305,51.0802572930804,0.0809527810313071,-1.09754584588045
"2020-04-23",78.6699981689453,80.5299987792969,78.6699981689453,79.3000030517578,661300,69.3176651000977,67.1489622116089,71.2712399291992,NA,68.5250506201886,68.3991116750355,51.5897067707485,0.184123656095747,-0.841211945485212
"2020-04-24",79.7300033569336,80.3499984741211,78.379997253418,78.9199981689453,719200,68.9854888916016,67.3539434432983,70.9543714904785,NA,68.595887277329,68.4425470244108,50.9510787520246,0.224042294719973,-0.628161097444175
"2020-04-27",78.7799987792969,81.25,78.2900009155273,80.7399978637695,994100,70.5763626098633,67.6690618515015,70.6608209228516,NA,68.9005757900266,68.600607438148,53.8947363105064,0.437267778057349,-0.41507532234387
"2020-04-28",82.2699966430664,83.9700012207031,81.6999969482422,83.4000015258789,1092000,72.9015579223633,67.9623296737671,70.4158558654785,NA,69.5161115026938,68.9191963629047,57.8741150748661,0.866108676958421,-0.158838522483412
"2020-04-29",86.0500030517578,87.5,82.6100006103516,82.9100036621094,1778600,72.4732284545898,68.3097917556763,70.1807104492188,NA,69.9710525722163,69.1824579993258,56.8998456922729,1.13987648848521,0.100904479710313
"2020-04-30",82.25,82.3600006103516,79.620002746582,81.1600036621094,1527400,70.943489074707,68.7359231948853,69.8013562011719,NA,70.1206581879841,69.3129047456503,53.4397860983244,1.1653723722846,0.313798058225171
"2020-05-01",79.7399978637695,81.1600036621094,79.2200012207031,79.8099975585938,1089200,69.7634735107422,69.0134561538696,69.465355682373,NA,70.0657066991776,69.3462802097312,50.8700437956391,1.03744063455256,0.458526573490648
"2020-05-04",79.1100006103516,80.0599975585938,78.7600021362305,79.7200012207031,1029600,69.6847991943359,69.3700984954834,69.1838087463379,NA,70.0071055445866,69.3713556900723,50.6950107667169,0.916444328051802,0.550110124402879
"2020-05-05",80.1800003051758,81.7900009155273,79.9100036621094,80.7600021362305,1014400,70.5938568115234,69.6026145935059,68.941604309082,NA,70.0973749702692,69.4619113286983,52.719355178572,0.914837541057323,0.623055607733767
"2020-05-06",81.2900009155273,81.75,78.6399993896484,78.7300033569336,813400,68.8194122314453,69.7992919921875,68.7221923828125,NA,69.9007653181424,69.4143188029759,48.5307781835019,0.700786989709279,0.63860188412887
"2020-05-07",79.2699966430664,80.1800003051758,77.9800033569336,78.0400009155273,950000,68.2162551879883,69.829012298584,68.518816986084,NA,69.6416099135033,69.3255733500138,47.1592155860612,0.455872989169381,0.602056105136972
"2020-05-08",79.5,81.4800033569336,78.5100021362305,81.3399963378906,1063900,71.1008529663086,69.9465816497803,68.3922137451172,NA,69.8661088447041,69.4570755438134,53.8733473784393,0.588900839386319,0.599425051986842
"2020-05-11",80.4800033569336,81.7200012207031,80,80.8300018310547,722200,70.6550598144531,70.0781368255615,68.2721325683594,NA,69.9874859169732,69.5458151194164,52.7576690017522,0.635078899856834,0.60655582156084
"2020-05-12",81.0299987792969,81.6800003051758,79.4199981689453,79.4199981689453,643600,69.4225540161133,69.9658130645752,68.0392852783203,NA,69.9005733168409,69.5366846673198,49.6935519161952,0.523304571194361,0.589905571487544
"2020-05-13",78.9800033569336,79.2600021362305,77.0100021362305,78.1699981689453,968900,68.3298950195312,69.9763023376465,67.8435598754883,NA,69.6589305018702,69.4472928415577,47.0828182674475,0.30474573111916,0.532873603413867
"2020-05-14",77.3499984741211,77.6500015258789,76.0199966430664,77.3000030517578,1062800,67.5694274902344,69.9168628692627,67.5746905517578,NA,69.3374685000801,69.3081917044227,45.2990741048694,0.0422414651680247,0.434747175764699
"2020-05-15",77.3000030517578,79.3000030517578,76.5100021362305,78.0299987792969,2454700,68.2075271606445,69.7385429382324,67.388486328125,NA,69.1636313709361,69.2266609974761,47.1097400929467,-0.0910481967955734,0.329588101252644
"2020-05-18",80.1399993896484,82.3300018310547,79.6399993896484,81.8899993896484,877200,71.5816192626953,69.8189613342285,67.3020274353027,NA,69.5356295081299,69.4011023504553,55.4980717276216,0.193840087719677,0.302438498546051
"2020-05-19",82.0500030517578,83.2099990844727,81.5699996948242,82.0500030517578,960100,71.7214889526367,69.9942230224609,67.3286842346191,NA,69.8719155765155,69.5729828395058,55.8109432135516,0.429667846352544,0.327884368107349
"2020-05-20",82.8199996948242,84.0599975585938,82.4199981689453,83.870002746582,962500,73.3123931884766,70.2088203430176,67.3306120300293,NA,70.4012198245096,69.8499761986888,59.3146690661776,0.789182267224708,0.420143947930821
"2020-05-21",83.870002746582,84.9000015258789,83.5899963378906,84.1999969482422,774100,73.6008377075195,70.4229789733887,67.4061302185059,NA,70.893468729588,70.1278177919355,59.934943782336,1.0917934733462,0.554473853013898
"2020-05-22",83.8600006103516,84.4899978637695,83.629997253418,83.8899993896484,688800,73.3298797607422,70.6401985168457,67.6085765838623,NA,71.2683011959194,70.3650075674027,59.0246038537076,1.28372561837851,0.700324206086819
"2020-05-26",85.2099990844727,87.4899978637695,85.2099990844727,86.629997253418,946000,75.7249374389648,70.8976272583008,67.7709876251221,NA,71.9539375410033,70.7620394097406,64.2006422798853,1.68437504233183,0.897134373335822
"2020-05-27",87.5,88.629997253418,86.6500015258789,88.129997253418,1061700,77.0361251831055,71.1043556213379,68.0730832672119,NA,72.7358125628652,71.226786504064,66.681986517932,2.11862156481697,1.14143181163205
"2020-05-28",89.5100021362305,91.4300003051758,88.4599990844727,90.9100036621094,2095300,79.4661712646484,71.4540027618408,68.3699338531494,NA,73.7712523631396,71.8371113011443,70.7310389579799,2.69239815878348,1.45162508106234
"2020-05-29",90.6800003051758,91.129997253418,89.6399993896484,90.1699981689453,2731700,78.8193435668945,71.8477954864502,68.692658996582,NA,74.5478817791019,72.3543136911999,68.3499729692829,3.03170326134787,1.76764071711944
"2020-06-01",90.3899993896484,91.9199981689453,89.8000030517578,90.5400009155273,951200,79.1427536010742,72.3167594909668,69.0498241424561,NA,75.2547851363284,72.8571610919313,68.9134592626127,3.29085570788539,2.07228371527263
"2020-06-02",90.8499984741211,92.5500030517578,90.5,92.4400024414062,1003100,80.8035736083984,72.8726982116699,69.5115337371826,NA,76.1084449012622,73.4457842412992,71.6999069596453,3.62534172310705,2.38289531683952
"2020-06-03",93.4899978637695,96.5100021362305,92.6399993896484,95.7200012207031,1356900,83.6706924438477,73.5265399932861,70.0725433349609,NA,77.2718676001215,74.2031848488954,75.7422791832882,4.13551353284238,2.73341896004009
"2020-06-04",95.379997253418,95.4300003051758,92.870002746582,93.2699966430664,1226700,81.5290832519531,74.1620235443115,70.4728894042969,NA,77.9268238542495,74.7458439898626,67.9362653225503,4.25572807073828,3.03788078217973
"2020-06-05",95.629997253418,97.2799987792969,94.1699981689453,96.5299987792969,1116700,84.3787231445312,74.9701469421387,70.9068021392822,NA,78.919423745062,75.4593905939122,72.0621606629978,4.58529167001915,3.34736295974761
"2020-06-08",96.620002746582,99.3399963378906,96.620002746582,99.3000030517578,1100200,86.8000411987305,75.7551063537598,71.3450856781006,NA,80.1318264302418,76.2994387868617,75.0052257175934,5.02282546806889,3.68245546141187
"2020-06-09",98.129997253418,98.9100036621094,97.1399993896484,98.129997253418,830000,85.7773132324219,76.5112190246582,71.775152053833,NA,81.0003628613464,77.0015035606069,71.5754621539041,5.19322236038169,3.98460884120583
"2020-06-10",98.5400009155273,98.5400009155273,96.3300018310547,96.9400024414062,868500,84.7371292114258,77.2769477844238,72.1291706085205,NA,81.5752499921279,77.5745128680749,68.1615911309449,5.15728294788866,4.2191436625424
"2020-06-11",94.7699966430664,94.870002746582,91.3000030517578,91.4199981689453,928200,79.911979675293,77.8560520172119,72.4169304656982,NA,81.3193622510763,77.7476585574985,55.0458505616556,4.59396946460628,4.29410882295518
"2020-06-12",92.629997253418,93.5,90.120002746582,91.6699981689453,627000,80.6687774658203,78.5110195159912,72.7818888092041,NA,81.2192722841139,77.9640377358927,56.4609463699574,4.17530266871045,4.27034759210623
"2020-06-15",91.6999969482422,94.0100021362305,90.5999984741211,93.5699996948242,951400,82.3407592773438,79.2176811218262,73.1444477081299,NA,81.3918087446108,78.2882393315558,59.4945958937632,3.96428561882867,4.20913519745072
"2020-06-16",95.5699996948242,95.9599990844727,92.7799987792969,95.0699996948242,1059000,83.6607360839844,79.8216369628906,73.5666233825684,NA,81.7408744891298,78.6862020539579,61.7598919368744,3.88209413523,4.14372698500657
"2020-06-17",95.8099975585938,96.5199966430664,94.9800033569336,95.9700012207031,838900,84.4527130126953,80.4581981658935,73.9368069458008,NA,82.1580804158322,79.1133510138643,63.0935520396469,3.84856583996078,4.08469475599742
"2020-06-18",95.2300033569336,95.9800033569336,94.4199981689453,95.1800003051758,729900,83.7575378417969,80.9804553985596,74.3142404174805,NA,82.4041507890575,79.4573648529705,61.0798715204225,3.70863788591511,4.00948338198096
"2020-06-19",96.7399978637695,98.3399963378906,94.8099975585938,98.3399963378906,3615800,86.5383071899414,81.6273288726807,74.6925695800781,NA,83.040174850732,79.9818791001535,65.7841052421884,3.82373580739319,3.9723338670634
"2020-06-22",97.2300033569336,98.6999969482422,96,97.5299987792969,1463900,85.8255081176758,82.2521102905273,75.034090423584,NA,83.468687661031,80.4147405088588,63.6600375298403,3.7977454541879,3.9374161844883
"2020-06-23",98.2099990844727,98.9499969482422,97.7099990844727,97.7300033569336,928700,86.0015335083008,82.7659400939941,75.3936419677734,NA,83.8583562529187,80.828577027336,63.9694311672002,3.74840104454393,3.89961315649943
"2020-06-24",96.7300033569336,97.2300033569336,94.3099975585938,95.2900009155273,765700,83.8543548583984,83.1068515777588,75.6373484802246,NA,83.8577406537617,81.0527087185258,57.5346480810796,3.46075039265743,3.81184060373103
"2020-06-25",94.7300033569336,96.3199996948242,94.0599975585938,96.2300033569336,591500,84.6815414428711,83.3676200866699,75.9685771179199,NA,83.9844792367016,81.3215111425514,59.2358647977269,3.27461708069121,3.70439589912306
"2020-06-26",96,96.3600006103516,94.379997253418,94.8600006103516,872100,83.475944519043,83.6004501342773,76.2629316711426,NA,83.9062431262926,81.4810988000693,55.7315025102259,2.97632746972876,3.5587822132442
"2020-06-29",94.9000015258789,96.2300033569336,94.5699996948242,96.1500015258789,1559000,84.6111373901367,83.8738693237305,76.5196759033203,NA,84.0146883976532,81.7129535104447,58.2368595211173,2.81685435212464,3.41039664102029
"2020-06-30",96.6699981689453,98.0699996948242,96.1800003051758,97.5,1003500,85.7991256713867,84.1236469268799,76.8361933898926,NA,84.2892172089968,82.0156329297737,60.7409055192528,2.77213526007889,3.28274436483201
"2020-07-01",98.0100021362305,98.6399993896484,97.0400009155273,97.129997253418,780000,85.4735412597656,84.2137893676758,77.1813391113281,NA,84.4714209091151,82.2717742875509,59.6847003195373,2.67363459778582,3.16092241142277
"2020-07-02",98.0599975585938,98.7900009155273,97.1399993896484,97.5299987792969,577700,85.8255081176758,84.4286106109619,77.5174403381348,NA,84.6797420181244,82.5350138305231,60.4846374595317,2.59856767214617,3.04845146356745
"2020-07-06",98.8000030517578,99.4499969482422,98.2099990844727,99.0800018310547,819600,87.1895141601562,84.5691501617432,77.8748773193359,NA,85.0658608092062,82.8797916327182,63.5066669984804,2.63763835963253,2.96628884278047
"2020-07-07",98.0199966430664,99.5500030517578,97.9000015258789,98.7200012207031,580800,86.8727035522461,84.5727832794189,78.2326216125488,NA,85.3438366158278,83.1755628860165,62.3146269736921,2.6068639087933,2.89440385598303
"2020-07-08",99.0299987792969,99.3499984741211,97.3600006103516,98.1800003051758,547900,86.3974990844727,84.6037925720215,78.549044342041,NA,85.5059385340808,83.4142248266429,60.4808156891908,2.50762230517043,2.81704754582051
"2020-07-09",98.25,98.4899978637695,96.0500030517578,96.9199981689453,758100,85.2887191772461,84.6313720703125,78.7967875671387,NA,85.4725201714909,83.5530762600209,56.3164449313609,2.29727497464791,2.71309303158599
"2020-07-10",96.629997253418,97.1399993896484,95.2699966430664,97.0899963378906,779500,85.4383087158203,84.9076885223389,79.0560891723633,NA,85.4672568706185,83.6927231085987,56.7491253109147,2.12029636043412,2.59453369735562
"2020-07-13",97.75,98.6399993896484,96.3600006103516,96.4899978637695,809900,84.9103164672852,85.1197654724121,79.3354257202148,NA,85.3815737316441,83.7829152092421,54.6900667978165,1.90809608189149,2.45724617426279
"2020-07-14",95.7799987792969,97.9599990844727,95.3300018310547,97.8399963378906,724000,86.0983047485352,85.3076427459717,79.6621223449707,NA,85.4918400419351,83.954425545486,58.3517096968925,1.83124890255613,2.33204671992146
"2020-07-15",97.8300018310547,99.7900009155273,97.8300018310547,99.4499969482422,785600,87.5150833129883,85.5003601074219,80.0187280273438,NA,85.8031082374817,84.2181779727084,62.2679347927883,1.88193369047582,2.24202411403233
"2020-07-16",99.4000015258789,101.410003662109,99.1900024414062,101.040000915527,1257000,88.9142761230469,85.7234382629395,80.3851364135742,NA,86.2817494506456,84.5660370949557,65.69834325883,2.02884327400064,2.19938794602599
"2020-07-17",100.900001525879,101,99.129997253418,100.419998168945,1191900,88.3687057495117,85.9539966583252,80.7761222839355,NA,86.6028196504712,84.8477162545525,63.2824569712881,2.06853345428084,2.17321704767696
"2020-07-20",100.400001525879,100.430000305176,99.4499969482422,100.199996948242,648800,88.1750946044922,86.0358360290527,81.1752990722656,NA,86.8447081049359,85.0941887249184,62.4054384443605,2.05715502579902,2.15000464330137
"2020-07-21",100,100.779998779297,99.75,99.8099975585938,693900,87.831901550293,86.1361557006836,81.5099200439453,NA,86.9965840196063,85.2969822675387,60.797014577163,1.9925696160465,2.1185176378504
"2020-07-22",99.8199996948242,101.459999084473,99.7900009155273,101.349998474121,768800,89.1870727539062,86.2954326629639,81.8805603027344,NA,87.3335822864216,85.5851371183807,64.6693265921267,2.04293084863842,2.103400280008
"2020-07-23",101.410003662109,102.400001525879,99.5,100.199996948242,687700,88.1750946044922,86.5114696502686,82.255611114502,NA,87.4630457199709,85.7769858210557,59.9103383783817,1.96563201979687,2.07584662796578
"2020-07-24",97,99.2200012207031,96.1800003051758,96.7399978637695,1806700,85.1303329467773,86.5339092254639,82.5916198730469,NA,87.1041668317873,85.7290856081462,48.3755623292861,1.60398447491488,1.9814741973556
"2020-07-27",94.8399963378906,100.709999084473,94.5100021362305,100.290000915527,1657200,88.2542877197266,86.772826385498,83.0053170776367,NA,87.2811085068549,85.9161376164114,57.4314731075797,1.58872468934494,1.90292429575347
"2020-07-28",100.650001525879,100.680000305176,98.6699981689453,99.3600006103516,1548100,87.4359130859375,86.9140651702881,83.3898847961426,NA,87.3049245959445,86.028713577117,54.7232716936439,1.48347100143893,1.81903363689056
"2020-07-29",103.120002746582,103.98999786377,95.0199966430664,98.7799987792969,1807000,86.9255218505859,86.9703849792481,83.6967628479004,NA,87.2465549428124,86.0951438195962,53.0433175961241,1.33737057879697,1.72270102527184
"2020-07-30",97.5800018310547,100.529998779297,97.0899963378906,100.01000213623,1160700,88.0079040527344,87.0971031188965,84.0224911499024,NA,87.3636855751081,86.2368297627916,56.1198108691383,1.30669902339415,1.6395006248963
"2020-07-31",100.01000213623,100.160003662109,97.0800018310547,98.5899963378906,983600,86.75830078125,87.1437427520752,84.2914093017578,NA,87.2705494529761,86.2754572456404,51.8927235088835,1.15338966503824,1.54227843292469
"2020-08-03",99.120002746582,100.519996643066,98.6999969482422,99.9700012207031,951700,87.9726943969727,87.182901763916,84.5788464355469,NA,87.3785717520525,86.4011785161095,55.407958671244,1.13122674103432,1.46006809454662
"2020-08-04",99.6999969482422,100.099998474121,99.1800003051758,99.9400024414062,829300,87.9462814331055,87.236580657959,84.8711744689941,NA,87.4659117029837,86.5156305840351,55.3132880050232,1.09839240901746,1.38773295744079
"2020-08-05",100.389999389648,102.620002746582,100.120002746582,102.360000610352,938800,90.0758743286133,87.420499420166,85.1581932067871,NA,87.867444414619,86.7793523428927,61.0863866446949,1.25386055824306,1.36095847760124
"2020-08-06",102.089996337891,102.620002746582,100.980003356934,102.330001831055,592000,90.0494613647461,87.658536529541,85.4184599304199,NA,88.2031393300232,87.0215826408078,60.9811586050227,1.35777430536101,1.36032164315319
"2020-08-07",102.290000915527,102.480003356934,101.449996948242,101.889999389648,681200,89.6622619628906,87.8697341918945,85.6223817443848,NA,88.4276197350797,87.2171885165176,59.3666809584659,1.38783563096954,1.36582444071646
"2020-08-10",101.779998779297,102.300003051758,101.529998779297,102.110000610352,805500,89.8558883666992,88.1170127868652,85.8431126403809,NA,88.6473533707135,87.4126477646792,59.9378766380902,1.41250223807219,1.37516000018761
"2020-08-11",102.459999084473,103.440002441406,101.309997558594,101.5,871000,89.319091796875,88.2780521392822,86.0466394042969,NA,88.7506977439691,87.5538658411382,57.5236454689533,1.3669663713108,1.37352127441225
"2020-08-12",101.819999694824,103.550003051758,101.430000305176,103.279998779297,619900,90.8854751586914,88.4465717315674,86.2482774353027,NA,89.0791250385418,87.8006517165125,62.2960511051954,1.45610914843453,1.3900388492167
"2020-08-13",103.23999786377,104.910003662109,102.76000213623,104.620002746582,987200,92.0646667480469,88.6040912628174,86.4161569213867,NA,89.5384391476964,88.1165046818113,65.4437136876916,1.61369821808033,1.43477072298943
"2020-08-14",104.430000305176,104.680000305176,103.669998168945,104.279998779297,607900,91.7654571533203,88.7739288330078,86.6208843994141,NA,89.8810573024078,88.3867974574787,63.9840628754092,1.69059168101204,1.48593491459395
"2020-08-17",104.639999389648,104.970001220703,104.050003051758,104.480003356934,558300,91.9414672851562,88.962247467041,86.7721392822266,NA,90.1980434535998,88.6501063336029,64.485861147361,1.7461198683415,1.53797190534346
"2020-08-18",104.720001220703,104.720001220703,103.620002746582,104.220001220703,669800,91.7126541137695,89.1562850952148,86.8703915405274,NA,90.4310604782413,88.8769617247264,63.2520823424448,1.74859572532235,1.58009666933924
"2020-08-19",104.599998474121,105.5,103.900001525879,103.98999786377,790600,91.5102462768555,89.2724437713623,86.985050201416,NA,90.5970890626435,89.0720198396989,62.1198535080167,1.71217541231157,1.6065124179337
"2020-08-20",103.470001220703,103.5,102.300003051758,102.940002441406,607900,90.5862731933594,89.3930027008057,87.1020330810547,NA,90.5954250827537,89.1841867547849,57.0955238716796,1.58238627196214,1.60168718873939
"2020-08-21",102.98999786377,103.129997253418,102.279998779297,102.430000305176,768500,90.1374816894531,89.6433601379395,87.3065431213379,NA,90.5249722530151,89.2548011943899,54.7780018044743,1.42308429532978,1.56596661005747
"2020-08-24",102.860000610352,103.900001525879,102.860000610352,103.639999389648,688800,91.202262878418,89.790758895874,87.5172128295898,NA,90.6291708107694,89.399057615429,59.0272966110587,1.37598004738706,1.52796929752339
"2020-08-25",104.470001220703,104.470001220703,103.150001525879,103.639999389648,510900,91.202262878418,89.979076385498,87.6944429016113,NA,90.7173388211769,89.5326283756504,59.0272966110587,1.32321642625721,1.48701872327015
"2020-08-26",103.819999694824,104.76000213623,103.410003662109,104.669998168945,724400,92.1086502075195,90.2382328033447,87.863401184082,NA,90.931386726768,89.7234448076407,62.5055185363078,1.34629462981166,1.45887390457845
"2020-08-27",105.26000213623,105.330001831055,102.430000305176,102.569999694824,845800,90.2606658935547,90.3508708953857,87.9795602416992,NA,90.8281989062737,89.7632389621529,52.6852978718982,1.18640988943126,1.40438110154902
"2020-08-28",103.519996643066,103.870002746582,102.660003662109,103.76000213623,545400,91.3078918457031,90.5783504486084,88.1305673217773,NA,90.9019978200321,89.8776576942677,56.8249385665562,1.13970496343907,1.35144587392703
"2020-08-31",103.620002746582,104.569999694824,103.120002746582,103.610000610352,770100,91.1758880615234,90.7385101318359,88.223318939209,NA,90.9441347802615,89.973822906657,56.1579650830088,1.07843797479974,1.29684429410157
"2020-09-01",103.419998168945,104.040000915527,102.75,104,695700,91.5190734863281,90.9171497344971,88.337190246582,NA,91.0325868888871,90.0882859125586,57.5528714197789,1.04819507526772,1.2471144503348
"2020-09-02",104.480003356934,106,103.599998474121,105.809997558594,772700,93.1118240356445,91.0689472198486,88.4793960571289,NA,91.3524695268498,90.3122516994538,63.3767792165039,1.1518014530937,1.22805185088658
"2020-09-03",105.959999084473,105.98999786377,100.879997253418,101.309997558594,858400,89.1518936157227,91.0240688323975,88.5853468322754,NA,91.0139193866764,90.2262992488071,46.3497739877851,0.872938538349399,1.15702918837914
"2020-09-04",102.309997558594,102.910003662109,100.330001831055,101.730003356934,906300,89.521484375,91.0170299530029,88.682145690918,NA,90.7843140002646,90.1740907396362,47.7604452019827,0.676716843633463,1.06096671943001
"2020-09-08",100.930000305176,101.110000610352,99.1600036621094,99.3600006103516,883200,87.4359130859375,90.8960311889648,88.7613450622559,NA,90.2691753980605,89.9712627652881,41.1803405484715,0.331119763817811,0.914997328307569
"2020-09-09",100.620002746582,102.050003051758,100.430000305176,101.139999389648,681400,89.0022811889648,90.8801906585693,88.8491679382324,NA,90.0742685966611,89.8994863522271,47.0776880270139,0.194419625212516,0.770881787688559
"2020-09-10",102.099998474121,102.349998474121,98.9199981689453,99.4000015258789,815500,87.4710998535156,90.7094718933105,88.882607421875,NA,89.6737810977156,89.7196058708411,42.583108659307,-0.0510755399342866,0.60649032216399
"2020-09-11",100.389999389648,100.949996948242,99.5800018310547,100.050003051758,657700,88.0430908203125,90.5083930969238,88.9339984130859,NA,89.4229056704228,89.5954195708019,44.7068069824565,-0.192547678447741,0.446682722041643
"2020-09-14",100.01000213623,100.150001525879,99.120002746582,99.6999969482422,642700,88.2733001708984,90.3337852478027,88.9829542541504,NA,89.2460432858806,89.4974848004387,45.579248167662,-0.28094813515569,0.301156550602177
"2020-09-15",100.309997558594,101.300003051758,99.8300018310547,99.9800033569336,600300,88.5212020874023,90.162771987915,89.0095880126953,NA,89.1345292553455,89.425167562436,46.5571509892275,-0.325007282639533,0.175923783953835
"2020-09-16",100.209999084473,100.51000213623,98.2099990844727,98.3899993896484,773900,87.1134338378906,89.9328109741211,89.0144026184082,NA,88.823591498814,89.2539280272845,41.9474506075245,-0.48214855971267,0.044309315220534
"2020-09-17",97.9199981689453,98.8499984741211,96.9700012207031,98.1999969482422,742000,86.9452209472656,89.7045597076416,89.0253570556641,NA,88.5346114139604,89.0829126880239,41.4197272365973,-0.615495449709491,-0.0876516377654711
"2020-09-18",98.4199981689453,99.2399978637695,96.120002746582,96.3300018310547,1403100,85.2895355224609,89.4397228240967,89.0253733825684,NA,88.0353689691143,88.801921786871,36.5461720713321,-0.863216473621475,-0.242764604936672
"2020-09-21",95.4400024414062,95.4400024414062,93.2300033569336,94.2600021362305,879000,83.456787109375,89.1056880950928,88.9857429504395,NA,87.3309717599236,88.4059858848343,32.0506039834601,-1.21599698725274,-0.437411081399886
"2020-09-22",94.0299987792969,95.3899993896484,93.629997253418,95.1399993896484,960000,84.2359237670898,88.7573711395264,88.9722550964355,NA,86.8548105302569,88.097092394631,35.6732805192076,-1.41012811048215,-0.631954487216338
"2020-09-23",96.120002746582,96.3099975585938,93.2099990844727,93.4599990844727,826500,82.7484817504883,88.3346820831299,88.9052586364746,NA,86.2230676410617,87.7008990135834,32.1493506753295,-1.68508121255723,-0.842579832284516
"2020-09-24",93.1800003051758,95.4100036621094,92.1900024414062,92.6800003051758,640400,82.0578689575195,87.8321430206299,88.7961143493652,NA,85.5822678435937,87.2828967872083,30.6361462719521,-1.94841029137779,-1.06374592410317
"2020-09-25",92.4199981689453,93.870002746582,91.8399963378906,93.5500030517578,536100,82.8281555175781,87.460517501831,88.6743919372559,NA,85.1585582549759,86.9529159524209,34.3478777078834,-2.06359692230083,-1.2637161237427
"2020-09-28",94.9100036621094,95.8099975585938,93.9599990844727,95.379997253418,550600,84.4483947753906,87.1175426483154,88.5959857177734,NA,85.0493023350397,86.7673958652334,41.4455326188232,-1.98011420425971,-1.4069957398461
"2020-09-29",95.5800018310547,95.7799987792969,94.8600006103516,95.0100021362305,487600,84.1208267211914,86.7647895812988,88.5149003601074,NA,84.9064599329092,86.5713537064155,40.4924142167944,-1.92314628595549,-1.51022584906798
"2020-09-30",95.3399963378906,95.8399963378906,94.370002746582,94.8600006103516,750800,83.9880065917969,86.3882362365723,88.4380224609375,NA,84.7651594188919,86.3799946608882,40.0898358359996,-1.86945513059574,-1.58207170537353
"2020-10-01",95.7799987792969,95.9300003051758,94.3499984741211,94.6800003051758,627800,83.8286437988281,85.9240772247314,88.3308538818359,NA,84.6210800927282,86.191005708143,39.5813543494787,-1.82144946855685,-1.6299472580102
"2020-10-02",93.75,95.75,93.7399978637695,94.9300003051758,501700,84.0499954223633,85.6689823150635,88.2483518981934,NA,84.5332209126721,86.0324123536408,40.7062957819324,-1.74258910096142,-1.65247562660044
"2020-10-05",95.7399978637695,96.6600036621094,95.5400009155273,96.5400009155273,562900,85.475471496582,85.4666816711426,88.2552546691895,NA,84.6781825409659,85.9911574753402,47.4871778241811,-1.52687203303521,-1.6273549078874
"2020-10-06",96.5400009155273,97.1800003051758,94.9199981689453,95.1500015258789,581400,84.2447891235352,85.3071254730225,88.1750646972656,NA,84.611506630592,85.8617968566879,42.9232294020382,-1.45616592229353,-1.59311711076862
"2020-10-07",95.870002746582,97.1999969482422,95.8000030517578,96.9199981689453,586900,85.811897277832,85.1476062774658,88.1425843811035,NA,84.7961821147827,85.8581005915875,49.5697338719171,-1.23682968699265,-1.52185962601343
"2020-10-08",97.5100021362305,98.2099990844727,96.9199981689453,98.129997253418,491900,86.8832168579102,85.1182121276856,88.14173828125,NA,85.1172643829562,85.9340351298336,53.5517922677271,-0.950462463031576,-1.40758019341706
"2020-10-09",98.4700012207031,99.4499969482422,98.3199996948242,98.8199996948242,539100,87.4941558837891,85.0907653808594,88.1314633178711,NA,85.482939998469,86.0495996301266,55.7000345542205,-0.658526749797084,-1.25776950469306
"2020-10-12",99.2699966430664,99.4899978637695,98.7399978637695,99.0699996948242,412300,87.7154846191406,85.0628746032715,88.1506069946289,NA,85.8264084016492,86.1729985182017,56.485226161247,-0.402202688211328,-1.08665614139672
"2020-10-13",98.7399978637695,99.3300018310547,98.0199966430664,98.8099975585938,395300,87.4852981567383,85.0110794067383,88.1408590698242,NA,86.0816222101245,86.2702058988341,55.3857223355782,-0.218596544131078,-0.913044221943588
"2020-10-14",99.0100021362305,99.3399963378906,97.6600036621094,98.4899978637695,440400,87.2019729614258,85.015506362915,88.1259729003906,NA,86.2539838641708,86.3392256812483,53.992609504542,-0.0987289570932082,-0.750181168973512
"2020-10-15",97.6999969482422,99.2799987792969,97.3499984741211,99.0299987792969,369400,87.6800765991211,85.0522491455078,88.0780569458008,80.8598757553101,86.4733827464709,86.4385479714611,56.0036758392936,0.0403000464807457,-0.592084925882661
"2020-10-16",98.9899978637695,99.879997253418,98.6500015258789,99.120002746582,808000,87.7597808837891,85.1757614135742,88.0322633361816,80.8722317504883,86.6712901522121,86.536417076078,56.3462578683289,0.155857014527871,-0.442496537800554
"2020-10-19",99.5800018310547,100.339996337891,97.4499969482422,97.7200012207031,468400,86.5202255249023,85.3289333343506,87.9694226074219,80.8811219406128,86.6480494403183,86.5352177019168,49.8457768411537,0.130388229668732,-0.327919584306697
"2020-10-20",98.3300018310547,100.169998168945,97.8499984741211,98.7900009155273,500100,87.4676055908203,85.4905174255371,87.9216569519043,80.8948357772827,86.774135001934,86.6042834714652,54.1952250950981,0.196123706196083,-0.223110926206141
"2020-10-21",99.0199966430664,99.629997253418,97.5899963378906,98.3899993896484,428500,87.1134338378906,85.7087650299072,87.8775437927246,80.9074291610718,86.8263348228504,86.6419983134226,52.3668818271487,0.212756530338698,-0.135937434897173
"2020-10-22",98.2900009155273,99.5800018310547,98.2900009155273,99.0400009155273,485700,87.6889343261719,85.9903182983398,87.8136129760742,80.9252418136597,86.959042438746,86.7195491291819,55.0221700521457,0.276169920126534,-0.0535159638924317
"2020-10-23",99.6500015258789,100.930000305176,99.0100021362305,100.839996337891,701000,89.2826538085938,86.3130432128906,87.7579727172852,80.949288444519,87.3165211110303,86.9094087350642,61.433697796236,0.468433029163862,0.050873834718827
"2020-10-26",100.029998779297,100.23999786377,98.5800018310547,99.4199981689453,730100,88.025390625,86.4918930053711,87.6831713867188,80.970951423645,87.4255779593333,86.9920740602446,54.7974529623044,0.498325742628514,0.140364216300764
"2020-10-27",99.1999969482422,100.160003662109,98.5299987792969,98.6100006103516,575700,87.3082122802734,86.6512622833252,87.5905062866211,80.9843019104004,87.4075217010164,87.0154917061727,51.3874227059943,0.450528965770247,0.202397166194661
"2020-10-28",100.120002746582,101.669998168945,97.4700012207031,97.5699996948242,1444800,86.3874130249023,86.7712326049805,87.4840014648437,80.9943493270874,87.2505819046912,86.9689673594119,47.3161539590339,0.323810381828982,0.226679809321525
"2020-10-29",97.5199966430664,102.330001831055,97.5199966430664,100.730003356934,1103600,89.1852569580078,87.0390632629395,87.4375016784668,81.0188195419312,87.548224220586,87.1331369593079,58.1624685354642,0.476382781297047,0.276620403716629
"2020-10-30",101.379997253418,105.23999786377,101.230003356934,104.019996643066,1946600,92.0981597900391,87.4414714813232,87.4677394104004,81.0523036575317,88.2482143081942,87.5009164282509,66.0086791388889,0.854045775115964,0.392105477996496
"2020-11-02",105.089996337891,109.900001525879,105.019996643066,109.889999389648,2065600,97.29541015625,88.0324684143066,87.6108979797363,81.1093023681641,89.6400905925105,88.2264344821768,75.0128382585385,1.60230447782546,0.634145277962288
"2020-11-03",111.300003051758,111.779998779297,109.410003662109,110.620002746582,1914900,97.9417572021484,88.7173168182373,87.7456878662109,81.1628113555908,90.9172700709163,88.9460880169895,75.8689456201134,2.21615373747555,0.95054696986494
"2020-11-04",111.120002746582,113.069999694824,110.169998168945,111.26000213623,1159300,98.5084075927734,89.3521423339844,87.891810760498,81.2207579803467,92.0851373819712,89.6544079855661,76.6250741973384,2.71122128963974,1.3026818338199
"2020-11-05",112,114.430000305176,111.5,113.269996643066,1725600,100.288040161133,90.0223834991455,88.0553985595703,81.2861285400391,93.3471224249192,90.4420844430155,78.8649431505064,3.21204226969589,1.6845539209951
"2020-11-06",113.599998474121,116.290000915527,113.209999084473,115.190002441406,1009700,101.987968444824,90.7470741271973,88.2899446105957,81.3642049789429,94.6764833510584,91.2973351098161,80.7613515333654,3.70125616172443,2.08789436914097
"2020-11-09",120.290000915527,120.419998168945,115.180000305176,115.269996643066,1666300,102.058784484863,91.4642391204834,88.5049624633789,81.4476657104492,95.8122219870283,92.0944795079677,80.8384852052765,4.03687875638512,2.4776912465898
"2020-11-10",113.940002441406,114.940002441406,113.360000610352,114.180000305176,1200000,101.093727111816,92.1446605682373,88.7033192443848,81.5111671066284,96.6247612369957,92.7610904415861,76.3462417083842,4.1651847525904,2.81518994778992
"2020-11-11",114.889999389648,115.879997253418,114.180000305176,114.819999694824,713900,101.660377502441,92.867580795288,88.906145324707,81.5835293197632,97.3994714316796,93.4202968905383,77.1492005119303,4.25943255757759,3.10403846974745
"2020-11-12",115.410003662109,115.639999389648,113.25,113.75,634800,100.713020324707,93.5192279815673,89.0581692504883,81.6564017868042,97.909248184453,93.9604986264027,72.7055112415898,4.20256343439707,3.32374346267738
"2020-11-13",114.050003051758,115.680000305176,113.790000915527,115.629997253418,595600,102.377532958984,94.2501155853271,89.3226820373535,81.7478742218018,98.596676611304,94.5839826510383,75.3878845893093,4.24246669234707,3.50748810861131
"2020-11-16",117.019996643066,117.709999084473,116.150001525879,117.51000213623,862000,104.042091369629,95.1262088775634,89.6130941772461,81.8425957489014,99.4344327279694,95.2845832968599,77.7434674833239,4.35521601451581,3.67703368979221
"2020-11-17",117.169998168945,117.559997558594,116.569999694824,117.330001831055,606700,103.882720947266,95.9469646453857,89.9420303344727,81.9333549499512,100.118784761707,95.9214823820751,76.9837677412266,4.37576888450644,3.81678072873506
"2020-11-18",117.339996337891,117.339996337891,114.26000213623,114.300003051758,818500,101.199981689453,96.6512920379638,90.1859843444824,82.0142128753662,100.285122750591,96.3124823307698,65.3986085791455,4.12474097197295,3.87837277738264
"2020-11-19",114.690002441406,115.400001525879,112.819999694824,114.290000915527,571200,101.191123962402,97.3264015197753,90.4603848266602,82.0958503723145,100.424507552408,96.6738631923722,65.3636327888862,3.87968809374328,3.87863584065477
"2020-11-20",114.48999786377,115.209999084473,113.5,114.48999786377,653000,101.368186950684,97.9306781768798,90.7268867492676,82.1855284118652,100.569688998297,97.021590878173,65.757863147985,3.65701911091012,3.83431249470584
"2020-11-23",114.889999389648,115.379997253418,114.069999694824,114.660003662109,578100,101.51872253418,98.6053447723388,90.9917951965332,82.2694110870361,100.715694157664,97.354711741581,66.1110237463101,3.45230585757776,3.75791116728022
"2020-11-24",115.720001220703,117.269996643066,114.599998474121,116.459999084473,676400,103.112419128418,99.395555114746,91.2836195373535,82.359831199646,101.084421076241,97.7812085850504,69.676678671446,3.37816696990159,3.6819623278045
"2020-11-25",116.290000915527,116.709999084473,115.069999694824,116.370002746582,678500,103.032737731934,100.227821350098,91.6020056152344,82.4508503341675,101.384162100194,98.1702107440788,69.2841685620753,3.27385602185737,3.60034106661507
"2020-11-27",116.809997558594,118.01000213623,116.379997253418,117.050003051758,399400,103.634811401367,100.950299072266,91.9357974243164,82.5427549362183,101.730415838836,98.574995977952,70.6304565849116,3.2010347345991,3.52047980021188
"2020-11-30",116.129997253418,117.069999694824,114.309997558594,116.76000213623,1162400,103.378044128418,101.514293289185,92.2975675964355,82.6338961029053,101.983897114156,98.9307773224309,69.2367004662662,3.08611725729666,3.43360729162883
"2020-12-01",117.650001525879,119.98999786377,117.25,119.800003051758,1008800,106.069625854492,101.953004074097,92.7498243713379,82.7430917358398,102.612470766516,99.4595809173984,74.841204690567,3.17002124886854,3.38089008307677
"2020-12-02",120,120,117.790000915527,118.480003356934,639300,104.900909423828,102.300961685181,93.1631240844727,82.8180402755737,102.964538252256,99.8626422882451,68.9659677794869,3.10616251776867,3.32594457001515
"2020-12-03",118.23999786377,119.599998474121,118.23999786377,119.23999786377,559700,105.573806762695,102.654231643677,93.6196305847168,82.9130918121338,103.365964176939,100.285691508575,70.4064440597863,3.07149766036248,3.27505518808462
"2020-12-04",119,121.73999786377,118.75,121.339996337891,803700,107.43310546875,103.011484909058,94.1271353149414,83.0314466094971,103.991678221833,100.815129579699,73.997833338786,3.15086500942592,3.25021715235288
"2020-12-07",120.699996948242,122.349998474121,120.269996643066,121.300003051758,769500,107.397720336914,103.281972503662,94.6185266113281,83.1549148178101,104.515684701076,101.302728895048,73.8142379353647,3.17163796185271,3.23450131425285
"2020-12-08",121.25,122.98999786377,120.279998779297,122.849998474121,715600,108.770042419434,103.617535400391,95.104959564209,83.2998149871826,105.170201273131,101.855863230188,76.2729437948762,3.25394919628068,3.23839089065841
"2020-12-09",123.550003051758,123.550003051758,117.919998168945,119.449996948242,1245200,105.759735107422,103.850835800171,95.5377377319336,83.4366885375977,105.260898786099,102.145038924798,62.4261982569463,3.05042701446843,3.20079811542042
"2020-12-10",118.940002441406,119.949996948242,118.01000213623,118.599998474121,623900,105.007148742676,104.018174362183,95.9581205749512,83.5745692062378,105.22186031788,102.357047059455,59.5171589458025,2.79884320691735,3.1204071337198
"2020-12-11",118.449996948242,119.230003356934,118.040000915527,118.940002441406,559600,105.30818939209,104.247932815552,96.3877114868164,83.7178145599365,105.235141713912,102.575650195206,60.313823405937,2.59271231880587,3.01486817073702
"2020-12-14",119.209999084473,119.480003356934,117.209999084473,117.209999084473,723700,104.311424255371,104.344627380371,96.7929400634766,83.8340470886231,105.093031335675,102.704226051515,56.3590593635195,2.32590748793775,2.87707603417716
"2020-12-15",118.160003662109,119.269996643066,117.589996337891,119.190002441406,561600,106.07356262207,104.446200942993,97.2049018859863,83.9738340759277,105.243882302813,102.953806538222,61.2023545364732,2.22437211560538,2.74653525046281
"2020-12-16",118.889999389648,119.51000213623,117.720001220703,118.330001831055,686600,105.30818939209,104.517474365234,97.6261698913574,84.0953105545044,105.253775701163,103.128205268139,58.1820297455801,2.06109514608359,2.60944722958696
"2020-12-17",118.449996948242,119.650001525879,117.620002746582,118.629997253418,822600,105.575164794922,104.736233520508,98.0214352416992,84.2355976867676,105.303220177126,103.309461529382,58.9431509111026,1.92988969086567,2.4735357218427
"2020-12-18",118.819999694824,119.839996337891,118.459999084473,119.48999786377,2004100,106.340538024902,104.993704223633,98.4105816650391,84.387777557373,105.462807538322,103.533985714235,61.1274903672433,1.86298422762461,2.35142542299909
"2020-12-21",118.379997253418,118.5,116.629997253418,118.180000305176,810400,105.174697875977,105.184029769897,98.7641925048828,84.5617078018188,105.418482974885,103.655519948438,56.2208695683979,1.70079029782826,2.22129839796492
"2020-12-22",118.349998474121,119.459999084473,117.660003662109,119.139999389648,650300,106.02904510498,105.409545898437,99.1304637145996,84.7257730102539,105.512415610284,103.831336626701,58.8289329625002,1.61904781176736,2.10084828072541
"2020-12-23",119.769996643066,121.370002746582,119.769996643066,120.23999786377,587900,107.00798034668,105.604323959351,99.5209173583984,84.9116882705688,105.742502492806,104.066643568921,61.648228919216,1.6103708800556,2.00275280059145
"2020-12-24",120.680000305176,120.680000305176,119.230003356934,120.209999084473,166100,106.981307983398,105.801752471924,99.9165040588379,85.1305570030212,105.933087952897,104.28254463666,61.5246086675636,1.58276087526243,1.91875441552564
"2020-12-28",120.389999389648,121.529998779297,120.290000915527,120.730003356934,321100,107.44408416748,105.992216110229,100.311784210205,85.3297554969788,106.165548908987,104.516732750054,62.9141499174173,1.57756190377263,1.85051591317504
"2020-12-29",121.099998474121,121.480003356934,119,119.379997253418,276700,106.242630004883,106.135445404053,100.681441192627,85.5513119316101,106.177407539125,104.644576991153,57.1440865575644,1.46479692693653,1.77337211592734
"2020-12-30",119.540000915527,120.019996643066,118.849998474121,119.519996643066,278100,106.367225646973,106.150325393677,101.078381195068,85.7600298500061,106.206610324948,104.772180595288,57.5785944135149,1.36909408729495,1.69251651020086
"2020-12-31",119.190002441406,119.800003051758,118.690002441406,119.660003662109,324300,106.491828918457,106.229871368408,101.458865661621,85.9790735626221,106.250490108564,104.899561952559,58.0368066498572,1.28783012136509,1.61157923243371
"2021-01-04",119.790000915527,120.650001525879,117.870002746582,118.800003051758,785000,105.726486206055,106.237505340576,101.831126708984,86.2012835121155,106.169874123563,104.960815600966,54.1666811816461,1.15191418404472,1.51964622275591
"2021-01-05",118.129997253418,118.930000305176,117.209999084473,118.559997558594,715600,105.512886047363,106.141494369507,102.187605743408,86.4402574729919,106.068799034917,105.001709708107,53.1023769207726,1.01625900166418,1.41896877853756
"2021-01-06",118.690002441406,119.669998168945,117.919998168945,119.480003356934,921200,106.331619262695,106.088189315796,102.52858505249,86.6938145065308,106.109232916113,105.100221526965,56.6207443495525,0.960046871917664,1.32718439721358
"2021-01-07",119.769996643066,122.75,119.650001525879,121.559997558594,662900,108.182739257812,106.058824157715,102.931732025146,86.927169303894,106.428233891759,105.328556173695,63.3209128390769,1.04404518395871,1.27055655456261
"2021-01-08",122.440002441406,122.940002441406,120.709999084473,121.980003356934,564100,108.556503295898,106.198662567139,103.356697845459,87.1565363883972,106.755659953935,105.567663367932,64.5127677276081,1.12534136695071,1.24151351704023
"2021-01-11",121.389999389648,122.440002441406,120.790000915527,121.230003356934,434800,107.889045715332,106.342757415771,103.786730499268,87.3715522956848,106.93002699415,105.739617615888,60.7184279212957,1.12579315596388,1.21836944482496
"2021-01-12",121.330001831055,122.230003356934,120.860000610352,122.019996643066,508800,108.592102050781,106.506953048706,104.174867401123,87.5931428337097,107.185730849016,105.950912759213,63.1752913023081,1.16546243693929,1.20778804324783
"2021-01-13",122.220001220703,122.360000610352,120.379997253418,120.790000915527,546200,107.49747467041,106.666255569458,104.48285369873,87.7954491996765,107.233691436923,106.065472900783,57.1789144705223,1.10141265030927,1.18651296466012
"2021-01-14",122.040000915527,122.040000915527,120.300003051758,120.879997253418,518100,107.57755279541,106.741455078125,104.688496551514,88.0057170295715,107.286593184382,106.177478818904,57.4967453745224,1.04458532809049,1.15812743734619
"2021-01-15",120.430000305176,121.589996337891,119.839996337891,121.01000213623,1004400,107.693283081055,106.860709762573,104.883527069092,88.2320791435242,107.349160860793,106.2897606161,57.9821347292333,0.996709597004197,1.12584386927779
"2021-01-19",121.400001525879,123.360000610352,120.680000305176,122.690002441406,687900,109.188385009766,107.041370773315,105.097126617432,88.4569569969177,107.632118422174,106.504473534149,63.7427787338998,1.05877701715782,1.1124304988538
"2021-01-20",122.889999389648,125,122.690002441406,123.980003356934,708000,110.336418151855,107.241164779663,105.298094177246,88.6958793258667,108.048164534432,106.788321283609,67.434761185782,1.17975751999841,1.12589590308272
"2021-01-21",124.160003662109,124.629997253418,123.080001831055,123.779998779297,481600,110.15843963623,107.490351867676,105.461503601074,88.9169538497925,108.372822242401,107.037959680099,66.3074973209655,1.2470926821581,1.1501352588978
"2021-01-22",123.01000213623,124.139999389648,122.349998474121,123.830001831055,462800,110.202934265137,107.699046325684,105.62438659668,89.1435391998291,108.654377938207,107.272402241954,66.4584530301091,1.28828633215059,1.17776547354836
"2021-01-25",123.919998168945,124.809997558594,122.389999389648,123.519996643066,504400,109.927024841309,107.844998550415,105.801052551269,89.3550650787354,108.850169769453,107.469040953017,64.5277890910297,1.2851411012774,1.19924059909416
"2021-01-26",123.440002441406,123.5,121.26000213623,121.410003662109,479800,108.049255371094,107.8983959198,105.928830108642,89.5515640258789,108.726952169706,107.512019798801,53.2003578749475,1.13004329485995,1.18540113824732
"2021-01-27",120.680000305176,120.680000305176,116.480003356934,117.309997558594,775800,104.400421142578,107.746212768555,106.002578125,89.7334463500977,108.061332011686,107.281531009451,38.9076096994477,0.726873484091439,1.09369560741614
"2021-01-28",117.089996337891,119.379997253418,116.809997558594,117.470001220703,621300,104.542823791504,107.661222457886,106.04588394165,89.897815322876,107.520023054735,107.078663808122,39.5897293916787,0.412182250802307,0.957392936093377
"2021-01-29",117.160003662109,117.160003662109,113.589996337891,114.860000610352,1069500,102.220054626465,107.45386390686,106.009443206787,90.0683150482178,106.70464329654,106.718766831703,33.0981564451293,-0.0132343500419907,0.763267478866304
"2021-02-01",115.199996948242,117.569999694824,115.120002746582,117.360000610352,616200,104.444938659668,107.351519393921,106.020687561035,90.2467486572266,106.356996429329,106.550335115256,42.777010894178,-0.181452912107594,0.574323400671524
"2021-02-02",118.410003662109,119.290000915527,117.669998168945,118.870002746582,787400,105.788757324219,107.354632949829,106.11246307373,90.4168228149414,106.269575028542,106.493921945549,47.6987223065661,-0.210666405094373,0.417325439518345
"2021-02-03",118.550003051758,119.650001525879,118.120002746582,118.940002441406,444000,105.851051330566,107.371541213989,106.205661621094,90.5962118148804,106.205186767315,106.446301899995,47.9223303516605,-0.226513395370065,0.288557672540663
"2021-02-04",119.5,119.98999786377,118.550003051758,119.269996643066,461200,106.144744873047,107.362197494507,106.301192779541,90.7858542633057,106.195888014351,106.423964342443,49.0287832864085,-0.214309182618233,0.187984301508884
"2021-02-05",119.870002746582,120.940002441406,119.440002441406,120.330001831055,480300,107.088096618652,107.307465362549,106.41258026123,90.9761925125122,106.333150876551,106.473159325866,52.5183473249486,-0.131496473103077,0.124088146586492
"2021-02-08",120.360000610352,124.980003356934,119.790000915527,124.139999389648,1218500,110.478820800781,107.403581237793,106.559908294678,91.1819982910156,106.97094624951,106.769874990675,62.4651652774137,0.188322088840653,0.136934935037324
"2021-02-09",124.669998168945,127.150001525879,123.209999084473,126.120002746582,1255400,112.240936279297,107.621175765991,106.744072265625,91.3982755279541,107.7817139464,107.175138789832,66.4040385053301,0.565966289773256,0.222741205984511
"2021-02-10",127.569999694824,129.259994506836,126.309997558594,128.119995117188,997900,114.02082824707,107.892612075806,106.951792602539,91.6154978561401,108.741577684965,107.682226897775,69.8461449666631,0.983774962413131,0.374947957270235
"2021-02-11",128.949996948242,130.360000610352,128.289993286133,129.429992675781,719100,115.186668395996,108.277071762085,107.187965087891,91.8269234085083,109.733130102046,108.238111453199,71.8785269541962,1.38123127683509,0.576204621183206
"2021-02-12",130.110000610352,131.399993896484,129.5,130.699996948242,692000,116.316917419434,108.714039993286,107.392910919189,92.0461418533325,110.746020458568,108.836541524772,73.7273135903232,1.75444653702161,0.811853004350888
"2021-02-16",131.369995117188,133.429992675781,131.050003051758,132.479995727539,1334800,117.901016235352,109.224426651001,107.65291305542,92.2809294891357,111.846789039611,109.507984095926,76.0990017209326,2.13573920019969,1.07663024352065
"2021-02-17",132.199996948242,132.960006713867,128.470001220703,129.509994506836,1583400,115.257865905762,109.527900695801,107.846594238281,92.5084014511108,112.371570095942,109.933901267025,65.4778463298028,2.21739499901497,1.30478319461951
"2021-02-18",129.550003051758,131.419998168945,126.73999786377,127.599998474121,1296100,113.558052062988,109.688982391357,107.969093170166,92.7277677154541,112.55410578318,110.202356881541,59.7064822977972,2.13402777235252,1.47063211016611
"2021-02-19",128.029998779297,128.910003662109,127.660003662109,128.009994506836,886400,113.922927856445,109.877206802368,108.099597320557,92.9444130706787,112.764693794452,110.477954731534,60.5110962040573,2.06986006255694,1.59047770064428
"2021-02-22",127.98999786377,128.220001220703,127.330001831055,127.650001525879,771400,113.602546691895,110.047187423706,108.196247406006,93.168328742981,112.893594240212,110.709405987857,59.3896721052597,1.97290215123618,1.66696259076266
"2021-02-23",126.080001831055,127.099998474121,124.25,126.029998779297,1032300,112.160820007324,110.158877182007,108.324269104004,93.3880515670776,112.780859742845,110.816918137447,54.4953251096151,1.77223986951323,1.68801804651277
"2021-02-24",125.48999786377,129.240005493164,125.169998168945,128.449996948242,626800,114.314514160156,110.47214012146,108.510416412353,93.6041198730469,113.016806576277,111.075999324314,59.8220187143203,1.74727867745412,1.69987017270104
"2021-02-25",128.240005493164,128.440002441406,123.889999389648,124.339996337891,552400,110.656791687012,110.784958648682,108.617388458252,93.8041285324097,112.653727362544,111.044946906736,49.272798967925,1.44876511774901,1.64964916171064
"2021-02-26",124.169998168945,125.559997558594,123.519996643066,124.019996643066,939800,110.372024536133,111.076418685913,108.738600463867,94.0088758850098,112.302696158481,110.99510080521,48.5549116752264,1.17806582793718,1.55533249495594
"2021-03-01",125.190002441406,129.029998779297,125.069999694824,128.270004272461,894200,114.154335021973,111.673132705688,108.900215911865,94.237998085022,112.587563675941,111.2291181546,57.4271589263826,1.22130386708001,1.48852676938076
"2021-03-02",128.350006103516,128.699996948242,126.569999694824,127.01000213623,819300,113.032989501953,112.102535247803,109.054711914062,94.4653158950806,112.656090726097,111.362738254404,54.4300965445631,1.16138709586886,1.42309883467838
"2021-03-03",126.580001831055,126.970001220703,123.709999084473,123.819999694824,851100,110.194023132324,112.322798538208,109.14708908081,94.675248374939,112.277311096286,111.27616676388,47.6498502429245,0.899693403826962,1.3184177485081
"2021-03-04",124.51000213623,126.419998168945,117.73999786377,119.860000610352,803400,106.669830322266,112.363737487793,109.153674926758,94.8506894302368,111.414621746436,110.934956657093,40.8475408954348,0.432384077839232,1.14121101437432
"2021-03-05",121.160003662109,122.779998779297,117.76000213623,122.419998168945,844500,108.948104858398,112.503905487061,109.229143066406,95.0368225097656,111.035157609815,110.787782449783,46.1950121053008,0.223287400977368,0.957626291694932
"2021-03-08",123.26000213623,123.970001220703,121.430000305176,122.519996643066,603700,109.037094116211,112.601355361939,109.289304046631,95.2154460144043,110.727763226184,110.658101832481,46.3988411374435,0.0629519145450619,0.778691416264958
"2021-03-09",123.5,126.639999389648,122.690002441406,125.230003356934,835400,111.448867797852,112.649857711792,109.378121795654,95.404686164856,110.838702391056,110.716677089175,51.7353398289396,0.110214021129251,0.644995937237817
"2021-03-10",125.940002441406,127.680000305176,125.860000610352,126.889999389648,619600,112.926193237305,112.684120559692,109.497019500732,95.6026677322388,111.15985482894,110.880344952,54.7098168171846,0.252082438110857,0.566413237412425
"2021-03-11",127.800003051758,128.809997558594,127.059997558594,127.720001220703,693400,113.664848327637,112.666321563721,109.621434783936,95.7923672866821,111.545238444124,111.086604461306,56.164464693028,0.412861645238349,0.53570291897761
"2021-03-12",127,127.569999694824,126.589996337891,127.459999084473,499600,113.977813720703,112.605878829956,109.776138458252,95.9770757293701,111.919480794367,111.30076811015,56.7976063880661,0.555892555570403,0.539740846296168
"2021-03-15",127.650001525879,128.220001220703,126.860000610352,128.110000610352,519600,114.559074401855,112.517986679077,109.93997543335,96.1525402450562,112.325572118596,111.542124131758,58.0106409049176,0.70237857933626,0.572268392904187
"2021-03-16",128.949996948242,129.479995727539,126.669998168945,128.279998779297,695300,114.711090087891,112.358490371704,110.104360656738,96.3319989776611,112.692574883103,111.776862350731,58.3400881173217,0.819232632867206,0.621661240896791
"2021-03-17",127.779998779297,127.779998779297,124.660003662109,126.430000305176,658800,113.056777954102,112.248435974121,110.250966491699,96.5015690994263,112.748606124795,111.871670913943,53.4273464170526,0.783876028388164,0.654104198395065
"2021-03-18",126.23999786377,126.629997253418,124.889999389648,125.449996948242,540800,112.180435180664,112.179555130005,110.384317474365,96.6584534072876,112.661195210313,111.894542341108,50.9783730677081,0.685156624411909,0.660314683598434
"2021-03-19",125.419998168945,126.459999084473,124.099998474121,125.709999084473,1279900,112.412940979004,112.104055786133,110.505943908691,96.8021646499634,112.62300225165,111.932942240211,51.6120993176807,0.616494123739031,0.651550571626553
"2021-03-22",126.620002746582,128.029998779297,126.410003662109,127.580001831055,767500,114.08512878418,112.128184890747,110.623991699219,96.9649448776245,112.847944795117,112.092363465691,56.0160657191564,0.674070298872143,0.656054517075671
"2021-03-23",127.23999786377,128.309997558594,125.919998168945,126.160003662109,517900,112.815330505371,112.16091041565,110.709168243408,97.1071279144287,112.842927212079,112.145916579741,52.1356656405444,0.621521187391805,0.649147851138898
"2021-03-24",127.110000610352,128.100006103516,126.669998168945,126.779998779297,761800,113.369743347168,112.113671875,110.818782196045,97.2399764251709,112.923975848246,112.236570414365,53.6455327559191,0.612461189203617,0.641810518751842
"2021-03-25",126.879997253418,127.599998474121,124.650001525879,127.550003051758,684300,114.058311462402,112.28374786377,110.928106384277,97.3813814163208,113.098489019655,112.371514195701,55.5221213772269,0.646938709651623,0.642836156931798
"2021-03-26",126.98999786377,128.449996948242,124.110000610352,128.369995117188,597600,114.791549682617,112.504724121094,111.073987884521,97.5316535186768,113.35895989088,112.550776083621,57.495434200814,0.718061514439028,0.657881228433244
"2021-03-29",127.790000915527,130.229995727539,127.779998779297,129.970001220703,954400,116.222328186035,112.608123779297,111.246883392334,97.7132052612305,113.799478090134,112.822742906022,61.1202606101484,0.865725437047837,0.699450070156163
"2021-03-30",129.490005493164,131.050003051758,129.289993286133,130.729995727539,640900,116.901931762695,112.801570892334,111.431056365967,97.8943710327148,114.276778655144,113.124905043553,62.7454317327115,1.01823167157311,0.763206390439552
"2021-03-31",131.25,132.25,130.729995727539,131.850006103516,920500,117.903465270996,113.187042999268,111.605357971191,98.0721845626831,114.834730442198,113.478872467808,65.0631167926275,1.19481093255862,0.849527298863366
"2021-04-01",132,132.639999389648,130.380004882812,132.509994506836,686100,118.49365234375,113.778234100342,111.768502655029,98.2463491439819,115.397641503975,113.850337643804,66.3900575894381,1.3590683103744,0.951435501165573
"2021-04-05",133.149993896484,136.399993896484,132.630004882812,135.929992675781,864600,121.551887512207,114.408423233032,111.996371612549,98.4318450164795,116.344448582165,114.420822819241,72.2678785254362,1.681185046154,1.09738541016326
"2021-04-06",136,137.100006103516,135.259994506836,136.520004272461,661400,122.079498291016,115.060543441773,112.233902893066,98.6234548187256,117.226763921988,114.988132113447,73.140593561827,1.94683726693861,1.26727578151833
"2021-04-07",136.520004272461,136.990005493164,134.779998779297,135.320007324219,632100,121.006439208984,115.538422012329,112.45549118042,98.7957954788208,117.80825242768,115.433932639042,68.4243654563025,2.0568646795236,1.42519356111938
"2021-04-08",135.149993896484,135.809997558594,134.470001220703,135.630004882812,643500,121.283645629883,115.956294631958,112.720178985596,98.9730861663818,118.342928304942,115.867244712438,68.9808216059386,2.13665527185718,1.56748590326694
"2021-04-09",135.869995117188,137.699996948242,135.5,137.649993896484,464800,123.089973449707,116.427550888062,113.093970031738,99.1585283660889,119.073242942598,116.402261655939,72.3947087592546,2.29461287835935,1.71291129828542
"2021-04-12",137.970001220703,138.429992675781,136.759994506836,137.850006103516,414900,123.268814086914,116.892100906372,113.468489837646,99.3556006622314,119.718715426339,116.910895169345,72.7148921991226,2.40167544087917,1.85066412680417
"2021-04-13",138.169998168945,138.820007324219,137.029998779297,138.669998168945,486800,124.002075195312,117.364250946045,113.904130249023,99.5522033309936,120.377693852335,117.436167763861,74.0441782327406,2.50478719161604,1.98148873976655
"2021-04-14",138.199996948242,139.229995727539,137.229995727539,137.610000610352,456300,123.054206848145,117.781406784058,114.276315612793,99.7500946426392,120.789465082459,117.852318807141,69.3413500313982,2.49222612252944,2.08363621631913
"2021-04-15",138.229995727539,138.600006103516,137.570007324219,138.550003051758,444400,123.89476776123,118.323306274414,114.638435821533,99.9465127944946,121.267203956116,118.299907618555,71.0946349930042,2.5082828865167,2.16856555035864
"2021-04-16",138.940002441406,141.729995727539,138.940002441406,140.600006103516,1358100,125.727928161621,119.000680923462,115.035973358154,100.146156806946,121.953469218502,118.850131362486,74.5172755917432,2.61113540257756,2.25707952080242
"2021-04-19",140.330001831055,140.679992675781,139.139999389648,140.550003051758,599300,125.683235168457,119.664195632935,115.426743164062,100.347205276489,122.527279364649,119.356287199965,74.2863269659036,2.65674497680282,2.3370126120025
"2021-04-20",140.320007324219,140.720001220703,137.949996948242,138.199996948242,478100,123.581802368164,120.139029312134,115.756617279053,100.535986747742,122.689513672882,119.669288323536,64.2096072945317,2.52380990282224,2.37437207016645
"2021-04-21",138.699996948242,139.389999389648,138.320007324219,139,502900,124.297180175781,120.713121795654,116.032984466553,100.72152507782,122.93684698102,120.012095127406,65.9051313402565,2.43704757467125,2.38690717106741
"2021-04-22",138.899993896484,139.869995117188,138.139999389648,139.160003662109,624100,124.440246582031,121.266646957397,116.276970672607,100.909362792969,123.16813922733,120.340106346267,66.249485061864,2.35003355649812,2.37953244815355
"2021-04-23",140,141.880004882812,140,141.350006103516,620900,126.398651123047,121.88366394043,116.524527130127,101.109368553162,123.66514105744,120.788887440843,70.6233682579415,2.38122370156404,2.37987069883565
"2021-04-26",142.229995727539,142.490005493164,141.029998779297,141.649993896484,603000,126.666870117188,122.477429962158,116.754131164551,101.316259307861,124.12694552817,121.224293565017,71.1743506031117,2.39444741461565,2.38278604199165
"2021-04-27",141.889999389648,142.940002441406,141.089996337891,141.119995117188,681700,126.192916870117,122.975959396362,116.951651153564,101.520032348633,124.444787273085,121.592339735765,68.7215661248143,2.34591055943085,2.37541094547949
"2021-04-28",138.720001220703,139.289993286133,135.660003662109,137.380004882812,902700,122.848526000977,123.273289108276,117.050601348877,101.709723396301,124.199208615838,121.685390570225,54.4596746387926,2.06583389660244,2.31349553570408
"2021-04-29",138.979995727539,139.899993896484,137.660003662109,138.679992675781,543500,124.011001586914,123.578665924072,117.2256640625,101.899286880493,124.170253688311,121.857658052943,57.7424410453448,1.89778440872679,2.23035331030862
"2021-04-30",138.330001831055,138.389999389648,136.910003662109,137.240005493164,665300,122.723335266113,123.79015007019,117.408969726563,102.075328140259,123.947650854127,121.921782290955,53.1703240203385,1.66161331068542,2.11660531038398
"2021-05-03",138.580001831055,138.669998168945,137.020004272461,137.889999389648,495700,123.304580688477,123.877784729004,117.596602783203,102.247279663086,123.848716982488,122.024211801883,54.906050790751,1.49519931631905,1.992324111571
"2021-05-04",137.320007324219,137.580001831055,135.330001831055,137.259994506836,559500,122.741226196289,123.910871124268,117.779376373291,102.41914226532,123.678333784612,122.077323979246,52.8610073241799,1.31147190418215,1.85615367009323
"2021-05-05",138.130004882812,139.75,137.660003662109,139.600006103516,653000,124.833709716797,124.102234649658,118.03283416748,102.602435340881,123.856083928025,122.281500700546,58.9734194055054,1.28767084019874,1.74245710411433
"2021-05-06",139.919998168945,141.399993896484,139.039993286133,141.339996337891,594900,126.389663696289,124.357535552978,118.274337158203,102.795224151611,124.245865430835,122.585809070601,62.8327512799573,1.35419945654325,1.66480557460011
"2021-05-07",141.580001831055,143.759994506836,141.259994506836,143.559997558594,510800,128.374816894531,124.62177772522,118.628697662354,102.991162872314,124.881088732942,123.014624464967,67.0867689245561,1.51727022383974,1.63529850444804
"2021-05-10",143.990005493164,145.199996948242,142.330001831055,142.380004882812,553500,127.319641113281,124.824319076538,118.967649993896,103.186885604858,125.256250637609,123.333514587064,62.9617037492137,1.55897288501261,1.62003338056095
"2021-05-11",139.809997558594,141.869995117188,139.089996337891,140.589996337891,610400,125.718978881836,124.910164260864,119.198942871094,103.389828834534,125.32743959826,123.510215645936,57.2144637005637,1.47131469475617,1.5902896434
"2021-05-12",139.770004272461,140.539993286133,135.779998779297,136.149993896484,629500,121.748626708984,124.844885253906,119.373255615234,103.55730052948,124.776852999909,123.379727576532,45.9984178523451,1.13237843106015,1.49870740093203
"2021-05-13",136.470001220703,139.199996948242,136.419998168945,138.089996337891,589000,123.483421325684,124.824317932129,119.639043579102,103.737538070679,124.577863511567,123.387408594988,50.5590444792507,0.964810696759955,1.39192806009761
"2021-05-14",139.589996337891,141.270004272461,139.240005493164,140.389999389648,484100,125.540138244629,124.814928436279,120.016449737549,103.930611152649,124.725905778192,123.546870050517,55.3712472857047,0.954322620389458,1.30440697215598
"2021-05-17",139.720001220703,140.970001220703,139.589996337891,140.100006103516,574600,125.280830383301,124.794808197021,120.343104248047,104.116975784302,124.811278794363,123.675311556649,54.6490341170251,0.918507682265579,1.2272271141779
"2021-05-18",140.789993286133,141.610000610352,139.619995117188,140.270004272461,733400,125.432861328125,124.887361145019,120.671019592285,104.310348587036,124.90690687648,123.80550042861,55.0194645947052,0.889626425366208,1.15970697641556
"2021-05-19",138.350006103516,138.820007324219,137.139999389648,138.169998168945,836400,123.554962158203,124.850250244141,120.913141479492,104.488259925842,124.69891538136,123.78694203821,49.6272704707405,0.736728226850691,1.07511122650259
"2021-05-20",139.070007324219,139.820007324219,137.919998168945,139.279998779297,614600,124.547569274902,124.855616378784,121.145569000244,104.671266365051,124.675631364982,123.843284796483,52.2889625785218,0.672096650106546,0.99450831122338
"2021-05-21",139.699996948242,141.389999389648,139.330001831055,139.839996337891,858100,125.048347473145,124.788101196289,121.373238983154,104.846128730774,124.7329723047,123.932548698458,53.6204634321567,0.645854228487619,0.924777494676228
"2021-05-24",140.970001220703,140.970001220703,139.759994506836,139.990005493164,588200,125.182464599609,124.71388092041,121.597332000732,105.021793746948,124.802124965455,124.025135061506,53.9907950799729,0.626477772883094,0.865117550317601
"2021-05-25",141.100006103516,141.889999389648,140.320007324219,140.869995117188,837300,125.969375610352,124.702703857422,121.825538024902,105.203329315186,124.981701987747,124.169152879939,56.2006228319071,0.65438886306417,0.822971812866915
"2021-05-26",141.869995117188,142.580001831055,141.25,141.580001831055,806000,126.604263305664,124.890490722656,122.063401489258,105.38707118988,125.231326805888,124.349531429993,57.95523677992,0.709126416283534,0.800202733550239
"2021-05-27",142.029998779297,143.449996948242,141.720001220703,142.380004882812,1681300,127.319641113281,125.055922698975,122.348658752441,105.577073936462,125.552605930102,124.569539554681,59.9043374612399,0.789170754692936,0.797996337778779
"2021-05-28",142.839996337891,143.509994506836,142.190002441406,142.240005493164,600700,127.19441986084,125.279476928711,122.648938446045,105.758618659973,125.805192688677,124.763975132915,59.3853830740948,0.83454984073168,0.805307038369359
"2021-06-01",144,144.539993286133,141.919998168945,142.919998168945,803100,127.802520751953,125.504373931885,122.956730041504,105.937307929993,126.112473929181,124.989052586177,61.1457055168459,0.898815792070717,0.824008789109631
"2021-06-02",143.179992675781,143.289993286133,141.169998168945,141.880004882812,850000,126.872512817383,125.710938262939,123.212477722168,106.112843208313,126.229402988905,125.128568158859,57.0716583373615,0.879762987975696,0.835159628882844
"2021-06-03",140.770004272461,142.479995727539,138.970001220703,142.220001220703,761500,127.176582336426,125.828081893921,123.499702758789,106.289018783569,126.375122888523,125.280272912753,58.0556789132549,0.873920490684821,0.842911801243239
"2021-06-04",142.669998168945,143.850006103516,142.119995117188,143.639999389648,505300,128.446380615234,125.930917739868,123.80123550415,106.472687416077,126.693777923402,125.514799409233,61.9755316261531,0.939314343581854,0.862192309710962
"2021-06-07",144.119995117188,145,142.649993896484,143.270004272461,617000,128.115509033203,125.917952346802,124.082379455566,106.655713729858,126.912505786448,125.707444566564,60.3917915370134,0.958623591497831,0.881478566068336
"2021-06-08",144.130004882812,144.130004882812,141.779998779297,142.550003051758,567800,127.471672058105,125.925553894043,124.335981903076,106.840140724182,126.998531366703,125.838128084456,57.3221527686096,0.922139656645493,0.889610784183768
"2021-06-09",143.240005493164,143.240005493164,141.759994506836,142.169998168945,476800,127.131851196289,125.996197509766,124.554172363281,107.025112571716,127.019042109716,125.933959426073,55.7125410288647,0.861628339637854,0.884014295274585
"2021-06-10",142.300003051758,143.270004272461,141.649993896484,142.600006103516,371200,127.516387939453,126.284585571289,124.766461486816,107.206683197021,127.095556852753,126.05117635299,57.1778838922016,0.82853689269653,0.872918814758974
"2021-06-11",143.419998168945,144.759994506836,142.839996337891,144.759994506836,461000,129.447891235352,126.582809066772,124.997350006104,107.397911338806,127.457454450076,126.302784862795,63.6786274650384,0.914207543828272,0.881176560572833
"2021-06-14",143.660003662109,143.990005493164,142.029998779297,142.679992675781,438800,128.181198120117,126.714862060547,125.191100921631,107.578274078369,127.568799630082,126.441926585559,57.512432054571,0.891217869699323,0.883184822398131
"2021-06-15",142.960006713867,143.699996948242,142.270004272461,143.389999389648,437600,128.81901550293,126.891771316528,125.336443481445,107.771065826416,127.761140533597,126.618007246105,59.6321071375287,0.902820469500698,0.887111951818645
"2021-06-16",143.369995117188,143.369995117188,141.259994506836,141.820007324219,546900,127.408599853516,126.990558242798,125.443025512695,107.951569366455,127.706903505892,126.676569661469,53.2997155387355,0.813357866554676,0.872361134765851
"2021-06-17",141.440002441406,141.759994506836,139.610000610352,141,659200,126.671905517578,127.146405410767,125.556334838867,108.129049453735,127.547673046152,126.676224169329,50.2954311576354,0.687934048032357,0.835475717419152
"2021-06-18",140.199996948242,141.179992675781,138.600006103516,139.539993286133,1046100,125.360298156738,127.187041854858,125.637867889404,108.298255577087,127.211153832396,126.578748168396,45.3899964922225,0.499614408540361,0.768303455643394
"2021-06-21",139.800003051758,142.410003662109,139.800003051758,142.009994506836,559700,127.579277038574,127.31358833313,125.727653961182,108.470592842102,127.267788171808,126.652861418039,53.6298818585679,0.485521406215139,0.711747045757743
"2021-06-22",141.139999389648,142.789993286133,140.130004882812,142.360000610352,642000,127.893699645996,127.449150085449,125.820151672363,108.664301872253,127.36408224476,126.744775360851,54.6735112981199,0.488625177760427,0.66712267215828
"2021-06-23",142.360000610352,142.770004272461,141.259994506836,141.869995117188,698900,127.453498840332,127.523356246948,125.889180145264,108.85396194458,127.377838644079,126.797273396368,52.8791322466123,0.457868873801281,0.62527191248688
"2021-06-24",142.800003051758,143.389999389648,141.990005493164,143.039993286133,412900,128.50456237793,127.618371200562,125.998187255859,109.05930519104,127.551180756979,126.923739246854,56.5462690796839,0.494345276815822,0.599086585352669
"2021-06-25",143.929992675781,144.710006713867,143.789993286133,144.369995117188,450400,129.699462890625,127.737362289429,126.114281158447,109.262791099548,127.881685700617,127.129348405652,60.3263687306567,0.591788839005347,0.597627036083204
"2021-06-28",144.699996948242,144.699996948242,143.660003662109,144.270004272461,676800,129.609619140625,127.858122253418,126.191914978027,109.473483695984,128.147521614464,127.313072163798,59.9044044015537,0.655431085342562,0.609187845935076
"2021-06-29",144.619995117188,145.830001831055,144.529998779297,145.380004882812,399800,130.606857299805,127.998339080811,126.290387420654,109.686302528381,128.52588095067,127.557056247947,62.9981703521983,0.75952262557748,0.639254801863557
"2021-06-30",145.630004882812,145.779998779297,143.910003662109,144.639999389648,529700,129.942001342773,128.15181350708,126.417591400147,109.894646034241,128.743745626378,127.733718847563,59.6913143242652,0.790728390222806,0.669549519535407
"2021-07-01",145.270004272461,146.199996948242,144.410003662109,146.089996337891,518200,131.244674682617,128.35521812439,126.556541290283,110.108263397217,129.128503942723,127.99378965016,63.7106908800009,0.886538554459815,0.712947326520288
"2021-07-02",146.789993286133,147.300003051758,146.220001220703,147,507200,132.062210083008,128.536009597778,126.708980560303,110.333007278442,129.579843348921,128.295154126667,66.0019281763856,1.00135444007881,0.770628749231992
"2021-07-06",147.300003051758,147.339996337891,145.160003662109,146.639999389648,654500,131.738754272461,128.717171859741,126.815782623291,110.556974945068,129.911983491004,128.550235618948,64.2728601897809,1.05931184450876,0.828365368287345
"2021-07-07",146.470001220703,147.990005493164,146.309997558594,147.830001831055,531000,132.807846069336,128.983980560303,126.938602142334,110.794566497803,130.357500810747,128.865614170829,67.3201914951594,1.15770731355893,0.894233757341663
"2021-07-08",145.320007324219,147.449996948242,144.850006103516,146.740005493164,462000,131.828628540039,129.21881942749,127.051316375732,111.036425704956,130.583828153715,129.085096716696,62.0958354849882,1.16104141774642,0.947595289422615
"2021-07-09",147,149.050003051758,147,148.809997558594,524000,133.688278198242,129.52741394043,127.268111419678,111.283687477112,131.061435852873,129.426073122737,67.2878216377242,1.2635496779583,1.01078616712975
"2021-07-12",148.509994506836,149.899993896484,148.270004272461,149.889999389648,393100,134.658554077148,129.78794708252,127.481062469482,111.543237838745,131.614838656608,129.813664304545,69.6255987708676,1.38750751834351,1.0861304373725
"2021-07-13",149.889999389648,149.990005493164,148.800003051758,149.089996337891,324600,133.939804077148,130.075877380371,127.705391845703,111.802647514343,131.972525644383,130.119304287701,65.8702501542889,1.42424782151067,1.15375391420014
"2021-07-14",149.630004882812,149.899993896484,148.509994506836,149.369995117188,451200,134.191375732422,130.344495391846,127.923127746582,112.059463615417,132.313887196389,130.420939209532,66.5503020414404,1.45141416580048,1.21328596452021
"2021-07-15",148.990005493164,149.720001220703,148.169998168945,149.110000610352,405300,133.957794189453,130.671955108643,128.147459106445,112.307010612488,132.566795964553,130.682928467304,65.2502738133103,1.44155592420798,1.25893995645776
"2021-07-16",149.110000610352,149.919998168945,148.669998168945,149.389999389648,650300,134.209335327148,131.048826599121,128.334971618652,112.557453155518,132.819494328029,130.944143790255,66.020078072372,1.43217595189105,1.29358715554442
"2021-07-19",148.199996948242,148.710006713867,146.610000610352,147.630004882812,547400,132.628189086914,131.41222114563,128.459742126465,112.800654067993,132.790062752473,131.068887886304,57.4107398690577,1.31318339075384,1.2975064025863
"2021-07-20",148.100006103516,150.169998168945,146.910003662109,149.809997558594,550000,134.586669921875,131.762590789795,128.583979187012,113.054444198608,133.066463855458,131.329464333383,63.7214177338248,1.32262743238252,1.30253060854554
"2021-07-21",150.309997558594,152.490005493164,150.050003051758,151.970001220703,511400,136.527160644531,132.194263839722,128.768129577637,113.316830024719,133.598878746084,131.71447887495,68.6742569094419,1.43067025525991,1.32815853788842
"2021-07-22",152.220001220703,152.220001220703,150.449996948242,151.070007324219,312500,135.718612670898,132.60751953125,128.968122253418,113.568045730591,133.924991657594,132.011081378353,64.7100650846371,1.44981031838936,1.35248889398861
"2021-07-23",151.350006103516,154.619995117188,151.149993896484,154.130004882812,435000,138.467651367188,133.105673980713,129.302502746582,113.839160041809,134.623862382147,132.489345821971,70.8674808208153,1.61108544006583,1.40420820320405
"2021-07-26",154.100006103516,154.990005493164,152.839996337891,153.289993286133,403000,137.712997436523,133.506350708008,129.587094268799,114.098665542603,135.099113928974,132.876282978604,67.3912941880891,1.67285756384961,1.45793807533316
"2021-07-27",153.139999389648,153.660003662109,151.080001831055,152.039993286133,615300,136.590026855469,133.85537109375,129.808092041016,114.34719959259,135.328485148435,133.151375117631,62.4799330466064,1.63506387288916,1.49336323484436
"2021-07-28",153.029998779297,156.800003051758,151.619995117188,156.089996337891,1082600,140.228485107422,134.336452484131,130.107045135498,114.610871238708,136.082331295971,133.675605487245,70.0866439904285,1.80042259764106,1.5547751074037
"2021-07-29",157.440002441406,158.350006103516,156.240005493164,157.820007324219,660900,141.782699584961,134.92848739624,130.434041900635,114.881207313538,136.959311032739,134.276130975965,72.6384746481373,1.99825541387852,1.64347116869867
"2021-07-30",157.279998779297,158.800003051758,156.600006103516,157.199996948242,748400,141.225677490234,135.427537536621,130.787456207275,115.149909210205,137.615675103123,134.790912199244,70.3230504505217,2.09566272517174,1.73390947999328
"2021-08-02",156.979995727539,159.410003662109,156.979995727539,157.850006103516,465200,141.809661865234,135.914910125732,131.132698059082,115.422947654724,138.260903835755,135.31081958191,71.3540089704371,2.18022791005215,1.82317316600505
"2021-08-03",158.970001220703,161.059997558594,157.919998168945,160.979995727539,636200,144.621566772461,136.559050750732,131.524162445068,115.707655105591,139.239467364479,136.000504558988,75.7265809961594,2.38158146250582,1.93485482530521
"2021-08-04",161.190002441406,163.199996948242,161.039993286133,162.279998779297,605100,145.789489746094,137.20813293457,131.936302947998,115.997803649902,140.247163115497,136.725614572848,77.2779626282546,2.57563189871266,2.0630102399867
"2021-08-05",163,164.059997558594,162.020004272461,163.889999389648,530300,147.23583984375,137.978493499756,132.361632232666,116.301381721497,141.322344150613,137.5041497781,79.062616550077,2.77678483062127,2.20576515811361
"2021-08-06",164.300003051758,166.25,164.229995727539,165.729995727539,588700,148.888946533203,138.738526916504,132.807325897217,116.608488426208,142.486436824857,138.347468056256,80.9083242657604,2.99171992574441,2.36295611163977
"2021-08-09",165.509994506836,166.130004882812,163.960006713867,165.460006713867,583000,148.646362304688,139.437917327881,133.233860321045,116.916153068542,143.434117667908,139.110349111695,79.796665172421,3.10815736127701,2.51199636156722
"2021-08-10",165.899993896484,166.570007324219,165.259994506836,165.660003662109,396600,148.826019287109,140.182228088379,133.66649230957,117.221838493347,144.263640993939,139.830028383948,80.0156602958684,3.17071566188729,2.64374022163123
"2021-08-11",166,168.300003051758,165.100006103516,167.229995727539,576900,150.236450195312,140.984481811523,134.115170898437,117.526607475281,145.182534717227,140.600874444049,81.6933536128065,3.25862857631203,2.76671789256739
"2021-08-12",166.990005493164,167.990005493164,165.339996337891,165.949996948242,554200,149.086517333984,141.74091796875,134.55945098877,117.831913108826,145.783147427498,141.229440584044,76.0850988724324,3.22433256452899,2.85824082695971
"2021-08-13",166.410003662109,167.610000610352,165.910003662109,167.520004272461,299200,150.497009277344,142.55530166626,135.025859527588,118.147857093811,146.508356942859,141.915927153918,78.0734543631789,3.23602141143717,2.9337969438552
"2021-08-16",167.270004272461,169.119995117188,166.800003051758,168.850006103516,462400,151.691848754883,143.508484649658,135.490768890381,118.474379272461,147.305817221632,142.64006949473,79.6193067885113,3.27099372807969,3.0012363007001
"2021-08-17",168.720001220703,168.720001220703,165.850006103516,166.970001220703,419900,150.002883911133,144.279295349121,135.928516387939,118.778467407227,147.720750558478,143.185463155205,71.9025014699025,3.16742168047974,3.03447337665603
"2021-08-18",166.410003662109,167.490005493164,164.550003051758,164.639999389648,475400,147.909683227539,144.848421478271,136.337276611328,119.057525024414,147.749817122949,143.535405382785,63.6666905255111,2.93614786465035,3.01480827425489
"2021-08-19",163.690002441406,166.880004882812,162.440002441406,166.800003051758,504800,149.850173950195,145.554999542236,136.791643066406,119.320298843384,148.072948942525,144.003166017408,67.3951541204107,2.82617600548121,2.97708182050016
"2021-08-20",167.139999389648,171.309997558594,166.929992675781,170.429992675781,802100,153.111282348633,146.287181091309,137.30354095459,119.596146469116,148.848077158849,144.677841301202,72.5021155622815,2.88242886411689,2.9581512292235
"2021-08-23",170.610000610352,172.429992675781,170.429992675781,171.350006103516,437700,153.937789916992,147.098420715332,137.793338928223,119.873293380737,149.631109890871,145.363763420891,73.6294826715601,2.93563290434709,2.95364756424822
"2021-08-24",171.720001220703,173.570007324219,170.75,173.429992675781,545300,155.806427001953,148.059240722656,138.345843505859,120.150885314941,150.581158677192,146.137294056525,76.022935644939,3.04088333464558,2.97109471832769
"2021-08-25",173.529998779297,175.199996948242,172.330001831055,172.610000610352,816700,155.069717407227,148.801302337646,138.870857543945,120.416294059753,151.27170617412,146.798955045466,73.2020496392347,3.04685488208631,2.98624675107942
"2021-08-26",172.210006713867,173.139999389648,170.5,172.919998168945,567900,155.348236083984,149.479579162598,139.429650268555,120.682741317749,151.898864621792,147.432235122393,73.6008662669636,3.0296152640503,2.99492045367359
"2021-08-27",173.5,176.25,173.5,175.860000610352,619300,157.989517211914,150.317771148682,140.056002502441,120.96722026825,152.835888097195,148.214256017913,77.0838978783284,3.11821022042804,3.01957840702448
"2021-08-30",176.240005493164,178.580001831055,175.559997558594,178.380004882812,506500,160.253463745117,151.239961242676,140.753865814209,121.260185699463,153.977053581491,149.106049182891,79.5718039410651,3.26680535450634,3.06902379652086
"2021-08-31",178.630004882812,178.809997558594,172.619995117188,174.429992675781,924100,156.704788208008,151.844122314453,141.336376037598,121.540144538879,154.396705062493,149.668918740307,67.2476970684385,3.15882974366202,3.08698498594909
"2021-09-01",174.190002441406,176.059997558594,173.009994506836,175.5,610000,157.666076660156,152.437951660156,141.931823577881,121.816587257385,154.899685308288,150.261300808444,68.6635500579796,3.08687897342017,3.0869637834433
"2021-09-02",175.669998168945,176.149993896484,175.149993896484,175.679992675781,583700,157.827819824219,152.96755065918,142.539309997559,122.085515899658,155.350167541508,150.821783698502,68.9071035680738,3.00247333771011,3.07006569429667
"2021-09-03",175.580001831055,176.889999389648,174.610000610352,176.110000610352,653000,158.214111328125,153.433808898926,143.133500976563,122.357172851562,155.79077427791,151.369363522918,69.5164772001659,2.92094163051888,3.04024088154111
"2021-09-07",176.080001831055,176.600006103516,173.360000610352,174.5,607700,156.767684936523,153.839875030517,143.67486541748,122.635011367798,155.941068225389,151.769239183185,64.4250112325428,2.74879749325807,2.9819522038845
"2021-09-08",173.669998168945,174.149993896484,172.75,173.110000610352,630900,155.518966674805,154.174522399902,144.193052368164,122.90665058136,155.876129525299,152.046996775157,60.3177437543846,2.51838762445595,2.88923928799879
"2021-09-09",172.449996948242,174.240005493164,172.240005493164,173.110000610352,506400,155.518966674805,154.438648223877,144.691294555664,123.17740447998,155.821181394454,152.304179730686,60.3177437543846,2.30919576205111,2.77323058280926
"2021-09-10",174.300003051758,174.889999389648,172.490005493164,172.589996337891,440700,155.051803588867,154.736912536621,145.193490600586,123.445069885254,155.70281557821,152.507707423885,58.6941887375856,2.09504700339136,2.63759386692568
"2021-09-13",173.899993896484,174.309997558594,170.050003051758,171.25,828500,153.847930908203,154.904458618164,145.645555725098,123.698747444153,155.417448705901,152.606983237538,54.6145036850169,1.84163621397879,2.4784023363363
"2021-09-14",171.600006103516,172.110000610352,169.050003051758,169.470001220703,606800,152.846862792969,154.962209320068,146.061248779297,123.947818069458,155.021973950066,152.624752093496,51.4142612041777,1.5706638822915,2.29685464552734
"2021-09-15",169.669998168945,169.770004272461,167.449996948242,169.130004882812,741000,152.540161132812,155.089073181152,146.477276916504,124.192344818115,154.640156593565,152.618486096408,50.4390934147779,1.32465636953021,2.10241499032791
"2021-09-16",168.729995727539,169.139999389648,166.779998779297,168.619995117188,658700,152.080215454102,155.29759979248,146.862724304199,124.435855674744,154.246319495186,152.578614196978,48.9399795153115,1.09301379291256,1.90053475084484
"2021-09-17",167.710006713867,168.979995727539,165.869995117188,167.259994506836,1441500,150.853652954102,155.347773742676,147.24322479248,124.659775810242,153.724370796558,152.450839290099,45.0911678056399,0.835371922115691,1.68750218509901
"2021-09-20",165.339996337891,167.210006713867,164,166.979995727539,842600,150.60107421875,155.222263336182,147.581480712891,124.888276634216,153.243863630741,152.313819655184,44.3182430769597,0.610610368555387,1.47212382179029
"2021-09-21",168.240005493164,168.470001220703,166.179992675781,166.300003051758,447300,149.98779296875,155.02476348877,147.888065490723,125.110346565247,152.742929682742,152.141521382115,42.4170183996545,0.39529531134197,1.25675811970062
"2021-09-22",167.5,169.919998168945,167,169.350006103516,787200,152.738586425781,154.871371459961,148.264041137695,125.336873970032,152.742261489364,152.185748422386,52.301211757686,0.365680145970693,1.07854252495464
"2021-09-23",169.729995727539,172.820007324219,169.360000610352,171.809997558594,670100,154.957275390625,154.865749359131,148.679359130859,125.5746717453,153.083032858789,152.39104671633,58.4902147749044,0.454085825492667,0.953651185062243
"2021-09-24",170.75,173.289993286133,170.100006103516,172.619995117188,534500,155.687850952148,154.882730102539,149.113960266113,125.809260787964,153.483774103921,152.635254437502,60.316130631618,0.555913291163468,0.874103606282488
"2021-09-27",172.360000610352,172.360000610352,162.279998779297,162.610000610352,1004300,146.659729003906,154.316240692139,149.362968139648,126.013760757446,152.433921011611,152.192622923902,38.0449173053829,0.15854782122362,0.730992449270715
"2021-09-28",161.710006713867,161.759994506836,157.100006103516,158.050003051758,1099100,142.547058105469,153.430920410156,149.56134552002,126.20146030426,150.912865179897,151.478136641055,32.21025423609,-0.373170329192629,0.510159893578046
"2021-09-29",158.740005493164,160.720001220703,157.740005493164,158.009994506836,644400,142.510940551758,152.721228027344,149.719830932617,126.387474060059,149.620261390952,150.8138998937,32.1636030291997,-0.791464515929041,0.249835011676629
"2021-09-30",159,160.240005493164,155.220001220703,155.460006713867,886300,140.211074829102,151.848477935791,149.793509216309,126.566972312927,148.172694227591,150.02850544447,29.2577204976026,-1.23697240826436,-0.0475264723115688
"2021-10-01",156.070007324219,156.289993286133,152.490005493164,155.110000610352,549100,139.895416259766,150.951857757568,149.877045288086,126.736081581116,146.899266847925,149.277906245603,28.8721600952528,-1.59343030559681,-0.356707238968617
"2021-10-04",154.919998168945,155.630004882812,153.639999389648,155.259994506836,893600,140.030670166016,150.042685699463,149.908305664062,126.909693984985,145.842559666093,148.592925795263,29.3020681319756,-1.85094015374582,-0.655553821924057
"2021-10-05",156,158.039993286133,153.330001831055,157.279998779297,734000,141.852569580078,149.296929931641,149.991097106934,127.091081008911,145.228715037475,148.093640149694,35.0011015499726,-1.93453622270531,-0.911350302080307
"2021-10-06",155.940002441406,157.369995117188,154.690002441406,156.289993286133,503400,140.959625244141,148.568962860108,150.078489074707,127.264176445007,144.571931992347,147.565194601135,33.5726522829893,-2.02843401987731,-1.13476704563971
"2021-10-07",157.660003662109,159.580001831055,156.050003051758,156.600006103516,812700,141.239196777344,147.854974365234,150.098703308105,127.444498939514,144.059203497731,147.096602169743,34.4743228028323,-2.06490063482671,-1.32079376347711
"2021-10-08",157.199996948242,157.199996948242,154.460006713867,155.460006713867,447500,140.211074829102,147.112937927246,150.067270812988,127.615409088135,143.467183702557,146.586563107473,32.7156199105667,-2.12801183054449,-1.48223737689058
"2021-10-11",155,155.779998779297,153.289993286133,153.559997558594,552400,138.497421264648,146.345412445068,150.012705688477,127.772856292725,142.702604865956,145.987367415412,29.9711225067468,-2.25003204565573,-1.63579631064361
"2021-10-12",154.089996337891,155.220001220703,153.330001831055,153.839996337891,361700,138.749969482422,145.640567779541,149.95151184082,127.93169960022,142.094507114643,145.45126386482,30.8912472053541,-2.30782233236331,-1.77020151498755
"2021-10-13",155.199996948242,155.949996948242,154.309997558594,154.770004272461,545600,139.588760375977,144.992997741699,149.850855712891,128.092422981262,141.709007616387,145.017004347128,33.9933166562322,-2.28110954686587,-1.87238312136321
"2021-10-14",156.070007324219,158.160003662109,156.070007324219,157.25,543000,141.825469970703,144.480260467529,149.771575317383,128.270337181091,141.726924901666,144.780594393319,41.5301823791001,-2.10917043437242,-1.91974058396506
"2021-10-15",158.869995117188,158.869995117188,155.710006713867,156.130004882812,740500,140.815353393555,143.978345489502,149.643165588379,128.442577819824,141.586683131188,144.486872837781,39.345232096084,-2.00723404807109,-1.93723927678626
"2021-10-18",155.589996337891,159.679992675781,155.589996337891,159.399993896484,579300,143.764587402344,143.636521148682,149.540678405762,128.628941612244,141.92174532675,144.433370212934,47.9547909060588,-1.73895055033377,-1.89758153149577
"2021-10-19",159.919998168945,161,159.070007324219,159.529998779297,546500,143.881851196289,143.331224060059,149.445388183594,128.819718437195,142.22330007591,144.392516952441,48.2692067919397,-1.50230560579943,-1.8185263463565
"2021-10-20",159.419998168945,162.720001220703,159.309997558594,162.309997558594,707600,146.38916015625,143.013752746582,149.396651000977,129.024099807739,142.864201626731,144.54041644902,54.5865799056434,-1.15968589510705,-1.68675825610661
"2021-10-21",163.050003051758,164.710006713867,161.479995727539,164,613100,147.913391113281,142.661558532715,149.350189819336,129.232008666992,143.641000009278,144.79026642415,57.9485652558435,-0.793745631702891,-1.50815573122587
"2021-10-22",164,165.839996337891,163.119995117188,165.149993896484,496100,148.950607299805,142.324696350098,149.347471618652,129.435848007202,144.457862669359,145.098439822347,60.1125352347165,-0.441477629788778,-1.29482011093845
"2021-10-25",165.119995117188,165.710006713867,163.869995117188,164.059997558594,502900,147.967468261719,142.390083312989,149.29688079834,129.632902832031,144.99780199126,145.310960447486,57.1124634562587,-0.215509177876805,-1.07895792432612
"2021-10-26",164.809997558594,164.809997558594,159.429992675781,160.300003051758,975800,144.57633972168,142.491547393799,149.154570617676,129.816339302063,144.932961642094,145.256544097426,48.1804139411245,-0.222766180582379,-0.907719575577371
"2021-10-27",158.589996337891,158.589996337891,145.309997558594,146.210006713867,1802300,131.868423461914,141.959421539307,148.791881408691,129.932720909119,142.923032691297,144.264831457758,29.5376330478779,-0.930094155937145,-0.912194491649326
"2021-10-28",145.869995117188,147.589996337891,144.240005493164,145.050003051758,1258000,130.822189331055,141.489977264405,148.450131530762,130.049344482422,141.061364482029,143.269080189114,28.5579045758156,-1.5409575493682,-1.0379471031931
"2021-10-29",144.509994506836,145.229995727539,142.199996948242,143.600006103516,1237400,129.514419555664,140.970927429199,148.043416442871,130.159028816223,139.284911416434,142.250216438488,27.3373060289954,-2.08456977872896,-1.24727163830027
"2021-11-01",144.479995727539,144.770004272461,140.880004882812,141.330001831055,1033300,127.467094421387,140.342748641968,147.530532684326,130.257897872925,137.466785724889,141.155170363147,25.4998208477226,-2.61300002597793,-1.52041731583581
"2021-11-02",142.009994506836,145.309997558594,141.639999389648,144.25,1055700,130.100646972656,139.755152511597,147.053789825439,130.362459182739,136.333533609161,140.336316778666,31.8458263110483,-2.85227891210695,-1.78678963509003
"2021-11-03",144.169998168945,144.600006103516,141.729995727539,143.139999389648,1165300,129.099533081055,139.162147903443,146.519651947021,130.456274757385,135.220610450991,139.503962430695,30.7727380434545,-3.07041599756162,-2.04351490758435
"2021-11-04",143.360000610352,143.839996337891,142.100006103516,142.699996948242,840300,128.702682495117,138.535322189331,145.992311248779,130.54899597168,134.217852303933,138.703867620652,30.3363483859783,-3.23423953035545,-2.28165983213857
"2021-11-05",143.649993896484,144.110000610352,140.720001220703,142.179992675781,905900,128.233688354492,137.936452865601,145.450020294189,130.639149742126,133.297211696327,137.928298786122,29.7985390270016,-3.3576047341642,-2.4968488125437
"2021-11-08",143.039993286133,146.580001831055,143.039993286133,146.460006713867,1105300,132.093887329102,137.616276168823,144.932107696533,130.749984054565,133.1120848706,137.496120159676,39.3320207717972,-3.18847927053121,-2.6351749041412
"2021-11-09",146.100006103516,148.869995117188,143.970001220703,144.940002441406,706700,130.722946166992,137.214925003052,144.341497344971,130.863352508545,132.744525070045,136.994403567625,37.3899966341877,-3.10222781873163,-2.72858548705929
"2021-11-10",144.630004882812,144.630004882812,141.929992675781,143.029998779297,593700,129.000305175781,136.685502243042,143.787407684326,130.986351928711,132.168491240158,136.402248131192,35.0482730405187,-3.1038761816903,-2.80364362598549
"2021-11-11",144.179992675781,144.589996337891,141.929992675781,142.039993286133,591000,128.107406616211,135.999599075318,143.196234283447,131.104174842834,131.54370899032,135.787815426379,33.8643723740925,-3.12554290878906,-2.8680234825462
"2021-11-12",145.160003662109,145.160003662109,142.100006103516,143.080001831055,500400,129.045425415039,135.411102676392,142.620586395264,131.238301696777,131.159357671046,135.288379129243,36.2987648548443,-3.05201487723642,-2.90482176148425
"2021-11-15",143.5,145.490005493164,142.839996337891,145.279998779297,610800,131.029632568359,134.774354934692,142.076896820068,131.371225166321,131.13939996294,134.972916421029,41.2270178886201,-2.84021162151559,-2.89189973349051
"2021-11-16",145.570007324219,147.039993286133,145.199996948242,145.910003662109,821500,131.59782409668,134.160153579712,141.573499603271,131.500270500183,131.209926752746,134.722909582188,42.5965603065881,-2.60756157979106,-2.83503210275062
"2021-11-17",146.220001220703,146.360000610352,144.039993286133,144.830001831055,602000,130.623748779297,133.371883010864,141.075595245361,131.624133987427,131.119745526062,134.419268041233,40.8396009369024,-2.45464996443761,-2.75895567508802
"2021-11-18",146.199996948242,146.570007324219,143.570007324219,144.539993286133,881100,130.362213134766,132.494324111939,140.572460174561,131.745221328735,131.003202081247,134.118745455569,40.3582711125005,-2.32297384212712,-2.67175930849584
"2021-11-19",144.869995117188,145.309997558594,142.25,142.800003051758,1735000,128.792892456055,131.486438369751,140.047281951904,131.853745307922,130.663154446602,133.724237825975,37.5021113559908,-2.28910138441532,-2.59522772367974
"2021-11-22",142.589996337891,144.520004272461,142.399993896484,142.5,1050000,128.522323608398,130.514181137085,139.540769805908,131.94396282196,130.333795856109,133.338910846896,37.0157188135301,-2.25374196601693,-2.52693057214717
"2021-11-23",142.5,143.220001220703,141.800003051758,142.779998779297,601900,128.774856567383,129.72410697937,139.059329681396,132.026632423401,130.093959042459,133.000832752117,37.8262379887721,-2.18560564585004,-2.45866558688775
"2021-11-24",141.869995117188,143.889999389648,140.839996337891,143.110000610352,783000,129.072448730469,129.584308242798,138.58997543335,132.101890525818,129.936803609845,132.709841343106,38.8252968884839,-2.0895494299412,-2.38484235549844
"2021-11-26",140.020004272461,140.419998168945,138.300003051758,139.389999389648,580500,125.717361450195,129.329066848755,138.062718353271,132.154543991089,129.287658662207,132.191879869557,32.4871466298074,-2.1969739822265,-2.34726868084405
"2021-11-29",140.5,140.929992675781,138.130004882812,139.240005493164,677700,125.582084655762,129.13245010376,137.557286987305,132.200869827271,128.717570353523,131.702265409276,32.2584836499421,-2.26624427945697,-2.33106380056664
"2021-11-30",138.639999389648,138.639999389648,132.289993286133,133.539993286133,2161400,120.441146850586,128.78115272522,136.954088439941,132.213570480347,127.444274429994,130.868108479003,25.0441746019729,-2.61624783058414,-2.38810060657014
"2021-12-01",135.369995117188,137.899993896484,132.229995727539,132.229995727539,1449400,119.259666442871,128.239103698731,136.339525909424,132.233579483032,126.185103970437,130.008223883734,23.7306755801357,-2.94067544274418,-2.49861557380494
"2021-12-02",132.619995117188,134.669998168945,132.419998168945,134.029998779297,1142200,120.883117675781,127.828282928467,135.702416534424,132.270204811096,125.369413771259,129.332290090552,29.2236620027741,-3.06410434433533,-2.61171332791102
"2021-12-03",134.130004882812,136.039993286133,133.710006713867,135.059997558594,1188700,121.81209564209,127.483753585815,135.039512939453,132.309650650024,124.822134059079,128.775238649925,32.2313866513722,-3.06977073565556,-2.70332480945993
"2021-12-06",135.490005493164,136,133.559997558594,134,1421400,120.856063842773,127.114872360229,134.342877197266,132.345918235779,124.211969410417,128.188633108655,30.7816360631208,-3.10219681870488,-2.78309921130892
"2021-12-07",136,138.789993286133,134.809997558594,137.960006713867,415100,124.427604675293,126.731558227539,133.898234710693,132.407252159119,124.245144066551,127.910038409887,41.3880472462388,-2.8652124484487,-2.79952185873688
"2021-12-08",136.610000610352,139.490005493164,136.610000610352,138.970001220703,632100,125.338562011719,126.462339019775,133.554064788818,132.462372398376,124.413362211962,127.719558676689,43.7553586119053,-2.58863755793027,-2.75734499857556
"2021-12-09",139.240005493164,139.240005493164,135.259994506836,135.360000610352,661800,122.082656860352,126.116456604004,133.14549911499,132.519501724243,124.054792157868,127.302010393998,37.8682409651014,-2.55079886490375,-2.71603577184119
"2021-12-10",137,137.509994506836,135.699996948242,136.110000610352,745200,122.759101867676,125.849041366577,132.796459655762,132.581437110901,123.855455190146,126.965498651307,39.6839643648359,-2.44951856543516,-2.66273233055999
"2021-12-13",135.589996337891,136.889999389648,134.550003051758,134.690002441406,701100,121.478378295898,125.47068901062,132.428118896484,132.618057327271,123.48975105257,126.559045291647,37.4523327515579,-2.42518757312431,-2.61522337907285
"2021-12-14",133.199996948242,134.619995117188,133,134.130004882812,1138600,121.578102111816,124.998112487793,132.0590675354,132.66078289032,123.195651215531,126.190086537586,37.7458972951404,-2.37295607302981,-2.56676991786424
"2021-12-15",134.690002441406,135.619995117188,132.850006103516,135.429992675781,723200,122.756416320801,124.556042098999,131.677144470215,132.723594856262,123.128076616341,125.935740595602,41.2543460396447,-2.22944175019872,-2.49930428433114
"2021-12-16",135.070007324219,136.630004882812,134.020004272461,134.289993286133,1168400,121.723098754883,124.111009597778,131.29241394043,132.798861198425,122.911926176117,125.623693051845,39.1695976375465,-2.15864285617571,-2.43117199870005
"2021-12-17",133.809997558594,134.369995117188,132.139999389648,132.229995727539,2104600,119.855888366699,123.585693359375,130.864747772217,132.853400115967,122.44176651313,125.196448260352,35.6625588448168,-2.20028745663324,-2.38499509028669
"2021-12-20",130.690002441406,130.789993286133,128.029998779297,129.309997558594,989600,117.209136962891,123.006505584717,130.404709014893,132.8942603302,121.636746582324,124.604795571652,31.3743947464223,-2.38197011255575,-2.3843900947405
"2021-12-21",130.309997558594,133.029998779297,130.309997558594,132.839996337891,739000,120.408782958984,122.600828552246,130.042936248779,132.939059906006,121.44782910181,124.293979822565,40.6631375199654,-2.28985404185966,-2.36548288416434
"2021-12-22",132.100006103516,134.309997558594,132.100006103516,134.100006103516,553500,121.550888061523,122.239630126953,129.698954620361,132.982183380127,121.463684326381,124.090787840266,43.5977836670687,-2.11708182340359,-2.31580267201219
"2021-12-23",134.630004882812,135.440002441406,134.369995117188,134.479995727539,390000,121.895332336426,121.880774307251,129.34508605957,133.023335800171,121.530091712542,123.928161506648,44.4894538540448,-1.93504830940094,-2.23965179948994
"2021-12-27",135,136.070007324219,134.350006103516,135.940002441406,333600,123.218719482422,121.755842208862,128.972951049805,133.069540328979,121.789880600216,123.875610245594,47.8976016214432,-1.68372905791808,-2.12846725117557
"2021-12-28",136.210006713867,136.770004272461,135.089996337891,135.759994506836,426300,123.055557250977,121.629515838623,128.617755126953,133.112022743225,121.984600084948,123.814865579326,47.5103010781712,-1.47822758262039,-1.99841931746453
"2021-12-29",135.990005493164,136.690002441406,135.229995727539,136.020004272461,669900,123.291236877441,121.772020339966,128.208288116455,133.154923477173,122.185621129947,123.776078268075,48.1623300587501,-1.28494710802171,-1.85572487557597
"2021-12-30",136.779998779297,137.789993286133,136.029998779297,136.710006713867,351100,123.916656494141,122.004869842529,127.808984222412,133.209222869873,122.4519342629,123.786491470006,49.9394730594558,-1.07811215202714,-1.7002023308662
"2021-12-31",136.550003051758,137.009994506836,135.429992675781,136.169998168945,393000,123.427177429199,122.1320728302,127.349744567871,133.265456581116,122.6019716731,123.759875615132,48.5369918033076,-0.935605289094332,-1.54728292251183
"2022-01-03",136.580001831055,136.960006713867,132.910003662109,133.550003051758,812000,121.052368164062,122.094086456299,126.812524108887,133.308653717041,122.363571133248,123.559319507645,42.3262659085047,-0.967752476431449,-1.43137683329575
"2022-01-04",134.559997558594,135.309997558594,133.050003051758,133.570007324219,743200,121.070503234863,122.104808425903,126.254922027588,133.343580589294,122.164637610419,123.374962746698,42.3868928986206,-0.981013577903678,-1.34130418221734
"2022-01-05",136.559997558594,138.25,133.050003051758,133.050003051758,1479600,120.599166870117,121.913386535644,125.707555999756,133.382499771118,121.923795958065,123.169348237322,41.1753965667713,-1.01125182286153,-1.27529371034618
"2022-01-06",132.839996337891,134.009994506836,131.460006713867,132.779998779297,821600,120.354423522949,121.664179611206,125.223117675781,133.417423171997,121.68235404497,122.960835295516,40.5276478657695,-1.03974671892345,-1.22818431206163
"2022-01-07",132.5,133.059997558594,130.869995117188,130.949996948242,729600,118.695693969727,121.494831466675,124.959663085937,133.440610084534,121.222867879548,122.644898901014,36.3535299088431,-1.15947017300154,-1.21444148424961
"2022-01-10",130.039993286133,131.089996337891,128.039993286133,130.050003051758,960900,117.879890441895,121.250870895386,124.700817108154,133.45605178833,120.708563658371,122.291935311449,34.4729719430125,-1.29474740018283,-1.23050266743626
"2022-01-11",130.270004272461,132.279998779297,129.470001220703,131.779998779297,667400,119.447975158691,121.149350738525,124.499488220215,133.472180023193,120.514626966112,122.08127159643,40.8109421186024,-1.2832800722264,-1.24105814839429
"2022-01-12",131.539993286133,132.75,131.270004272461,132,738900,119.647415161133,121.052816390991,124.34309463501,133.485907440186,120.381209765346,121.900985934556,41.5848383556199,-1.24673000596214,-1.24219251990786
"2022-01-13",132.199996948242,132.800003051758,130.899993896484,132.149993896484,885100,119.78337097168,120.904164123535,124.13674911499,133.495306968689,120.289234566321,121.744125566936,42.1402158828725,-1.19504000200407,-1.2327620163271
"2022-01-14",131.559997558594,132.660003662109,130.210006713867,132.380004882812,1051900,119.991851806641,120.817601776123,123.954595489502,133.502797966003,120.243483372524,121.614327510618,43.0346057591705,-1.12720611637969,-1.21165083633762
"2022-01-18",131.139999389648,133.600006103516,130.809997558594,132.779998779297,1464300,120.354423522949,120.842528533936,123.787630310059,133.496810646057,120.260551087974,121.521001289309,44.6374044417904,-1.0372282880834,-1.17676632668677
"2022-01-19",133.320007324219,133.789993286133,131.160003662109,131.229995727539,1118500,118.94947052002,120.929545211792,123.601945953369,133.481160507202,120.058846385212,121.330517528621,39.9470550484122,-1.04810493626141,-1.1510340486017
"2022-01-20",131.990005493164,131.990005493164,123.199996948242,123.290000915527,1941000,111.752494812012,120.496730804443,123.195118103027,133.434890785217,118.780946143181,120.621034364428,25.2882629828485,-1.52551189014604,-1.22592961691057
"2022-01-21",122.709999084473,124.379997253418,120.879997253418,121.440002441406,3342300,110.075637817383,119.922968292236,122.782171936035,133.378850746155,117.441667939212,119.839893879461,23.1561489696199,-2.00119164212659,-1.38098202195377
"2022-01-24",119,123.690002441406,117.970001220703,123.410003662109,1621100,111.861267089844,119.421265029907,122.439391174316,133.322707214355,116.583144731617,119.248884487638,29.9309651231169,-2.23544209027556,-1.55187403561813
"2022-01-25",121.559997558594,122.779998779297,118.199996948242,121.370002746582,1091600,110.012168884277,118.7609375,122.077486419678,133.256423988342,115.572225370488,118.564683331833,27.251589538498,-2.52390330514384,-1.74627988952327
"2022-01-26",122.940002441406,124.51000213623,119.639999389648,120.519996643066,825800,109.241722106934,118.070245742798,121.681412353516,133.1826222229,114.59830179148,117.87409361147,26.199219261599,-2.77906002890533,-1.95283591739968
"2022-01-27",121,122.470001220703,118.110000610352,118.860000610352,686200,107.737037658691,117.29253578186,121.215560455322,133.106036376953,113.542722694127,117.123200577931,24.2311589907113,-3.05701847809506,-2.17367242953876
"2022-01-28",119.209999084473,121.410003662109,117.709999084473,121.25,881000,109.903396606445,116.591872787476,120.781671905518,133.036079521179,112.982826372946,116.588400283747,32.1354461808424,-3.09256658640688,-2.35745126091238
"2022-01-31",121.519996643066,124.48999786377,120.900001525879,124.419998168945,926300,112.776741027832,116.059350967407,120.424731750488,132.97132358551,112.951120935236,116.306055153679,40.936473940405,-2.88457399230887,-2.46287580719168
"2022-02-01",124.529998779297,125.529998779297,122.610000610352,125.360000610352,630100,113.628768920898,115.688171005249,120.090062866211,132.911051254272,113.055374471491,116.107737654955,43.2852272127397,-2.62890591541289,-2.49608182883592
"2022-02-02",126.870002746582,128.300003051758,125.860000610352,127.230003356934,1213300,115.323799133301,115.400835800171,119.820680999756,132.869761238098,113.404362881001,116.049668134832,47.7378283596365,-2.2794595592967,-2.45275737492808
"2022-02-03",126.23999786377,127.830001831055,125.019996643066,125.099998474121,773300,113.393096923828,115.040532302857,119.518096466064,132.815240821838,113.40262965682,115.852885082165,43.5443716963714,-2.11497143433865,-2.38520018681019
"2022-02-04",124.209999084473,126.360000610352,123.26000213623,124.76000213623,857700,113.084938049316,114.677058029175,119.204298095703,132.758464279175,113.353754024897,115.647851968621,42.8966668925613,-1.9836926537527,-2.3048986801987
"2022-02-07",124.779998779297,126.459999084473,124.680000305176,125.089996337891,917600,113.384048461914,114.411475753784,118.890530090332,132.693391265869,113.358414707515,115.480162819976,43.7709406525529,-1.83732691455322,-2.2113843270696
"2022-02-08",125.699996948242,126.660003662109,124.620002746582,126.360000610352,571600,114.535202026367,114.244241333008,118.666886901855,132.632732925415,113.539458910415,115.410165724153,47.1261043120149,-1.62092030801628,-2.09329152325894
"2022-02-09",127.599998474121,128.809997558594,127.480003356934,128.699996948242,410500,116.656219482422,114.104653549194,118.488369598389,132.585049438477,114.018960536878,115.502466002543,52.7235906112511,-1.28439289394309,-1.93151179739577
"2022-02-10",126.970001220703,129.070007324219,124.059997558594,124.209999084473,1096700,112.586402893066,113.751602935791,118.331274719238,132.533738822937,113.798567053214,115.286461327767,43.2600433035861,-1.29060624935199,-1.80333068778701
"2022-02-11",124.440002441406,125.76000213623,122.669998168945,123.230003356934,788600,111.698120117188,113.347340393066,118.180043792725,132.472174415588,113.475421370749,115.020658275132,41.5087854685568,-1.34344293238767,-1.71135313670714
"2022-02-14",122.75,123.51000213623,120.129997253418,120.76000213623,855100,109.459259033203,112.820710754395,117.951566619873,132.405854034424,112.857550241895,114.60870277573,37.3993020821146,-1.5279402797716,-1.67467056532004
"2022-02-15",121.959999084473,122.98999786377,118.730003356934,119.879997253418,1671700,108.661605834961,112.236069869995,117.688556823731,132.332639160156,112.212020333136,114.168177076413,36.0306564242191,-1.71339929687042,-1.68241631163011
"2022-02-16",116.279998779297,121,114.25,119.589996337891,1618000,108.398735046387,111.708533096313,117.439410247803,132.260926704407,111.625361058252,113.740811000115,35.5686922210921,-1.85988645874976,-1.71791034105404
"2022-02-17",117.559997558594,118.319999694824,112.75,113.319999694824,1778400,102.715492248535,111.25668296814,117.005167999268,132.150335617065,110.254612010603,112.92412072222,27.3916982996169,-2.36398450087019,-1.84712517301727
"2022-02-18",112.889999389648,115.569999694824,112.040000915527,114.519996643066,1610500,103.803192138672,110.943060684204,116.574460601807,132.037403259277,109.26208587646,112.248496382698,30.6764614353965,-2.66053497594886,-2.00980713360359
"2022-02-22",114.419998168945,114.650001525879,111.230003356934,111.830001831055,1448900,101.36491394043,110.418243026733,116.160105743408,131.902353744507,108.04713634784,111.442305090678,27.6560457408849,-3.04657081534333,-2.21715986995154
"2022-02-23",112.220001220703,113.080001831055,109.610000610352,109.790000915527,1243500,99.5158233642578,109.893425750732,115.69524017334,131.763334655762,106.734626658058,110.558861999832,25.5976838153602,-3.45900389403444,-2.46552867476812
"2022-02-24",106.900001525879,110.440002441406,106.660003662109,110.410003662109,3863600,100.077812194824,109.435230255127,115.267228851318,131.635128822327,105.710501356022,109.782487940202,27.367057150541,-3.70914037437201,-2.7142510146889
"2022-02-25",110.319999694824,112.309997558594,109.849998474121,111.830001831055,1905500,101.36491394043,109.116624069214,114.862965087891,131.533210258484,105.041949445931,109.158963940219,31.3912817101731,-3.77157710707364,-2.92571623316585
"2022-02-28",110,111.26000213623,109.48999786377,110.440002441406,2018900,100.105003356934,108.626704406738,114.409936828613,131.41631816864,104.282419278393,108.488300193309,29.6590072408045,-3.87680598499731,-3.11593418353214
"2022-03-01",110.129997253418,110.730003356934,109.080001831055,110,2111400,99.706184387207,107.973176574707,113.96959854126,131.287148399353,103.578383141287,107.837773096561,29.1113723599243,-3.94981260551377,-3.28270986792847
"2022-03-02",110.029998779297,115.209999084473,110,113.910003662109,2971300,103.250282287598,107.454252243042,113.637486419678,131.176995658875,103.527906086874,107.497958962563,39.7566749886446,-3.69314256196472,-3.36479640673572
"2022-03-03",113.730003356934,114.459999084473,111.5,112.050003051758,1159900,101.564315795898,106.766278076172,113.324589996338,131.057652931213,103.225815272877,107.058429839107,36.9165924443333,-3.57992786928524,-3.40782269924562
"2022-03-04",110.809997558594,111,109.51000213623,110.569999694824,1052800,100.222839355469,106.107765197754,112.920871124268,130.9409923172,102.763818977892,106.552089803282,34.7871839822704,-3.55532287765,-3.4373227349265
"2022-03-07",110,110.209999084473,106.73999786377,108.639999389648,3009800,98.4734497070312,105.37719078064,112.459322357178,130.81062171936,102.10376216699,105.953672018374,32.1803336528947,-3.63357850468528,-3.47657388887825
"2022-03-08",108.050003051758,111.809997558594,107.779998779297,109.980003356934,1979600,99.6880645751953,104.692391586304,112.015177001953,130.683820304871,101.732116383637,105.489552948509,35.7787569866226,-3.56190396096031,-3.49363990329467
"2022-03-09",111.830001831055,112.480003356934,109.98999786377,110.720001220703,2000100,100.35880279541,103.983571624756,111.557978668213,130.55970199585,101.520837370064,105.109497381613,37.7432136337206,-3.41421099039256,-3.47775412071424
"2022-03-10",109.690002441406,111.830001831055,109.040000915527,111.129997253418,1391100,100.730438232422,103.187282562256,111.111476287842,130.43350730896,101.399237502734,104.785122629821,38.8591614355036,-3.23126512820757,-3.42845632221291
"2022-03-11",111.919998168945,112.309997558594,109.800003051758,109.800003051758,1121400,99.5248947143555,102.53420715332,110.63614944458,130.298110466003,101.110877073753,104.395476117564,36.5692251597251,-3.14630400278326,-3.37202585832698
"2022-03-14",108.870002746582,109.730003356934,108.209999084473,109.360000610352,1806800,99.7346343994141,101.936032867432,110.152509002686,130.160185432434,100.899147431547,104.050228582887,37.2619225968702,-3.02842309359231,-3.30330530538005
"2022-03-15",109.639999389648,110.190002441406,108.089996337891,109.690002441406,1753200,100.035606384277,101.464850234985,109.684677581787,130.024391365051,100.766294962736,103.752849160767,38.3031290407597,-2.87852740641706,-3.21834972558745
"2022-03-16",110.069999694824,111.970001220703,109.800003051758,111.930000305176,857300,102.078468322754,101.135693359375,109.305199584961,129.895771102905,100.968167787354,103.628820950544,44.9779556980826,-2.56748377409376,-3.08817653528871
"2022-03-17",111.110000610352,116.819999694824,111.01000213623,116.51000213623,2194600,106.255340576172,101.028523635864,109.008896331787,129.792685241699,101.781578985634,103.82337795985,55.5635071457076,-1.96660811306449,-2.86386285084387
"2022-03-18",119,120.540000915527,118.449996948242,119.610000610352,3346400,109.082489013672,101.346873474121,108.778562774658,129.702214775085,102.904795913024,104.212941741615,61.0286808879861,-1.25526235679401,-2.5421427520339
"2022-03-21",119.529998779297,120.23999786377,116.129997253418,116.699996948242,1244600,106.428604125977,101.478144073486,108.500046386719,129.592125892639,103.446920253479,104.377064881197,54.2799544253797,-0.891138899888599,-2.21194198160484
"2022-03-22",117.839996337891,119.269996643066,117.660003662109,118.540000915527,750700,108.10668182373,101.815232467651,108.288266143799,129.492081756592,104.163806648902,104.653332802866,57.4816423023127,-0.467759736697759,-1.86310553262342
"2022-03-23",117.660003662109,118.849998474121,115.370002746582,115.870002746582,858800,105.671691894531,102.123025894165,108.044102172852,129.383081855774,104.395788994383,104.728766809656,51.8118020623688,-0.317943030760481,-1.55407303225083
"2022-03-24",116.370002746582,116.889999389648,114.419998168945,116.819999694824,983400,106.538055419922,102.44603805542,107.785903778076,129.280112876892,104.725368444466,104.862788188194,53.5667273112212,-0.131047196152589,-1.26946786503119
"2022-03-25",117.050003051758,117.48999786377,116.139999389648,116.569999694824,949700,106.31005859375,102.693295288086,107.519156646729,129.174081230164,104.969166928971,104.969993403421,53.0195010907563,-0.000787343527819395,-1.01573176073051
"2022-03-28",116.430000305176,119.099998474121,116.160003662109,118.870002746582,709600,108.407615661621,103.10842590332,107.291641540527,129.068879852295,105.498159041687,105.224632089213,57.3375471767805,0.259945743731937,-0.760596259838022
"2022-03-29",120.690002441406,121.73999786377,120.169998168945,121.389999389648,762100,110.705825805664,103.658407974243,107.105921020508,128.981502990723,106.299338543837,105.63064643858,61.5116190803392,0.633047442009094,-0.481867519468599
"2022-03-30",121,121.680000305176,119.680000305176,120.290000915527,778400,109.702644348145,103.981026077271,106.892885437012,128.885921134949,106.822924052192,105.932275913363,58.806931741735,0.840771267444507,-0.217339762085978
"2022-03-31",119.879997253418,120.980003356934,118.51000213623,118.610000610352,1024400,108.170509338379,104.311335754395,106.677306213379,128.789730682373,107.030244865452,106.098070981882,54.8408104010432,0.878596448495794,0.00184748003037638
"2022-04-01",119.5,120.029998779297,115.5,116.110000610352,1001600,105.890556335449,104.594721603394,106.560067443848,128.685823936462,106.854908168528,106.082699526591,49.4916796756566,0.727930798691334,0.147064143762568
"2022-04-04",116.819999694824,119.209999084473,116.73999786377,118.75,707500,108.298164367676,105.085957336426,106.524517974854,128.600513267517,107.076947583782,106.246808033338,54.5348386275622,0.781331284967357,0.273917572003526
"2022-04-05",118.580001831055,118.669998168945,116.639999389648,117.040000915527,684500,106.738716125488,105.43848991394,106.422066955566,128.496310462952,107.024911974813,106.283245669794,50.9839039527619,0.697820526975734,0.358698162997967
"2022-04-06",115.699996948242,115.970001220703,113.370002746582,114.279998779297,965400,104.221618652344,105.631630706787,106.306255950928,128.377950057983,106.593636079049,106.13053255739,45.8000972114354,0.436352772854121,0.374229084969198
"2022-04-07",113.050003051758,115.870002746582,113.019996643066,115.349998474121,963000,105.197448730469,105.854981231689,106.225370483398,128.266669807434,106.378838025421,106.061415236877,48.007176656811,0.299282060148887,0.359239680005136
"2022-04-08",115.190002441406,115.669998168945,113.430000305176,114.23999786377,875800,104.185119628906,106.087992477417,106.154332122803,128.145072593689,106.041342887496,105.922430377027,45.9181865118468,0.112263767027465,0.309844497409602
"2022-04-11",114,114.319999694824,111.459999084473,111.73999786377,777100,101.905174255371,106.196519470215,105.994367675781,128.006101150513,105.405009251784,105.624855849497,41.5346175359887,-0.208139074789704,0.206247782969741
"2022-04-12",113.129997253418,114.830001831055,111.139999389648,111.819999694824,764200,101.978149414062,106.293646621704,105.778395843506,127.86794380188,104.877800045981,105.354729446873,41.7263741920129,-0.452689123113537,0.0744604017530852
"2022-04-13",111.75,113.25,111.440002441406,113.069999694824,544600,103.118118286133,106.345629119873,105.568182830811,127.730500106812,104.607079775235,105.189054546077,44.773575907145,-0.553265521164137,-0.0510847828303592
"2022-04-14",113.430000305176,113.790000915527,111.269996643066,111.309997558594,539000,101.513031005859,106.108513641357,105.291967468262,127.588355255127,104.131072272254,104.916756506061,41.4842791630649,-0.748864394946636,-0.190640705253615
"2022-04-18",110.589996337891,111.449996948242,109.889999389648,110.569999694824,603400,100.838157653809,105.696297073364,105.040868682861,127.436322669983,103.624470023263,104.614638072561,40.1487254863007,-0.946490918996801,-0.341810748002252
"2022-04-19",111,113.25,111,113.199996948242,607200,103.236663818359,105.536700057983,104.843903198242,127.29219493866,103.5648075302,104.512565905583,46.7145554952181,-0.906836768545671,-0.454815952110936
"2022-04-20",114.330001831055,115.339996337891,113.199996948242,114.680000305176,555400,104.586410522461,105.36068649292,104.667950439453,127.15643321991,103.721977221317,104.518035877203,50.036305152016,-0.761647163769164,-0.516182194442581
"2022-04-21",116.110000610352,117.199996948242,112.910003662109,113.230003356934,565400,103.264053344727,105.24030456543,104.44252746582,127.008714256287,103.65152739415,104.425148282205,46.9484244541337,-0.740837720397369,-0.561113299633539
"2022-04-22",112.599998474121,113.230003356934,110,110.5,826100,100.774322509766,104.952117919922,104.124889526367,126.853442726135,103.20888048886,104.154716743506,41.7270881793402,-0.908106981823309,-0.630512036071493
"2022-04-25",110.139999389648,112.959999084473,109.410003662109,112.809997558594,953600,102.880996704102,104.78066482544,103.930781402588,126.699406318665,103.158436829666,104.060367110958,47.0891861482985,-0.866737554682495,-0.677757139793693
"2022-04-26",112.559997558594,112.559997558594,109.98999786377,110,1471700,100.318328857422,104.37620048523,103.703185577393,126.527705192566,102.721497141629,103.783179092177,42.0234834046689,-1.0229807564532,-0.746801863125594
"2022-04-27",109,110.129997253418,107.529998779297,109.5,2377000,99.8623275756836,103.834025573731,103.511246948242,126.357317810059,102.281624900714,103.492745646511,41.1746798778952,-1.17024699483139,-0.831490889466754
"2022-04-28",109.269996643066,112.26000213623,109.01000213623,110.639999389648,1285500,100.901992797852,103.393992996216,103.3560546875,126.190870895386,102.069373807966,103.300838028092,43.9542031294578,-1.19211445292512,-0.903615602158427
"2022-04-29",109.779998779297,112.339996337891,109.610000610352,109.73999786377,1388100,100.081199645996,102.989527511597,103.189703979492,126.021487922668,101.763500859971,103.062346296085,42.2566402599215,-1.2602521510451,-0.974942911935762
"2022-05-02",109.900001525879,112.110000610352,109.610000610352,111.809997558594,1231800,101.968994140625,102.793449401856,103.174774017334,125.860286216736,101.795115210841,102.981357247532,47.2981116548461,-1.15189978885224,-1.01033428731906
"2022-05-03",111.190002441406,112.639999389648,110.930000305176,111.790000915527,779900,101.95076751709,102.476079559326,103.137725524902,125.706899108887,101.819061719494,102.905017267499,47.2552132466863,-1.05529893181212,-1.01932721621767
"2022-05-04",111.5,114.389999389648,110,114.199996948242,731800,104.148651123047,102.346576309204,103.193400268555,125.554709014893,102.177460089272,102.997138293836,52.8130115887965,-0.795826192982274,-0.974627011570591
"2022-05-05",112.410003662109,112.819999694824,107.559997558594,108.75,750100,99.1783447265625,102.094412612915,103.186650695801,125.367964935303,101.716057725778,102.71426469626,42.0279109295104,-0.97182896011011,-0.974067401278495
"2022-05-06",107.459999084473,108.169998168945,104.709999084473,106.029998779297,709500,96.6977462768555,101.669427490234,103.119049377441,125.172860603333,100.944009810559,102.268596665193,37.87119566841,-1.29520390210366,-1.03829470144353
"2022-05-09",104.180000305176,105.5,102.330001831055,102.699996948242,700300,93.6608428955078,101.143213653565,102.964967956543,124.948826560974,99.8235225928589,101.630985274846,33.5025259207121,-1.7784563212679,-1.1863270254084
"2022-05-10",104.349998474121,104.980003356934,99.8300018310547,101.23999786377,832600,92.3293304443359,100.664421463013,102.809454498291,124.721908226013,98.6705699546246,100.94197380592,31.7719789001351,-2.25020748619615,-1.39910311756595
"2022-05-11",100.720001220703,102.849998474121,97.620002746582,97.9499969482422,870300,89.3288955688477,100.031958770752,102.601908721924,124.48560256958,97.2333892798897,100.081745788359,28.2329379924686,-2.84602999880954,-1.68848849381467
"2022-05-12",97.5999984741211,100.290000915527,97.3600006103516,99.4700012207031,759200,90.7151260375977,99.4118091583253,102.351205596924,124.238035774231,96.2305795503063,99.3879221031171,32.001507424559,-3.17678696364635,-1.98614818778101
"2022-05-13",100.430000305176,102.389999389648,100.23999786377,101.360000610352,571000,92.4387817382812,98.9580966949464,102.168694915771,123.991316184998,95.647226040764,98.8731709649811,36.4687402112259,-3.26271008882651,-2.24146056799011
"2022-05-16",100.519996643066,101.98999786377,99.75,101.269996643066,668800,92.3566970825195,98.5340236663819,102.011372070312,123.746971282959,95.1409908164187,98.3904691959099,36.34627988557,-3.30263531218761,-2.45369551682961
"2022-05-17",103.230003356934,104.959999084473,102.26000213623,104.550003051758,793200,95.3480072021484,98.1395908355714,101.948863220215,123.514663009644,95.1728394911463,98.1651016408164,43.7580080881161,-3.04819340035801,-2.57259509353529
"2022-05-18",103.080001831055,103.400001525879,100.440002441406,101.199996948242,1053400,92.292854309082,97.5249130249024,101.800959014893,123.253019447327,94.7297648477518,97.7301203569843,38.7901077698224,-3.07004176222527,-2.67208442727329
"2022-05-19",100.889999389648,101.98999786377,100.25,100.779998779297,964500,91.9098205566406,96.9572013854981,101.631979370117,122.983621101379,94.2959272645039,97.2989870384403,38.2044843311359,-3.0864244997226,-2.75495244176315
"2022-05-20",102.120002746582,102.410003662109,97.4199981689453,100.650001525879,1250500,91.7912673950195,96.5080486297608,101.453195953369,122.706398239136,93.910594976891,96.8910078055943,38.0131941814678,-3.07604688629449,-2.81917133066942
"2022-05-23",101.800003051758,101.870002746582,100.01000213623,101.370002746582,579400,92.4478988647461,95.986393737793,101.311656036377,122.424193000793,93.6855648057918,96.5618886247907,39.8107823422354,-2.97873608310985,-2.8510842811575
"2022-05-24",100.580001831055,101.139999389648,96.7900009155273,98.9400024414062,1164500,90.2317733764648,95.4820659637451,101.121598815918,122.132120056152,93.154212278203,96.0929911989888,36.014759638875,-3.05826562803131,-2.89252055053226
"2022-05-25",98.4700012207031,100.129997253418,98.4700012207031,99.3399963378906,896300,90.5965576171875,95.0187774658203,100.932817840576,121.840972747803,92.7607269457391,95.6858479707072,37.0783023197999,-3.05700486226935,-2.92541741287968
"2022-05-26",100.180000305176,103.019996643066,100.180000305176,102.48999786377,566000,93.4692916870117,94.6471424102783,100.760634307861,121.557136955261,92.8697369059349,95.5216586163594,44.8523338212204,-2.77625174105843,-2.89558427851543
"2022-05-27",103.400001525879,105.589996337891,103.019996643066,105.540000915527,557100,96.2508773803711,94.4556262969971,100.560545043945,121.292958755493,93.3899123635404,95.575674821101,51.1463079981149,-2.28694431051827,-2.773856284916
"2022-05-31",105.139999389648,106.050003051758,103.800003051758,105.620002746582,1837900,96.3238372802734,94.1733684539795,100.305372009277,121.022092895508,93.8412854276532,95.6310942625212,51.3032986638592,-1.87157623644328,-2.59340027522146
"2022-06-01",106.940002441406,107.120002746582,102.73999786377,103.51000213623,738200,94.3995513916016,93.7958076477051,100.06479095459,120.735631408691,93.9271724990299,95.5398688646753,47.012303534741,-1.6879826032938,-2.41231674083593
"2022-06-02",103.5,107.120002746582,103.300003051758,106.98999786377,592600,97.5732421875,93.4670372009277,99.8541221618652,120.473483200073,94.4881062972561,95.6904891108105,53.8658444223212,-1.25653325082501,-2.18116004283374
"2022-06-03",106.01000213623,106.330001831055,104.430000305176,104.809997558594,418800,95.5851211547852,93.2873760223388,99.6523907470703,120.211860389709,94.656877813799,95.6826840770308,49.5428575981354,-1.07209185562351,-1.9593464053917
"2022-06-06",105.25,105.910003662109,104.089996337891,104.610000610352,570600,95.4027252197266,93.2226249694824,99.4296841430664,119.939623146057,94.7716235685571,95.6619463838972,49.153114440793,-0.930696947945397,-1.75361651390244
"2022-06-07",103.370002746582,105.879997253418,103.169998168945,105.790000915527,503700,96.478874206543,93.3635265350341,99.2330604553223,119.656461105347,95.0342775128626,95.722459555945,51.5737011979364,-0.718934768574553,-1.54668016483686
"2022-06-08",105.040000915527,105.26000213623,103.269996643066,103.559997558594,592300,94.4451370239258,93.4693168640136,98.9538108825684,119.358997840881,94.9436405145646,95.6278430720917,47.0182646358958,-0.715484670098954,-1.38044106588928
"2022-06-09",102.849998474121,104.160003662109,101.870002746582,101.879997253418,674900,92.9130020141602,93.6485221862793,98.5979544067383,119.044530715942,94.6312345914255,95.4267437344672,43.8741571756552,-0.833633331611161,-1.27107951903366
"2022-06-10",100.76000213623,100.849998474121,99.1500015258789,99.9300003051758,581100,91.1346282958984,93.6694972991943,98.2265940856933,118.724855270386,94.0932951613444,95.1088092575362,40.4897215811857,-1.06773926003211,-1.23041146723335
"2022-06-13",97.0800018310547,98.5,96.2600021362305,97.5299987792969,925100,88.9458618164062,93.4948513031005,97.8421011352539,118.392843399048,93.3013823390462,94.6522946322673,36.7338950233477,-1.4272367072235,-1.26977651523138
"2022-06-14",97.6999969482422,98.3899993896484,96.3600006103516,96.7200012207031,905900,88.2071533203125,93.2873741149902,97.4884330749512,118.04393157959,92.5176547977026,94.1748767573077,35.5358162277842,-1.759728301929,-1.3677668725709
"2022-06-15",96.9300003051758,98.370002746582,95.2099990844727,96.9800033569336,874700,88.4442596435547,92.9421867370605,97.0913549804687,117.684885559082,91.8909786201414,93.7503866007334,36.2544751601001,-1.98336033376686,-1.49088556481009
"2022-06-16",94.4400024414062,95.4300003051758,92.5299987792969,92.7799987792969,1189600,85.2556686401367,92.5903274536132,96.6616940307617,117.327639961243,90.8701617001406,93.1211482332818,31.2147728651704,-2.41726672817875,-1.67616179748382
"2022-06-17",93.5699996948242,94.4199981689453,92.629997253418,93.4700012207031,1803500,85.8897247314453,92.2893226623535,96.2950561523437,116.968758201599,90.1039406280337,92.5854872331457,33.2032123721491,-2.68027601222546,-1.87698464043215
"2022-06-21",94.8399963378906,96.1500015258789,94.3499984741211,95.6500015258789,944600,87.892951965332,92.0944068908691,95.948966217041,116.619083862305,89.7637885260796,92.2378920281225,39.1848012236798,-2.68230707320219,-2.03804912698616
"2022-06-22",94.6500015258789,97.2200012207031,94.6500015258789,96.4800033569336,1072400,88.6556396484375,91.9047939300537,95.6383766174316,116.271291503906,89.5933040833654,91.9725399999977,41.3386453462933,-2.58689812919415,-2.14781892742776
"2022-06-23",96.7600021362305,98.9400024414062,96.5400009155273,98.879997253418,863800,90.8610000610352,91.9362552642822,95.4174931335449,115.941758079529,89.7883342337761,91.8902037082227,47.1655372264054,-2.28737056794495,-2.17572925553119
"2022-06-24",99.0999984741211,100.180000305176,98.5,100.129997253418,1450700,92.0096206665039,92.006908416748,95.2181225585937,115.624211349487,90.130070608042,91.8990494088361,49.953824267258,-1.92491523271847,-2.12556645096865
"2022-06-27",100.019996643066,101.449996948242,99.2200012207031,100.150001525879,796700,92.0279998779297,91.9348438262939,94.9963201904297,115.306756515503,90.4220597264862,91.9086012954356,49.9992949282067,-1.61741289498141,-2.0239357397712
"2022-06-28",100.98999786377,101.849998474121,98.0599975585938,98.1800003051758,711700,90.2177429199219,91.6331871032715,94.7704144287109,114.982586212158,90.3906263716302,91.7833525268791,45.6042462676644,-1.5174060621081,-1.92262980423858
"2022-06-29",98.2300033569336,99.3300018310547,97.1900024414062,99.0299987792969,726100,90.9988250732422,91.3669364929199,94.5736277770996,114.668340682983,90.4841954026474,91.7252393821652,47.7388626468012,-1.3530016251548,-1.80870416842183
"2022-06-30",97.7399978637695,99.1399993896484,96.9400024414062,98.25,739300,90.2820892333984,91.1610633850097,94.3145362854004,114.355516815186,90.4531021458399,91.6183393711455,45.9566864592408,-1.2718384040833,-1.70133101555412
"2022-07-01",98.25,98.9100036621094,96.25,98.4899978637695,749800,90.5026321411133,90.8075328826904,94.0328607177734,114.045329170227,90.4607221451127,91.5356943911431,46.6170750964597,-1.17437492901611,-1.59593979824652
"2022-07-05",97.0699996948242,100.019996643066,96.0400009155273,99.9499969482422,916100,91.8442153930664,90.6204875946045,93.8044639587402,113.744149169922,90.6735672601825,91.558547798693,50.5737004980393,-0.966573367301804,-1.47006651205758
"2022-07-06",100.930000305176,101.25,99.5199966430664,100.610000610352,655200,92.4506988525391,90.4728862762451,93.6379914855957,113.452134399414,90.9469721205451,91.6246330619408,52.2950613709707,-0.739605626510542,-1.32397433494817
"2022-07-07",101,104.419998168945,100.529998779297,104.019996643066,823500,95.5841369628906,90.4281494140625,93.4920542907715,113.177049713135,91.6603820962905,91.9179296471963,60.0386283767998,-0.280192941566848,-1.1152180562719
"2022-07-08",102.720001220703,103.800003051758,101.819999694824,102.980003356934,1233600,94.6284866333008,90.4373168945312,93.3782574462891,112.900253181458,92.1170135635229,92.118711646167,56.9997504833623,-0.00184336343164171,-0.892543117703852
"2022-07-11",102.629997253418,103.029998779297,100.300003051758,100.599998474121,710100,92.4414978027344,90.4137416839599,93.2298408508301,112.598767738342,92.1669342157093,92.1426217318387,50.6780409079093,0.0263857088214081,-0.7087573523988
"2022-07-12",100.860000610352,102.980003356934,100.139999389648,101.75,870000,93.4982376098633,90.5319221496582,93.0817657470703,112.291472549438,92.3717501225022,92.2430377228035,53.3692074121997,0.139536167581022,-0.539098648402836
"2022-07-13",100.330001831055,101.360000610352,98.7699966430664,100.199996948242,998500,92.0739517211914,90.6883266448974,92.9216207885742,111.973403053284,92.325934983839,92.2305128337952,49.4526574444834,0.103460500339803,-0.410586818654308
"2022-07-14",98.9199981689453,99.370002746582,96.4199981689453,97.9599990844727,1092400,90.0156097412109,90.7787494659424,92.6825531005859,111.69018245697,91.970500331127,92.0664459380482,44.3834609398295,-0.104213436223843,-0.349312142168215
"2022-07-15",99.6900024414062,100.970001220703,98.4499969482422,99.9000015258789,5253500,91.7982635498047,90.9464496612548,92.4795030212402,111.436438484192,91.9440023647697,92.0465805759561,49.2367185443695,-0.111441631557108,-0.301738040045994
"2022-07-18",100.480003356934,101.110000610352,99.370002746582,99.7699966430664,1211700,91.678825378418,91.2676074981689,92.2301065063477,111.182277908325,91.903205905331,92.0193394502125,48.9286457153238,-0.126205584147199,-0.266631548866235
"2022-07-19",101.930000305176,103.440002441406,101.330001831055,103.23999786377,895000,94.8674011230469,91.716491317749,92.1438876342773,110.955559539795,92.3592359388257,92.2303069815336,56.7150886326149,0.139790228951497,-0.185347193302688
"2022-07-20",103.690002441406,106.879997253418,103.559997558594,106.220001220703,1111200,97.6057434082031,92.2021308898925,92.1620475769043,110.744111175537,93.1663909341146,92.6284874575832,62.0642541340319,0.580710633732084,-0.0321356278957337
"2022-07-21",106.529998779297,107.889999389648,106,107.889999389648,796500,99.1402969360352,92.7263637542724,92.2716366577149,110.539659309387,94.0854533959485,93.1108437152463,64.6971758380479,1.04671984681264,0.183635467045941
"2022-07-22",108.319999694824,108.319999694824,104.629997253418,104.949996948242,902400,96.438720703125,93.0052497863769,92.3538244628906,110.312590065002,94.4474945201295,93.3573531217559,57.1738997243609,1.16770812573475,0.380449998783702
"2022-07-25",104.790000915527,104.790000915527,102.949996948242,104.080001831055,642100,95.639274597168,93.1867324829101,92.480032043457,110.085988311768,94.6308453012123,93.5263843421568,55.1308768651865,1.18090843222916,0.540541685472792
"2022-07-26",103.069999694824,103.400001525879,101.819999694824,102.5,1242600,94.1874237060547,93.2947036743164,92.5494779968262,109.850729446411,94.562626594265,93.575350220964,51.5296528751718,1.05506030270761,0.643445408919756
"2022-07-27",93.1800003051758,95.3099975585938,92.3099975585938,93.5599975585938,3358300,85.9724349975586,93.0824382781982,92.4201510620117,109.579536247253,93.2410586563102,93.0121713155266,36.8585413711667,0.246083214214132,0.563972969978631
"2022-07-28",93.6600036621094,98.0999984741211,93.6600036621094,98.0400009155273,1722400,90.0891418457031,93.0369541168212,92.3747999572754,109.337494850159,92.7561483777552,92.7956506140582,45.2681130498003,-0.0425690601246309,0.442664563957979
"2022-07-29",98.620002746582,99.7399978637695,96.9599990844727,97.620002746582,1190500,89.7031936645508,93.0080093383789,92.2619036865234,109.092260971069,92.2864630372622,92.5665797289095,44.6674728594128,-0.302611042200762,0.293609442726231
"2022-08-01",96.6900024414062,98.8000030517578,96.4499969482422,98.2699966430664,826900,90.3004531860352,92.997900390625,92.2220556640625,108.84581943512,91.9809230601504,92.3987185035114,45.8645510171685,-0.452165841829422,0.1444543858151
"2022-08-02",98.25,98.8499984741211,96.4300003051758,96.4800033569336,1042700,88.6556396484375,92.8384716033935,92.1569720458984,108.579970283508,91.4693409968099,92.1214534031355,43.0992046844441,-0.707883323846259,-0.0260131561171715
"2022-08-03",96.9000015258789,98.2099990844727,96.5,97.8199996948242,831300,89.886962890625,92.7102848052978,92.1188859558105,108.325328330994,91.225898211243,91.955935587394,45.7368562448639,-0.79389913384893,-0.179590351663523
"2022-08-04",97.9800033569336,98.3600006103516,97.1699981689453,97.8099975585938,548400,89.8777694702148,92.424966430664,92.0674833679199,108.055894241333,91.0184937895464,91.8019973564919,45.7198153153036,-0.853471154775554,-0.314366512285929
"2022-08-05",96.75,97.8499984741211,95.870002746582,97.5999984741211,579500,89.6848068237305,92.1777824401855,92.0565440368652,107.78490901947,90.8133111794209,91.6451684281392,45.3379853579376,-0.90769351291069,-0.433031912410881
"2022-08-08",98.3099975585938,100.410003662109,97.9499969482422,98.5500030517578,838100,90.5577697753906,92.0835960388183,92.0557682800293,107.505752067566,90.7739971172624,91.5646203797874,47.4751482088608,-0.863459335325956,-0.519117396993896
"2022-08-09",97.6600036621094,97.879997253418,95.0199966430664,95.120002746582,1022700,87.4059295654297,91.7789806365966,91.9345010375977,107.203214759827,90.2558328785189,91.2565692083535,41.2102966454805,-1.09661840075291,-0.6346175977457
"2022-08-10",97.1900024414062,98.879997253418,96.5899963378906,98.3199996948242,1117000,90.3464202880859,91.6926040649414,91.816411895752,106.910193824768,90.2697694030677,91.1891507698152,48.0923233290109,-1.00821354183709,-0.709336786563977
"2022-08-11",98.5899963378906,100.26000213623,98.1699981689453,98.6699981689453,1535900,90.6680221557617,91.7252246856689,91.7032955932617,106.623696594238,90.3310390573283,91.1505486502557,48.7982880480121,-0.899072583832528,-0.747283946017688
"2022-08-12",99.6600036621094,100.360000610352,99.120002746582,100.069999694824,705900,91.9544830322266,91.73303565979,91.6543942260742,106.360587310791,90.5807996688511,91.2100993452165,51.6321019429721,-0.689945171513917,-0.735816191116934
"2022-08-15",99.5199966430664,100.019996643066,98.5199966430664,99.5299987792969,744500,91.4582901000977,91.722008895874,91.5320951843262,106.158536643982,90.7157981967352,91.228483845578,50.4717914038619,-0.56197979757141,-0.701048912407829
"2022-08-16",98.7900009155273,100.360000610352,98.7900009155273,99.5899963378906,486300,91.5134124755859,91.5543094635009,91.4506610107422,105.961992759705,90.8385080857891,91.2495896700231,50.6045929205589,-0.45050239208797,-0.650939608343857
"2022-08-17",98.3899993896484,99.4100036621094,97.379997253418,98.6699981689453,641800,90.6680221557617,91.2074234008789,91.3559669494629,105.767760772705,90.8122794811695,91.2065105948926,48.4585667742019,-0.432240101229253,-0.607199706920936
"2022-08-18",98.5599975585938,99.3300018310547,98.5,99.0899963378906,431800,91.0539627075195,90.8031066894531,91.2474687194824,105.585695114136,90.8494615159926,91.1952107513835,49.511225818146,-0.379130913281656,-0.56158594819308
"2022-08-19",98.6699981689453,98.6699981689453,96.2099990844727,97.129997253418,1078400,89.2529220581055,90.4438167572021,91.143624420166,105.381456489563,90.6038400609331,91.0513375148443,44.902416560579,-0.491478177174876,-0.547564393989439
"2022-08-22",95.7300033569336,95.879997253418,94.1600036621094,94.3000030517578,1139800,86.6524353027344,89.9944747924804,91.0184130859375,105.169221000671,89.9959316365948,90.7254929065399,39.2248508286998,-0.804141423289528,-0.598879799849457
"2022-08-23",94.2600021362305,94.9499969482422,93.6100006103516,93.8300018310547,720300,86.2205352783203,89.5961303710937,90.9201312255859,104.956810264587,89.4151014276295,90.3917923414866,38.357380433641,-1.08050840519602,-0.69520552091877
"2022-08-24",93.9100036621094,94.370002746582,93.1999969482422,93.9000015258789,668400,86.2848587036133,89.6117515563965,90.8669111633301,104.747066116333,88.9335256239347,90.0875750349774,38.5752554028119,-1.28103060893213,-0.812370538521443
"2022-08-25",94.3300018310547,95.1500015258789,93.629997253418,95.1399993896484,584600,87.4243011474609,89.4785095214843,90.851254119873,104.523718185425,88.7013372429387,89.890295487754,42.4553232548709,-1.32267697904861,-0.914431826626876
"2022-08-26",95.8199996948242,95.8199996948242,91.4000015258789,91.4499969482422,641900,84.033561706543,89.195027923584,90.7630401611328,104.290271263123,87.9832179296471,89.4564633558124,35.3078307902347,-1.64688539083595,-1.06092253946869
"2022-08-29",90.5800018310547,91.6699981689453,90.1900024414062,90.5699996948242,558000,83.2249221801758,88.841251373291,90.7224252319336,104.061394348145,87.2511724297284,88.9948677131727,33.8444600238003,-1.95932117014227,-1.24060226560341
"2022-08-30",91.2900009155273,91.370002746582,89.0100021362305,89.5,873000,82.2416915893555,88.5205539703369,90.6494645690918,103.83206577301,86.480483069671,88.4946324447418,32.1022370536834,-2.27601304104906,-1.44768442069254
"2022-08-31",89.5100021362305,90.2900009155273,88.3300018310547,88.4899978637695,1304200,81.3136215209961,88.0918869018554,90.5178779602051,103.59340675354,85.6855812929518,87.9627057096495,30.5059507821061,-2.5887384867561,-1.67589523390525
"2022-09-01",88.2699966430664,89.5899963378906,87.629997253418,89.4000015258789,861900,82.1498031616211,87.7054885864257,90.3877612304688,103.349007606506,85.1416154265932,87.5321203357215,33.7045775587853,-2.73100308773474,-1.88691680467115
"2022-09-02",90,90.4000015258789,87.9700012207031,88.5100021362305,639500,81.3319854736328,87.2878475189209,90.1971809387207,103.097678413391,84.5555185107532,87.0728510866779,32.1461539247803,-2.89106483192884,-2.08774641012269
"2022-09-06",88.7099990844727,88.7099990844727,86.7300033569336,87.7900009155273,1022600,80.6703796386719,86.7934780120849,89.9703961181641,102.847911567688,83.9578048381253,86.5985939423811,30.901348202281,-3.04945956283416,-2.28008904066498
"2022-09-07",87.7799987792969,90.7799987792969,87.7799987792969,90.7300033569336,1320100,83.371940612793,86.5917785644531,89.7972749328613,102.612960205078,83.8676718803818,86.3595825846339,40.9556325043763,-2.88550573042651,-2.40117237861729
"2022-09-08",90,91.1800003051758,89,89.9199981689453,1237400,82.6276321411133,86.2058391571045,89.6454727172852,102.382133903503,83.676896535879,86.0831418110398,39.2606622530864,-2.79525726470659,-2.47998935583515
"2022-09-09",90.3000030517578,91.2799987792969,90.0299987792969,90.8399963378906,839100,83.4730224609375,85.8460891723632,89.4949566650391,102.156887397766,83.6455312935803,85.8897996369581,42.1872468752404,-2.61296260192009,-2.50658400505213
"2022-09-12",91.5500030517578,93.6500015258789,91.3499984741211,92.9400024414062,1014600,85.402717590332,85.5185009002685,89.3973692321777,101.940026702881,83.9158676469267,85.8537194853562,48.3095831731315,-2.25715536851028,-2.45669827774376
"2022-09-13",90.1800003051758,90.8899993896484,88.4800033569336,88.8000030517578,1284400,81.5984649658203,85.0255096435547,89.2192858886719,101.702656784058,83.5593441575257,85.538515446872,39.4417912888902,-2.31377792682826,-2.42811420756066
"2022-09-14",88.1699981689453,88.9599990844727,87.5299987792969,88.3499984741211,928300,81.8579025268555,84.5427341461181,89.0195596313477,101.483359489441,83.2975839066534,85.2658774527967,40.2473323602508,-2.30841880121742,-2.40417512629201
"2022-09-15",88.1800003051758,89.2600021362305,86.7699966430664,86.9499969482422,1172500,80.5607757568359,84.0373718261718,88.7817611694336,101.258252944946,82.8765364989892,84.9173514012441,37.5573821939974,-2.4032955203841,-2.40399920511043
"2022-09-16",86.2600021362305,86.5500030517578,85.5899963378906,85.7300033569336,2743700,79.4304122924805,83.4561943054199,88.4586866760254,101.053199272156,82.3463635441417,84.5109114672616,35.3407037378575,-2.56126443975041,-2.43545225203843
"2022-09-19",85.2799987792969,87.3600006103516,85.2399978637695,87.3399963378906,974900,80.9221038818359,83.0396533966064,88.1845590209961,100.861511459351,82.1272466730177,84.2450738683412,40.3445411497634,-2.51388846620659,-2.45113949487206
"2022-09-20",86.2900009155273,86.4400024414062,84.4400024414062,85.4599990844727,1301200,79.1802444458008,82.6660438537597,87.9193339538574,100.652997093201,81.6738617149843,83.8699013185234,36.7665155995617,-2.61838820484461,-2.48458923686657
"2022-09-21",85.7099990844727,87.2900009155273,84.370002746582,84.3899993896484,1028300,78.1888732910156,82.2644607543945,87.6131466674805,100.434880981445,81.1377096497584,83.4490844275969,34.8709852953353,-2.7698024414443,-2.54163187778212
"2022-09-22",83.9400024414062,83.9899978637695,82.6999969482422,82.9400024414062,747100,76.8454284667969,81.7924892425537,87.3085762023926,100.214827804565,80.4773586985335,82.9599247267969,32.4308974317958,-2.99248828448063,-2.63180315912182
"2022-09-23",82.2300033569336,82.8099975585938,81.2600021362305,82.7699966430664,1210900,76.6879272460938,81.2556705474853,87.0420225524902,99.9761294174194,79.894369244312,82.4953323208189,32.146890467621,-3.15286089931958,-2.73601470716137
"2022-09-26",82.5299987792969,83.7699966430664,82.1999969482422,82.3300018310547,1012600,76.2802581787109,80.8680053710937,86.7316624450684,99.7308378982544,79.3383521572965,82.0349564584405,31.3808645800218,-3.28714052833093,-2.84623987139528
"2022-09-27",83.4700012207031,83.620002746582,81,81.6800003051758,898100,75.6780166625977,80.4906600952148,86.411646270752,99.4988146972656,78.7752236196505,81.5640720291188,30.2346726119045,-3.41921184179313,-2.96083426547485
"2022-09-28",82.2099990844727,84.4400024414062,82.0899963378906,83.9000015258789,1484000,77.7348937988281,80.2653202056884,86.0689961242676,99.2736936569214,78.6151728779855,81.2804291972454,38.4971459179359,-3.27908740835025,-3.02448489404993
"2022-09-29",82.9000015258789,82.9000015258789,81.4599990844727,81.7699966430664,799100,75.7613983154297,79.9877090454101,85.6321092224121,99.045108757019,78.1761306375923,80.8716120948887,34.2998023457793,-3.33303787011655,-3.08619548926326
"2022-09-30",81.5899963378906,82.6600036621094,80.2200012207031,80.3099975585938,957200,74.40869140625,79.6006534576416,85.1374771118164,98.8092617034912,77.5965246020012,80.3928772290636,31.744911435865,-3.47835868480584,-3.16462812837177
"2022-10-03",80.9499969482422,82.9700012207031,80.4000015258789,82.370002746582,1192200,76.3173065185547,79.3499195098877,84.735048828125,98.57706615448,77.3997218199325,80.0909831023593,38.6847386951306,-3.3602550226999,-3.2037535072374
"2022-10-04",83.5800018310547,84.3499984741211,82.7600021362305,83.5,1202400,77.3642959594727,79.1846153259277,84.3695492553711,98.3552721405029,77.3942716875541,79.8890062769603,42.1589665412792,-3.12275080848722,-3.18755296748736
"2022-10-05",82.2300033569336,83.7600021362305,82.0299987792969,83.1500015258789,705600,77.0399856567383,78.868017578125,84.0266004943848,98.1411926269531,77.3397661443516,79.6779677124994,41.3768874792759,-2.93456476774687,-3.13695532753926
"2022-10-06",83,83.8300018310547,82.3199996948242,82.4700012207031,930200,76.4099655151367,78.5571342468261,83.8353511047363,97.9371967697144,77.1967198937032,79.4358934756577,39.8310602899501,-2.81884357811205,-3.07333297765382
"2022-10-07",81.3099975585938,81.4300003051758,79.620002746582,79.6999969482422,1078400,73.8435134887695,78.0756587982177,83.5104385375977,97.7043704223633,76.6808419852518,79.0216431062586,34.2222019298426,-2.96222785175335,-3.05111195247373
"2022-10-10",79.9000015258789,80.2099990844727,78.5599975585938,79.5800018310547,904600,73.7323303222656,77.4921394348144,83.1910212707519,97.465277633667,76.2272248063309,78.6298421592961,33.9988409588298,-3.05560495479283,-3.05201055293755
"2022-10-11",79.3199996948242,79.6900024414062,78.1100006103516,78.5,925800,72.731689453125,77.0488006591796,82.8396459960938,97.2194594192505,75.6894501366069,78.192941958839,31.9760630037065,-3.20168516430798,-3.08194547521164
"2022-10-12",78.629997253418,79,78.0299987792969,78.4700012207031,680100,72.7038803100586,76.5910995483398,82.5206108093262,96.9668852233887,75.2301317017533,77.7863447996701,31.9192260875767,-3.28619773110562,-3.12279592639043
"2022-10-13",77.2099990844727,81.0100021362305,76.370002746582,80.4300003051758,1185700,74.519889831543,76.2890552520752,82.2132693481445,96.7242068862915,75.120863721721,77.5443851724014,39.4839221899586,-3.12533453620442,-3.12330364835323
"2022-10-14",81.2099990844727,81.6399993896484,79.3300018310547,79.4400024414062,889300,73.6026153564453,75.9976654052734,81.8877662658691,96.4757637786865,74.8872870501401,77.2524022230713,37.2334866431186,-3.06154256032301,-3.11095143074719
"2022-10-17",80.9599990844727,82.3300018310547,80.5800018310547,81.7799987792969,1008800,75.7706451416016,75.7400924682617,81.6094830322266,96.2350337219238,75.0231882949803,77.1426424392588,45.1857441292606,-2.74744820408152,-3.03825078541405
"2022-10-18",82.8099975585938,83.9000015258789,82.1999969482422,82.9199981689453,901100,76.8268814086914,75.6224243164062,81.3348652648926,96.0020322418213,75.3006795432436,77.1192527332908,48.6022859959507,-2.358131239078,-2.90222687614684
"2022-10-19",81.9700012207031,82.1999969482422,80.4199981689453,81.1999969482422,847000,75.2332916259766,75.4746452331543,81.0914125061035,95.7729368591309,75.2903121713563,76.9795519105268,44.1328255112626,-2.1944005872285,-2.76066161836317
"2022-10-20",81.2699966430664,82.0699996948242,80.5800018310547,80.8600006103516,1203000,74.9182662963867,75.3782871246338,80.7828494262695,95.5421756744385,75.2330743444379,76.8268640872572,43.2854154484795,-2.07452140830462,-2.62343357635146
"2022-10-21",80.5800018310547,83.0400009155273,80.0400009155273,82.7699966430664,3346100,76.6879272460938,75.3782871246338,80.5032475280762,95.3226194763184,75.4568978677696,76.8165724693932,49.1878201850082,-1.77002768792551,-2.45275239866627
"2022-10-24",83.5699996948242,83.5699996948242,81.75,82.6600036621094,1331300,76.5860061645508,75.3935745239257,80.1958779907226,95.1037773895264,75.6306068365052,76.7994934838493,48.8723516076989,-1.52199786003796,-2.26660149094061
"2022-10-25",82.8399963378906,84.9499969482422,82.5100021362305,84.8899993896484,1592300,78.6521301269531,75.5422801971435,79.9397547912598,94.9035595703125,76.0954565734972,76.936725827783,55.1517884139288,-1.09345601237166,-2.03197239522682
"2022-10-26",86.379997253418,87.1399993896484,84.0599975585938,84.9199981689453,1712400,78.6799392700195,75.5895324707031,79.6830853271484,94.7075598144531,76.4930692960391,77.0658527494301,55.2314875210282,-0.743238974145122,-1.77422571101048
"2022-10-27",85.3300018310547,87,85.1500015258789,85.9400024414062,997200,79.625,75.7827125549316,79.4622248840332,94.5084449386597,76.9749047889561,77.2554192124353,57.9653257192728,-0.363099995235039,-1.49200056785539
"2022-10-28",85.7600021362305,88.620002746582,85.5100021362305,88.4899978637695,976800,81.9876098632812,76.1616584777832,79.2808978271484,94.3201459121704,77.7460901850061,77.6059518532387,63.9003219850125,0.180576783636965,-1.15748509755692
"2022-10-31",87.75,88.4300003051758,87.370002746582,88.0400009155273,885700,81.570686340332,76.424327468872,79.127253112793,94.1290824890137,78.3344895935178,77.8996358893197,62.2305189139856,0.558223025350135,-0.81434347297551
"2022-11-01",89.1699981689453,89.1699981689453,87.370002746582,87.5699996948242,795400,81.1352233886719,76.612873840332,79.0169088745117,93.9347993469238,78.7653717158492,78.1393090374198,60.4536148515461,0.801213481590346,-0.491232082062339
"2022-11-02",87.0899963378906,87.8600006103516,84.5100021362305,84.5299987792969,910700,78.3185882568359,76.6768039703369,78.858869934082,93.7246201705933,78.6966357990779,78.1525889795988,50.4244303315823,0.696134096876988,-0.253758846274473
"2022-11-03",83.629997253418,84.4199981689453,82.5699996948242,84.0199966430664,652700,77.8460540771484,76.7486083984375,78.6900938415527,93.5191030883789,78.5657770726272,78.1298826905284,48.9570394596506,0.557909940586221,-0.0914250889023345
"2022-11-04",85.0299987792969,86.5999984741211,84.2600021362305,86.5299987792969,742900,80.171630859375,77.0650142669677,78.545040435791,93.3611987686157,78.8128315013576,78.2811232956282,55.7777250666209,0.679229146625171,0.0627057582031666
"2022-11-07",87.0100021362305,87.0699996948242,85.4800033569336,86.5800018310547,628200,80.2179565429688,77.3892955780029,78.4687283325195,93.2119103622437,79.0290045846824,78.4245924250608,55.9041305526369,0.770692127216566,0.204303032005846
"2022-11-08",86.9400024414062,88.3300018310547,85.870002746582,86.8300018310547,815100,80.449592590332,77.7751907348632,78.4132217407227,93.0548519897461,79.2475565855516,78.5745924373031,56.5725637734614,0.856465337425028,0.334735493089683
"2022-11-09",86.3099975585938,86.870002746582,85.5199966430664,85.5800018310547,511900,79.2914276123047,78.1045680999756,78.3542164611816,92.9012482833862,79.2543059742828,78.6276913391551,52.3034346484632,0.796938870333719,0.42717616853849
"2022-11-10",89.0999984741211,91.5100021362305,88.9000015258789,91.3099975585938,1000300,84.6003646850586,78.6085918426513,78.4199513244629,92.7780414962769,80.0767765451714,79.0701115869998,65.2490336191917,1.27312955295882,0.596366845422556
"2022-11-11",91.6399993896484,94.629997253418,91.0899963378906,93.7600021362305,928300,86.8703460693359,79.2719783782959,78.5143621826172,92.6737080383301,81.1219410873506,79.6479067338395,69.1096549322513,1.85068812723084,0.847231101784212
"2022-11-14",92.9000015258789,93.1800003051758,91.2300033569336,91.2799987792969,795300,84.5725936889648,79.712075805664,78.5791743469238,92.5470540237427,81.6528107183681,80.0126983601451,61.6443246123796,2.04981508165212,1.08774789775779
"2022-11-15",92.4100036621094,92.9899978637695,91.3499984741211,92.5299987792969,747000,85.7307510375977,80.1572692871093,78.6803817749023,92.4118240737915,82.2801861520958,80.4362578177342,63.7687553835775,2.29240939893038,1.32868019799231
"2022-11-16",91.5899963378906,91.8300018310547,90,90.3499984741211,1170200,83.7109298706055,80.5811511993408,78.6871615600586,92.26223487854,82.500300570328,80.6788261179469,57.760179900034,2.25768586384525,1.5144813311629
"2022-11-17",89,90.8099975585938,88.4000015258789,90.7900009155273,679600,84.1186065673828,81.0411682128906,78.716981048584,92.1062089157105,82.7492707237211,80.9336246697569,58.6079310111371,2.24337666992271,1.66026039891486
"2022-11-18",91.9300003051758,92.2200012207031,90.7200012207031,91.0299987792969,854000,84.3409652709961,81.4238201141357,78.7343399047852,91.9609482574463,82.9941468079172,81.1860202698487,59.0902079646557,2.22714025402231,1.77363636993635
"2022-11-21",90.370002746582,91.3099975585938,89.9599990844727,90.4499969482422,864400,83.803581237793,81.7846988677978,78.7023571777344,91.8145414733887,83.1186751817443,81.3799136748816,57.351061560349,2.13659787574747,1.84622867109858
"2022-11-22",90.9800033569336,91.0299987792969,89.8300018310547,90.4800033569336,622700,83.8313827514648,82.0436614990234,78.7470155334473,91.6667781448364,83.2283225001628,81.5615039768507,57.4208824933097,2.04363387387405,1.88570971165367
"2022-11-23",90.1100006103516,91.3000030517578,90.0599975585938,90.6500015258789,640200,83.988883972168,82.3091087341308,78.7896351623535,91.5140465545654,83.3453319573944,81.7413099024298,57.8419561180829,1.96231508508884,1.9010307863407
"2022-11-25",91.0599975585938,91.5299987792969,90.9199981689453,91.0800018310547,261900,84.3872756958008,82.5472225189209,78.8661651611328,91.3527018356323,83.5056309940723,81.9373073686054,58.9478373575711,1.91405316556421,1.90363526218541
"2022-11-28",90.5,90.9599990844727,89.2300033569336,89.6699981689453,621700,83.0808868408203,82.6018863677978,78.9391746520996,91.2051742553711,83.4402857397258,82.0220169591398,53.9501662853051,1.72913180285788,1.8687345703199
"2022-11-29",89.4199981689453,90.379997253418,89,89.8099975585938,738900,83.2105941772461,82.6838817596435,78.9849444580078,91.0627366256714,83.4049485762674,82.1100597160366,54.3638661657171,1.5770160985255,1.81039087596102
"2022-11-30",89.9199981689453,92.9899978637695,89.2799987792969,92.9899978637695,2178800,86.1569366455078,82.9349674224853,79.1244783020019,90.9462250137329,83.8283313561505,82.4098283774789,62.5861598275203,1.72127888942344,1.7925684786535
"2022-12-01",93.5400009155273,94.7300033569336,93.0999984741211,94.3600006103516,1484500,87.4262619018555,83.3903511047363,79.3092260742188,90.8400482940674,84.3818591324128,82.7814160459512,65.4723536483671,1.93333620383251,1.82072202368931
"2022-12-02",93.129997253418,94.4499969482422,93.129997253418,94.3199996948242,644200,87.3891983032227,83.86750831604,79.5201014709473,90.7350006103516,84.8445266971528,83.1227332501936,65.3139160409004,2.07138694751141,1.87085500845373
"2022-12-05",93.6999969482422,94.8000030517578,93.3600006103516,93.9000015258789,815800,87.0000534057617,84.2089294433593,79.7263439941406,90.6564234161377,85.1761461907849,83.409942150606,63.5743898879828,2.11749821980436,1.92018365072385
"2022-12-06",93.8899993896484,94.5500030517578,93.120002746582,94.5,1490600,87.5559768676758,84.5758304595947,79.9518583679199,90.5751873397827,85.5422739872297,83.7170558333519,65.0081626706729,2.18022257914929,1.97219143640894
"2022-12-07",94.2099990844727,94.8899993896484,93.6800003051758,94.3399963378906,1019600,87.4077224731445,84.9237369537353,80.1864524841309,90.5054013824463,85.8292660619858,83.9904385474106,64.2814935397415,2.18932957891058,2.01561906490927
"2022-12-08",94.4199981689453,95.7200012207031,94.1900024414062,95.6100006103516,725100,88.5844268798828,85.3883869171142,80.403443145752,90.4507444000244,86.2531369570469,84.3307339794456,67.3966216480513,2.27959948512937,2.06841514895329
"2022-12-09",95.3000030517578,96.0800018310547,95,95.0299987792969,797900,88.0470428466797,85.5607208251953,80.649156036377,90.3905905532837,86.5291224785289,84.6060161177593,64.6246860926836,2.27301372764428,2.10933486469149
"2022-12-12",95.0299987792969,96.370002746582,94.4800033569336,96.3600006103516,760500,89.2793121337891,85.6811691284179,80.9465684509277,90.3301625442505,86.9522285793381,84.9521861930207,67.8863569052409,2.35431538132882,2.15833096801895
"2022-12-13",99.0899963378906,99.3300018310547,95.9400024414062,96.8600006103516,962300,89.742561340332,85.9396675109863,81.2150735473633,90.2783503341675,87.381510542568,85.3070287965253,69.0419557136122,2.43178290852297,2.21302135611976
"2022-12-14",96.0299987792969,97.3499984741211,94.8399963378906,95.7900009155273,876500,89.425163269043,86.1243881225586,81.4562908935547,90.2269452285767,87.6959186543334,85.6120757944895,67.2561917122093,2.43405248676138,2.25722758224808
"2022-12-15",94.6500015258789,94.6600036621094,92.5400009155273,92.7200012207031,854600,86.5591430664062,86.2667987823486,81.646674041748,90.1434895324707,87.5210301023446,85.6822289257426,53.739653206769,2.14607066092498,2.23499619798346
"2022-12-16",91.6500015258789,92.1900024414062,90.9000015258789,91.1900024414062,1963300,85.1308135986328,86.3174091339111,81.821091003418,90.0613220214844,87.1533044863889,85.6413833459567,48.5075490910708,1.76540952675255,2.14107886373728
"2022-12-19",90.6999969482422,91.1600036621094,89.7799987792969,90.3000030517578,700100,84.2999420166016,86.3153579711914,82.0302195739746,89.98170753479,86.7143256448832,85.54201732156,45.7190596777875,1.37044736613625,1.98695256421707
"2022-12-20",89.9300003051758,90.4899978637695,89.4300003051758,90.370002746582,785900,84.3652954101562,86.3434436798095,82.2428788757324,89.9111667633057,86.3529363780021,85.4548527355301,45.9820963587328,1.05094516428625,1.79975108423091
"2022-12-21",91.2699966430664,92.4400024414062,90.9400024414062,92.0599975585938,713200,85.9429931640625,86.4490242004394,82.5071049499512,89.84244140625,86.2898681912422,85.4910112857918,52.0259715652965,0.934433800039924,1.62668762739271
"2022-12-22",91.4000015258789,91.6500015258789,89.25,91.0199966430664,688000,84.9720840454102,86.4981842041015,82.7524690246582,89.7655078125,86.0871321688065,85.4525722309487,48.43450302442,0.742587287065843,1.44986755932734
"2022-12-23",90.9899978637695,91.4300003051758,90.0100021362305,91.2600021362305,477100,85.196159362793,86.5386283874511,82.9659944152832,89.6878364181519,85.9500594294198,85.4335786851594,49.304310282051,0.604540687876054,1.28080218503708
"2022-12-27",90.7200012207031,92.0199966430664,90.4000015258789,91.7799987792969,479500,85.6815948486328,86.6686637878418,83.207574005127,89.6186199188232,85.9087571862218,85.4519502528241,51.2238347670303,0.534577539829284,1.13155725599552
"2022-12-28",91.7399978637695,92.3600006103516,90.120002746582,90.25,543000,84.2532577514648,86.7207969665527,83.3772262573242,89.5412130355835,85.6540649654899,85.3631582156864,45.7364100864667,0.340787238762319,0.973403252548882
"2022-12-29",91.1399993896484,93.0800018310547,90.8300018310547,92.8399963378906,501500,86.6711654663086,86.7465084075927,83.5741119384766,89.4743908309937,85.8105419656159,85.4600476416584,54.602328844485,0.410126525352683,0.860747907109642
"2022-12-30",91.7600021362305,92.6100006103516,91.3399963378906,92.2900009155273,752800,86.15771484375,86.6830810546875,83.792600402832,89.3947870635986,85.8639531776365,85.5117266936652,52.6356263533234,0.411904305514876,0.770979186790689
"2023-01-03",93,94.120002746582,92.5,93.5699996948242,976200,87.3526763916016,86.6812549591064,84.0412886047363,89.3002737426758,86.0929875182465,85.6480933379568,56.5574059341454,0.519444348322229,0.720672219096997
"2023-01-04",94.6699981689453,96.4800033569336,94.2200012207031,95.5400009155273,930500,89.1917572021484,86.7908401489258,84.2913652038574,89.2008200836182,86.5697213157699,85.9105869575265,61.7997885528315,0.767232982087829,0.729984371695164
"2023-01-05",94.8899993896484,95.9800033569336,94.1399993896484,95.3199996948242,829900,88.9863815307617,86.86236038208,84.5393727111816,89.1136089706421,86.9415151949994,86.138423592581,60.9157415282345,0.932326793228655,0.770452856001862
"2023-01-06",96.3600006103516,98.8199996948242,95.8899993896484,98.129997253418,819400,91.6096649169922,87.0724575042724,84.7985234069824,89.0311238861084,87.659692075306,86.5437007277225,67.3420082704508,1.28951193235254,0.874264671271997
"2023-01-09",99.1800003051758,100.480003356934,98.0599975585938,98.2300033569336,1133300,91.7030334472656,87.2283878326416,85.0589852905273,88.9612805938721,88.281744594069,86.9258735217628,67.5465386818953,1.5598014922068,1.01137203545896
"2023-01-10",98.0599975585938,99.25,97.7900009155273,98.9199981689453,776300,92.3471755981445,87.4433944702148,85.3134288024902,88.8903261947632,88.9071955177729,87.3274514533466,68.9894630992286,1.80898908434344,1.17089544523585
"2023-01-11",99.379997253418,100.180000305176,99.1699981689453,99.9300003051758,747500,93.2900695800781,87.6439323425293,85.5394779968262,88.8252262496948,89.5814838350506,87.7691268701415,71.0205937968471,2.06491397321362,1.34969915083141
"2023-01-12",100,100,97.870002746582,98.1500015258789,994900,91.6283416748047,87.7382213592529,85.7406311035156,88.7413298797607,89.8963850411667,88.0549946334499,63.1680914894078,2.09118223830687,1.4979957683265
"2023-01-13",97.0400009155273,98.5100021362305,96.8899993896484,98.2099990844727,1143900,91.6843643188477,87.8511814117431,85.9516139221191,88.6462225723267,90.1714587761945,88.3238368323683,63.315355444889,2.09187237566784,1.61677108979477
"2023-01-17",97.9599990844727,98.9499969482422,97.6999969482422,97.7799987792969,1069400,91.2829284667969,88.0873706817627,86.2109007263184,88.5541239929199,90.3424541132103,88.5430288052889,61.4203021647095,2.03226084786232,1.69986904140828
"2023-01-18",98.2099990844727,99.0899963378906,96.5500030517578,96.629997253418,1014000,90.2093353271484,88.3412967681884,86.4581663513184,88.4643181228638,90.32197429997,88.6664589180192,56.5458959404595,1.86712698595692,1.73332063031801
"2023-01-19",95.6800003051758,96.3099975585938,94.7099990844727,95.3399963378906,1225500,89.0050506591797,88.5765522003174,86.6348347473145,88.3798905944824,90.1193706629253,88.6915397877348,51.5990790567607,1.60988396256025,1.70863329676646
"2023-01-20",95.6900024414062,96.8899993896484,94.7900009155273,96.8499984741211,5530700,90.4147109985352,88.8790229797363,86.8387698364258,88.2904733276367,90.1648076376345,88.819182099646,56.4065432652658,1.51501680850756,1.66990999911468
"2023-01-23",96.8399963378906,98.8099975585938,96.2300033569336,98.5100021362305,1075500,91.9644241333008,89.1800945281982,87.0690664672852,88.2166018676758,90.4416717138909,89.0521629910278,60.9934649412219,1.56033124428778,1.6479942481493
"2023-01-24",98.2399978637695,98.5299987792969,96.8000030517578,98.1600036621094,1129200,91.6376724243164,89.5133739471435,87.3159913635254,88.1536821365357,90.6256718231871,89.2436822083084,59.5702174106267,1.54855736639474,1.62810687179839
"2023-01-25",97.2099990844727,98.9499969482422,96.629997253418,98.620002746582,763400,92.0671005249023,89.856921005249,87.4653260803223,88.0880303955078,90.8474300849895,89.4528243058339,60.862759258122,1.55904052217231,1.61429360187317
"2023-01-26",99.1600036621094,99.5,97.7699966430664,98.3099975585938,546800,91.7776947021484,90.1617259979248,87.5634730529785,88.025993270874,90.9905477183985,89.6250369277831,59.4825831186871,1.52358184434072,1.59615125036668
"2023-01-27",98.2699966430664,99.1500015258789,97.8499984741211,98.6900024414062,753600,92.1324615478516,90.5556861877441,87.7146704101562,87.9771297073364,91.1662267690836,89.8107720848252,60.6602827968303,1.5092339736019,1.57876779501372
"2023-01-30",97.8399963378906,98.9199981689453,97.2799987792969,97.3600006103516,583600,90.8908309936523,90.7666694641113,87.8178720092773,87.9216931152344,91.123858188248,89.8907764484421,54.6708874835476,1.37175557774072,1.53736535155912
"2023-01-31",97.4400024414062,98.879997253418,96.9800033569336,98.879997253418,650800,92.3098526000977,91.0742763519287,87.9898504638672,87.8676517868042,91.3063188669941,90.0699672744906,59.5825524136966,1.37265686878256,1.50442365500381
"2023-02-01",98.8300018310547,101.459999084473,98.5599975585938,101.110000610352,910000,94.3916778564453,91.4262264251709,88.1953118896484,87.8320450210571,91.7809894807559,90.3900939842651,65.490424468749,1.53876983105352,1.51129289021375
"2023-02-02",102.379997253418,104.360000610352,102.110000610352,102.980003356934,1352800,96.1374053955078,91.7735088348388,88.4312406921387,87.8085412597656,92.4512073137946,90.8158207554682,69.5145513186236,1.80077275602657,1.56918886337632
"2023-02-03",101.930000305176,102.419998168945,100.959999084473,101.540000915527,702100,94.793083190918,92.0638439178466,88.6510307312012,87.7663233566284,92.8114959102751,91.1104327877238,63.3849813859611,1.86703440045626,1.6287579707923
"2023-02-06",100.23999786377,100.73999786377,98.1999969482422,98.4599990844727,767700,91.9177322387695,92.0792472839355,88.8127577209473,87.70297996521,92.6739938069666,91.1702327470605,52.6843771483785,1.6493991674652,1.63288621012688
"2023-02-07",97.879997253418,99.0199966430664,96.9499969482422,98.75,864300,92.1884765625,92.1035194396972,88.9767495727539,87.6476020812988,92.5992988462794,91.2456582148708,53.4807344522292,1.48351237515429,1.60301144313237
"2023-02-08",97.9400024414062,98.25,96.6399993896484,96.9899978637695,660000,90.5454254150391,92.013431930542,89.0999125671387,87.5964575958252,92.2833183183963,91.193789118587,48.1809833721032,1.19474057426485,1.52135726935886
"2023-02-09",98.75,98.75,95.8399963378906,96.2399978637695,1049300,89.8452606201172,91.8411914825439,89.2352000427246,87.5312789154053,91.908232518661,91.0938981187003,46.0851673846942,0.893950546390698,1.39587592476523
"2023-02-10",95.75,96.1999969482422,95.5,95.9100036621094,730500,89.5371780395508,91.7366333007812,89.3617317199707,87.4773731613159,91.5434549064902,90.9785855202448,45.15442527166,0.620881697616316,1.24087707933545
"2023-02-13",95.9499969482422,97.7600021362305,95.6999969482422,97.75,688800,91.2549285888672,91.7151615142822,89.4636915588379,87.4343361663818,91.4990662422405,90.9990553771798,51.0861096852832,0.549468192816094,1.10259530203158
"2023-02-14",97.25,97.9599990844727,96.4000015258789,97.3099975585938,575100,90.8441467285156,91.6932224273681,89.5320492553711,87.3840469360352,91.3983093939752,90.9875806624639,49.7017654226428,0.451411861399964,0.972358613905254
"2023-02-15",96.4599990844727,98.379997253418,96.25,98.1800003051758,744300,91.6563262939453,91.765571975708,89.6173918151855,87.3419225692749,91.4380043016629,91.037117375907,52.4455972507957,0.440355469627329,0.865957985049669
"2023-02-16",96.8300018310547,98.0999984741211,96.3000030517578,97.1500015258789,566700,90.6947860717773,91.8500587463379,89.6912864685059,87.2855515289307,91.3236630355266,91.011759501527,49.0351426581775,0.342706849870722,0.76130775801388
"2023-02-17",96.5999984741211,97.3099975585938,95.7900009155273,97.0100021362305,1213200,90.5640869140625,91.8575275421142,89.7514486694336,87.2286181259155,91.206805170686,90.9785985691223,48.5727763501019,0.250835476862554,0.659213301783615
"2023-02-21",95.9000015258789,96.0100021362305,93.2200012207031,93.9599990844727,1618200,87.7167434692383,91.6451435089111,89.7576290893555,87.1464585876465,90.6698726012325,90.7369796728346,39.7738759587933,-0.0739577974096406,0.512579081944964
"2023-02-22",96.8899993896484,98.2200012207031,94.6100006103516,97.8000030517578,1619500,91.3016128540039,91.6283405303955,89.8119728088379,87.1070749282837,90.7670634093512,90.7788043529212,51.6494597866803,-0.0129335737055536,0.40747655081486
"2023-02-23",98.879997253418,100.949996948242,98.7300033569336,100.900001525879,1403800,94.1956176757812,91.7347663879394,89.9349443054199,87.0945642852783,91.2945332964943,91.031901636096,58.7251130818946,0.288505079733636,0.383682256598616
"2023-02-24",99.5699996948242,99.629997253418,97.6399993896484,98.3000030517578,1390800,91.7683868408203,91.734300994873,89.9847257995606,87.0851020050049,91.3674338417752,91.0864560957052,51.8691167011383,0.308473683260613,0.368640541931015
"2023-02-27",99.2600021362305,99.5500030517578,97.8899993896484,98.379997253418,955600,91.8430633544922,91.719831085205,90.0267358398438,87.0826706695557,91.4406076129624,91.1425010778376,52.0545772357928,0.327077413500265,0.360327916244865
"2023-02-28",97.7900009155273,98.7900009155273,97.7900009155273,98.129997253418,950500,91.6096649169922,91.755772781372,90.0704258728027,87.0940745162964,91.466616428967,91.1771058066639,51.388094683709,0.317525567127608,0.351767446421414
"2023-03-01",97.7699966430664,98.4899978637695,96.4499969482422,96.75,812400,90.3213653564453,91.6563484191894,90.1456703186035,87.0921057128906,91.2904239562714,91.1137176251662,47.7536347012136,0.193940424900796,0.32020204211729
"2023-03-02",96.1500015258789,98.3600006103516,96,98.1699981689453,1258000,91.6470184326172,91.519115447998,90.2759944152832,87.0881468963623,91.34528464494,91.1532213886811,51.5508177674511,0.210703750600216,0.298302383813875
"2023-03-03",98.8399963378906,99.3600006103516,98.379997253418,99.2600021362305,933300,92.6645965576172,91.3454750061035,90.4432875061035,87.0896863937378,91.5482557084288,91.2651751048986,54.2966622284128,0.310173736263386,0.300676654303778
"2023-03-06",99.8300018310547,100.459999084473,98.1699981689453,98.4000015258789,762800,91.8617401123047,91.1989078521728,90.5932164001465,87.0722550582886,91.5964840782558,91.3093651054472,51.8021146597973,0.314446357695153,0.303430594982053
"2023-03-07",98.5,99.1500015258789,97.9700012207031,98.2799987792969,922600,91.7497100830078,91.1905067443847,90.7093507385254,87.0695393371582,91.6200573097561,91.3419832519331,51.4469258128316,0.304431815385509,0.303630839062744
"2023-03-08",98.1500015258789,98.5800018310547,97.7099990844727,98.129997253418,907200,91.6096649169922,91.1615661621093,90.842102355957,87.06803855896,91.6184584801001,91.361811523419,50.9763829346276,0.280912727540827,0.299087216758361
"2023-03-09",98.0899963378906,99.129997253418,96.7099990844727,96.7799987792969,1268800,90.349365234375,91.1517631530761,90.9451664733887,87.0608290481567,91.4232133653732,91.2868155020083,46.8257449286556,0.149416827188875,0.269153138844463
"2023-03-10",96.9100036621094,96.9100036621094,94.4499969482422,95.0400009155273,725300,88.7249908447266,91.0957496643066,91.0060343933105,87.0422145080566,91.0081022083506,91.0970507125801,42.0710153137235,-0.0976414752548282,0.195794216024605
"2023-03-13",93.8600006103516,96.8000030517578,93.5199966430664,95.9300003051758,1210600,89.5558547973633,91.0966835021972,91.1120863342285,87.0388349151611,90.7846795297372,90.9828880521936,45.1395361216015,-0.217852528865325,0.113064867046619
"2023-03-14",96.9499969482422,97.1699981689453,95.4100036621094,97.0299987792969,808700,91.2773590087891,91.0978050231933,91.2042102050781,87.0422389221191,90.8604763726683,91.0047007156451,50.9383379598529,-0.158480102503178,0.0587558731366596
"2023-03-15",95.7699966430664,96.6500015258789,94.5,95.8899993896484,776000,90.2049407958984,91.0658447265625,91.2851547241211,87.0259171676636,90.7596247454729,90.9454592401083,47.5653828302604,-0.204336199067201,0.0061374586958875
"2023-03-16",95.3300018310547,97.7900009155273,95.0899963378906,97.3099975585938,868100,91.5407562255859,91.0600662231445,91.3689163208008,87.0023665618896,90.8797988193364,90.9895553131067,51.8429119028496,-0.120625376607852,-0.0192151083648605
"2023-03-17",97.8000030517578,97.8000030517578,95.5500030517578,96.0199966430664,1551500,90.3272323608398,91.0416885375976,91.3916258239746,86.9723835372925,90.7947885949523,90.9404943536795,48.0111090546105,-0.1602209881997,-0.0474162843318283
"2023-03-20",96.2900009155273,97.6900024414062,96.2900009155273,96.8199996948242,557000,91.0797958374023,91.0674739837646,91.4334941101074,86.9557847595215,90.8386358630216,90.9508129821034,50.4566698487063,-0.123338225798941,-0.0626006726252509
"2023-03-21",97.620002746582,98.120002746582,96.5800018310547,97.3600006103516,413100,91.5877914428711,91.2610263824463,91.433056640625,86.9258575057983,90.9538905676138,90.9979965717899,52.0948133690738,-0.0484692035404244,-0.0597743788082856
"2023-03-22",96.9000015258789,97.7699966430664,95.2699966430664,95.3000030517578,649100,89.6499252319336,91.1784420013427,91.3919944763184,86.8961815261841,90.7532805159707,90.8981394355042,45.8647267866199,-0.159364009465046,-0.0796923049396377
"2023-03-23",96.3499984741211,96.8399963378906,94.4599990844727,95.0899963378906,750000,89.4523620605469,90.941279220581,91.3340982055664,86.8664297103882,90.5531392151363,90.791044815137,45.2703250214547,-0.262036416130229,-0.116161127177756
"2023-03-24",94.7900009155273,96.0899963378906,94.3300018310547,95.9199981689453,659800,90.2331695556641,90.8645183563232,91.2729602050781,86.8352011871338,90.503913113679,90.7497207218427,48.1313952191003,-0.270863211708561,-0.147101544083917
"2023-03-27",96.4400024414062,97.0599975585938,96.0199966430664,96.4000015258789,999500,90.684700012207,90.806600189209,91.2540873718262,86.8163990020752,90.5317264826833,90.7449043729808,49.7667963011462,-0.234919956961233,-0.16466522665938
"2023-03-28",96.4400024414062,96.9199981689453,96.2300033569336,96.7399978637695,603900,91.0045547485352,90.7763446807861,91.2404911804199,86.8068567657471,90.6044692928144,90.764137734133,50.946678248896,-0.175915780510505,-0.166915337429605
"2023-03-29",97.9199981689453,98.5,97.4599990844727,98.4499969482422,617100,92.6131591796875,90.8909343719482,91.2670957946777,86.814249420166,90.9134985061795,90.9011022856556,56.4826207490367,0.0136370409293152,-0.130804861757821
"2023-03-30",99.2600021362305,99.3199996948242,98.5199966430664,98.8199996948242,549800,92.9612274169922,90.956644821167,91.3221336364746,86.8343262481689,91.2285337232276,91.0537041472361,57.5977166243517,0.19200709913878,-0.0662424695785008
"2023-03-31",99.4899978637695,101.290000915527,99.3899993896484,100.919998168945,912300,94.9367218017578,91.070251083374,91.4407670593262,86.8679740905762,91.7990241968476,91.341335084608,63.3394673748258,0.501075566517195,0.0472211376406384
"2023-04-03",100.879997253418,101.410003662109,100.25,100.720001220703,992400,94.7485885620117,91.2145935058593,91.5274446105957,86.8994957351685,92.2528033299498,91.5937242310824,62.471878301679,0.719567966473988,0.181690503407308
"2023-04-04",100.48999786377,100.860000610352,99.5999984741211,100.080001831055,646100,94.1465225219727,91.3344341278076,91.5710865783691,86.9439500045776,92.5441447441072,91.782820400778,59.655732539865,0.829484581106565,0.31124931894716
"2023-04-05",99.75,99.8499984741211,97.870002746582,98.1999969482422,642400,92.3779907226562,91.3728504180908,91.5858929443359,86.9763913345337,92.5185825869609,91.8269070912875,52.2104463339681,0.753238367253073,0.399647128608342
"2023-04-06",97.9700012207031,98.4599990844727,97.4599990844727,98.0500030517578,562300,92.2368850708008,91.4672264099121,91.5892886352539,86.998111000061,92.4752445075516,91.8572758305107,51.6564965694064,0.672748752293906,0.454267453345455
"2023-04-10",97.5299987792969,98.2699966430664,97.1500015258789,98.2600021362305,671800,92.4344253540039,91.6526981353759,91.602423248291,87.0170049285889,92.468964637775,91.9000276470657,52.4176199857406,0.619082502231949,0.487230463122754
"2023-04-11",98.8199996948242,99.3199996948242,98.3099975585938,98.5899963378906,744900,92.7448654174805,91.8121486663818,91.6146713256836,87.0264242553711,92.5114109115759,91.962608222652,53.6525700434622,0.596767207379711,0.509137811974145
"2023-04-12",99.5699996948242,99.8300018310547,98.0199966430664,98.2799987792969,785200,92.4532470703125,91.870943069458,91.6459196472168,87.0286423873901,92.5024626283046,91.9989518409972,52.2799197420438,0.547300569442988,0.516770363467914
"2023-04-13",98.9100036621094,99.6900024414062,98.7600021362305,99.4499969482422,898000,93.5538787841797,92.038389968872,91.6708001708984,87.0362717819214,92.6642189599777,92.1141316145663,56.7748011808458,0.597180189151758,0.532852328604683
"2023-04-14",99.3499984741211,100.629997253418,98.4800033569336,98.8600006103516,656800,92.9988632202148,92.1112953186035,91.6429438781738,87.0501773834228,92.7157026923219,92.1796672890588,54.0119665668018,0.581511540481205,0.542584170979987
"2023-04-17",99.1900024414062,99.5899963378906,98.4100036621094,99.5299987792969,928000,93.6291351318359,92.2763904571533,91.5927784729004,87.0633289337158,92.8562307599394,92.2870352774127,56.5950924792667,0.616766462175056,0.557420629219001
"2023-04-18",100.080001831055,100.370002746582,98.870002746582,99.4400024414062,825600,93.5444869995117,92.3996250152587,91.5678065490723,87.0796409225464,92.9621163352582,92.38017984942,56.1390139489846,0.62993651537242,0.571923806449685
"2023-04-19",98.9700012207031,99.0500030517578,98.0100021362305,98.1500015258789,648400,92.3309555053711,92.4367832183838,91.5760710144043,87.0887825393677,92.8650146691217,92.3765336017127,49.927225687374,0.528793459078214,0.563297736975391
"2023-04-20",97.6999969482422,98.379997253418,97.6699981689453,98.1900024414062,740700,92.3685989379883,92.5727169036865,91.5796734619141,87.0914044570923,92.7886430181781,92.3759458488442,50.1116312500102,0.446758261083713,0.539989841797055
"2023-04-21",98.5800018310547,98.6999969482422,97.4599990844727,97.7300033569336,891700,91.9358520507812,92.6968914031982,91.6074819946289,87.0888302230835,92.6574444078094,92.3433463082469,47.9265001611968,0.340141560945773,0.500020185626799
"2023-04-24",97.9300003051758,98.1100006103516,97.0299987792969,97.6999969482422,514300,91.9076461791992,92.780615234375,91.6487297058106,87.070447769165,92.542090834177,92.3110722246138,47.7802562863092,0.250260996861962,0.450068347873831
"2023-04-25",97.1399993896484,97.6900024414062,95.9599990844727,96.0800018310547,582800,90.383674621582,92.7655639648437,91.6656596374512,87.0492237091064,92.2100268014701,92.1683020317966,40.5759426872071,0.0452701945828693,0.369108717215639
"2023-04-26",95.8899993896484,96.0999984741211,94.8899993896484,95.1999969482422,606900,89.5558547973633,92.6931289672851,91.6316781616211,87.0347954940796,91.8016926469921,91.9747874218386,37.287077138712,-0.188198070034717,0.257647359765568
"2023-04-27",95.7600021362305,97.129997253418,95.4000015258789,96.9400024414062,748700,91.1927032470703,92.6221061706543,91.6386492919922,87.0232678222656,91.7080019700811,91.9168552607446,46.5179519889067,-0.227219795619726,0.160673928688509
"2023-04-28",96.8199996948242,98.2300033569336,96.7900009155273,98.1699981689453,585700,92.3497695922852,92.5915332794189,91.652518157959,87.0246469116211,91.8067354504202,91.9489229890069,51.9068896483411,-0.15463752479592,0.0976116379916231
"2023-05-01",98,99.120002746582,98,98.3199996948242,915200,92.4908828735352,92.4692413330078,91.6884400939941,87.0370232772827,91.9119889001302,91.9890681656386,52.5350385070283,-0.0837917668321753,0.0613309570268634
"2023-05-02",97.9300003051758,98.0800018310547,95.7900009155273,97.1699981689453,1028400,91.4090576171875,92.3022647857666,91.7053395080566,87.0350772476196,91.8346148566005,91.9461044213089,47.4214216126874,-0.12125534345373,0.0248136969307448
"2023-05-03",96.0400009155273,100.709999084473,96.0400009155273,100.080001831055,1532300,94.1465225219727,92.3022647857666,91.8339350891113,87.0474157333374,92.1902929589655,92.1090983546914,58.4441163858596,0.0881504712611614,0.0374810517968281
"2023-05-04",100.23999786377,102.5,99.5599975585938,101.580001831055,1001800,95.5576095581055,92.461245727539,91.9190550231934,87.0508667755127,92.7083416665255,92.3645436290184,62.7761351585592,0.372218628490106,0.104428567135484
"2023-05-05",102.559997558594,104.23999786377,102.330001831055,103.779998779297,888500,97.6271743774414,92.7307601928711,91.9876861572266,87.0509739303589,93.4650851605126,92.7543681289016,68.0386448459175,0.766235645768476,0.236789982862082
"2023-05-08",103.949996948242,104,103.080001831055,103.559997558594,512400,97.4202117919922,92.9800495147705,92.10072265625,87.0423735046387,94.0735661807402,93.0999861780194,67.0182644321246,1.04573592616779,0.398579171523224
"2023-05-09",102.949996948242,104.519996643066,102.849998474121,103.959999084473,594400,97.796501159668,93.2326313018798,92.2197914123535,87.0491624069214,94.6463254082676,93.44787617666,67.9591257335206,1.28247883273653,0.575359103765886
"2023-05-10",105,105,102.419998168945,103.830001831055,673100,97.6741943359375,93.4936786651611,92.3410820007324,87.0593370056152,95.1121513971399,93.760936781051,67.2872356809391,1.44112747000835,0.748512777014379
"2023-05-11",103.879997253418,103.879997253418,102.23999786377,103.559997558594,688600,97.4202117919922,93.6869953155517,92.4830589294434,87.0755009460449,95.4672376117325,94.0319941892688,65.8316983389272,1.52633519563015,0.904077260737532
"2023-05-12",103.980003356934,104.400001525879,103.040000915527,103.769996643066,440700,97.6177520751953,93.9179397583007,92.6024736022949,87.1337275314331,95.7980859907268,94.2976058845226,66.4397663093472,1.59121760529282,1.04150532964859
"2023-05-15",103.779998779297,104.599998474121,103.599998474121,103.819999694824,582800,97.6647872924805,94.119722366333,92.7024774169922,87.171605758667,96.0852708063812,94.5470267295565,66.5922167068047,1.62696187287272,1.15859663829342
"2023-05-16",103.01000213623,103.430000305176,102.129997253418,102.680000305176,674100,96.5923843383789,94.2721172332763,92.7970903015137,87.2060517120361,96.1632882728424,94.6985347005804,59.9099739933296,1.54675420997088,1.23622815262891
"2023-05-17",103.110000610352,103.230003356934,102.339996337891,102.949996948242,620800,96.8463745117188,94.4978881835937,92.8990235900879,87.2387813186646,96.2683784634388,94.8576339458499,60.9104418316041,1.48722296657133,1.28642711541739
"2023-05-18",103,104.400001525879,102.709999084473,104.26000213623,563800,98.0787200927734,94.783394241333,93.0284046936035,87.2858967208862,96.5468925602595,95.0962329196961,65.4196148641113,1.52546488543703,1.33423466942132
"2023-05-19",104.300003051758,104.830001831055,103.76000213623,104,505000,97.8341217041016,95.078307723999,93.178099822998,87.3256325149536,96.7449278131583,95.2990394963187,63.8453734477033,1.51721184650071,1.3708301048372
"2023-05-22",103.900001525879,105.650001525879,103.900001525879,104.819999694824,599200,98.6054992675781,95.4132003784179,93.3757099914551,87.3692711639404,97.0311695753767,95.543962442338,66.5769159727694,1.55656840581246,1.40797776503225
"2023-05-23",104.029998779297,105.459999084473,103.790000915527,104.050003051758,736700,97.8811569213867,95.7880744934082,93.5422160339355,87.4102529144287,97.1619368593782,95.7170879593045,61.8513399439029,1.50949943304586,1.42828209863497
"2023-05-24",103.440002441406,103.650001525879,102.540000915527,102.709999084473,730000,96.62060546875,96.1413120269775,93.6490809631348,87.4405670928955,97.0786551069739,95.7840151822264,54.5895751116766,1.35162419562853,1.41295051803368
"2023-05-25",103.199996948242,104.059997558594,103,103.639999389648,507900,97.4954681396484,96.4564502716064,93.7948915100098,87.4910147857666,97.1427801889238,95.9107894753688,58.2529615405539,1.28451733146397,1.38726388071974
"2023-05-26",103.930000305176,104.639999389648,103.639999389648,103.830001831055,689600,97.6741943359375,96.722671508789,93.9175602722168,87.5276536560059,97.2245362115413,96.0414120576331,58.9809850492603,1.23188958654441,1.35618902188468
"2023-05-30",104.440002441406,105.669998168945,104.309997558594,105.5,924800,99.2452011108398,97.0603874206543,94.0959196472168,87.5705395507812,97.5354077345103,96.2787297652781,64.7929604579823,1.30524984313354,1.34600118613445
"2023-05-31",105.139999389648,106.059997558594,103.019996643066,103.150001525879,1969000,97.0345230102539,97.3416606903076,94.2150141906738,87.5959397506714,97.4583485461632,96.3347144500911,53.3398713501577,1.16638545355756,1.31007803961907
"2023-06-01",103.190002441406,104.069999694824,102.360000610352,103.870002746582,784800,97.7118301391602,97.519926071167,94.3374949645996,87.6272074508667,97.4973457143166,96.4367230196518,55.9112577720761,1.0998120440578,1.26802484050682
"2023-06-02",105.220001220703,107.269996643066,105.019996643066,106.470001220703,906600,100.157676696777,97.7499294281005,94.5476499938965,87.6704287719727,97.9066274039259,96.7123492179573,63.6924567654689,1.23487661671522,1.2613951957485
"2023-06-05",106.199996948242,106.449996948242,105,105.529998779297,539800,99.2734298706055,97.8322422027587,94.7440713500977,87.7134558105469,98.116904706492,96.9020588959313,59.5972660193032,1.25368420898608,1.25985299839601
"2023-06-06",105.970001220703,106.470001220703,105.339996337891,105.430000305176,548100,99.1793365478516,97.9201984405517,94.9229946899414,87.7540826797485,98.2803557590088,97.0707461294069,59.1613586090527,1.24611139589823,1.25710467789646
"2023-06-07",105.180000305176,106.319999694824,104.76000213623,105.940002441406,680000,99.6591186523438,98.0133293151855,95.1024830627441,87.8061136627197,98.4924731272142,97.2624774274022,60.7382699290162,1.26461481585238,1.25860670548764
"2023-06-08",105.680000305176,105.769996643066,104.860000610352,105.639999389648,651000,99.3768997192383,98.0984645843505,95.2699299621582,87.8697359848022,98.6285387567564,97.4191013008715,59.2880628205074,1.24147876518548,1.25518111742721
"2023-06-09",105.839996337891,105.980003356934,104.680000305176,105.339996337891,393900,99.0946884155273,98.1821884155273,95.399560546875,87.9341067504883,98.700254088875,97.5432188649201,57.8018456952892,1.1861769966369,1.24138029326915
"2023-06-12",105.110000610352,106.559997558594,104.839996337891,106.360000610352,704600,100.054206848145,98.3040111541748,95.5414201354981,88.0029534912109,98.908554513378,97.7292179747886,61.3494433138432,1.20673894975163,1.23445202456564
"2023-06-13",106.419998168945,107.650001525879,105.900001525879,107.569999694824,647900,101.192481994629,98.4803958892822,95.6665353393555,88.0717943954468,99.259927972032,97.9857560503323,65.0980447783825,1.30036443362769,1.24763450637805
"2023-06-14",107.73999786377,108.069999694824,105.680000305176,106.550003051758,685800,100.232940673828,98.6624237060547,95.7762223815918,88.1527912902832,99.4096222338468,98.1522141705913,59.8301764380396,1.28107967189626,1.25432353948169
"2023-06-15",105.860000610352,106.970001220703,105.610000610352,106.150001525879,797100,99.8566665649414,98.8129383087158,95.8904252624512,88.235950012207,99.4783982847844,98.2784699035061,57.8531198972407,1.22094735750005,1.24764830308536
"2023-06-16",106.279998779297,106.569999694824,105.589996337891,106,1381400,100.406051635742,98.9293048858642,96.0509864807129,88.326771812439,99.6211141849318,98.4360685503384,59.9348425171492,1.20387338914023,1.23889332029634
"2023-06-20",105.180000305176,105.769996643066,104.599998474121,105.419998168945,565200,99.8566513061523,99.0304313659668,96.2033818054199,88.4194869613647,99.6573506651195,98.5412969026209,56.9077506924966,1.13257466420551,1.21762958907817
"2023-06-21",104.779998779297,105.190002441406,104.019996643066,104.589996337891,744500,99.070442199707,99.0536785125732,96.336102142334,88.5040901565552,99.5670570550561,98.5804928505532,52.7981575166248,1.00077020917158,1.17425771309685
"2023-06-22",104.589996337891,104.599998474121,103.160003662109,103.400001525879,511100,97.9432525634766,99.0567832946777,96.4400698852539,88.5871464920044,99.3172409794284,98.5332898663253,47.5017584666863,0.795620560489452,1.09853028257537
"2023-06-23",102.23999786377,102.660003662109,100.940002441406,101.559997558594,1103600,96.2003707885742,99.0357715606689,96.5150123596192,88.6647964477539,98.8377224885278,98.3604810457511,40.7028073203602,0.485196328548509,0.97586349177
"2023-06-26",101.569999694824,102.699996948242,101.569999694824,102.480003356934,540000,97.0718078613281,99.0145885467529,96.5853709411621,88.7332957839966,98.5660433151125,98.2650237728309,44.9458289707853,0.306334370790395,0.841957667574079
"2023-06-27",102.370002746582,103.660003662109,102.230003356934,103.5,492100,98.0379867553711,99.0327781677246,96.6861534118652,88.8103475570679,98.484803844383,98.248206215982,49.2792692389928,0.240816232187346,0.721729380496733
"2023-06-28",103.059997558594,103.459999084473,102,102.379997253418,619800,96.9770812988281,98.919372177124,96.7531123352051,88.8778678512573,98.2528465296823,98.1540488147114,45.0830365082399,0.100655771375635,0.597514658672513
"2023-06-29",102,103.940002441406,101.730003356934,103.599998474121,767900,98.1327056884766,98.9742813110351,96.8448767089844,88.941517791748,98.2343633233429,98.1524678423977,50.07047384099,0.0834370064711099,0.494699128232233
"2023-06-30",103.76000213623,104.669998168945,103.550003051758,104.290000915527,910300,98.7862930297852,99.0280044555664,96.9739834594727,89.0274569320679,98.3192755858725,98.1994178562783,52.6875593023056,0.122055438016622,0.42017039018911
"2023-07-03",104.300003051758,104.379997253418,103.629997253418,103.75,431400,98.2747802734375,98.9338596343994,97.0921070861817,89.1095413208008,98.3124301531902,98.2050002575493,50.4584474357892,0.10939350884287,0.358015013919862
"2023-07-05",103.180000305176,105.349998474121,102.650001525879,105.25,1217100,99.6956253051758,98.9549694061279,97.2473025512696,89.2052155685425,98.5252294073418,98.3154169277439,56.0240699109666,0.213407506324415,0.329093512400773
"2023-07-06",104.230003356934,107.669998168945,104.01000213623,107.410003662109,1320100,101.741630554199,99.0830841064453,97.4439822387696,89.3167716598511,99.0200603530122,98.5692105297035,62.5486980580436,0.457394170944281,0.354753644109474
"2023-07-07",107.400001525879,107.889999389648,104.680000305176,105.029998779297,1345500,99.4872283935547,99.0744895935059,97.626053314209,89.4095972824097,99.0919323592495,98.6372118529517,53.1851498497237,0.461003000546745,0.376003515396929
"2023-07-10",105.459999084473,107.279998779297,105.209999084473,106.089996337891,985100,100.491287231445,99.1302089691162,97.8447619628906,89.5161524963379,99.3072177242026,98.7745507698772,56.3213504493254,0.539275501810654,0.408657912679674
"2023-07-11",106.5,107.190002441406,105.849998474121,107.110000610352,990400,101.457473754883,99.248348236084,98.0500573730469,89.6324954986572,99.6380263443073,98.9732858058035,59.1568276443074,0.671636323975444,0.461253594938828
"2023-07-12",108.029998779297,108.230003356934,106.48999786377,106.680000305176,854700,101.050170898438,99.2981464385986,98.22406539917,89.7535192108154,99.8552793526351,99.1271291459987,57.4633136640026,0.734561984100246,0.515915272771111
"2023-07-13",106.830001831055,107.809997558594,106.76000213623,107.580001831055,709200,101.902671813965,99.3336559295654,98.4123011779785,89.8795929336548,100.170262808224,99.3327248991814,60.0417279054971,0.843164133363961,0.581365044889681
"2023-07-14",107.330001831055,107.330001831055,105.080001831055,106.690002441406,614000,101.059638977051,99.3749908447266,98.6053128051758,90.0034898376465,100.307089911121,99.460644460505,56.4008272355102,0.851035558041091,0.635299147519963
"2023-07-17",106.230003356934,106.849998474121,105.819999694824,106.400001525879,492900,100.784950256348,99.4214050292969,98.7380813598633,90.1290245056152,100.38060688731,99.558741186123,55.2257185321924,0.82550832944952,0.673340983905875
"2023-07-18",106.639999389648,107.919998168945,106.300003051758,107.449996948242,743800,101.779525756836,99.4900787353516,98.8625196838379,90.2492476654053,100.595825174929,99.7232437469166,58.5899075064911,0.875003053678158,0.713673397860331
"2023-07-19",107.279998779297,107.709999084473,106.449996948242,107.680000305176,662900,101.997383117676,99.5971153259278,98.9499238586426,90.3804275894165,100.811449473813,99.891698515121,59.3110929414171,0.920748142602612,0.755088346808788
"2023-07-20",107.139999389648,107.839996337891,106.190002441406,106.620002746582,988000,100.99333190918,99.6932598114014,99.0213862609864,90.5133507919311,100.839431386947,99.973300988755,54.5922047342687,0.866361708201424,0.777343019087315
"2023-07-21",107.220001220703,107.519996643066,105.879997253418,105.970001220703,1006900,100.377639770508,99.814979171753,99.0730090332032,90.6336524581909,100.768386522879,100.003252009626,51.8670704390854,0.765109631814576,0.774896341632767
"2023-07-24",105.769996643066,106.870002746582,105.650001525879,105.870002746582,572700,100.282897949219,100.019105529785,99.1251831054688,90.7482454681396,100.693695973085,100.02396652367,51.441536686634,0.669568977008272,0.753830868707868
"2023-07-25",105.76000213623,106.660003662109,105.699996948242,106.48999786377,605300,100.870178222656,100.209024047852,99.1941824340821,90.8673964309692,100.720847088404,100.086648871743,53.9629175625545,0.633649166807326,0.72979452832776
"2023-07-26",106.339996337891,106.540000915527,105.209999084473,105.620002746582,753700,100.046104431152,100.309429931641,99.2427494812012,90.9855771255493,100.61704052575,100.083645579847,50.0367570819887,0.53294915748956,0.69042545416012
"2023-07-27",106.26000213623,106.26000213623,105.099998474121,105.180000305176,728700,99.6293182373047,100.442041778564,99.2820401000977,91.114506149292,100.465083250604,100.049991702622,48.1294719324518,0.414884140336969,0.63531719139549
"2023-07-28",105.910003662109,105.940002441406,104.650001525879,104.690002441406,1017400,99.1651916503906,100.49366607666,99.3334962463379,91.2416704559326,100.265099927495,99.984450958012,46.0255331164879,0.280692614495037,0.564392276015399
"2023-07-31",105,105.940002441406,104.440002441406,105.889999389648,980500,100.301849365234,100.569443893433,99.4026057434082,91.3795212554932,100.270753687147,100.00796195114,51.6050891536761,0.262770814323376,0.504067983676995
"2023-08-01",105.459999084473,106.540000915527,105.269996643066,106.349998474121,1434600,100.737571716309,100.692583465576,99.4557827758789,91.5196897125244,100.342571845479,100.06200711893,53.5858257615976,0.280390864252866,0.459332559792169
"2023-08-02",105.529998779297,108.480003356934,103.849998474121,107.730003356934,1625700,102.044761657715,100.810040283203,99.5399955749512,91.6573140716553,100.604447201208,100.208877825507,59.0065249978679,0.394744841260697,0.446415016085875
"2023-08-03",106.970001220703,108.559997558594,106.279998779297,106.319999694824,1181300,100.70915222168,100.758416366577,99.5820686340332,91.7928467559814,100.620555665896,100.245935188186,52.2872015596755,0.373701414433047,0.431872295755309
"2023-08-04",106.180000305176,107.620002746582,105.680000305176,106.129997253418,636400,100.529182434082,100.810514068604,99.6350291442871,91.9166394424439,100.606498245617,100.26691646566,51.4372232710475,0.338677793161568,0.413233395236561
"2023-08-07",106.699996948242,106.809997558594,105.910003662109,106.120002746582,595300,100.519721984863,100.811935806274,99.7130114746094,92.0351036453247,100.593148051655,100.285642800416,51.3899313115387,0.306629386472701,0.391912593483789
"2023-08-08",106.01000213623,106.389999389648,104.519996643066,104.919998168945,760500,99.3830337524414,100.708213806152,99.7507627868653,92.155852355957,100.406976621007,100.218782870936,45.9262532901157,0.187782913221812,0.351086657431394
"2023-08-09",104.76000213623,105.139999389648,103.639999389648,104.480003356934,545300,98.9662628173828,100.6040184021,99.7766041564942,92.276092338562,100.185328343526,100.12600360771,44.0759231552979,0.059250078579498,0.292719341661015
"2023-08-10",104.860000610352,105.309997558594,103.26000213623,103.790000915527,537700,98.3126754760742,100.424518585205,99.7579536437989,92.3842160797119,99.8972279023795,99.9916830053665,41.2679558082346,-0.0944629594662239,0.215282881435567
"2023-08-11",103.379997253418,103.779998779297,102.949996948242,103.51000213623,479800,98.0474472045898,100.273908996582,99.7782121276856,92.4915232849121,99.6126462565657,99.8476655386423,40.1501191678795,-0.235377843646833,0.125150736419087
"2023-08-14",103.120002746582,104.230003356934,103.120002746582,104.019996643066,529000,98.5305328369141,100.16118812561,99.7945861816407,92.5909152984619,99.446167268927,99.7501001533291,43.1696185467301,-0.304694315028142,0.039181726129641
"2023-08-15",103.400001525879,103.540000915527,102.370002746582,102.980003356934,529500,97.5454254150391,99.9494831085205,99.7423411560059,92.685242729187,99.153745445252,99.5867909134558,38.8637522802803,-0.43484227600038,-0.0556230742963632
"2023-08-16",102.860000610352,103.629997253418,102.300003051758,102.319999694824,416900,96.9202499389648,99.6956264495849,99.6952775573731,92.7717189788818,98.810130751977,99.3892693597898,36.3835322449332,-0.582697318878844,-0.161037923212859
"2023-08-17",102.5,103.23999786377,101.430000305176,101.790000915527,541700,96.4182205200195,99.4668708801269,99.6400552368164,92.8438720321655,98.4421445624451,99.1691916679549,34.4805630890046,-0.733138077745155,-0.275457954119318
"2023-08-18",101.01000213623,101.900001525879,100.709999084473,101.550003051758,547200,96.1908950805664,99.2575336456298,99.5706907653809,92.9169730758667,98.0957984883099,98.9485771059262,33.6229984110206,-0.86184020281902,-0.392734403859259
"2023-08-21",101.620002746582,102.110000610352,101.290000915527,101.699996948242,452200,96.3329849243164,99.0600379943847,99.5098124694825,92.9929618835449,97.8245964015417,98.754829536918,34.7159459873158,-0.941962170091759,-0.502579957105759
"2023-08-22",101.900001525879,103.139999389648,101.599998474121,102.690002441406,541900,97.2707214355469,98.8800651550292,99.4733331298828,93.0877225494385,97.7393848683117,98.6448956034831,41.5555005275381,-0.917949914825045,-0.585653948649616
"2023-08-23",103.029998779297,104.319999694824,102.870002746582,103.360000610352,711500,97.9053573608398,98.7730278015136,99.4303561401367,93.1880190658569,97.7649190979314,98.590114992917,45.7015691981449,-0.836996584337935,-0.63592247578728
"2023-08-24",103.300003051758,104.040000915527,102.309997558594,102.319999694824,468400,96.9202499389648,98.6375743865966,99.3449114990235,93.2717621612549,97.6349699965519,98.4664212852168,40.8565234916935,-0.844400840217907,-0.677618148673405
"2023-08-25",102.580001831055,103.830001831055,102.190002441406,103.349998474121,455400,97.8959045410156,98.5741100311279,99.2981707763672,93.3601519012451,97.6751137726233,98.4241607856464,46.8647548113963,-0.761039776254124,-0.694302474189549
"2023-08-28",103.629997253418,105.069999694824,103.629997253418,104.680000305176,493300,99.1557083129883,98.5168029785156,99.2841516113281,93.4536824798584,97.902897548064,98.4783494913754,53.4417554380565,-0.584343610837768,-0.672310701519193
"2023-08-29",104.610000610352,105.660003662109,104.360000610352,105.5,592800,99.9324340820312,98.4765460968017,99.2746792602539,93.556887512207,98.2151339379051,98.5860594610536,56.9775710807254,-0.376245409519582,-0.613097643119271
"2023-08-30",105.339996337891,106.959999084473,105.23999786377,105.849998474121,581100,100.263961791992,98.3875061035155,99.2828254699707,93.6352054977417,98.5303382231493,98.7103485226046,58.4287562684034,-0.182362135429093,-0.526950541581235
"2023-08-31",106,106.959999084473,105.849998474121,106.019996643066,1026700,100.424995422363,98.3732982635497,99.3099165344238,93.7029787445068,98.8218239461052,98.8373594040682,59.1495421528967,-0.0157182041857551,-0.424704074102139
"2023-09-01",106.809997558594,106.809997558594,105.150001525879,106.040000915527,754500,100.443939208984,98.3690361022948,99.359930267334,93.7823354721069,99.0713801403943,98.9563653155434,59.2390770126054,0.116227818679593,-0.316517695545793
"2023-09-05",105.709999084473,105.910003662109,104.519996643066,104.919998168945,651700,99.3830337524414,98.3122016906737,99.4235835266114,93.8505968856812,99.11932684994,98.9879703849433,52.3226818505012,0.132699422450933,-0.226674271946448
"2023-09-06",104.660003662109,105.150001525879,103.360000610352,103.660003662109,858200,98.1895370483398,98.2525268554686,99.4459381103516,93.9229899215698,98.9762822650784,98.9288271748245,45.8388145620625,0.0479689202926403,-0.17174563349863
"2023-09-07",102.930000305176,103.300003051758,101.809997558594,102.730003356934,914800,97.3086242675781,98.1696449279784,99.4313508605957,93.9889400100708,98.7197194962322,98.8088121446581,41.7285154624061,-0.0901667032444875,-0.155429847447802
"2023-09-08",102.959999084473,103.5,102.569999694824,102.769996643066,637900,97.3465042114258,98.121336364746,99.4387393188477,94.0539677047729,98.508455606262,98.7004930384927,41.9694824734539,-0.194565828719662,-0.163257043702174
"2023-09-11",102.970001220703,105.589996337891,102.800003051758,105.559997558594,958800,99.9892730712891,98.2184276580809,99.4758706665039,94.1348961639404,98.7362736778046,98.7959582261073,55.7254272788062,-0.0604119332149766,-0.142688021604734
"2023-09-12",105.069999694824,105.809997558594,104.650001525879,105.629997253418,573600,100.055564880371,98.2946792602538,99.5012561035156,94.216017074585,98.9392415551225,98.8892624227194,56.0071368368064,0.0505405047814822,-0.104042316327491
"2023-09-13",105.769996643066,106.629997253418,105.23999786377,106.480003356934,821600,100.860717773438,98.4604438781737,99.5529748535157,94.3003762435913,99.2348532810172,99.0352961524023,59.3871173040408,0.201501016675776,-0.0429336497268376
"2023-09-14",106.440002441406,106.819999694824,105.690002441406,106.569999694824,611800,101.642807006836,98.6965717315673,99.5919184875489,94.3866539001465,99.605307700374,99.2284451045825,62.4083616419131,0.379792906554366,0.0416116615294031
"2023-09-15",106.139999389648,106.860000610352,105.800003051758,106.120002746582,1226500,101.213623046875,98.9363418579101,99.5813583374024,94.4773175811768,99.8527408306049,99.3754953225301,59.7802047377909,0.480244658429929,0.129338260909508
"2023-09-18",106.379997253418,107.5,106.120002746582,107.050003051758,795600,102.100608825684,99.2318275451659,99.633625946045,94.5717676544189,100.198566676002,99.577355582023,63.2268544400144,0.623847751677786,0.228240159063164
"2023-09-19",106.76000213623,107.279998779297,105.449996948242,106.430000305176,630800,101.50927734375,99.4906421661376,99.653985748291,94.6485293579101,100.40021447104,99.7204608977065,59.5622475337624,0.681659076997909,0.318923942650113
"2023-09-20",106.690002441406,108,106.620002746582,106.779998779297,539000,101.84309387207,99.7192607879638,99.6616981506348,94.7206135177612,100.622195917352,99.8776929698816,60.9386167686415,0.745414641981301,0.404222082516351
"2023-09-21",106.599998474121,106.599998474121,105.040000915527,105.040000915527,814000,100.183540344238,99.8331699371337,99.6443655395508,94.7845852279663,100.554710444565,99.900348330945,51.5455531525958,0.655014846847801,0.454380635382641
"2023-09-22",105.279998779297,106.629997253418,105.089996337891,105.309997558594,423800,100.441062927246,100.009210586548,99.6151333618164,94.8517902755737,100.537226211132,99.9404012640044,52.7623325684006,0.597180859371083,0.482940680180329
"2023-09-25",105.050003051758,105.639999389648,104.849998474121,105.400001525879,617000,100.526901245117,100.140760421753,99.6044786071778,94.9166448974609,100.535637754822,99.9838457070497,53.1843398338659,0.551881200277804,0.496728784199824
"2023-09-26",104.959999084473,104.970001220703,103.180000305176,103.230003356934,665000,98.4572296142578,100.105836486816,99.557924194336,94.9718924331665,100.215882656273,99.8707630335096,43.1700722619443,0.345566222066451,0.46649627177315
"2023-09-27",103.849998474121,103.900001525879,102.650001525879,103.230003356934,525100,98.4572296142578,100.032076263428,99.4914782714844,95.0212564468384,99.9453206498095,99.7660568543057,43.1700722619443,0.179684154266568,0.409133848271833
"2023-09-28",103.25,105.379997253418,103.180000305176,105.150001525879,626500,100.288459777832,100.03330116272,99.4572998046875,95.0824635314941,99.9981112848899,99.8047533671595,52.3725291496565,0.193736181100546,0.366054314837576
"2023-09-29",106.319999694824,106.400001525879,104.800003051758,105.199996948242,616700,100.336143493652,100.028858566284,99.444156036377,95.1377476882935,100.050116240084,99.8441155987516,52.5878214213466,0.206322265560788,0.334107904982218
"2023-10-02",104.650001525879,105.089996337891,103.230003356934,103.51000213623,842800,98.7242813110352,99.9428756713866,99.4110888671875,95.182656288147,99.846141635615,99.7611649107726,45.1569753715809,0.0851801649654149,0.284322356978858
"2023-10-03",103.209999084473,104.01000213623,103.080001831055,103.51000213623,458900,98.7242813110352,99.9099380493163,99.3799165344238,95.2291518783569,99.6735477395258,99.6843587181994,45.1569753715809,-0.0108452106354906,0.225288843455988
"2023-10-04",103.720001220703,104.440002441406,102.870002746582,104.099998474121,678600,99.2870101928711,99.9648117065429,99.3482531738281,95.2927912139893,99.6140804246559,99.654925494101,48.1248989011196,-0.040986503419338,0.172033774080923
"2023-10-05",103.980003356934,104.870002746582,103.349998474121,104.589996337891,593000,99.7543411254883,100.087097549438,99.3424179077149,95.3659088516235,99.6356589940147,99.6622896149445,50.5197220348806,-0.0267208600492119,0.132282847254896
"2023-10-06",104.139999389648,106.470001220703,103.580001831055,106.129997253418,653700,101.22314453125,100.28092956543,99.3742944335938,95.4505248641968,99.8798875382047,99.7779084976338,57.2064896181759,0.102206031481744,0.126267484100266
"2023-10-09",105.830001831055,107.349998474121,105.410003662109,107.169998168945,483600,102.215057373047,100.392218780518,99.4352917480469,95.5397736740112,100.239144435873,99.9584380439607,61.0359912207392,0.280823107488515,0.157178608777915
"2023-10-10",107.970001220703,109.620002746582,107.650001525879,107.809997558594,935100,102.825477600098,100.530714416504,99.4857643127442,95.6241860961914,100.637041845754,100.170811344415,63.2174464519528,0.465435484729393,0.218829983968211
"2023-10-11",108.080001831055,108.889999389648,107.940002441406,108.730003356934,473200,103.702934265137,100.672825241089,99.5450715637207,95.71784034729,101.108717602582,100.432450079284,66.1510990810162,0.673355596487313,0.309735106472031
"2023-10-12",108.870002746582,109.230003356934,107.099998474121,107.589996337891,511700,102.61563873291,100.721466827393,99.5564891052246,95.8049377441406,101.340551622632,100.59416775733,59.7877515441003,0.741975287377317,0.396183142653088
"2023-10-13",107.389999389648,107.860000610352,106.680000305176,106.98999786377,541000,102.043380737305,100.762954711914,99.5831736755371,95.886746673584,101.448679178736,100.701516866958,56.6965038372185,0.741957355781553,0.465337985278781
"2023-10-16",107.779998779297,108.290000915527,107.379997253418,107.849998474121,551800,102.863624572754,100.801105499268,99.6298625183106,95.9797985076904,101.666363085508,100.861672993313,59.897115522327,0.797815531225754,0.531833494468176
"2023-10-17",106.959999084473,107.980003356934,105.930000305176,106.830001831055,564400,101.890785217285,100.820180892944,99.657283782959,96.0558966064453,101.70088956732,100.937903528422,54.7303245892605,0.755896459334315,0.576646087441404
"2023-10-18",105.959999084473,106.160003662109,105.019996643066,105.059997558594,521200,100.202621459961,100.738157272339,99.6736755371094,96.1261211395264,101.470386781572,100.883438190018,47.1324349442014,0.581808671557282,0.57767860426458
"2023-10-19",105,105.76000213623,104.180000305176,104.330001831055,5e+05,99.5063781738281,100.704299163818,99.6844778442383,96.1868896484375,101.16823161115,100.781433744374,44.3950810852072,0.383798733958529,0.538902630203369
"2023-10-20",104.629997253418,104.629997253418,102.699996948242,103.279998779297,595400,98.5049285888672,100.607492446899,99.6883229064942,96.2334555053711,100.758492684645,100.612803732855,40.7308156434048,0.144801602166811,0.460082424596058
"2023-10-23",102.949996948242,103.150001525879,101.910003662109,101.980003356934,647000,97.265022277832,100.444398498535,99.672674407959,96.2748487091065,100.221035698981,100.364819921372,36.6927213243226,-0.1432615756227,0.339413624552306
"2023-10-24",102.379997253418,102.870002746582,101.610000610352,102.339996337891,704500,97.6083755493164,100.401955795288,99.654231262207,96.3048422622681,99.8190879836484,100.160638856775,38.5107045475592,-0.341003089661851,0.203330281709475
"2023-10-25",101.919998168945,102.370002746582,101.279998779297,101.73999786377,632800,97.0361251831055,100.33090057373,99.6440452575684,96.3315077209473,99.3909398604879,99.9291933994662,36.6230591351327,-0.538634928060089,0.0549372397555621
"2023-10-26",101.720001220703,102.330001831055,100.809997558594,100.860000610352,776800,96.1967926025391,100.126317214966,99.6295761108399,96.3507558059692,98.8995325900343,99.6527192663604,33.9913378295784,-0.75581146392304,-0.107212500980158
"2023-10-27",100.680000305176,101.25,99.6100006103516,99.7099990844727,603600,95.0999755859375,99.8645088195801,99.6032112121582,96.3598053359985,98.3149853586348,99.3154789937365,30.8695697462961,-1.00738942734683,-0.287247886253492
"2023-10-30",100.449996948242,101.680000305176,99.9899978637695,101.279998779297,856700,96.5973815917969,99.7581638336182,99.6113409423828,96.3846505355835,98.0507386252751,99.1141384454447,39.0936114063155,-1.07290426658446,-0.444379162319686
"2023-10-31",101.48999786377,102.809997558594,101.48999786377,102.529998779297,833400,97.7895736694336,99.7114284515381,99.6404727172852,96.4151765823364,98.0105594012995,99.0160225361105,44.7311298117889,-1.01545498299973,-0.558594326455695
"2023-11-01",106.680000305176,115.319999694824,106.5,113.529998779297,2697400,108.28101348877,100.161128616333,99.8606785583496,96.5001670074463,99.5906292609103,99.7023181622335,70.5578161991056,-0.112022371577569,-0.46927993548007
"2023-11-02",114.459999084473,114.790000915527,112.01000213623,114.449996948242,1163700,109.158485412598,100.631335830689,100.085741119385,96.5949127578735,101.062607130401,100.402774995594,71.7469645437029,0.657185157318496,-0.243986916920357
"2023-11-03",114.98999786377,116.459999084473,114.930000305176,115.610000610352,750500,110.264846801758,101.083420944214,100.352633056641,96.7012117385864,102.47833631061,101.133298833087,73.2158641680631,1.32996499970002,0.070803466403718
"2023-11-06",115.5,116.349998474121,115.349998474121,116.290000915527,613000,110.91340637207,101.518338394165,100.612983093262,96.8037052154541,103.776039396988,101.857751243382,74.0670349832022,1.88330110393071,0.433302993909117
"2023-11-07",116.290000915527,116.449996948242,114.48999786377,114.699996948242,833200,109.396911621094,101.846910095215,100.817807159424,96.8908676528931,104.640788969927,102.416207567657,68.5791277094331,2.17209898228312,0.781062191583918
"2023-11-08",115.089996337891,116.379997253418,114.76000213623,116.080001831055,789200,110.713119506836,102.1974193573,101.03342086792,96.9862448883057,105.574993667913,103.030793637226,70.6142339335567,2.4693588594934,1.11872152516581
"2023-11-09",116.389999389648,116.389999389648,115.339996337891,115.360000610352,482100,110.026397705078,102.567957305908,101.228669586182,97.0760413742065,106.259825058246,103.548986531141,68.134655007701,2.61792859391243,1.41856293891514
"2023-11-10",116,116.639999389648,115.529998779297,116.620002746582,458300,111.228141784668,103.027195358276,101.444732513428,97.1732936096191,107.024181477696,104.117812846217,70.1124951342593,2.79142305435423,1.69313496200296
"2023-11-13",116.449996948242,116.879997253418,116.01000213623,116.480003356934,563000,111.094619750977,103.438745117187,101.657746124268,97.2681044006348,107.650402750508,104.634613357681,69.5956265471806,2.88221009860128,1.93094998932262
"2023-11-14",117.300003051758,119.580001831055,117.300003051758,118.930000305176,662200,113.431343078613,104.015773010254,101.938712310791,97.3808069610596,108.539778185601,105.286222966639,73.3046484585576,3.09020033893086,2.16280005924427
"2023-11-15",118.930000305176,120.25,118.819999694824,118.839996337891,589900,113.345489501953,104.672916412353,102.241831359863,97.4859851455688,109.279118388117,105.883205672958,72.9525213756059,3.20722506801276,2.37168506099797
"2023-11-16",118.51000213623,119.470001220703,118.51000213623,119.129997253418,506900,113.622085571289,105.378701782227,102.568100585938,97.5821371841431,109.947267185528,106.456456035798,73.3959140873897,3.27909765149104,2.55316757909658
"2023-11-17",119.669998168945,119.860000610352,119.190002441406,119.51000213623,1453100,113.984527587891,106.152681732178,102.900861053467,97.671372795105,110.568384170507,107.014090965582,73.997441012327,3.3213319599825,2.70680045527377
"2023-11-20",119.26000213623,120.400001525879,118.790000915527,120.069999694824,449000,114.518646240234,107.015362930298,103.191448516846,97.7700006103516,111.176116796619,107.56998394889,74.8981737322681,3.35235975255173,2.83591231472936
"2023-11-21",119.910003662109,120.519996643066,119.269996643066,119.319999694824,1065900,113.803314208984,107.825109863281,103.466403503418,97.8794285202026,111.580301013906,108.031712116304,71.3342175018177,3.28476595259473,2.92568304230243
"2023-11-22",120.019996643066,120.870002746582,119.75,120.370002746582,499200,114.80477142334,108.713542175293,103.745284576416,97.9925099945068,112.076373384588,108.533420213122,73.2530819273185,3.26438912964238,2.99342425977042
"2023-11-24",120.279998779297,121.269996643066,120.279998779297,121.029998779297,254400,115.434257507324,109.675415420532,104.021113586426,98.1169541549683,112.592970941932,109.044593346026,74.4125171050528,3.25406101029371,3.04555160987508
"2023-11-27",121.029998779297,121.930000305176,120.769996643066,121.470001220703,659700,115.853897094727,110.713111495972,104.313919067383,98.2469973373413,113.094651888516,109.5489862163,75.184781185879,3.23660290677201,3.08376186925446
"2023-11-28",121.580001831055,122.269996643066,121.089996337891,121.389999389648,823200,115.777618408203,111.672123336792,104.587459259033,98.3781995391846,113.507415968468,110.010366378663,74.7431890483454,3.17883641780414,3.1027767789644
"2023-11-29",121.650001525879,122.190002441406,120.959999084473,121,559900,115.405639648438,112.552926635742,104.865386505127,98.4989530944824,113.799450380771,110.410016250498,72.5066881347502,3.06986109175338,3.0961936415222
"2023-11-30",121.139999389648,122.5,120.970001220703,122.23999786377,1653500,116.588310241699,112.968291473389,105.16029083252,98.6276739120483,114.228505743991,110.867667657254,75.0617091757905,3.03139603976044,3.08323412116984
"2023-12-01",122.040000915527,123.720001220703,121.699996948242,123.639999389648,575000,117.92359161377,113.406546783447,105.51509185791,98.7590102386475,114.796980493187,111.39032869107,77.5935382332733,3.05830123867001,3.07824754466988
"2023-12-04",122.970001220703,124.529998779297,122.339996337891,124.180000305176,1106200,118.438606262207,113.81523475647,105.875042724609,98.8977293395996,115.357230611498,111.912423325969,78.5001765370886,3.07812768515923,3.07822357276775
"2023-12-05",123.769996643066,124.629997253418,123.25,124.180000305176,720600,118.438606262207,114.191494750977,106.233276824951,99.0371019363403,115.831288403915,112.395844284209,78.5001765370886,3.05655795513144,3.07389044924049
"2023-12-06",124.660003662109,125.98999786377,124.099998474121,125.080001831055,932600,119.297012329102,114.686499786377,106.650072479248,99.1950032806397,116.364476700097,112.907041917164,80.059843614198,3.06219587744607,3.07155153488161
"2023-12-07",125.059997558594,125.400001525879,123.980003356934,124.389999389648,630300,118.638916015625,115.082789611816,107.053706207275,99.3316897964477,116.714390440948,113.331625183716,75.5357565202455,2.98483786123052,3.05420880015139
"2023-12-08",124.470001220703,124.919998168945,124.139999389648,124.589996337891,644600,118.829643249512,115.522951889038,107.424529876709,99.4548599243164,117.039813949958,113.738885781183,75.9597537961305,2.90219843996491,3.02380672811409
"2023-12-11",124.419998168945,125.690002441406,124.080001831055,125.199996948242,616400,119.411437988281,115.932116699219,107.806035766602,99.5930751800537,117.404679186623,114.15907483356,77.2547366216608,2.8430541836419,2.98765621921965
"2023-12-12",125.139999389648,125.900001525879,124.690002441406,125.529998779297,610600,119.726188659668,116.363695144653,108.226073913574,99.7324908065796,117.761834490168,114.571453635494,77.9468500678642,2.78462108443178,2.94704919226208
"2023-12-13",125.879997253418,126.98999786377,124.730003356934,126.889999389648,962000,121.023307800293,116.743293380737,108.672054443359,99.8795590209961,118.263599614803,115.049368758813,80.5707125850323,2.79378399957009,2.91639615372368
"2023-12-14",126.830001831055,126.830001831055,124.970001220703,125.599998474121,960600,120.486129760742,117.100325393677,109.096036834717,100.030382843018,118.605527329563,115.452091795993,76.5108038086588,2.73138016342069,2.87939295566308
"2023-12-15",125.599998474121,126.639999389648,125.150001525879,126.129997253418,3125400,120.99454498291,117.468948364258,109.520840911865,100.177120475769,118.973068507001,115.862643883912,77.6582723869339,2.68457935950843,2.84043023643215
"2023-12-18",125.449996948242,126.51000213623,125.059997558594,126.459999084473,582300,121.31111907959,117.835277938843,109.922600402832,100.320353088379,119.332768595091,116.266234639148,78.3669234583756,2.63751033604989,2.7998462563557
"2023-12-19",126.470001220703,127.419998168945,126.470001220703,127.040000915527,659000,121.86750793457,118.20272102356,110.315649414063,100.47038192749,119.722728493473,116.681143772142,79.5921081682908,2.60674914814882,2.76122683471432
"2023-12-20",126.75,128.119995117188,126.01000213623,126.050003051758,623500,120.91780090332,118.558445358276,110.677495880127,100.616222381592,119.906585787295,116.994970226303,72.0873256693964,2.48866729514954,2.70671492680137
"2023-12-21",126.980003356934,127.449996948242,126.470001220703,127.419998168945,486200,122.232032775879,118.929808425903,111.048077850342,100.769334220886,120.264346862462,117.382900785531,75.5263404464308,2.45474090148403,2.6563201217379
"2023-12-22",127.400001525879,128.800003051758,127.389999389648,128.059997558594,730100,122.84595489502,119.300393295288,111.452684173584,100.931817169189,120.661517329009,117.787571460308,76.9547104817174,2.43993982817596,2.61304406302551
"2023-12-26",127.849998474121,129.059997558594,127.769996643066,128.910003662109,488000,123.661361694336,119.690766525269,111.885043792725,101.106499023437,121.123031846752,118.222667033199,78.7303239207686,2.45330687112515,2.58109662464544
"2023-12-27",129,129.320007324219,128.339996337891,128.669998168945,443300,123.431137084961,120.073442459106,112.296394042969,101.275875434875,121.478124960323,118.608479629626,76.9280813035913,2.41942678943159,2.54876265760267
"2023-12-28",128.539993286133,129.059997558594,128.25,128.759994506836,440100,123.517456054688,120.479033279419,112.728927459717,101.437075920105,121.79186820561,118.972107512964,77.1393807667613,2.37010233036217,2.51303059215457
"2023-12-29",128.399993896484,128.949996948242,128.080001831055,128.539993286133,622300,123.306419372559,120.814938735962,113.191003417969,101.602583312988,122.024876077448,119.293167650712,75.3231152395162,2.28991188727146,2.46840685117795
"2024-01-02",127.550003051758,128.600006103516,126.029998779297,126.559997558594,1023300,121.407035827637,120.989110946655,113.629016571045,101.751914710999,121.929823731323,119.449750478632,61.3273461740313,2.07624816523564,2.38997511398949
"2024-01-03",125.550003051758,125.98999786377,123.940002441406,124.150001525879,728100,119.095161437988,121.021938705444,114.040821228027,101.895754356384,121.493721840041,119.42348462377,49.3159799671507,1.73352605041914,2.25868530127542
"2024-01-04",123.940002441406,124.699996948242,123.75,123.809997558594,660900,118.769004821777,121.038458633423,114.470900878906,102.034200401306,121.074534606462,119.375004638437,47.8909043272351,1.4236899702518,2.09168623507069
"2024-01-05",123.779998779297,124.360000610352,122.639999389648,122.849998474121,864600,117.848091125488,120.966012573242,114.87569519043,102.165501899719,120.578158686312,119.261899933774,44.0227414259927,1.10367078947176,1.89408314595091
"2024-01-08",122.059997558594,123.190002441406,121.720001220703,123.019996643066,795200,118.011169433594,120.934625244141,115.29519607544,102.307308120728,120.183237262817,119.169253230057,44.8718959399096,0.850877223173119,1.68544196139535
"2024-01-09",122.199996948242,122.519996643066,121.319999694824,121.879997253418,934700,116.917587280273,120.839022445679,115.709611968994,102.444634246826,119.680829573195,119.002463159703,40.4415026433816,0.570044010418425,1.46236237119996
"2024-01-10",122.669998168945,123.459999084473,122.349998474121,123.25,567200,118.231803894043,120.780040740967,116.172248535156,102.584627418518,119.457902545633,118.945377288172,47.1896854354203,0.430891278959988,1.25606815275197
"2024-01-11",123.25,123.550003051758,121.980003356934,123.180000305176,621400,118.164649963379,120.701963806152,116.603593902588,102.722027168274,119.258940609902,118.887545634484,46.8972836883623,0.312391826608671,1.06733288752331
"2024-01-12",124.199996948242,124.290000915527,123.370002746582,123.849998474121,521000,118.807373046875,120.591167068481,117.023949890137,102.861041259766,119.189468677128,118.881606924291,50.0851478903337,0.258964999551003,0.905659309928848
"2024-01-16",123.199996948242,123.76000213623,122.51000213623,123.589996337891,703600,118.557960510254,120.494758605957,117.229488830566,102.990765266418,119.092313574532,118.857633115843,48.859374900662,0.197446686878,0.764016785318679
"2024-01-17",122.980003356934,123.639999389648,122.73999786377,123.370002746582,699200,118.34691619873,120.362377166748,117.413257446289,103.117693710327,118.977637055178,118.819802233094,47.7934910168041,0.132835452607605,0.637780518776464
"2024-01-18",124.080001831055,124.580001831055,123.139999389648,124.279998779297,612800,119.219863891602,120.257814407349,117.592357788086,103.239109420776,119.01490272232,118.849436430021,52.4174013164988,0.139223455549886,0.538069106131148
"2024-01-19",124.730003356934,126.019996643066,124.5,125.480003356934,1334300,120.37100982666,120.182989501953,117.781509857178,103.3672215271,119.223534584526,118.962145570513,57.7336614204281,0.21972452897534,0.474400190699987
"2024-01-22",126.050003051758,127.360000610352,126.050003051758,126.709999084473,658900,121.550926208496,120.214645767212,118.024590148926,103.504243545532,119.581594834368,119.153907099252,62.3740187909398,0.358937231289835,0.451307598817956
"2024-01-23",126.459999084473,127.25,125.889999389648,127.050003051758,745200,121.877090454102,120.196898651123,118.247869567871,103.651739044189,119.934748006635,119.355624384796,63.5648419245107,0.485208489187761,0.458087776891917
"2024-01-24",127.730003356934,127.730003356934,125.019996643066,125.110000610352,632500,120.016067504883,120.055404281616,118.447662963867,103.79063495636,119.947258698673,119.404546097395,53.2158012345425,0.454515861426774,0.457373393798889
"2024-01-25",124.800003051758,125.51000213623,124.150001525879,125.040000915527,675200,119.948936462402,119.869783020019,118.622078857422,103.928207511902,119.94751681617,119.444871309618,52.8813429598334,0.420817989956612,0.450062313030433
"2024-01-26",125.389999389648,125.75,124.379997253418,124.73999786377,488100,119.6611328125,119.681282806396,118.793409118652,104.062788848877,119.903457738682,119.460890680202,51.3901334171731,0.370470248430244,0.434143900110395
"2024-01-29",124.379997253418,125.209999084473,123.730003356934,125.190002441406,459400,120.092819213867,119.510050964355,118.926638641357,104.200986709595,119.932590273326,119.507700201214,53.5078721317357,0.35553363623948,0.418421847336212
"2024-01-30",123.980003356934,124.040000915527,121.73999786377,121.860000610352,1038900,116.898406982422,119.189650344849,118.997696990967,104.317709350586,119.465792843956,119.314419222044,39.7184158822473,0.126869512418137,0.360111380352597
"2024-01-31",121.860000610352,121.860000610352,119.300003051758,119.48999786377,935900,114.624908447266,118.85054397583,119.017753448486,104.425839576721,118.721041398311,118.967048053542,33.1671400232778,-0.20678554209419,0.24673199586324
"2024-02-01",120.040000915527,121.029998779297,119.150001525879,121.01000213623,708400,116.083015441895,118.699936676025,119.059723205566,104.538108978271,118.31519125117,118.753416008235,40.0022898899894,-0.369020758977034,0.123581444895185
"2024-02-02",119.970001220703,120.940002441406,119.269996643066,120.410003662109,722000,115.507446289062,118.53685874939,119.079499206543,104.647923774719,117.883230487769,118.512973806815,38.3356064023633,-0.531370784832663,-0.00740900105038453
"2024-02-05",119.519996643066,120.809997558594,119.309997558594,119.879997253418,734400,114.999008178711,118.394404602051,119.103413085938,104.761264038086,117.439503978683,118.252680056585,36.8740538533718,-0.687659744804636,-0.143459149801235
"2024-02-06",120.180000305176,121.930000305176,120.059997558594,121.809997558594,570100,116.850440979004,118.336368179321,119.144326477051,104.883673248291,117.348878901809,118.148810495283,45.0844148656678,-0.6770542929039,-0.250178178421768
"2024-02-07",121.809997558594,122.220001220703,121,121.730003356934,708100,116.77368927002,118.329173278809,119.171115112305,105.007862434387,117.260388189227,118.046949663782,44.8241406719145,-0.666312409423131,-0.333405024622041
"2024-02-08",122.040000915527,122.459999084473,120.860000610352,122.319999694824,596200,117.339668273926,118.284566497803,119.200830535889,105.135022544861,117.272585125334,117.994558449718,47.2428461056551,-0.611870016609206,-0.389098023019474
"2024-02-09",122.269996643066,123.699996948242,121.900001525879,123.269996643066,599500,118.250991821289,118.288883590698,119.25029800415,105.274359130859,117.423109232404,118.013553514279,50.9698037804572,-0.500319043272957,-0.41134222707017
"2024-02-12",123.269996643066,123.930000305176,122.959999084473,123.620002746582,714000,118.58674621582,118.277852249145,119.313920135498,105.419513587952,117.602130306776,118.056012232912,52.3065999232526,-0.384463203145113,-0.405966422285159
"2024-02-13",121.889999389648,121.889999389648,120.059997558594,121.120002746582,538800,116.188529968262,118.159380722046,119.305924530029,105.544492721558,117.38465333162,117.917680213308,43.2383758404386,-0.452033046040323,-0.415179747036192
"2024-02-14",121.779998779297,122.889999389648,120.730003356934,122.830001831055,723700,117.828910827637,118.133480453491,119.304030914307,105.671888427734,117.453000638699,117.911104703258,49.6662330714973,-0.388516472398348,-0.409847092108623
"2024-02-15",122.970001220703,124.040000915527,122.889999389648,123.959999084473,644700,118.912895202637,118.118132019043,119.313516693115,105.80399848938,117.677599802382,117.985311406916,53.4200528017629,-0.260805011119336,-0.380038675910766
"2024-02-16",123.629997253418,123.779998779297,122.099998474121,122.199996948242,1602400,117.224555969238,117.960809326172,119.289235687256,105.93307598114,117.607900751129,117.928959152273,47.4805378166332,-0.272247294856165,-0.358480399699846
"2024-02-20",121.610000610352,123.459999084473,121.199996948242,122.75,1233300,117.752166748047,117.770871353149,119.258338775635,106.051104202271,117.630095519886,117.915863418627,49.3748502945621,-0.242348985502128,-0.335254116860302
"2024-02-21",129.990005493164,137.869995117188,128.889999389648,133.580001831055,2561000,128.141220092773,118.084077835083,119.448384857178,106.214022254944,119.247191608022,118.673297246341,71.314817308828,0.483591823095297,-0.171484928869182
"2024-02-22",134.770004272461,134.770004272461,131.199996948242,133.940002441406,2101500,128.486572265625,118.50760307312,119.6415234375,106.368319244385,120.668634786115,119.400206507029,71.7530572925708,1.06233340476782,0.075278737858219
"2024-02-23",134.639999389648,135.720001220703,133.610000610352,135.509994506836,1236800,129.992645263672,119.009788513184,119.853147583008,106.531181411743,122.103097936508,120.184831600114,73.6440975843695,1.59609687084079,0.379442364454733
"2024-02-26",134.940002441406,135.490005493164,133.160003662109,135.220001220703,1352300,129.714447021484,119.512454223633,120.052912750244,106.690771141052,123.274074718812,120.890729038734,72.6762325912413,1.97148755659748,0.697851402883284
"2024-02-27",134.990005493164,135.339996337891,134.009994506836,134.690002441406,936400,129.206008911133,119.968113708496,120.216566772461,106.848430213928,124.186679979169,121.506675695948,70.8437215400541,2.20564365527303,0.999409853361232
"2024-02-28",134.110000610352,139.490005493164,134.110000610352,137.300003051758,1809500,131.709762573242,120.708681488037,120.441039428711,107.019877967834,125.344077301334,122.262459909081,74.2826182579258,2.52049353051185,1.30362658879136
"2024-02-29",137.399993896484,138.059997558594,136.25,137.350006103516,1627500,131.757736206055,121.565322875977,120.656303253174,107.190577888489,126.330794055907,122.965813708857,74.3450569490883,2.73651695992252,1.59020466301759
"2024-03-01",137,138.389999389648,136.789993286133,137.429992675781,927600,131.834457397461,122.352894973755,120.866770019531,107.361426239014,127.177511493069,123.622750278383,74.4518845130355,2.87549112657719,1.84726195572951
"2024-03-04",137.059997558594,140.460006713867,137,139.669998168945,1281500,133.983261108398,123.276685714722,121.109085083008,107.548380622864,128.224549895427,124.390195525051,77.3026034795123,3.082521378949,2.09431384037341
"2024-03-05",139.529998779297,140.229995727539,138.300003051758,140.089996337891,1149200,134.386169433594,124.246043777466,121.378452453613,107.736079597473,129.172491362838,125.130638036795,77.8027405794005,3.23010686228098,2.32147244475492
"2024-03-06",140.639999389648,141.779998779297,139.529998779297,139.949996948242,999900,134.251861572266,125.116114807129,121.618849029541,107.916945304871,129.953932933519,125.806284224608,77.1921277643731,3.29685336028696,2.51654862786133
"2024-03-07",140.5,141.649993896484,139.770004272461,141.429992675781,917900,135.671585083008,126.061009597778,121.875361633301,108.106132621765,130.833571725748,126.537047251156,79.0627167470297,3.39546762622345,2.69233242753375
"2024-03-08",141.470001220703,142.729995727539,141.059997558594,141.940002441406,832100,136.160842895508,127.002068328857,122.125351257324,108.293909339905,131.653151905711,127.249921002589,79.6811756626187,3.46030148264851,2.8459262385567
"2024-03-11",141.630004882812,146.669998168945,141.600006103516,145.990005493164,2714400,140.045944213867,128.091815948486,122.457647399902,108.504733276367,132.94435072235,128.197774573795,83.7787294053151,3.70254176746494,3.01724934433835
"2024-03-12",146.080001831055,148.889999389648,145.320007324219,148.449996948242,1625600,142.405746459961,129.282765960693,122.835413208008,108.733658981323,134.399950066598,129.250216935733,85.6691405300126,3.98431294968384,3.21066206540745
"2024-03-13",149,149.419998168945,148.089996337891,148.350006103516,925500,142.309844970703,130.588831710815,123.215481719971,108.957730865479,135.616856974922,130.217596790176,85.234409364027,4.14633683759846,3.39779701984565
"2024-03-14",148.029998779297,148.880004882812,146.449996948242,147.029998779297,985700,141.741073608398,131.784439849853,123.622162475586,109.178065261841,136.559044149303,131.071187665599,82.5585965978635,4.18692817349351,3.55562325057522
"2024-03-15",145.809997558594,147.289993286133,145.320007324219,145.75,3466200,140.507095336914,132.864149856567,124.050401153564,109.384374732971,137.166436639705,131.7701437894,76.9168118253311,4.09523181436964,3.66354496333411
"2024-03-18",146.199996948242,146.869995117188,145.809997558594,146.009994506836,586100,140.757720947266,134.040808105469,124.490175476074,109.602990722656,137.718941917791,132.435890245539,77.2567572634372,3.98913894296888,3.72866375926106
"2024-03-19",146.300003051758,146.759994506836,145.440002441406,146.479995727539,747500,141.210830688477,135.21374130249,124.957430267334,109.820485725403,138.25615557482,133.085885833904,77.8907014512687,3.88491214415314,3.75991343623948
"2024-03-20",146.320007324219,146.889999389648,145.449996948242,146.679992675781,746700,141.403656005859,135.876863098144,125.425279998779,110.026715621948,138.740386410364,133.702016957753,78.1695742674896,3.76835710279764,3.76160216955111
"2024-03-21",146.75,148.5,146.520004272461,148.139999389648,628400,142.811141967773,136.593091583252,125.943151092529,110.244404182434,139.366656496119,134.376766958495,80.1388243446802,3.7133573388958,3.75195320342005
"2024-03-22",147.869995117188,148.259994506836,146.910003662109,147.289993286133,977300,141.991683959961,137.193043518066,126.418348693848,110.458465919495,139.770506875172,134.94083488453,75.84884732274,3.57910338614329,3.7173832399647
"2024-03-25",146.949996948242,147.850006103516,146.449996948242,146.679992675781,520700,141.403656005859,137.777503967285,126.883128814697,110.667188606262,140.021760587585,135.419562374999,72.8357540754983,3.39847370045592,3.65360133206294
"2024-03-26",146.520004272461,147.789993286133,146.520004272461,147.399993896484,676000,142.097763061523,138.422091674805,127.34893661499,110.880792922974,140.341145583576,135.914243907334,74.1415612689567,3.25712857532454,3.57430678071526
"2024-03-27",147.960006713867,148.179992675781,146.910003662109,147.979995727539,709500,142.65690612793,138.969448852539,127.830915527344,111.098604011536,140.697416436553,136.413700368119,75.176753836822,3.14023888867097,3.4874932023064
"2024-03-28",148.440002441406,149.539993286133,148.050003051758,148.869995117188,859600,143.514877319336,139.557305908203,128.334274749756,111.315907363892,141.130871956981,136.939713475616,76.7170069631118,3.06058657126631,3.40211187609838
"2024-04-01",148.529998779297,148.910003662109,147.229995727539,147.360000610352,625700,142.059173583984,140.068541717529,128.791060943604,111.520240821838,141.273687591905,137.318932742903,68.904893134576,2.87997785156588,3.29768507119188
"2024-04-02",147.160003662109,147.160003662109,145.199996948242,145.740005493164,737600,140.497482299805,140.3942527771,129.193590393066,111.721563529968,141.15427139312,137.554380858229,61.6517059795623,2.61706716458694,3.1615614898709
"2024-04-03",145.970001220703,146.630004882812,145.820007324219,146.039993286133,549500,140.786682128906,140.714278411865,129.578305511475,111.926213607788,141.097719198626,137.793810581983,62.4401843800093,2.39771917380676,3.00879302665807
"2024-04-04",147.009994506836,147.330001831055,144.839996337891,144.899993896484,552800,139.687683105469,140.986069488525,129.934517364502,112.122621765137,140.880790568909,137.934097435574,57.5939483430768,2.13630508200591,2.83429543772764
"2024-04-05",145.389999389648,147.710006713867,145.220001220703,147.529998779297,603400,142.223083496094,141.31364440918,130.378657684326,112.334453926086,141.087297173092,138.251800106724,64.4492038555682,2.05096574813415,2.67762949980894
"2024-04-08",147.910003662109,149.419998168945,147.820007324219,149,818600,143.640213012695,141.687612915039,130.852483215332,112.557302780151,141.480053456108,138.650941803462,67.6017737030898,2.04045613815977,2.55019482747911
"2024-04-09",149.289993286133,149.5,147.580001831055,148.380004882812,537200,143.042510986328,141.837441253662,131.320110778809,112.782799072266,141.72043153768,138.976243224415,64.9842920498609,1.97457367503679,2.43507059699064
"2024-04-10",146.830001831055,147.220001220703,145.389999389648,145.960006713867,637300,140.709579467773,141.752632904053,131.732445983887,113.005345115662,141.564915834617,139.104638501701,55.8883301074567,1.76865226020915,2.30178692963434
"2024-04-11",146.460006713867,146.990005493164,145.809997558594,146.080001831055,509800,140.825225830078,141.678401947021,132.21098236084,113.224112205505,141.451117372381,139.232089414914,56.2155014768473,1.59376187399833,2.16018191850714
"2024-04-12",144.899993896484,145.389999389648,142.669998168945,143.110000610352,740000,137.962066650391,141.489451599121,132.677725524902,113.42373260498,140.914340338228,139.138013654579,46.9341904807609,1.27666525990437,1.98347858678659
"2024-04-15",144.289993286133,144.880004882812,140.919998168945,141.639999389648,9e+05,136.544967651367,141.291345214844,133.086964569092,113.621572036743,140.242129155634,138.94593617286,43.1379628243056,0.932875777785847,1.77335802498644
"2024-04-16",141.729995727539,143.089996337891,141,142.190002441406,833900,137.075164794922,141.107217407226,133.518318939209,113.816284332275,139.754903869371,138.807360515235,44.9326108247518,0.682631922845323,1.55521280455822
"2024-04-17",142.75,143.229995727539,140.190002441406,141.070007324219,757700,135.995452880859,140.846448516846,133.938247833252,114.002330131531,139.176526794215,138.599071060837,42.0238507332808,0.41663752069816,1.32749774778621
"2024-04-18",141.5,141.970001220703,140.160003662109,140.720001220703,828200,135.658050537109,140.559168243408,134.314400024414,114.189246482849,138.63522275466,138.381217688709,41.127852472388,0.183554582185486,1.09870911466606
"2024-04-19",141.059997558594,141.779998779297,138.860000610352,139.520004272461,2924100,134.501220703125,140.143672180176,134.668950653076,114.363274459839,137.999222439039,138.093810504591,38.1263249167556,-0.0684955141770582,0.865268188897438
"2024-04-22",140.619995117188,141.869995117188,139.649993896484,141.020004272461,933200,135.947250366211,139.841450500488,135.041102294922,114.534302558899,137.683534427835,137.934806049896,43.6611823081725,-0.182166944846751,0.6557811621486
"2024-04-23",140.979995727539,143.070007324219,140.979995727539,142.509994506836,788100,137.383666992188,139.640451049805,135.42375579834,114.723784751892,137.637400976197,137.893980934511,48.5816518556797,-0.186070455414178,0.487410838636045
"2024-04-24",142.75,143.479995727539,142.199996948242,142.789993286133,612600,137.653579711914,139.418241882324,135.805092468262,114.909596214294,137.639890012461,137.876173436541,49.4746201076716,-0.171373645054107,0.355653941898014
"2024-04-25",141.860000610352,143.289993286133,140.460006713867,143.029998779297,528200,137.884948730469,139.179644012451,136.239020843506,115.091733589172,137.677591353693,137.876823458313,50.2718557146242,-0.144500068700859,0.25562313977824
"2024-04-26",142.990005493164,144.320007324219,142.990005493164,143.449996948242,625300,138.289825439453,138.918391418457,136.648239135742,115.277931861877,137.771781213041,137.907416197657,51.7078602826382,-0.0983522049470276,0.184828070833186
"2024-04-29",142.850006103516,145.210006713867,142.850006103516,145.179992675781,788500,139.957580566406,138.813311767578,137.069132843018,115.46820640564,138.108058036635,138.059280224972,57.191598937849,0.0353310632827508,0.154928669323099
"2024-04-30",145.089996337891,146.240005493164,144.410003662109,144.470001220703,1185300,139.273147583008,138.752095031738,137.510104675293,115.659273948669,138.287302582231,138.149196325567,54.4585362454138,0.0999689179074226,0.143936719039964
"2024-05-01",153.25,164.729995727539,151,163.419998168945,2765300,157.541488647461,139.589835357666,138.305891113281,115.943056640625,141.249485053805,139.585662423485,80.8135908676901,1.19197244289484,0.353543863810939
"2024-05-02",164,165.929992675781,162.940002441406,165.330001831055,1361100,159.382781982422,140.574590301514,138.930722351074,116.231072921753,144.039223042823,141.052115724147,81.9475604082292,2.11773308279755,0.70638170760826
"2024-05-03",165.789993286133,166.440002441406,164.169998168945,165.970001220703,972900,159.999771118164,141.463424682617,139.560986328125,116.521084861755,146.494691977491,142.455645753333,82.324539823486,2.83530091264426,1.13216554861546
"2024-05-06",167.130004882812,167.899993896484,165.820007324219,167.880004882812,827900,161.841064453125,142.373467254639,140.197954711914,116.825323524475,148.855672358358,143.891602694059,83.4361995530279,3.44986751926977,1.59570594274632
"2024-05-07",167.949996948242,170.869995117188,167.199996948242,169.960006713867,878600,163.846237182617,143.413653564453,140.880590515137,117.142666511536,151.161913100551,145.369723767285,84.5740045451045,3.98445369720772,2.0734554936386
"2024-05-08",169.360000610352,170.160003662109,169.029998779297,169.960006713867,542400,163.846237182617,144.570486450195,141.573395080566,117.460483207703,153.113347574715,146.738354390643,84.5740045451045,4.34446277562914,2.52765695003671
"2024-05-09",170.160003662109,170.160003662109,168.449996948242,169.300003051758,552500,163.209991455078,145.689724731445,142.203399658203,117.772182273865,154.666677402463,147.958475654675,82.488815808183,4.53384080777135,2.92889372158364
"2024-05-10",169.589996337891,169.699996948242,168.240005493164,168.929992675781,737200,162.853286743164,146.934285736084,142.825310668945,118.086218185425,155.926155762571,149.061794994563,81.2789005693307,4.60504367887036,3.26412371304098
"2024-05-13",169.169998168945,169.820007324219,168.800003051758,169.360000610352,369800,163.267837524414,148.270429229736,143.453978271484,118.40441078186,157.055645264393,150.114094441219,81.6163778476368,4.62418325808329,3.53613562204944
"2024-05-14",169.449996948242,170.770004272461,169.059997558594,169.910003662109,506600,163.79801940918,149.606571960449,144.0502734375,118.727574920654,158.09293359436,151.12771851292,82.0617520333252,4.60882699082439,3.75067389580443
"2024-05-15",170.270004272461,171.100006103516,170.110000610352,170.550003051758,597000,164.414993286133,151.027548980713,144.650849914551,119.048140640259,159.065558162325,152.111961088713,82.5903323791526,4.57136771089066,3.91481265882168
"2024-05-16",170.820007324219,171.240005493164,169.949996948242,169.979995727539,526800,163.865493774414,152.437921142578,145.243122558594,119.363780250549,159.804009794954,152.982593139506,80.3202518317562,4.45894955462538,4.02364003798242
"2024-05-17",170.580001831055,171.470001220703,169.5,170.940002441406,525800,164.790939331055,153.952407073975,145.825509643555,119.677511138916,160.571229723585,153.857285449991,81.2547358227139,4.36374803699262,4.09166163778446
"2024-05-20",171,171.639999389648,169.669998168945,170.190002441406,529800,164.067993164062,155.358444213867,146.383652648926,119.994305343628,161.109193329812,154.613634169552,78.1334806939393,4.20115547710196,4.11356040564796
"2024-05-21",170.139999389648,170.979995727539,169.490005493164,170.729995727539,510100,164.588531494141,156.718687438965,146.874504394531,120.314602088928,161.644476124325,155.352515452855,78.7659576458414,4.05011830875639,4.10087198626965
"2024-05-22",167.399993896484,169.089996337891,161.100006103516,162.059997558594,1321500,156.230392456055,157.647528076172,147.150997314453,120.593155441284,160.81154017536,155.417543379018,52.505132615858,3.47064860186843,3.9748273093894
"2024-05-23",162.270004272461,163.389999389648,160.809997558594,162.729995727539,890100,156.876312255859,158.597096252441,147.442326660156,120.880621833801,160.206120495437,155.525600332858,53.7874152422979,3.00948535325472,3.78175891816247
"2024-05-24",163.729995727539,164.410003662109,162.539993286133,163.809997558594,541600,157.917449951172,159.578477478027,147.765854187012,121.17537776947,159.854017334781,155.702774378659,55.8562261331588,2.66613293994755,3.55863372251948
"2024-05-28",162.919998168945,163.339996337891,161.860000610352,162.399993896484,704900,156.558212280273,160.408509063721,148.086876525879,121.466605453491,159.346970403318,155.766140149149,52.5487634740159,2.29885021914282,3.30667702184415
"2024-05-29",161.479995727539,162.990005493164,161.080001831055,161.660003662109,471100,155.844772338867,161.237090301514,148.388617553711,121.755592079163,158.808170701095,155.771964755795,50.8468627520392,1.94913503855454,3.03516862518623
"2024-05-30",162.479995727539,164.949996948242,161.820007324219,162.770004272461,778900,156.91487121582,161.205759429932,148.702698364258,122.047513771057,158.516893857206,155.856624493574,53.2904538870619,1.70686961319479,2.76950882278794
"2024-05-31",162.679992675781,163.860000610352,161.449996948242,163.850006103516,1398400,157.956039428711,161.134422302246,149.033746032715,122.349566841125,158.430608560515,156.012136710992,55.603112349375,1.55018186437827,2.52564343110601
"2024-06-03",163.309997558594,164,162.529998779297,163.199996948242,624000,157.329406738281,161.000904083252,149.324111328125,122.651612625122,158.261192895556,156.109712268569,53.8742364842046,1.37818499292695,2.2961517434702
"2024-06-04",162.720001220703,164.220001220703,162.669998168945,163.029998779297,528700,157.16552734375,160.767127227783,149.627588195801,122.955349159241,158.092628964509,156.187920792656,53.4065495716747,1.21949774488699,2.08082094375355
"2024-06-05",163.449996948242,164.160003662109,162.690002441406,164,506600,158.100616455078,160.479846191406,149.961527404785,123.264897766113,158.093857809212,156.329601952836,55.7661690630668,1.12854880607205,1.89036651621725
"2024-06-06",164.270004272461,166.059997558594,163.389999389648,163.910003662109,390200,158.013870239258,160.188227844238,150.27984954834,123.573302192688,158.081552029219,156.454362566645,55.4854457997687,1.04004096522452,1.72030140601871
"2024-06-07",163.300003051758,164.589996337891,163.050003051758,163.259994506836,324300,157.387222290039,159.897089385986,150.574455871582,123.87388469696,157.974732069345,156.523463286896,53.3944114635194,0.927189286496088,1.56167898211418
"2024-06-10",162.899993896484,163,161.039993286133,162.619995117188,527100,156.770248413086,159.592937469482,150.839563293457,124.168209152222,157.789426891459,156.541743666614,51.3428256482055,0.797029083502587,1.40874900239186
"2024-06-11",161.990005493164,162,160.199996948242,161.520004272461,870800,155.709823608398,159.215036773682,151.112576293945,124.462157020569,157.469487924834,156.480119958598,47.9337761116141,0.632264319900822,1.25345206589366
"2024-06-12",163.089996337891,165.470001220703,162.860000610352,164.190002441406,588300,158.283782958984,158.939324951172,151.468302307129,124.764096412659,157.594764083934,156.613724625293,55.6341051123558,0.626407079576263,1.12804306863018
"2024-06-13",164.009994506836,164.889999389648,160.550003051758,161.929992675781,809600,156.105087280273,158.523829650879,151.774670410156,125.048843307495,157.365583037217,156.576047784921,49.0248965503673,0.504250339349621,1.00328452277407
"2024-06-14",160.520004272461,161.119995117188,158.669998168945,159.529998779297,561600,153.791427612305,158.020126342773,152.056745300293,125.318138275146,156.815712971846,156.369779623987,43.1609864989551,0.285178727585023,0.859663363736257
"2024-06-17",158.899993896484,160.850006103516,158.380004882812,160.300003051758,605200,155.263671875,157.543762969971,152.317557067871,125.593136825562,156.576937418485,156.287845716654,47.4669313406445,0.18497388616816,0.724725468222638
"2024-06-18",160.5,161.070007324219,159.539993286133,160.720001220703,501500,155.670455932617,157.123886108398,152.55816192627,125.869364128113,156.437478728352,156.242113140059,48.6250213677378,0.125040288028666,0.604788432183844
"2024-06-20",160.369995117188,161.380004882812,159.199996948242,159.960006713867,539800,154.934356689453,156.641177368164,152.795998840332,126.141816215515,156.206229183906,156.145242291866,46.6221238177734,0.0390577971793427,0.491642305182943
"2024-06-21",160.300003051758,161.470001220703,159.279998779297,161.449996948242,1329100,156.377532958984,156.64853439331,153.109357910156,126.426788711548,156.232583610841,156.162449007949,50.8929370668482,0.0449113108416554,0.402296106314686
"2024-06-24",161.529998779297,163.490005493164,161.160003662109,162.289993286133,423800,157.191131591797,156.664275360107,153.436676025391,126.721796684265,156.380052530988,156.238647717864,53.1678705926943,0.0905056560523088,0.339938016262211
"2024-06-25",161.929992675781,162.190002441406,159.880004882812,160.309997558594,395800,155.273330688477,156.532069396972,153.782901306152,127.01162021637,156.20978763214,156.167142752724,47.5733084958003,0.027307203464555,0.277411853702679
"2024-06-26",160.179992675781,161.460006713867,159.720001220703,161.160003662109,609400,156.096649169922,156.508991241455,154.173934936523,127.305370941162,156.192381714876,156.16192100585,50.0054483194706,0.0195058493325018,0.225830652828644
"2024-06-27",161.169998168945,162.059997558594,160.600006103516,162.009994506836,476700,156.919921875,156.562748718262,154.570830078125,127.590024185181,156.304310970279,156.218069218379,52.3841927000182,0.0552060029494372,0.191705722852803
"2024-06-28",161.889999389648,163.949996948242,161.410003662109,162.919998168945,1139700,157.801361083984,156.60707321167,155.006948242187,127.878753166199,156.534626372388,156.335350097313,54.8605574869075,0.127467188291641,0.17885801594057
"2024-07-01",163,164.369995117188,161.070007324219,161.100006103516,754500,156.038558959961,156.511199188232,155.414558410645,128.154642372131,156.458308308938,156.31336556862,49.3345608324009,0.092725749836009,0.161631562719658
"2024-07-02",160.729995727539,161.910003662109,160.289993286133,161.490005493164,808000,156.416290283203,156.465543365478,155.852859802246,128.428509788513,156.451843997286,156.320989621552,50.4854858784573,0.0837087687652449,0.146047003928775
"2024-07-03",160.970001220703,161.419998168945,158.899993896484,161.149993896484,442600,156.086975097656,156.411615753174,156.255654296875,128.702876548767,156.39571032042,156.303655212375,49.4312203584691,0.0588950449815773,0.128616612139336
"2024-07-05",161.509994506836,162.210006713867,160.089996337891,161.929992675781,819200,156.842468261719,156.348708343506,156.644830322266,128.976585845947,156.464442311389,156.343567290104,51.9121925888179,0.077313715799221,0.118356032871313
"2024-07-08",162.639999389648,163.339996337891,160.940002441406,161.529998779297,545900,156.455001831055,156.270764923096,157.020858764648,129.251314468384,156.462989929799,156.351821700545,50.5426189189344,0.0711013329075749,0.108905092878565
"2024-07-09",161.539993286133,162.850006103516,161.029998779297,161.490005493164,744300,156.416290283203,156.222218322754,157.391485595703,129.524180450439,156.455805368784,156.356597151112,50.3995537688018,0.0634499723580095,0.0998140687744541
"2024-07-10",162.800003051758,163.509994506836,161.509994506836,163.449996948242,614000,158.314682006836,156.299440002441,157.791982727051,129.814836158752,156.741786390023,156.501640473758,56.8499629494597,0.153446261354095,0.110540507290382
"2024-07-11",163.800003051758,167.199996948242,163.800003051758,166.759994506836,857900,161.520690917969,156.58998336792,158.223244934082,130.120234298706,157.477002471246,156.873421988144,65.1036079495726,0.384756369467643,0.165383679725834
"2024-07-12",167.5,170.669998168945,167.5,168.800003051758,734200,163.496612548828,156.850624847412,158.707714233398,130.435082855225,158.403096329335,157.364028696343,69.0348314437693,0.660295520901477,0.264366047960963
"2024-07-15",169.059997558594,170.839996337891,168.309997558594,170.119995117188,900800,164.775131225586,157.284127044678,158.852387084961,130.766672363281,159.383409390297,157.912999254065,71.2886688375766,0.931152054091711,0.397723249187113
"2024-07-16",171,173.949996948242,170.460006713867,173.740005493164,661100,168.281402587891,158.008625793457,159.03035949707,131.115793228149,160.752331420696,158.681029130644,76.3686374232498,1.30532446216123,0.579243491781936
"2024-07-17",173.740005493164,174.509994506836,172.580001831055,173,611500,167.564666748047,158.623675537109,159.181657409668,131.452174263001,161.800383009519,159.339076361563,73.5056039297003,1.54469744908712,0.772334283242972
"2024-07-18",172.5,175.009994506836,170.190002441406,171.080001831055,826000,165.704971313477,159.125401306152,159.258935546875,131.7790184021,162.401088902436,159.810624135779,66.5356024975947,1.62095904491046,0.942059235576471
"2024-07-19",171.080001831055,171.779998779297,169.199996948242,170.070007324219,666700,164.726715087891,159.615019226074,159.27654510498,132.109030570984,162.758877546352,160.174779021121,63.1437403001648,1.61329926036022,1.07630724053322
"2024-07-22",170.380004882812,172.809997558594,170.369995117188,172.729995727539,532500,167.303131103516,160.161299133301,159.345682983398,132.451924819946,163.457993478223,160.702805101298,67.7995395017589,1.71446190698947,1.20393817382447
"2024-07-23",172.759994506836,172.979995727539,171.800003051758,172.100006103516,341000,166.692932128906,160.636389160156,159.415341796875,132.788954429626,163.955676347559,161.146518214454,65.6832372313722,1.74323228589184,1.31179699623794
"2024-07-24",172.600006103516,174.449996948242,171.580001831055,172.839996337891,912900,167.40966796875,161.24320602417,159.506469421387,133.127231063843,164.487059673896,161.610455233291,66.9867392477731,1.77996184495166,1.40542996598069
"2024-07-25",172.910003662109,175.240005493164,171.75,173.399993896484,560600,167.952102661133,161.83597869873,159.600154724121,133.460875854492,165.020143210394,162.080206894613,67.9780862505891,1.81387744506842,1.48711946179824
"2024-07-26",174.539993286133,178.509994506836,173.789993286133,177.940002441406,1059500,172.349426269531,162.607453918457,159.771182861328,133.811547698975,166.147725219492,162.840889811273,74.6292329453643,2.03071563416994,1.59583869627258
"2024-07-29",177.940002441406,178.160003662109,176.369995117188,176.559997558594,758500,171.012802124023,163.268025970459,159.903139038086,134.152484321594,166.89619858942,163.446216649255,69.8781132528006,2.11077503712964,1.69882596444399
"2024-07-30",178.429992675781,179.759994506836,177.179992675781,179.339996337891,1211400,173.705459594727,164.151371002197,160.099938354492,134.502496948242,167.943777205621,164.206160571141,73.5335492955492,2.27617320901932,1.81429541335906
"2024-07-31",175.449996948242,177.190002441406,169.589996337891,171.25,1939300,165.86962890625,164.62403793335,160.121512145996,134.818766899109,167.624677467256,164.329380447816,53.2729468393359,2.00529997159364,1.85249632500597
"2024-08-01",171.929992675781,174.080001831055,169.869995117188,171.059997558594,1159200,165.685623168945,165.103970336914,160.153864746094,135.136978111267,167.326361421362,164.429842871604,52.9043183017478,1.76155282956787,1.83430762591835
"2024-08-02",169.330001831055,170.289993286133,166.009994506836,168.520004272461,943900,163.225387573242,165.42311630249,160.126601867676,135.43878692627,166.695442367805,164.340623960614,48.1107956057613,1.43288880767292,1.75402386226927
"2024-08-05",163.639999389648,164,160.710006713867,161.630004882812,1269800,156.551879882812,165.427960205078,160.133031616211,135.712092399597,165.134894293191,163.763679954851,38.0417867480327,0.837312851493244,1.57068166011406
"2024-08-06",161.639999389648,165.889999389648,160.809997558594,164.710006713867,860700,159.535110473633,165.5839012146,160.186207580566,136.008754844666,164.273389090182,163.450452585872,43.7129246674455,0.503477654109319,1.35724085891311
"2024-08-07",165.429992675781,165.880004882812,161.559997558594,162.350006103516,838700,157.249252319336,165.530629730225,160.17284362793,136.297469215393,163.192752663898,162.99110441798,40.6431544469955,0.123717332082629,1.11053615354702
"2024-08-08",162.350006103516,167.410003662109,161.449996948242,167.119995117188,571600,161.869384765625,165.548064422607,160.279067077637,136.614291496277,162.989157602625,162.908014073361,48.5132705827456,0.0498094152860507,0.898390805894823
"2024-08-09",167.009994506836,168.490005493164,166.630004882812,167.419998168945,524800,162.159973144531,165.481232452392,160.40537109375,136.93876625061,162.861590762918,162.852603634189,48.9715508917168,0.0055185661937962,0.719816357954618
"2024-08-12",167.419998168945,169.059997558594,165.880004882812,168.559997558594,834500,163.26416015625,165.405683898926,160.532356872559,137.267045173645,162.923524515739,162.883089302489,50.7648798830949,0.0248246846388023,0.580818023291455
"2024-08-13",168.350006103516,170.020004272461,167.190002441406,169.660003662109,538800,164.32958984375,165.208093261719,160.659827880859,137.603512496948,163.13984225851,162.990237490731,52.4995317740908,0.0917875635264576,0.483011931338455
"2024-08-14",169.660003662109,170.050003051758,168.220001220703,170,531900,164.658920288086,165.062805938721,160.806418151855,137.945823135376,163.373546570752,163.113843623868,53.0501659501981,0.159215760670017,0.418252697204768
"2024-08-15",171.300003051758,171.509994506836,169.839996337891,170.820007324219,727200,165.453140258789,165.050214385986,160.972170410156,138.29758895874,163.693484061219,163.287124856085,54.4223452190625,0.248861755323837,0.384374508828582
"2024-08-16",170.949996948242,172.080001831055,170.479995727539,172.059997558594,728200,166.654190063477,165.146588134765,161.143241882324,138.647873001099,164.148977292336,163.536537093669,56.4931507768688,0.374497472889379,0.382399101640741
"2024-08-19",172.589996337891,175.929992675781,172.589996337891,175.910003662109,612200,170.383224487305,165.300592803955,161.390628967285,139.010841255188,165.108092245408,164.043699122828,62.2309284385183,0.648847306097133,0.43568874253202
"2024-08-20",176.119995117188,177.369995117188,175.600006103516,176.479995727539,528600,170.935317993164,165.512712097168,161.661590881348,139.32411277771,166.004588514294,164.554189409519,63.0087605977082,0.881411229929219,0.524833240011459
"2024-08-21",177.490005493164,179,177.110000610352,178.460006713867,976400,172.853118896484,165.784884643555,161.983248291016,139.642585945129,167.058208573092,165.168924927072,65.6547711050081,1.14384933295066,0.6486364585993
"2024-08-22",178.630004882812,179.589996337891,177.509994506836,177.649993896484,542900,172.068542480469,165.990706634521,162.310422668457,139.951604423523,167.829029174227,165.680007708805,63.6489135416228,1.29709160154008,0.778327487187456
"2024-08-23",178.259994506836,180.399993896484,178.050003051758,179.759994506836,529600,174.112274169922,166.078849029541,162.626992492676,140.267598762512,168.795682250488,166.304620039258,66.5184555989392,1.49789116540568,0.922240222831102
"2024-08-26",180.009994506836,181.259994506836,178.949996948242,179.529998779297,624400,173.889495849609,166.22268371582,162.982680664063,140.590061683655,169.579345881122,166.866462691877,65.9077033057344,1.62578096609769,1.06294837148442
"2024-08-27",179.729995727539,180.710006713867,178.690002441406,180.649993896484,353000,174.974304199219,166.286125946045,163.406338195801,140.911367607117,170.409339468521,167.467043544273,67.473808537857,1.75694026835258,1.20174675085805
"2024-08-28",180.699996948242,182.360000610352,179.059997558594,180.080001831055,498800,174.42219543457,166.713754272461,163.789508666992,141.233346595764,171.026701924837,167.982239980591,65.8166771649292,1.81237132246688,1.32387166517982
"2024-08-29",180.550003051758,183.220001220703,179.759994506836,180.649993896484,648100,174.974304199219,167.178188323975,164.175585632324,141.552077407837,171.634025351665,168.500170663452,66.6974894690665,1.85985253063734,1.43106783827132
"2024-08-30",181.360000610352,183.880004882812,180.669998168945,183.289993286133,1180200,177.531372070312,167.893487548828,164.627525939941,141.884261169434,172.541309462226,169.169148545442,70.4901068449988,1.99336637074705,1.54352754476647
"2024-09-03",183.089996337891,183.830001831055,178.589996337891,180.100006103516,1209700,174.441604614258,168.7879737854,164.988807373047,142.189312477112,172.833662562538,169.559700846836,61.3921637008851,1.930860752497,1.62099418631257
"2024-09-04",179.990005493164,181.449996948242,179.350006103516,180.929992675781,721300,175.245498657227,169.57349319458,165.349894714355,142.498812522888,173.204714269414,169.980871055013,62.7396359889058,1.89659177199857,1.67611370344977
"2024-09-05",181.220001220703,181.619995117188,179.419998168945,180.779998779297,713800,175.100204467773,170.466040802002,165.746432189941,142.806203117371,173.496328146084,170.360080937439,62.3163048724325,1.84095193626761,1.70908135001334
"2024-09-06",180.910003662109,182.259994506836,179.210006713867,180.169998168945,627700,174.509399414062,171.098041534424,166.114687194824,143.108827476501,173.652185264235,170.667437861634,60.5278656103796,1.74886752856795,1.71703858572426
"2024-09-09",180.970001220703,184.419998168945,180.029998779297,182.940002441406,659300,177.192337036133,171.849659729004,166.520135498047,143.422195930481,174.196823998373,171.150763726411,65.3860571337444,1.77975266112784,1.72958140080498
"2024-09-10",183.070007324219,183.119995117188,179.419998168945,180.440002441406,584300,174.770874023438,172.424995422363,166.859525756836,143.727033729553,174.285139386844,171.41892004471,58.3997603108683,1.67205541919595,1.71807620448317
"2024-09-11",180.300003051758,183.050003051758,177.330001831055,182.740005493164,724100,176.998641967773,173.058448028564,167.278727416992,144.038003082275,174.702601322372,171.832232779751,62.3820579060041,1.67044826001861,1.70855061559026
"2024-09-12",182.080001831055,183.100006103516,180.770004272461,182.759994506836,580400,177.018005371094,173.676402282715,167.69076171875,144.345921821594,175.058817329868,172.216364082814,62.4157354459044,1.65051286629587,1.69694306573138
"2024-09-13",173.220001220703,174.649993896484,168.179992675781,172.679992675781,2016800,167.943862915039,173.800938415527,167.927899475098,144.606371650696,173.964208958356,171.89988251483,42.9917287333826,1.20088880418341,1.59773221342179
"2024-09-16",173.449996948242,174.039993286133,171.600006103516,172.619995117188,798000,167.885528564453,173.862505340576,168.148760681152,144.866911201477,173.029027359294,171.602522962951,42.8993018286464,0.831284046243841,1.4444425799862
"2024-09-17",172.619995117188,174.080001831055,171.419998168945,171.580001831055,790700,166.874084472656,173.687048339844,168.357142333984,145.124253425598,172.082113069042,171.252268259966,41.2436361533534,0.484574492068068,1.25246896240257
"2024-09-18",171.880004882812,172.589996337891,169.270004272461,169.869995117188,975300,165.210983276367,173.400831604004,168.533036193848,145.367366790771,171.025016177861,170.804765668588,38.6052960113652,0.128948690869746,1.02776490809601
"2024-09-19",172.139999389648,173,170.809997558594,171.759994506836,891700,167.04914855957,173.110633087158,168.707725524902,145.6129945755,170.413344236585,170.526571808661,42.9492550823736,-0.066398785171462,0.808932169442514
"2024-09-20",170,171.759994506836,169.259994506836,171,1447100,166.309997558594,172.822705841064,168.803511657715,145.852351531982,169.782060132279,170.214232975323,41.6724142296719,-0.2538993569981,0.596365864154391
"2024-09-23",172,175.970001220703,171.600006103516,175.809997558594,1014900,170.988037109375,172.666493988037,168.953340148926,146.115098686218,169.967595051832,170.271551800067,51.4998387997969,-0.178512937141673,0.441390103895178
"2024-09-24",175,175.850006103516,173.789993286133,175.809997558594,685000,170.988037109375,172.521421051025,169.077598266602,146.37355381012,170.124586137608,170.324624785942,51.4998387997969,-0.117445524148518,0.329622978286439
"2024-09-25",175.410003662109,175.839996337891,172.429992675781,173.149993896484,611400,168.401000976562,172.192755889892,169.079990234375,146.622364234924,169.859419189755,170.182134133395,46.4773910054953,-0.189629155424409,0.225772551544269
"2024-09-26",173.850006103516,175.179992675781,173.279998779297,174.830001831055,475500,170.034957885742,171.973394012451,169.129396057129,146.878390808105,169.886425142984,170.171232189125,49.806872508874,-0.167364978484985,0.147145045538419
"2024-09-27",174.289993286133,175.770004272461,173.639999389648,173.990005493164,800300,169.217971801758,171.685577392578,169.199656066895,147.127423477173,169.78358616741,170.100620308579,48.192594313497,-0.186380355693794,0.0804399652919761
"2024-09-30",174.270004272461,176.149993896484,173.350006103516,176.029998779297,1172400,171.202026367188,171.369110107422,169.32916229248,147.38480266571,170.001807736607,170.18220594255,52.2408620201266,-0.10600297777541,0.0431513766784988
"2024-10-01",176.139999389648,176.360000610352,172.690002441406,172.729995727539,602300,167.992523193359,171.046656036377,169.342950134277,147.619648742676,169.692687037646,170.020007220388,45.9815085728094,-0.192518626538851,-0.00398262396497118
"2024-10-02",172.699996948242,174.589996337891,171.539993286133,172.050003051758,603000,167.331192016602,170.650940704346,169.355715332031,147.853874053955,169.329380111331,169.820835723811,44.7906174414801,-0.289396533932362,-0.0610654059584494
"2024-10-03",171.190002441406,171.880004882812,168.559997558594,169.130004882812,791000,164.491287231445,170.120494842529,169.297347717285,148.071357765198,168.58505812981,169.426054354006,39.9997358743363,-0.496379513412104,-0.14812822744918
"2024-10-04",170.529998779297,170.940002441406,167.919998168945,170.029998779297,660300,165.366592407227,169.663354492187,169.245637512207,148.291635131836,168.089909557105,169.125353469059,42.0569071843509,-0.612234588555471,-0.240949499670439
"2024-10-07",164,165,160.940002441406,163.130004882812,1238800,158.655838012695,168.736529541016,168.97176574707,148.475576782227,166.638513934888,168.349833805625,32.77800918582,-1.01652602325268,-0.396064804386888
"2024-10-08",164.460006713867,165.130004882812,163.660003662109,164.630004882812,821900,160.114715576172,168.003721618652,168.753804016113,148.671561355591,165.634852648932,167.739825047888,36.0796541383357,-1.25490318018096,-0.567832479545701
"2024-10-09",164.630004882812,165.410003662109,163.699996948242,165.309997558594,704300,160.776031494141,167.192591094971,168.495215454102,148.864281349182,164.887341702041,167.223988488351,37.5763816849142,-1.39731554511557,-0.733729092659676
"2024-10-10",164.410003662109,165.979995727539,163.100006103516,165.699996948242,644500,161.155334472656,166.399457550049,168.40092956543,149.05582824707,164.313186743674,166.774458561262,38.466357529637,-1.4758086093167,-0.88214499599108
"2024-10-11",165.899993896484,166.800003051758,165.529998779297,165.889999389648,531600,161.340118408203,166.069270324707,168.314019470215,149.24422203064,163.85579161514,166.371914846221,38.9232018036463,-1.51234854356677,-1.00818570550622
"2024-10-14",166.210006713867,168.559997558594,166.100006103516,167.960006713867,586600,163.353363037109,165.84266204834,168.316578979492,149.4438331604,163.778494910828,166.148318415916,43.8173260154633,-1.42633011738132,-1.09181458788124
"2024-10-15",167.699996948242,168.710006713867,166.360000610352,166.839996337891,857800,162.264068603516,165.612161254883,168.430822753906,149.637566223145,163.545506248164,165.86059620759,41.8627184701471,-1.39580467715711,-1.15261260573641
"2024-10-16",166.869995117188,167.919998168945,166.869995117188,167.100006103516,434400,162.516937255859,165.477458953857,168.490459289551,149.833618812561,163.387264864733,165.612917766721,42.5039079967817,-1.34388846715676,-1.19086777802048
"2024-10-17",168.029998779297,168.699996948242,166.320007324219,166.520004272461,518400,161.952850341797,165.222644042969,168.58453125,150.036347885132,163.166585707358,165.341801661172,41.4068253437984,-1.31558742674833,-1.21581170776605
"2024-10-18",168.229995727539,168.789993286133,166.399993896484,167.580001831055,741000,162.983779907227,165.0563331604,168.606819152832,150.255790977478,163.138461738107,165.167133383102,44.2395502834764,-1.22825383200728,-1.2183001326143
"2024-10-21",166.929992675781,167.800003051758,166.320007324219,166.470001220703,463600,161.904251098633,164.602143859863,168.601704711914,150.471467208862,162.948583178188,164.925438399067,41.9523530007637,-1.19863572294746,-1.21436725068093
"2024-10-22",165.210006713867,165.320007324219,162.570007324219,163,827800,158.529388427734,163.979211425781,168.507009277344,150.674873695374,162.268707062733,164.451656919709,35.7327103379132,-1.32741128782983,-1.23697605811071
"2024-10-23",162.320007324219,162.710006713867,160.949996948242,161.580001831055,707900,157.148330688477,163.416577911377,168.363384094238,150.870559501648,161.480956851309,163.910669791469,33.5412729616507,-1.482339705677,-1.28604878762397
"2024-10-24",163.089996337891,163.740005493164,161.279998779297,161.929992675781,969900,157.488754272461,162.789267730713,168.219980773926,151.073415336609,160.866771839179,163.434972345617,34.6058919630945,-1.57138981307327,-1.34311699271383
"2024-10-25",161.970001220703,163.279998779297,161.970001220703,162.300003051758,757500,157.848602294922,162.220799255371,168.067890014648,151.271499328613,160.402438063139,163.021167156677,35.7770529298598,-1.60637366251982,-1.39576832667503
"2024-10-28",163.210006713867,166.389999389648,163.110000610352,166.289993286133,950600,161.72917175293,161.747156524658,167.969389648437,151.489321937561,160.606550938492,162.925463793436,46.8347956452106,-1.42329676463857,-1.40127401426774
"2024-10-29",164.559997558594,167.889999389648,164.009994506836,166.270004272461,1378100,161.709701538086,161.433015441894,167.795919189453,151.703833580017,160.776266415352,162.835407330077,46.791264409346,-1.26455354427336,-1.37392992026886
"2024-10-30",186.100006103516,207.220001220703,186.100006103516,204.919998168945,3031900,199.299652099609,163.031438446045,168.363205871582,152.107542037964,166.702941136007,165.53646249819,81.8554639612627,0.704665679218364,-0.958210800371416
"2024-10-31",204.5,204.800003051758,197.949996948242,198.350006103516,2064600,192.909851074219,164.452366638184,168.764340515137,152.480356712341,170.734773434194,167.56412091123,73.0436789472646,1.89220252266524,-0.388128135764084
"2024-11-01",198.779998779297,201.059997558594,196.309997558594,198.179992675781,1708200,192.744506835938,165.821262359619,169.177859802246,152.847979927063,174.120886265231,169.42933468343,72.8252126769296,2.76903146114986,0.243303783618705
"2024-11-04",197.070007324219,200.880004882812,196.389999389648,200.240005493164,937000,194.748001098633,167.625870513916,169.59057434082,153.219864883423,177.294288547293,171.304791454927,73.8459735956457,3.49639787743028,0.89392260238102
"2024-11-05",200.479995727539,204.839996337891,200.339996337891,204.229995727539,1189200,198.628570556641,169.551563262939,170.085355834961,153.605253105164,180.5764857795,173.328775092091,75.746298865322,4.1814815131296,1.55143438453074
"2024-11-06",207.059997558594,210.330001831055,205.419998168945,209.669998168945,1079000,203.919372558594,171.708730316162,170.664257202148,154.015464515686,184.16769913013,175.594745274795,78.0843522751173,4.882238270809,2.21759516178639
"2024-11-07",210.139999389648,212.279998779297,209.529998779297,210.339996337891,903300,204.570999145508,173.879513549805,171.267233276367,154.438239173889,187.306668363265,177.741134450403,78.3610304811312,5.38172209963663,2.85042054935644
"2024-11-08",210.919998168945,214.619995117188,210.449996948242,212.720001220703,1143300,206.885726928711,176.15679397583,171.905461730957,154.872923126221,190.318831219488,179.8999931525,79.3579482018298,5.79146106923738,3.43862865333263
"2024-11-11",213,214.830001831055,211.970001220703,212.559997558594,807500,206.730102539062,178.325630950928,172.489436340332,155.308267974854,192.84364219173,181.887408662616,79.0941150703479,6.0236349561926,3.95562991390462
"2024-11-12",212.229995727539,214.039993286133,211.949996948242,213.580001831055,1160700,207.722122192383,180.598533630371,173.155046691895,155.746414489746,195.132639114907,183.801091146302,79.5605965607901,6.16511463448575,4.39752685802085
"2024-11-13",214.029998779297,214.529998779297,212.830001831055,212.979995727539,788600,207.138595581055,182.829616546631,173.792908630371,156.197615432739,196.979709340468,185.529795178506,78.4516943187902,6.17146919768112,4.7523153259529
"2024-11-14",213.919998168945,215.550003051758,211.169998168945,211.369995117188,1037100,205.57275390625,185.010611724854,174.402359619141,156.652354660034,198.301716196743,187.014458787969,75.4141680698709,6.03549986558587,5.0089522338795
"2024-11-15",210.369995117188,211.75,208.160003662109,208.429992675781,691200,202.71337890625,186.997091674805,174.966439208984,157.085506477356,198.980433536667,188.177341759693,70.0782527504864,5.74090997138721,5.15534378138104
"2024-11-18",208.600006103516,211.009994506836,208.080001831055,209.270004272461,938800,203.530334472656,189.078395843506,175.493199157715,157.525620918274,199.68041829605,189.314600479172,70.7157841615404,5.47544552329353,5.21936412976354
"2024-11-19",207.279998779297,209.300003051758,206.610000610352,207.369995117188,745800,201.68244934082,191.23604888916,176.031430664062,157.959038124084,199.988423072168,190.230737431887,67.226652621614,5.12939484544419,5.20137027289967
"2024-11-20",206.240005493164,207.130004882812,204.160003662109,205.589996337891,855600,199.951293945312,193.376197052002,176.490483703613,158.374542388916,199.982710898806,190.950778655103,64.0388580563617,4.72997926864493,5.10709207204872
"2024-11-21",207.539993286133,210.059997558594,207.139999389648,209.110000610352,577300,203.374755859375,195.670497131348,177.017618713379,158.807547721863,200.504563969663,191.871073262827,67.337342816085,4.49963121590986,4.98559990082095
"2024-11-22",209.339996337891,211.270004272461,209.279998779297,210.330001831055,776400,204.561294555664,198.006131744385,177.749967346191,159.243655853271,201.128676367509,192.811089654889,68.4185626130773,4.31385286370582,4.85125049339793
"2024-11-25",212.289993286133,216.440002441406,212.119995117188,214.520004272461,1721800,208.636352539062,200.351490783691,178.564983825684,159.69558265686,202.283703470825,193.983331350013,71.863413685368,4.27890997800993,4.73678239032033
"2024-11-26",214.5,215.479995727539,210.75,212.850006103516,1160600,207.012161254883,202.616613769531,179.367745361328,160.137709732056,203.011158514526,194.948429861485,68.6492893644592,4.13582641253891,4.61659119476404
"2024-11-27",213.75,215.110000610352,211.029998779297,212.089996337891,602100,206.272994995117,202.965280914307,180.188985595703,160.58813205719,203.51297951154,195.78728653805,67.1767614609714,3.94596253418549,4.48246546264833
"2024-11-29",212.029998779297,213.229995727539,211.779998779297,212.600006103516,394800,206.769012451172,203.658238983154,180.983382873535,161.032832565308,204.013907656099,196.6007477168,67.6777963389058,3.77066721535431,4.34010581318953
"2024-12-02",213.800003051758,215.149993896484,213.220001220703,213.460006713867,903100,207.605438232422,204.401285552978,181.809291687012,161.476295280457,204.566450821687,197.415909977216,68.5496178691058,3.62206918646821,4.19649848784526
"2024-12-03",213.869995117188,214.5,211.199996948242,212.449996948242,461700,206.623107910156,204.995040893555,182.521993103027,161.923288040161,204.882859604528,198.097924638916,66.2882158261244,3.42504091245783,4.04220697276778
"2024-12-04",212.309997558594,215.990005493164,211.550003051758,215.770004272461,706700,209.852066040039,205.556215667725,183.299273681641,162.383787536621,205.647352902299,198.96860177974,69.8133613133822,3.35668596091012,3.90510277039625
"2024-12-05",215.830001831055,217.759994506836,215.779998779297,216.589996337891,958100,210.64958190918,205.892726135254,184.144245300293,162.796329345703,206.416926595665,199.833859567106,70.6302395310602,3.29427007155878,3.78293623062875
"2024-12-06",217.729995727539,219.539993286133,216.809997558594,218.580001831055,661100,212.585006713867,206.293426513672,184.995246276855,163.216821517944,207.365861998466,200.778388985384,72.5701748536698,3.28096716303521,3.68254241711005
"2024-12-09",217.690002441406,220.5,216.100006103516,219.330001831055,846700,213.314437866211,206.614862060547,185.877175598145,163.633430480957,208.28102751658,201.706985198779,73.2863395933702,3.25920409316665,3.59787475232137
"2024-12-10",219.5,220.779998779297,216.5,219.210006713867,1093000,213.197708129883,206.938242340088,186.717089233398,164.050846786499,209.037439918627,202.558149860342,72.9580591219016,3.19873086457008,3.51804597477111
"2024-12-11",220.75,222.970001220703,220.380004882812,220.770004272461,864400,214.714920043945,207.287882232666,187.65153717041,164.478391342163,209.910898399445,203.458651355424,74.553564929241,3.17128173269459,3.4486931263558
"2024-12-12",219.820007324219,219.830001831055,215.669998168945,215.970001220703,605700,210.046600341797,207.433282470703,188.505845336914,164.870075531006,209.931775621345,203.946647576637,62.3615271068017,2.93465380079845,3.34588526124433
"2024-12-13",216.039993286133,216.25,214.460006713867,215.399993896484,731700,210.222259521484,207.665757751465,189.420464782715,165.262398147583,209.976465452136,204.411507720699,62.6093071602328,2.72242878763966,3.2211939665234
"2024-12-16",215.300003051758,220.410003662109,214.460006713867,214.619995117188,723800,209.461013793945,208.00313949585,190.302353210449,165.650530929565,209.89716519703,204.785545207606,60.7430576846455,2.49608437169779,3.07617204755828
"2024-12-17",213.860000610352,213.860000610352,209.740005493164,210.889999389648,867600,205.820663452148,208.117655944824,191.245649719238,166.009717941284,209.270011082432,204.862220633128,52.6593711220841,2.1515877528234,2.8912551886113
"2024-12-18",210.889999389648,210.889999389648,206.149993896484,206.229995727539,884000,201.272659301758,208.097166442871,192.06880859375,166.344150390625,208.039649270021,204.596327201175,44.6625296319095,1.68298332426102,2.64960081574125
"2024-12-19",207,208.690002441406,204.460006713867,205.419998168945,733400,200.482147216797,208.123709106445,192.862930908203,166.675301818848,206.876956646448,204.291573128258,43.428045675935,1.265536056432,2.3727878638794
"2024-12-20",205.419998168945,210.039993286133,203.690002441406,208.990005493164,2545400,203.966339111328,208.153288269043,193.719151000977,167.016775588989,206.429169333353,204.267481719596,49.9892523194537,1.05826321231282,2.10988293356608
"2024-12-23",207.649993896484,210.009994506836,206.5,209.300003051758,527300,204.26887512207,208.138667297363,194.577726135254,167.357315750122,206.096816377771,204.267584934594,50.5258155046323,0.89550745105349,1.86700783706356
"2024-12-24",210.190002441406,211.070007324219,208.979995727539,211.020004272461,223000,205.947540283203,208.00422668457,195.429609680176,167.686823730469,206.07385082476,204.392026071528,53.506535092667,0.82284264487078,1.65817479862501
"2024-12-26",209.880004882812,211.779998779297,209.100006103516,210.669998168945,839000,205.60595703125,207.933916473389,196.29644744873,168.002824783325,206.00186716422,204.48194688336,52.8093145369265,0.743302919415001,1.47520042278301
"2024-12-27",209.690002441406,211.520004272461,208.190002441406,209.360000610352,670700,204.327438354492,207.836638641357,197.132657470703,168.312912750244,205.744262731954,204.470501807147,50.1739722502829,0.622955836440697,1.30475150551454
"2024-12-30",207.029998779297,208.5,205.259994506836,207.460006713867,428200,202.473114013672,207.621843719482,197.943062744141,168.616572952271,205.241009082988,204.322547155779,46.5459363371457,0.449515699561531,1.13370434432394
"2024-12-31",207.690002441406,208.179992675781,206.080001831055,206.259994506836,496100,201.301940917969,207.30666885376,198.709425964355,168.920547180176,204.634998596062,204.098798545571,44.3639914512691,0.262715926949286,0.959506660849011
"2025-01-02",207.789993286133,208.289993286133,203.300003051758,204.550003051758,831500,199.633071899414,206.957167053223,199.464002380371,169.214923934937,203.865471411962,203.768003979189,41.3867812051632,0.047832550189586,0.777171838717126
"2025-01-03",205.529998779297,207.350006103516,204.509994506836,207.149993896484,623400,202.170562744141,206.573091888428,200.336825866699,169.519722595215,203.604716232297,203.649674998815,47.1899160826593,-0.0220765225957376,0.617322166454553
"2025-01-06",208.75,210.479995727539,206.899993896484,207.830001831055,643400,202.834228515625,206.18232421875,201.250543823242,169.826875457764,203.486179660502,203.589271555615,48.6226592102136,-0.0506371943502004,0.483730294293602
"2025-01-07",208,211.5,207.580001831055,208.550003051758,596000,203.536911010742,205.729919433594,202.171506958008,170.130504302979,203.493984483616,203.585392996736,50.1643111737087,-0.044899347529237,0.378004365929035
"2025-01-08",208.020004272461,211.630004882812,207.75,211.389999389648,675800,206.308654785156,205.379630279541,203.140708007812,170.452089157104,203.927010683853,203.787116092174,55.7984880014839,0.0686474171482043,0.316132976172869
"2025-01-10",209,210.070007324219,206.75,209.160003662109,742300,204.132263183594,204.926358032227,203.988769836426,170.765732192993,203.958587991505,203.812682543391,50.9296088790252,0.0715880122343693,0.267223983385169
"2025-01-13",206.320007324219,208.559997558594,205.259994506836,208.440002441406,719000,203.429565429688,204.362090301514,204.823167114258,171.072391204834,203.877199905072,203.784303497931,49.4298814379679,0.0455856538241095,0.222896317472957
"2025-01-14",209.669998168945,213.240005493164,209.669998168945,212.270004272461,779200,207.167495727539,204.218135070801,204.980523986816,171.394944152832,204.383399262374,204.034910329754,56.7292276193723,0.170798679528472,0.21247678988406
"2025-01-15",215.5,216.550003051758,212.800003051758,213.449996948242,700900,208.319137573242,204.122978973389,205.288709716797,171.718965454102,204.988897464046,204.352260495938,58.7068306899167,0.311538989861404,0.232289229879529
"2025-01-16",214.580001831055,215.440002441406,212.889999389648,214.559997558594,511200,209.402450561523,204.120050811768,205.621868591309,172.055681838989,205.667905632889,204.726348648945,60.5340401966022,0.459910016545462,0.277813387212715
"2025-01-17",216.020004272461,216.830001831055,214.600006103516,215.699996948242,746900,210.515060424805,204.354770660401,205.937209777832,172.405769729614,206.413621754722,205.155142113823,62.3754687216855,0.613428270884264,0.344936363947025
"2025-01-21",215.889999389648,218.369995117188,215.699996948242,217.820007324219,663800,212.584091186523,204.920342254639,206.21632019043,172.764756774902,207.36292474423,205.705434637727,65.5907307540256,0.805759025969421,0.437100896351504
"2025-01-22",217.910003662109,219,215.289993286133,216.199996948242,502300,211.003021240234,205.446385955811,206.357993164062,173.121333465576,207.922939589769,206.097848460135,61.2810945887087,0.885545940081589,0.526789905097521
"2025-01-23",216.160003662109,216.160003662109,212.160003662109,215.580001831055,790700,210.397933959961,205.767965698242,206.474531860352,173.462207717895,208.303707954414,206.416373311974,59.6653527401742,0.914333786684507,0.604298681414918
"2025-01-24",214.850006103516,215.350006103516,213.660003662109,214.229995727539,499500,209.080368041992,206.008540344238,206.518424682617,173.789408493042,208.423194121734,206.613706254938,56.1911708421179,0.875783073443781,0.658595559820691
"2025-01-27",214.589996337891,215.800003051758,213.119995117188,214.910003662109,696500,209.744049072266,206.198365783692,206.578703613281,174.122916183472,208.626402575662,206.845583500666,57.5325700794543,0.860941309384988,0.69906470973355
"2025-01-28",215.910003662109,220.529998779297,214.460006713867,217.779998779297,864300,212.545074462891,206.545321655274,206.675162658691,174.482093658447,209.229275173697,207.267768016386,62.7206542681856,0.946363815311346,0.74852453084911
"2025-01-29",218.479995727539,218.479995727539,212.880004882812,214.339996337891,714700,209.187744140625,206.78833694458,206.716145629883,174.82390625,209.222885783994,207.409988470034,54.1772713059381,0.874064613441594,0.773632547367607
"2025-01-30",214.210006713867,218.419998168945,213.240005493164,217.039993286133,650400,211.822830200195,207.255822753906,206.841147155762,175.193210067749,209.62287723264,207.736865635231,58.9083316016352,0.9078848819837,0.800483014290825
"2025-01-31",217.039993286133,219.720001220703,215.399993896484,215.850006103516,622100,210.66145324707,207.723798370361,207.000108642578,175.563792495728,209.782658157937,207.953501754626,56.1563864547546,0.879598750623023,0.816306161557265
"2025-02-03",211.960006713867,216.350006103516,208.490005493164,215.490005493164,1008600,210.310089111328,208.257649230957,207.135703735352,175.92996711731,209.863801381536,208.128063781049,55.3144667187061,0.833975759421279,0.819840081130068
"2025-02-04",216.210006713867,218.660003662109,215.75,218.220001220703,589600,212.974456787109,208.797843933106,207.361543884277,176.314862136841,210.342363751624,208.487055855572,60.1886299456392,0.88989116779381,0.833850298462816
"2025-02-05",219.089996337891,220.520004272461,216.300003051758,218.850006103516,522600,213.589340209961,209.335599517822,207.63430480957,176.704518585205,210.841898591368,208.865002844786,61.2393982079944,0.946494491492822,0.856379137068818
"2025-02-06",219.929992675781,220,216.580001831055,219.779998779297,581300,214.496948242188,209.883601379395,207.856748657227,177.1044972229,211.404213922263,209.282183985334,62.8001410293291,1.01395632275989,0.887894574207032
"2025-02-07",219.529998779297,223.330001831055,216.940002441406,217.669998168945,623800,212.437683105469,210.19005279541,208.014276428223,177.486949386597,211.563209181218,209.5159246609,57.1748559857053,0.977149838911773,0.90574562714798
"2025-02-10",218.25,219.490005493164,213.880004882812,215.729995727539,913400,210.544311523438,210.510655212403,208.05243560791,177.852752609253,211.406455695406,209.592101465532,52.5169405137257,0.865659639455485,0.897728429609481
"2025-02-11",215.630004882812,215.75,209.800003051758,211.570007324219,860800,206.484313964844,210.66339263916,208.041878662109,178.196906280518,210.649203121473,209.361894984,44.2012925685628,0.614872222842622,0.841157188256109
"2025-02-12",208.020004272461,211.160003662109,201.630004882812,209.630004882812,953000,204.590957641602,210.534565734863,208.008237915039,178.530436325073,209.717165355339,209.008492217896,40.9452403077623,0.339064279122314,0.74073860642935
"2025-02-13",210.300003051758,210.509994506836,206.839996337891,210.229995727539,784900,205.176528930664,210.377435302735,207.976388244629,178.864869842529,209.018605905389,208.724643085509,42.3594589247146,0.140837620098444,0.620758409163169
"2025-02-14",211.119995117188,213.729995727539,209.320007324219,212.619995117188,892200,207.509078979492,210.282766723633,207.97446105957,179.202627334595,208.786370993713,208.634601299878,47.7292372832316,0.0727442585694682,0.511155579044429
"2025-02-18",213.5,215.020004272461,209.699996948242,214.779998779297,1358500,209.617141723633,210.237870788574,208.03434173584,179.554347305298,208.914181875239,208.707382072008,52.0746483389379,0.0990860031773177,0.428741663871007
"2025-02-19",238,246.5,229.330001831055,241.929992675781,3142800,236.114532470703,211.414392852783,208.559591064453,179.947212524414,213.098851197618,210.7375413608,77.4502959502254,1.12049795284233,0.56709292166527
"2025-02-20",239.080001831055,240.639999389648,226.25,229.009994506836,1635300,223.505096435547,212.039496612549,208.81670135498,180.26782409668,214.699812003453,211.683286181152,60.9197506643056,1.42501842101985,0.738678021536187
"2025-02-21",229.899993896484,230.139999389648,222.449996948242,224.710006713867,1072600,219.308456420898,212.485022735596,208.951170349121,180.564367523193,215.408834221522,212.248113606318,56.5906330218899,1.48916311268905,0.88877503976676
"2025-02-24",226.679992675781,229,222.429992675781,222.809997558594,842100,217.454147338867,212.90371170044,209.033964538574,180.842432937622,215.723497778036,212.633745734655,54.7396254983442,1.4530864010819,1.00163731202979
"2025-02-25",223.080001831055,226.720001220703,222.25,226.039993286133,1030100,220.606491088867,213.44683380127,209.182140197754,181.126234207153,216.474727518164,213.224319464597,57.2967989696934,1.5244077512965,1.10619139988313
"2025-02-26",225,228.610000610352,224.229995727539,226.919998168945,773300,221.46533203125,213.892846679688,209.3171484375,181.414329681396,217.24251282787,213.834764839904,57.9931465212248,1.5936360911738,1.20368033814126
"2025-02-27",227.570007324219,229.940002441406,223.809997558594,224.059997558594,884600,218.674087524414,214.367163848877,209.489698181152,181.691650161743,217.462755088876,214.193233186905,54.8619748193297,1.52643566434167,1.26823140338135
"2025-02-28",225.059997558594,229.490005493164,224.229995727539,228.929992675781,1207400,223.427017211914,214.947373199463,209.753793334961,181.994518814087,218.380333877036,214.877217188758,58.9284616653593,1.63028762849307,1.34064264840369
"2025-03-03",228,231.440002441406,224.619995117188,226.220001220703,1050900,220.782180786133,215.453409576416,209.980216674805,182.282090530396,218.749848786128,215.314621899674,55.9099818244946,1.59544524015385,1.39160316675372
"2025-03-04",225.089996337891,225.570007324219,216.860000610352,220.119995117188,1142300,214.828811645508,215.679345703125,210.160379638672,182.537244491577,218.146612302956,215.278635954921,49.734515660694,1.33221596063759,1.3797257255305
"2025-03-05",220.309997558594,225.089996337891,220.229995727539,224.809997558594,791200,219.406051635742,216.000925445557,210.523047485352,182.812199783325,218.340372200307,215.584370449797,53.9463386748383,1.27838662179469,1.35945790478334
"2025-03-06",223.190002441406,227.300003051758,221.610000610352,221.910003662109,811200,216.575759887695,216.150246429444,210.84491973877,183.075751113892,218.068893382982,215.657806704456,51.0953603656951,1.118015023602,1.31116932854707
"2025-03-07",219.860000610352,220.520004272461,210.160003662109,219.339996337891,1082700,214.06755065918,216.128776550293,211.046943969727,183.322134170532,217.453302194705,215.540009960361,48.6420039973966,0.88767381735555,1.22647022630877
"2025-03-10",215.240005493164,219.389999389648,212.589996337891,215.320007324219,937900,210.144180297852,216.014101409912,211.164450073242,183.552515106201,216.328821902882,215.14031887425,45.002082547275,0.552431564130296,1.09166249387307
"2025-03-11",216.220001220703,220.160003662109,212.860000610352,213.210006713867,952800,208.084884643555,215.891130065918,211.207196960449,183.769996871948,215.060523862985,214.61769411642,43.1758118756755,0.206334220665205,0.914596839231498
"2025-03-12",216.309997558594,217.949996948242,212.919998168945,215.610000610352,814800,210.427185058594,216.088273620606,211.303621520996,184.040980834961,214.347702508463,214.307286038063,45.8667588451166,0.01885912100692,0.735449295586582
"2025-03-13",214.059997558594,215.949996948242,208.210006713867,209.369995117188,1058600,204.337203979492,216.0755859375,211.303816833496,184.278285293579,212.807625811699,213.568761441132,40.4970218216651,-0.356389026324377,0.517081631204391
"2025-03-14",210.509994506836,214.259994506836,210.509994506836,213.899993896484,916300,209.5087890625,216.292198944092,211.444530334473,184.536241989136,212.300112465668,213.268022746418,46.2515931222446,-0.453846886319687,0.322895927699575
"2025-03-17",212.690002441406,212.979995727539,205.720001220703,212.440002441406,1376600,208.07878112793,216.320684051514,211.580067138672,184.793844833374,211.650676875247,212.883634478382,44.9568905976853,-0.579169745084596,0.142482793142741
"2025-03-18",211.610000610352,211.910003662109,204.800003051758,206.630004882812,1239400,202.388076782227,215.959230804443,211.635167236328,185.026561355591,210.225661476321,212.106185760148,40.1413254160829,-0.886595681822411,-0.0633329018502894
"2025-03-19",207.330001831055,210.479995727539,205.699996948242,208.770004272461,1088700,204.484115600586,214.377709960938,211.681438293457,185.264407577515,209.342346726208,211.541587970551,42.5809606872021,-1.03962595035906,-0.258591511552043
"2025-03-20",207.449996948242,211.220001220703,207.399993896484,208.710006713867,1093400,204.425369262695,213.423723602295,211.713261108398,185.496754226685,208.585888654898,211.014460658858,42.5286433661722,-1.15090311648653,-0.437053832538941
"2025-03-21",206.869995117188,210.339996337891,204.639999389648,210.190002441406,4656100,205.874969482422,212.752049255371,211.760022277832,185.739482040405,208.168824166825,210.633757608752,44.3457503772598,-1.17024615138163,-0.583692296307478
"2025-03-24",213.440002441406,215.320007324219,211.820007324219,214.470001220703,901900,210.067108154297,212.382697296143,211.835191345215,186.003989944458,208.460867857205,210.591783575088,49.3347275306946,-1.01187030268133,-0.669327897582248
"2025-03-25",214.779998779297,219.179992675781,213.820007324219,218.570007324219,1079300,214.082962036133,212.056520843506,212.034205322266,186.283901672363,209.325805423194,210.850389387018,53.6235460320927,-0.723064334031276,-0.680075184872054
"2025-03-26",218.139999389648,219.899993896484,216.789993286133,216.830001831055,781600,212.378646850586,211.602186584473,212.213186950684,186.55572555542,209.7954733351,210.963593643578,51.6261963336624,-0.55370705831419,-0.654801559560481
"2025-03-27",215.630004882812,218.5,214.360000610352,216.960006713867,736800,212.505996704102,211.293782043457,212.319956970215,186.83131942749,210.212476930331,211.077845722136,51.7707543789505,-0.409976134086221,-0.605836474465629
"2025-03-28",216.139999389648,217.889999389648,212.419998168945,213.660003662109,608500,209.273742675781,210.58611831665,212.339049072266,187.093836898804,210.068056275785,210.944208459443,47.8613658305442,-0.415347825880641,-0.567738744748632
"2025-03-31",212.940002441406,218.539993286133,212.389999389648,217.130004882812,1059000,212.672485351562,210.180633544922,212.404449768066,187.37865020752,210.468737672059,211.07222896997,51.9685791505632,-0.28591695878537,-0.511374387555979
"2025-04-01",216.149993896484,219.5,213.309997558594,217.570007324219,900100,213.103485107422,210.094367218018,212.456218261719,187.652748718262,210.874083431345,211.222692387559,52.4798008555812,-0.16504332573043,-0.442108175190869
"2025-04-02",214.25,219.119995117188,213.740005493164,218.070007324219,911300,213.593185424805,209.803723907471,212.476400146484,187.940189208984,211.292406814954,211.398284464392,53.0907157334037,-0.0500844411797763,-0.363703428388651
"2025-04-03",189.240005493164,191,181.919998168945,185.339996337891,2810000,181.535125732422,208.051692199707,211.887042236328,188.078907699585,206.714363571488,209.186198632394,27.849466018,-1.18164347221117,-0.527291437153155
"2025-04-04",179.520004272461,183.130004882812,175.110000610352,178.460006713867,2506500,174.796371459961,206.088133239746,211.175010986328,188.17657119751,201.803903246638,206.638804027029,25.1433720950715,-2.33978356734916,-0.889789863192356
"2025-04-07",174.210006713867,186.949996948242,169.259994506836,180.860000610352,1646200,177.147094726562,204.438278961182,210.53634552002,188.283954391479,198.010548089703,204.454232967735,27.7796556313705,-3.15165148918634,-1.34216218839115
"2025-04-08",186.529998779297,187.820007324219,170.080001831055,173.630004882812,1791000,170.065505981445,202.537310028076,209.742774658203,188.359610137939,193.711310842279,201.906919857639,24.9311443082265,-4.05910259100551,-1.88555026891402
"2025-04-09",170.020004272461,195.820007324219,170,192.710006713867,2155200,188.753845214844,201.453643035889,209.266950073242,188.521491699219,192.948623822673,200.932618032247,41.8709676263135,-3.97346846309075,-2.30313390774937
"2025-04-10",188.550003051758,190.190002441406,181.369995117188,186.830001831055,1061200,182.994537353516,200.38650970459,208.7430859375,188.650508728027,191.417225904341,199.603871315304,38.9536638046837,-4.10144620793989,-2.66279636778747
"2025-04-11",185.440002441406,190.679992675781,184.059997558594,189.779998779297,701000,185.883972167969,199.205268859863,208.224308776855,188.803561935425,190.565956098746,198.587582489576,41.1683243670021,-4.03933936365384,-2.93810496696075
"2025-04-14",194.619995117188,195.119995117188,190.940002441406,192.100006103516,820200,188.156341552734,198.209146881103,207.774206542969,188.963860397339,190.19524616859,197.814897975735,42.9220695745525,-3.85190998510138,-3.12086597058887
"2025-04-15",191.580001831055,194.080001831055,190.990005493164,192.309997558594,579400,188.362030029297,197.507844543457,207.335245361328,189.12107093811,189.913212916391,197.114685535259,43.0874480767169,-3.65344296865152,-3.2273813702014
"2025-04-16",190.690002441406,192.990005493164,186.509994506836,188.960006713867,749100,185.080810546875,196.537679290771,206.777372436523,189.257468185425,189.169766398004,196.223287387971,41.0444171869681,-3.5946401081441,-3.30083311778994
"2025-04-17",191.860000610352,191.919998168945,188.429992675781,190.610000610352,804200,186.696929931641,195.651257324219,206.239524230957,189.410760040283,188.789330018564,195.517631280095,42.4908034923471,-3.44127596957853,-3.32892168814766
"2025-04-21",187.119995117188,188.639999389648,183.75,186.830001831055,627700,182.994537353516,194.507235717773,205.609476013184,189.543651275635,187.89782345471,194.589994692941,40.065723522527,-3.43911373695789,-3.3509600979097
"2025-04-22",190,192.259994506836,188.770004272461,191.410003662109,747400,187.480514526367,193.377906036377,205.110332641602,189.700618972778,187.833622081119,194.063366532454,44.2197641808236,-3.21015994035797,-3.32280006639936
"2025-04-23",196.449996948242,200,192.899993896484,193.830001831055,817500,189.850830078125,192.166299438477,204.696463012695,189.86566078186,188.143961772966,193.751326795096,46.3362261862448,-2.89410406363837,-3.23706086584716
"2025-04-24",195.059997558594,199.449996948242,193.75,199.110000610352,686600,195.022430419922,191.298488616943,204.467225341797,190.058497924805,189.202187718651,193.845482619157,50.7288712718616,-2.39535883827032,-3.06872046033179
"2025-04-25",199.080001831055,199.360000610352,196.830001831055,198.960006713867,561200,194.875534057617,190.416965484619,204.272916870117,190.250794143677,190.075010232338,193.92178272571,50.6021688824201,-1.98367219984377,-2.85171080823419
"2025-04-28",199.289993286133,201.630004882812,198.059997558594,200.630004882812,837300,196.51123046875,189.778839874268,204.099610900879,190.441776885986,191.065197961017,194.113593669639,52.038641734616,-1.57041846013606,-2.59545233861456
"2025-04-29",201.139999389648,204.820007324219,200.080001831055,204.100006103516,1249900,199.90998840332,189.140715026855,203.947629089355,190.633723373413,192.425934952141,194.542956242504,54.9688899587948,-1.08820248815606,-2.29400236852286
"2025-04-30",185.979995727539,191.460006713867,178.740005493164,186.869995117188,2913400,183.033721923828,187.637226867676,203.415960693359,190.731408920288,190.980979101631,193.690420367046,41.432686940112,-1.3988514559889,-2.11497218601607
"2025-05-01",185.899993896484,189.5,183.639999389648,186.779998779297,1019600,182.945571899414,186.104846191406,202.352581481934,190.822261123657,189.744762608982,192.89450566574,41.3753740154388,-1.63288375990147,-2.01855450079315
"2025-05-02",189.669998168945,193.440002441406,188.610000610352,191.779998779297,826600,187.842895507812,186.420234680176,201.639337463379,190.920068588257,189.452167670341,192.520312320709,45.8564017893089,-1.5936732147291,-1.93357824358034
"2025-05-05",189.759994506836,190.990005493164,188.300003051758,190.149993896484,875500,186.246368408203,186.992734527588,200.978095703125,191.013477096558,188.958967783858,192.055575734597,44.6580092797196,-1.61234993511375,-1.86933258188702
"2025-05-06",188.110000610352,189.529998779297,185.690002441406,187.139999389648,759800,183.298156738281,187.300287628174,200.294975891113,191.101443023682,188.088073776846,191.406878031166,42.4517248398517,-1.73390020696109,-1.84224610690184
"2025-05-07",187,188.800003051758,184.470001220703,188.259994506836,928400,184.395172119141,188.016770935059,199.570749511719,191.199785308838,187.519935060276,190.887492408053,43.5688952748527,-1.76415819878785,-1.82662852527904
"2025-05-08",190,192.779998779297,189.699996948242,190.410003662109,978000,186.501052856445,187.904131317139,198.871463928223,191.295774917603,187.363183951994,190.562570959786,45.7462183556755,-1.67891679445633,-1.7970861791145
"2025-05-09",191.389999389648,194.580001831055,189.580001831055,191.429992675781,544600,187.500091552734,188.129409027099,198.247984008789,191.399810714722,187.384246659801,190.335720633338,46.7950116408195,-1.55066740163973,-1.74780242361954
"2025-05-12",201.559997558594,202.839996337891,196.550003051758,197.979995727539,791600,193.915649414062,188.530992889404,197.657756652832,191.532340621948,188.389077852764,190.600900543021,53.0691628795596,-1.16044713532607,-1.63033136596085
"2025-05-13",199,201.520004272461,198.559997558594,200.440002441406,815000,196.325149536133,188.939433288574,197.168616027832,191.674205856323,189.610011957898,191.024918986955,55.2056631495325,-0.74069238535015,-1.45240356983871
"2025-05-14",199.639999389648,201.419998168945,199.240005493164,200.580001831055,634400,196.462265014648,189.344445037842,196.801285095215,191.794770050049,190.664204735859,191.427685359377,55.3302872467351,-0.398835007634568,-1.24168985739788
"2025-05-15",199.720001220703,202.630004882812,199.720001220703,201.919998168945,745300,197.77473449707,189.979141235351,196.368658752441,191.928579711914,191.75813239143,191.897837147354,56.5756605406868,-0.0728016313268021,-1.00791221218367
"2025-05-16",202.720001220703,205.360000610352,201.460006713867,205.279998779297,697100,201.06575012207,190.697582244873,196.058458557129,192.065381164551,193.190073580759,192.576941812148,59.6159938762988,0.31838275280609,-0.742653219185714
"2025-05-19",202.190002441406,205.520004272461,202.190002441406,204.899993896484,524700,200.693588256836,191.582534790039,195.790979309082,192.239500961304,194.344460454002,193.178174882125,59.1119712517073,0.603735682143514,-0.473375438919869
"2025-05-20",203.660003662109,204.940002441406,203.009994506836,203.759994506836,714000,199.57698059082,192.187358093261,195.579635314941,192.408957748413,195.149463551974,193.652160490176,57.540120071285,0.773192025334257,-0.224061946069044
"2025-05-21",202.089996337891,204.740005493164,200.25,200.740005493164,720600,196.618988037109,192.525765991211,195.350317382813,192.575925750732,195.375544241995,193.871925493653,53.4828694301946,0.775573226764603,-0.0241349115023142
"2025-05-22",199.850006103516,202.820007324219,199.490005493164,201.580001831055,730400,197.44172668457,192.646730804443,195.090608215332,192.780374984741,195.693418463929,194.136355211499,54.4450273724323,0.802046196208051,0.141101310039759
"2025-05-23",197.550003051758,201.990005493164,197.550003051758,200.589996337891,535900,196.472045898438,192.726556396484,194.933305053711,192.965059661865,195.813207300008,194.309369336457,53.0522277119917,0.773940015700725,0.267669051171952
"2025-05-27",204,205.509994506836,201.649993896484,205.509994506836,730800,201.291046142578,192.965547180175,194.768950195312,193.185268630981,196.655951737326,194.826530581355,58.7059074086293,0.939000017355096,0.401935244408581
"2025-05-28",205.380004882812,205.380004882812,201.710006713867,201.929992675781,780200,197.784545898438,192.859275054931,194.563065490723,193.364844436646,196.829581608266,195.045642827065,53.6437361130651,0.914626317893918,0.504473459105648
"2025-05-29",203.580001831055,203.699996948242,200.850006103516,202.839996337891,586400,198.675857543945,193.641381835937,194.488821105957,193.547423858643,197.113624059909,195.314547620908,54.7127212039173,0.921117479939815,0.587802263272482
"2025-05-30",201.580001831055,203.199996948242,198.190002441406,202.970001220703,2404200,198.80322265625,194.434264373779,194.37520324707,193.725119171143,197.3735623055,195.572967993896,54.8728636957268,0.92067647695584,0.654377106009153
"2025-06-02",202.559997558594,202.970001220703,199.259994506836,202.949996948242,663100,198.783599853516,194.981299591064,194.262367858887,193.897389221191,197.590491159041,195.81079257609,54.8406879598114,0.908886869583259,0.705279058723974
"2025-06-03",201.990005493164,205.240005493164,201.759994506836,204.5,779600,200.301788330078,195.684070587158,194.15090423584,194.075603561401,198.007613800739,196.143458928237,56.9442316793943,0.950403792554599,0.754304005490099
"2025-06-04",205.940002441406,206.589996337891,204.410003662109,204.949996948242,465700,200.742553710938,196.556290435791,193.964413146973,194.252050628662,198.428373786924,196.484132615845,57.5622804303761,0.989515613904546,0.801346327172989
"2025-06-05",205.220001220703,207.380004882812,204.399993896484,205.479995727539,634300,201.261642456055,197.399613952637,193.707986755371,194.425087890625,198.864261274482,196.838022233638,58.3210792967998,1.02939412713616,0.846955887165624
"2025-06-06",206.720001220703,207.850006103516,205.610000610352,207.449996948242,750700,203.191223144531,198.234122467041,193.52423828125,194.589127883911,199.529947716028,197.308629708519,61.1051050743456,1.12580884616684,0.902726478965867
"2025-06-09",208.419998168945,209.259994506836,207.070007324219,208.289993286133,1183700,204.013961791992,199.059815979004,193.354397583008,194.754521102905,200.219796035407,197.805320973962,62.2625826878318,1.2206320080558,0.966307584783854
"2025-06-10",208.520004272461,210.199996948242,208.199996948242,210.119995117188,683500,205.806411743164,199.654354095459,193.285050964355,194.919287567139,201.079275375062,198.397994364273,64.7255045364223,1.35146578441023,1.04333922470913
"2025-06-11",210.550003051758,211.559997558594,208.889999389648,209.130004882812,926900,204.83674621582,200.079933929443,193.128336181641,195.083128585815,201.657347812102,198.874938945869,62.3546395048856,1.39907465514808,1.11448631079692
"2025-06-12",208.399993896484,209.630004882812,207.649993896484,208.389999389648,693300,204.111923217773,200.462416839599,192.948504943848,195.233126831055,202.03497479759,199.262863706751,60.5686696934555,1.39118300282917,1.16982564920337
"2025-06-13",205.369995117188,206.179992675781,200.889999389648,201.320007324219,838400,197.187088012695,200.433034515381,192.620382995605,195.34961479187,201.289146061452,199.109102544228,46.7823208030228,1.09489897215509,1.15484031379371
"2025-06-16",202.220001220703,204.309997558594,201,203.919998168945,849600,200.630599975586,200.411277008056,193.002292480469,195.477896270752,201.187831279011,199.221806057662,52.5643813565139,0.986852423564555,1.12124273574788
"2025-06-17",201.789993286133,202.699996948242,197.460006713867,197.779998779297,935200,194.589645385742,200.106079864502,193.398157958984,195.578733520508,200.17272575697,198.878683044927,43.6122943010779,0.650669389112069,1.02712806642072
"2025-06-18",198.639999389648,200.419998168945,197.360000610352,198.300003051758,795700,195.101257324219,199.882293701172,193.757241210938,195.679368286133,199.392499844239,198.598873732282,44.4747622185007,0.399612594493637,0.901624972035303
"2025-06-20",198.399993896484,200.759994506836,198.309997558594,200.009994506836,2155400,196.783676147461,199.890528106689,194.291604614258,195.775629806519,198.991142352427,198.464414651925,47.3278660065588,0.265401584170966,0.774380294462435
"2025-06-23",198.960006713867,201.919998168945,198.050003051758,201.740005493164,871300,198.485778808594,199.942730712891,194.486243286133,195.89585067749,198.913394114914,198.465997182049,50.1203266409451,0.225427498522635,0.664589735274475
"2025-06-24",204.240005493164,205.820007324219,202.710006713867,205.080001831055,919100,201.771896362305,200.207723236084,194.861790466309,196.028482666016,199.353163691436,198.710878602808,55.0725471108195,0.323225931636717,0.596316974546923
"2025-06-25",206.25,206.25,202.669998168945,203.539993286133,650300,200.256729125977,200.156007385254,195.149245605469,196.154265289307,199.492173758288,198.825386048969,52.4850825312729,0.335363467698779,0.544126273177295
"2025-06-26",203.550003051758,206.059997558594,203.050003051758,205.149993896484,781700,201.840759277344,200.358818054199,195.422933959961,196.290922088623,199.853494607374,199.048747028849,54.8721852678414,0.404296731598386,0.516160364861513
"2025-06-27",205,209.470001220703,204.440002441406,208.360000610352,1109900,204.998977661133,200.674974060059,195.755672912598,196.429955291748,200.645107384875,199.489504853462,59.2661812425396,0.579279863500481,0.528784264589307
"2025-06-30",207.369995117188,209.279998779297,206.300003051758,208.720001220703,1212400,205.353179931641,201.002471923828,196.161120300293,196.582866821289,201.369426238224,199.92385115555,59.7396450835328,0.723062843337008,0.567639980338847
"2025-07-01",207.240005493164,213.479995727539,206.029998779297,211.130004882812,1047900,207.724304199219,201.449507141113,196.581667785645,196.736495132446,202.347099770685,200.501662492118,62.8524342635541,0.92040996350311,0.6381939769717
"2025-07-02",210.550003051758,213.470001220703,209.460006713867,213.389999389648,676800,209.947830200195,201.931809234619,197.120733642578,196.901144256592,203.516442913686,201.201378618642,65.5428767103489,1.1506204932284,0.740679280223041
"2025-07-03",214.169998168945,216.369995117188,214.039993286133,214.770004272461,496800,211.305603027344,202.459961700439,197.597235412598,197.117952957153,204.714775238864,201.949839685953,67.1093926678751,1.36911995434643,0.866367415047719
"2025-07-07",215.009994506836,216.889999389648,213.610000610352,214.429992675781,917400,210.971054077148,202.945432281494,198.019639892578,197.333380584717,205.677279675523,202.618077789005,66.3094689060462,1.50983659498749,0.995061251035673
"2025-07-08",214.419998168945,215.770004272461,212.910003662109,213.410003662109,798900,209.967514038086,203.284246826172,198.318541564941,197.548847732544,206.337315731302,203.162480474122,63.8508474272733,1.56270746929807,1.10859049468815
"2025-07-09",214.699996948242,217.639999389648,213.949996948242,217.110000610352,1063700,213.607849121094,203.763941192627,198.693187866211,197.790832061768,207.455859329732,203.936211485009,68.4244496532888,1.72585722716623,1.23204384118377
"2025-07-10",216.850006103516,220.139999389648,216.490005493164,217.800003051758,768300,214.286712646484,204.187956237793,199.048697509766,198.027019882202,208.506759840001,204.702915274748,69.2068695905344,1.85822686508799,1.35728044596461
"2025-07-11",216.190002441406,216.979995727539,214.080001831055,215.919998168945,652100,212.437026977539,204.567970275879,199.29923828125,198.257655029297,209.111416322699,205.275812437917,64.5159678458903,1.86851233919343,1.45952682461038
"2025-07-14",216.089996337891,217.410003662109,215.160003662109,217.410003662109,540200,213.90299987793,205.057524108887,199.916623840332,198.47222984314,209.848583023504,205.9148633594,66.4565310764319,1.91036217586609,1.54969389486152
"2025-07-15",217.960006713867,217.960006713867,215.699996948242,216.139999389648,513400,212.653472900391,205.830843353271,200.510781860352,198.680557022095,210.280104543025,206.414019621695,63.2799124226985,1.87297593856042,1.6143503036013
"2025-07-16",216.949996948242,220.919998168945,214.910003662109,220.800003051758,829100,217.238327026367,206.661229705811,201.098690490723,198.924743652344,211.350600309693,207.21582017019,69.1137819915819,1.99539790741246,1.69055982436353
"2025-07-17",220.419998168945,225.619995117188,220.289993286133,225.399993896484,874600,221.764099121094,208.019952392578,201.80904510498,199.183389358521,212.952677049909,208.293470462849,73.5764625978914,2.23684716410275,1.79981729231137
"2025-07-18",226.139999389648,228.410003662109,225.119995117188,227.889999389648,807700,224.213958740234,209.475587463379,202.62736114502,199.458369293213,214.685181925343,209.472765890804,75.6292029011646,2.48835022174523,1.93752387819814
"2025-07-21",227.679992675781,228.860000610352,226.149993896484,226.149993896484,770900,222.501998901367,210.761503601074,203.389497680664,199.714869155884,215.887769152424,210.437894261956,71.4519188814485,2.58977828569378,2.06797475969727
"2025-07-22",226.369995117188,227.899993896484,225.419998168945,227.710006713867,591200,224.036865234375,212.039057922363,204.140213928223,199.995090866089,217.141476241955,211.445225445099,72.8972884149586,2.69396047362407,2.19317190248263
"2025-07-23",229,232.110000610352,228.889999389648,232,555600,228.257659912109,213.363346099854,204.95536529541,200.299723205566,218.851658345055,212.690590961173,76.4311442048461,2.89672775652154,2.33388307329041
"2025-07-24",231.860000610352,232.360000610352,230.25,231.710006713867,591300,227.97233581543,214.749126434326,205.636499023437,200.617128448486,220.254839494344,213.822572061489,75.7124694347858,3.00822657348141,2.46875177332861
"2025-07-25",234.199996948242,235.910003662109,232.309997558594,235.630004882812,596700,231.829116821289,216.248544311523,206.346578369141,200.949441070557,222.035497544643,215.156390191844,78.6366406355715,3.19725914097417,2.61445324685773
"2025-07-28",236.830001831055,237.639999389648,234.740005493164,236.360000610352,742200,232.547332763672,217.62596206665,207.068279724121,201.318898544312,223.652702962955,216.444608160128,79.1403060302412,3.3302260860639,2.75760781469896
"2025-07-29",237.220001220703,239.470001220703,236.080001831055,239.300003051758,1134200,235.439895629883,219.130297851562,207.821582946777,201.69552444458,225.466117219406,217.851666491221,81.0754390696039,3.49524557274465,2.9051353663081
"2025-07-30",240.479995727539,242.470001220703,219.910003662109,221.490005493164,2778400,217.917175292969,219.63994140625,208.158611450195,201.981230163574,224.304741538415,217.856518995054,50.5076747244732,2.95984833187746,2.91607795942197
"2025-07-31",219.449996948242,222.309997558594,217.570007324219,218.759994506836,1274700,215.231216430664,219.904110717773,208.449364013672,202.251609573364,222.908814598761,217.662052138433,47.5483518854128,2.41050858832843,2.81496408520326
"2025-08-01",217.380004882812,218.860000610352,214.440002441406,218.729995727539,1324500,215.201705932617,220.098915863037,208.761858520508,202.520917510986,221.723105573201,217.479804271335,47.5154112987471,1.95112429684343,2.6421961275313
"2025-08-04",220.130004882812,225.720001220703,219.339996337891,225.529998779297,725300,221.892013549805,220.64496383667,209.267319030762,202.81361076355,221.749091415755,217.806634588259,55.1084362426042,1.8100719635787,2.47577129474078
"2025-08-05",226.729995727539,228.550003051758,224.960006713867,228.25,876900,224.568130493164,221.374994659424,209.809847106934,203.125131072998,222.182789735357,218.30748613677,57.74195327529,1.77515836362951,2.33564870851852
"2025-08-06",229.610000610352,231.649993896484,227.639999389648,230.080001831055,847600,226.368621826172,222.013033294678,210.407778625488,203.44438949585,222.826763903174,218.904607298948,59.4649054357933,1.79171953145314,2.22686287310545
"2025-08-07",233.279998779297,234.160003662109,226.039993286133,228.960006713867,849800,225.266693115234,222.562032318115,210.887291564941,203.760958709717,223.202137628107,219.375872914969,57.9087424508242,1.74415931081913,2.13032216064818
"2025-08-08",231.25,234.130004882812,230.179992675781,232.380004882812,631000,228.63151550293,223.371756744385,211.504230957031,204.089197387695,224.037426531926,220.061476069633,61.2439805486198,1.80674533921343,2.06560679636123
"2025-08-11",232.419998168945,233.179992675781,228.289993286133,228.990005493164,765900,225.296203613281,223.941416931152,212.036637878418,204.406157150269,224.231084544442,220.449233665459,56.4676573891847,1.71552008419404,1.9955894539278
"2025-08-12",229.880004882812,233.139999389648,228.679992675781,232.949996948242,587200,229.192321777344,224.768359375,212.64441986084,204.759471817017,224.994351811042,221.096869821895,60.3570077925082,1.76279383434368,1.94903033001097
"2025-08-13",234,236.740005493164,233.199996948242,236.580001831055,768100,232.763763427734,225.544631195068,213.324023132324,205.137548980713,226.189645905918,221.961084163068,63.5700724379538,1.90509149781546,1.94024256357187
"2025-08-14",235.550003051758,237.039993286133,234.570007324219,235.059997558594,671100,231.268295288086,226.019841003418,213.943353271484,205.506446685791,226.970976580097,222.650507209366,61.3285951529984,1.94047138040834,1.94028832693916
"2025-08-15",235.929992675781,235.929992675781,232.039993286133,232.339996337891,633800,228.592147827148,226.238750457764,214.500345153809,205.860164413452,227.220387541182,223.090628736609,57.4263848479511,1.85115745469033,1.9224621524894
"2025-08-18",232.300003051758,232.669998168945,231.160003662109,232.600006103516,465700,228.84797668457,226.556049346924,215.052071838379,206.19575843811,227.470785870934,223.517098954976,57.7034467475408,1.76885210771018,1.89174014353355
"2025-08-19",231.970001220703,234.580001831055,231.309997558594,233.449996948242,864200,229.684265136719,226.838419342041,215.581932678223,206.535631256104,227.811321142593,223.97392607955,58.6507630883117,1.71332222916007,1.85605656065886
"2025-08-20",232.720001220703,233.929992675781,229.289993286133,230.149993896484,608000,226.437484741211,226.747410583496,216.030403137207,206.671320419312,227.599961696227,224.15641190634,53.6288411086908,1.53622631652672,1.79209051183243
"2025-08-21",228.770004272461,230.270004272461,226.929992675781,229.589996337891,576000,225.886520385742,226.643119812012,216.432005310059,206.836203765869,227.336355340768,224.284568089999,52.8025998603534,1.36067642850222,1.70580769516639
"2025-08-22",231.259994506836,236.550003051758,229.830001831055,235.919998168945,498800,232.11442565918,226.657385253906,216.977558898926,207.033053359985,228.071443082062,224.864557539568,60.2564158721202,1.42614095239511,1.64987434661213
"2025-08-25",236.029998779297,236.029998779297,232.619995117188,232.720001220703,532500,228.966049194336,226.478321075439,217.474641418457,207.204143600464,228.209074791642,225.168371736217,55.4858269270983,1.35041304068546,1.5899820854268
"2025-08-26",232.710006713867,233.309997558594,231.479995727539,232.600006103516,1224500,228.84797668457,226.148725128174,218.107859191895,207.355240631104,228.307367390554,225.440935065725,55.3089744576264,1.27147819183488,1.52628130670842
"2025-08-27",231.490005493164,235.899993896484,231.490005493164,235.529998779297,602500,231.730697631836,226.839401245117,218.72986114502,207.49429725647,228.834033581521,225.906843403955,58.7646814517331,1.29575099782659,1.48017524493205
"2025-08-28",236.429992675781,241.800003051758,235.820007324219,241.050003051758,1653100,237.161666870117,227.93592376709,219.581301574707,207.657250595093,230.115207933613,226.740534031079,64.3565365736889,1.48834169283178,1.481808534512
"2025-08-29",241.070007324219,243,240.490005493164,241.820007324219,1246400,237.919250488281,229.071800994873,220.437661437988,207.812418212891,231.3158298651,227.568587101982,65.068153092078,1.64664324318111,1.51477547624582
"2025-09-02",237.699996948242,239.660003662109,231.740005493164,234.289993286133,1259200,230.510696411133,229.502735137939,221.112201843262,207.931321182251,231.191963179874,227.786521124883,53.7638445282027,1.49501473492579,1.51082332798182
"2025-09-03",234.240005493164,238.089996337891,233.419998168945,236.910003662109,907200,233.088470458984,229.92875213623,221.80425567627,208.058152923584,231.483733530507,228.179258112594,56.5897882163575,1.44819272586216,1.49829720755788
"2025-09-04",238.190002441406,240.970001220703,236.529998779297,237.660003662109,965600,233.826370239258,230.301639556885,222.445345153809,208.191591796875,231.844139178007,228.597562714569,57.3925824017069,1.42021481982799,1.48268073001191
"2025-09-05",238.479995727539,239.910003662109,235.710006713867,237.389999389648,871900,233.560699462891,230.716339874268,223.111424560547,208.331531524658,232.108225375681,228.965202473704,56.9839844233964,1.37270767261606,1.46068611853274
"2025-09-08",237.710006713867,240.509994506836,236.470001220703,239.509994506836,919400,235.646499633789,231.067089080811,223.787539367676,208.496197128296,232.652575261544,229.460113374451,59.4262834432071,1.39129273499634,1.44680744182546
"2025-09-09",239.009994506836,239.009994506836,237.330001831055,238.5,547500,234.652801513672,231.53491897583,224.380615844727,208.651809463501,232.960302377256,229.844756940319,57.7442152791422,1.35549989410717,1.4285459322818
"2025-09-10",238.330001831055,239,235.320007324219,235.960006713867,853000,232.153778076172,231.682991790771,224.916627807617,208.804166107178,232.836221715551,230.015795542975,53.6327587553453,1.22618803892056,1.38807435360955
"2025-09-11",237.410003662109,241.839996337891,237.270004272461,241.179992675781,728800,237.289566040039,231.909281921387,225.507933044434,208.990857467651,233.521351611626,230.554593357572,59.9447715518427,1.28679208288531,1.3678178994647
"2025-09-12",239.130004882812,240.580001831055,237.710006713867,238.080001831055,528600,235.116943359375,232.101714324951,226.011315307617,209.149568405151,233.766827265126,230.892545209558,56.444208471896,1.24485701907762,1.34322572338729
"2025-09-15",238.809997558594,239.75,235.440002441406,235.830001831055,696400,232.894958496094,232.316854858398,226.443102416992,209.291236724854,233.632693608352,231.040872119671,53.0332508882111,1.12180215773152,1.29894101025613
"2025-09-16",234.839996337891,237.199996948242,233.779998779297,236.669998168945,797200,233.724502563477,232.560681152344,226.898171386719,209.416677474976,233.646818062986,231.239659559953,54.1473013968902,1.04097995456913,1.24734879911873
"2025-09-17",238,238.330001831055,233.020004272461,234.179992675781,622700,231.265487670898,232.639742279053,227.324130859375,209.537944107056,233.280459541127,231.241572753357,50.3357865122226,0.88171290460155,1.1742216202153
"2025-09-18",235.740005493164,238.309997558594,234,237.25,921000,234.297286987305,233.032732391357,227.737919616699,209.678065567017,233.436894532846,231.467921955871,54.5808463410751,0.850645981670994,1.10950649250644
"2025-09-19",238.279998779297,238.529998779297,234.759994506836,235.119995117188,2865600,232.193801879883,233.348096466064,228.096061401367,209.80518951416,233.245649509313,231.521690839131,51.3042902180919,0.74462080159039,1.03652935432323
"2025-09-22",234.679992675781,236.759994506836,233.759994506836,236.380004882812,869400,233.438125610352,233.414281463623,228.516083374023,209.93435295105,233.275261217166,231.663648970333,53.0979807336873,0.695669024465273,0.968357288351637
"2025-09-23",236.050003051758,239.330001831055,235.289993286133,237.389999389648,587300,234.435531616211,233.687755584717,228.926734008789,210.07341506958,233.45376435548,231.868973610768,54.5433458092806,0.683485470277789,0.911382924736867
"2025-09-24",237.229995727539,238.119995117188,235.460006713867,236.440002441406,569100,233.497375488281,233.920225524902,229.343612060547,210.191641616821,233.460473760526,231.989595972066,52.8922735694549,0.634027479679733,0.85591183572544
"2025-09-25",236,237.289993286133,235,236.699996948242,536000,233.754119873047,234.021396636963,229.67392791748,210.307164306641,233.50565008553,232.120301446212,53.3088259421935,0.596823556873693,0.804094179955091
"2025-09-26",238,240.770004272461,237.559997558594,240.479995727539,469000,237.487075805664,234.03766708374,229.988387451172,210.4316746521,234.118177119396,232.517840287653,58.9873089130742,0.688264104708436,0.78092816490576
"2025-09-29",242.479995727539,245.649993896484,241.75,245.529998779297,759200,242.474243164062,234.265416717529,230.353593139648,210.577473678589,235.403725741653,233.255351611832,65.0949266888612,0.921039588148975,0.808950449554403
"2025-09-30",244.910003662109,246.649993896484,243.25,246.220001220703,752800,243.155654907227,234.897664642334,230.766666259766,210.727263412476,236.596330228664,233.988707411491,65.8433869351467,1.11442250612026,0.870044860867575
"2025-10-01",247.649993896484,255.619995117188,246.509994506836,255.179992675781,1456100,252.004119873047,235.843447113037,231.326011352539,210.913709411621,238.966759404723,235.323182408643,73.7229173478274,1.54832896563202,1.00570168182046
"2025-10-02",254.089996337891,258.420013427734,254.089996337891,257.739990234375,825700,254.532257080078,236.878741455078,231.851503295898,211.136137695312,241.361451354778,236.746076828749,75.4644765858123,1.94950412182202,1.19446216982077
"2025-10-03",257.739990234375,258.510009765625,256.149993896484,257.059997558594,617600,253.860717773438,237.893742370605,232.369270935059,211.354329986572,243.284415419187,238.013828009837,74.0603624285079,2.21440386611984,1.39845050908059
"2025-10-06",257.119995117188,259.839996337891,256.130004882812,257.640014648438,694900,254.433532714844,238.833094024658,232.82135925293,211.579192581177,244.999664233903,239.23010243243,74.4962667696799,2.41172065839943,1.60110453894436
"2025-10-07",257.730010986328,259.869995117188,254.5,256.320007324219,569100,253.129943847656,239.756951141357,233.233011474609,211.815738983154,246.250476482173,240.25972031504,71.5495057452221,2.49345007114719,1.77957364538492
"2025-10-08",256.299987792969,260.579986572266,255.559997558594,259.769989013672,580700,256.536987304688,240.976111602783,233.654953308105,212.092060623169,247.833016608714,241.465443795754,74.3997160353253,2.63705344866885,1.95106960604171
"2025-10-09",261.399993896484,261.690002441406,255.630004882812,256.5,556500,253.307708740234,241.777018737793,234.362763977051,212.356188430786,248.67527693664,242.342648606457,67.4975180597038,2.6130886852141,2.08347342187619
"2025-10-10",258.049987792969,258.049987792969,248.029998779297,248.029998779297,828900,244.943115234375,242.268327331543,234.957001953125,212.561072311401,248.101098213215,242.53527576408,53.6211382902464,2.2948506899048,2.12574887548191
"2025-10-13",250.800003051758,252.050003051758,249.100006103516,251.339996337891,505500,248.2119140625,243.034175109863,235.617206115723,212.780787506104,248.118146805412,242.955767489889,57.3143038625901,2.12482270697205,2.12556364177994
"2025-10-14",248.449996948242,252.509994506836,247.5,249.330001831055,672700,246.226928710938,243.659296417236,236.103904418945,212.982184448242,247.827190175493,243.198075728485,54.4773736585398,1.90343382986966,2.08113767939788
"2025-10-15",250.649993896484,253.919998168945,248.539993286133,249.429992675781,551800,246.32568359375,244.412306213379,236.539055480957,213.185783081055,247.596189162917,243.429750385172,54.5977798099359,1.71155693630438,2.00722153077918
"2025-10-16",250.380004882812,251.050003051758,246.029998779297,246.740005493164,454900,243.669189453125,244.88090133667,236.885066833496,213.382491836548,246.992035361411,243.447486612427,50.7120923771972,1.4559808352536,1.89697339167407
"2025-10-17",246.490005493164,249.869995117188,244.970001220703,248.990005493164,610600,245.891189575195,245.565770721436,237.297556762695,213.599582214355,246.822674471224,243.628501646706,53.6814835960331,1.31108339251265,1.77979539184178
"2025-10-20",250.009994506836,252.130004882812,249.130004882812,249.130004882812,439900,246.029434204102,246.195336151123,237.645515136719,213.823219680786,246.700637507051,243.80634850281,53.8677013161553,1.18712618519368,1.66126155051216
"2025-10-21",249.25,252.089996337891,248.539993286133,251.339996337891,465100,248.2119140625,246.884155273438,238.103829345703,214.066113891602,246.933141592505,244.132686692416,56.8192070981672,1.14710362550372,1.55842996551047
"2025-10-22",251.639999389648,253.580001831055,247.419998168945,247.550003051758,779500,244.469100952148,247.432741546631,238.409364929199,214.277606582642,246.554058417065,244.157606267211,50.8149086213928,0.981518530793268,1.44304767856703
"2025-10-23",248.929992675781,251.419998168945,248.889999389648,250.169998168945,480200,247.05647277832,248.097859191895,238.695219116211,214.498717803955,246.631352934181,244.372337119886,54.4021213257271,0.924415521380029,1.33932124712963
"2025-10-24",252.970001220703,252.970001220703,249.940002441406,250.449996948242,559000,247.332992553711,248.590155029297,239.016513061523,214.71769821167,246.739297491032,244.591644929799,54.7816896917162,0.878056387351034,1.24706827517391
"2025-10-27",252.369995117188,253.940002441406,251.410003662109,251.419998168945,603600,248.290939331055,248.880989837647,239.410488891602,214.927609634399,246.978011620266,244.8656667373,56.1436903723067,0.86265457755379,1.17018553564989
"2025-10-28",250.009994506836,250.619995117188,244.889999389648,248.089996337891,1123900,245.002365112305,248.973325347901,239.733576660156,215.131960144043,246.674066003657,244.875792542855,50.5181833642477,0.734361466328615,1.08302072178563
"2025-10-29",220.669998168945,227.289993286133,213.360000610352,219.610000610352,2976100,216.876831054688,247.216960906983,239.477427978516,215.199196472168,242.089876011508,242.801795395584,26.2723403395488,-0.293210098762242,0.807774557676058
"2025-10-30",219.160003662109,224.970001220703,214.910003662109,214.970001220703,1401200,212.294570922852,245.105076599121,239.194569702148,215.224831848145,237.505982920945,240.542000990196,24.231827297084,-1.26215715207861,0.393788215725124
"2025-10-31",214.899993896484,216.059997558594,212.369995117188,213.940002441406,1268600,211.277389526367,242.975910186768,238.902387084961,215.23962310791,233.470814706395,238.374251992876,23.7901139846642,-2.05703310885571,-0.0963760491910428
"2025-11-03",213.559997558594,213.559997558594,209.619995117188,210.539993286133,1056000,207.919692993164,240.650218200684,238.418492431641,215.232209320068,229.539872904359,236.118358733638,22.3423089166875,-2.78609671207283,-0.6343201817674
"2025-11-04",208.970001220703,209.080001831055,203.630004882812,205.449996948242,1541200,202.89306640625,238.138374328613,237.897032775879,215.194099349976,225.440364212343,233.657225968646,20.3460639256249,-3.5166307064717,-1.21078228670826
"2025-11-05",203.639999389648,205.490005493164,200.639999389648,205.479995727539,1366700,202.922668457031,235.457658386231,237.378526611328,215.145792236328,221.97610332691,231.380592078897,20.3911743448662,-4.06451062618938,-1.78152795460448
"2025-11-06",205.190002441406,206.449996948242,201.929992675781,203.979995727539,894600,201.441345214844,232.864340209961,236.772739562988,215.097983856201,218.816909771208,229.162870088967,19.7872699071239,-4.51467566004159,-2.3281574956919
"2025-11-07",203.75,203.75,198.199996948242,201.160003662109,1138500,198.656433105469,230.550006103516,236.002634887695,215.039276351929,215.715297976479,226.903134016115,18.6679141968683,-4.93066615767505,-2.84865922808853
"2025-11-10",202.289993286133,204.25,201.259994506836,202.729995727539,903400,200.206893920898,228.149755096436,235.248387756348,214.994908981323,213.329389660235,224.925634749803,21.3359551988826,-5.15559069221548,-3.31004552091392
"2025-11-11",203.089996337891,203.539993286133,198.460006713867,199.660003662109,822400,197.175109863281,225.697164154053,234.581676025391,214.932064285278,210.844115845319,222.870040313764,19.9573033683933,-5.39593587882621,-3.72722359249638
"2025-11-12",200.279998779297,202.360000610352,198.240005493164,198.610000610352,1228400,196.13818359375,223.187789154053,233.842670288086,214.850029830933,208.581664729693,220.889902778948,19.4933615249022,-5.57211438567758,-4.09620175113262
"2025-11-13",199.449996948242,199.949996948242,194.720001220703,195.059997558594,1139700,192.632354736328,220.635947418213,233.018789978027,214.767252883911,206.127924730714,218.796751072088,17.9721511939636,-5.79022598795331,-4.43500659849676
"2025-11-14",194.100006103516,195.990005493164,192.600006103516,194.130004882812,1575900,191.713943481445,217.927085113525,232.181854858398,214.666708450317,203.910389153903,216.790617176484,17.5850039532925,-5.94132171877877,-4.73626962255316
"2025-11-17",193,193.789993286133,188.839996337891,189.800003051758,1305900,187.437835693359,214.997505187988,231.21768157959,214.550590362549,201.376150159973,214.616337066623,15.8707695016221,-6.16923533763398,-5.02286276556933
"2025-11-18",189.419998168945,191.479995727539,187.529998779297,189.850006103516,1149300,187.487213134766,211.961270141602,230.274369812012,214.436475982666,199.239390617634,212.60677233093,15.9726317204996,-6.28737342970873,-5.27576489839721
"2025-11-19",189.5,190.949996948242,188.490005493164,189.619995117188,804900,187.260070800781,209.100818634033,229.376495666504,214.307904052734,197.396418338118,210.729238884252,15.877396042361,-6.32699126933099,-5.48601017258397
"2025-11-20",193.119995117188,194.270004272461,186.669998168945,187.100006103516,833600,184.771423339844,205.986566162109,228.3261328125,214.163814468384,195.454111415307,208.806437732815,14.8338153228168,-6.39459513915631,-5.66772716589843
"2025-11-21",188.619995117188,193.229995727539,187.509994506836,192.229995727539,1517200,189.83757019043,203.111795043945,227.420545349121,214.040517578125,194.590028149941,207.401336433379,25.5601498544707,-6.17706158684902,-5.76959405008855
"2025-11-24",192.710006713867,193.699996948242,191.429992675781,192.399993896484,2234400,190.005462646484,200.197521209717,226.562755432129,213.92835647583,193.884710380178,206.112753189905,25.8932539567611,-5.93269587663999,-5.80221441539884
"2025-11-25",193.460006713867,194.5,191.440002441406,192.929992675781,971300,190.528869628906,197.473846435547,225.698842773437,213.828279266357,193.368427187675,204.958391444646,26.9901089195421,-5.65478884532574,-5.77272930138422
"2025-11-26",192.839996337891,195.25,192.600006103516,194.789993286133,818400,192.365737915039,196.248291778564,224.92084777832,213.757686386108,193.214167299577,204.025602294305,30.8578511343381,-5.29905799720769,-5.67799504054891
"2025-11-28",194.759994506836,196.130004882812,194.080001831055,195.320007324219,393400,192.889129638672,195.278019714355,224.092684631348,213.699177246094,193.164161505592,203.200678393887,31.9638359336461,-4.93921426228743,-5.53023888489662
"2025-12-01",193.919998168945,198.429992675781,193.270004272461,196.880004882812,1077200,194.429718017578,194.435636138916,223.337402954102,213.645443191528,193.358862507436,202.550977625272,35.247129824199,-4.5381736615668,-5.33182584023066
"2025-12-02",197.470001220703,198.5,196.139999389648,197.179992675781,1229000,194.725967407227,193.775949859619,222.563159790039,213.581527633667,193.569186338173,201.97134723875,35.8878462171467,-4.16007568174758,-5.09747580853404
"2025-12-03",200.759994506836,201.190002441406,198.300003051758,199.460006713867,954200,196.977615356445,193.480177307129,221.814001464844,213.518330001831,194.093560033292,201.601441173394,40.6912929225358,-3.72412076838532,-4.8228048005043
"2025-12-04",199.970001220703,205.470001220703,199,202.089996337891,1392300,199.57487487793,193.312787628174,221.135551452637,213.335631713867,194.936839240159,201.451325151508,45.7411888245688,-3.23377664875094,-4.50499917015362
"2025-12-05",202,204.479995727539,201.059997558594,203.589996337891,999800,201.056198120117,193.293530273437,220.481593017578,213.22338722229,195.878279067845,201.422056482516,48.4377778821237,-2.75231894236581,-4.15446312459606
"2025-12-08",203,203.279998779297,200.899993896484,201.270004272461,720900,198.765075683594,193.298962402344,219.707153015137,213.120670318604,196.322401624114,201.225243090003,44.7346265937098,-2.43649424426154,-3.81086934852916
"2025-12-09",201.270004272461,203.979995727539,201.110000610352,202.240005493164,462500,199.723007202148,193.274768066406,218.852128295898,213.03201461792,196.845571713042,201.11396635757,46.5737578279177,-2.12237604470404,-3.47317068776414
"2025-12-10",202.089996337891,211.429992675781,202.089996337891,210.279998779297,1102700,207.662933349609,193.799159240723,218.142273864746,212.967296829224,198.509781195591,201.599075023647,58.8093488497533,-1.53239484243325,-3.08501551869796
"2025-12-11",211.210006713867,211.740005493164,208.75,210.789993286133,913400,208.166595458984,194.400579833984,217.265523376465,212.900803146362,199.995444928421,202.085558018857,59.4438530656311,-1.03427138036305,-2.67486669103098
"2025-12-12",210.690002441406,211,207.259994506836,208.360000610352,995300,206.649154663086,195.101419830322,216.307861328125,212.840678482056,201.019092579908,202.423602214726,56.6142918556493,-0.693846774512008,-2.27866270772718
"2025-12-15",208.389999389648,209.619995117188,206.679992675781,207.229995727539,1480700,205.528442382812,195.792144775391,215.341215820312,212.75118560791,201.712838703431,202.653590375325,54.5490707427556,-0.464216632012693,-1.91577349258428
"2025-12-16",206.710006713867,207.699996948242,205.009994506836,207.039993286133,1474200,205.339981079102,196.687252044678,214.359344787598,212.673974609375,202.270860607381,202.852582279308,54.1910724411727,-0.286770651569213,-1.58997292438127
"2025-12-17",205.570007324219,209.5,201.259994506836,201.470001220703,1125400,199.815734863281,197.303678131103,213.29306060791,212.598909225464,201.893148954442,202.627630618862,44.8909631513849,-0.362478533739985,-1.34447404625301
"2025-12-18",202.350006103516,204.710006713867,201.360000610352,202.199996948242,1247800,200.539733886719,197.9676612854,212.173115539551,212.504577636719,201.684931251716,202.472971601666,46.1942459563204,-0.389207677309433,-1.1534207724643
"2025-12-19",202.270004272461,203.25,200.529998779297,201.619995117188,3346900,199.964492797852,198.727314758301,211.106251220703,212.42152130127,201.42024841266,202.287158356939,45.2780256180266,-0.428554116494906,-1.00844744127042
"2025-12-22",203.559997558594,205.820007324219,202.779998779297,205.800003051758,861800,204.11018371582,199.44094543457,210.289592590332,212.371734466553,201.834084613146,202.422197272412,52.5780332063279,-0.290537632330035,-0.864865479482342
"2025-12-23",204.770004272461,206.240005493164,203.149993896484,203.220001220703,619400,201.551361083984,200.018240356445,209.356381530762,212.328770370483,201.790588685583,202.357690888084,48.2955414197013,-0.280247417339219,-0.747941867053718
"2025-12-24",203.020004272461,205.770004272461,202.600006103516,205,288500,203.316757202148,200.657634735107,208.498178100586,212.304929733276,202.025383841977,202.428732837274,51.2459974411689,-0.199254814098271,-0.638204456462628
"2025-12-26",204.899993896484,205.770004272461,203.990005493164,205.509994506836,415400,203.822555541992,201.230475616455,207.648115539551,212.271906585693,202.301871795826,202.531978963549,52.0895484142782,-0.113615227037733,-0.533286610577649
"2025-12-29",205,206.410003662109,205,205.600006103516,498700,203.911834716797,201.781610870361,206.852968444824,212.26977973938,202.549558399052,202.634190500827,52.246607381585,-0.0417659534975412,-0.434982479161628
"2025-12-30",205.410003662109,205.710006713867,204.550003051758,205.089996337891,464900,203.406005859375,202.230425262451,206.003264770508,212.239265823364,202.681319546794,202.691362008867,51.2220702135501,-0.0049545584842714,-0.348976895026156
"2025-12-31",204.899993896484,204.899993896484,202.5,202.850006103516,675500,201.184417724609,202.55334777832,205.106364440918,212.204794006348,202.451026958766,202.57973650633,46.8744606488373,-0.0635352527275423,-0.291888566566434
"2026-01-02",203.669998168945,204.550003051758,199.199996948242,202.440002441406,915300,200.777770996094,202.743355560303,204.15768157959,212.196742477417,202.193602964508,202.446257579646,46.1030921801155,-0.124800832654437,-0.258471019784034
"2026-01-05",201.470001220703,206.070007324219,201.470001220703,203.759994506836,946200,202.086929321289,202.868958282471,203.310038146973,212.184756546021,202.177191634782,202.419640671619,49.0121469408685,-0.119775450659021,-0.230731905959032
"2026-01-06",205.570007324219,209.910003662109,204.570007324219,209.350006103516,807700,207.63102722168,203.197699737549,202.52152923584,212.200784835815,203.016243263536,202.805669304957,59.0839113802654,0.103830410313743,-0.163819442704477
"2026-01-07",210,211.270004272461,208.089996337891,210.679992675781,992100,208.950103759766,203.706951141357,201.753871459961,212.216160507202,203.92914487834,203.260812597906,61.0550353394986,0.328805278249478,-0.0652944985136858
"2026-01-08",209,214.229995727539,208.619995117188,213.460006713867,1068200,211.707290649414,204.306165313721,201.022198486328,212.224361419678,205.125782689275,203.886477638758,64.8651561499289,0.607840728266651,0.0693325468423815
"2026-01-09",214.190002441406,214.320007324219,210.880004882812,212.25,626100,210.507217407227,204.448379516601,200.332295532227,212.206482696533,205.953695722806,204.376902806793,62.0210063158157,0.771512286544263,0.209768494782758
"2026-01-12",211.240005493164,212.330001831055,208.979995727539,211.490005493164,770300,209.753463745117,204.527722930908,200.189828186035,212.193356781006,206.538275418546,204.775166580002,60.2345474455557,0.860997389473583,0.340014273720923
"2026-01-13",211.970001220703,214.330001831055,211.190002441406,213.910003662109,591500,212.153579711914,204.802944183349,200.187008361816,212.191594696045,207.402168386757,205.321715700884,63.8092452076247,1.0132648067791,0.474664380332559
"2026-01-14",213.570007324219,213.570007324219,209.589996337891,211.520004272461,954100,209.783203125,205.015682220459,200.157124633789,212.194141998291,207.768481423409,205.652196250819,58.2408399493266,1.02906033155581,0.585543570577209
"2026-01-15",211.820007324219,213.289993286133,210.240005493164,212.600006103516,794900,210.854354858398,205.291400909424,200.215817871094,212.185051345825,208.243231182638,206.037541332862,59.9420362369463,1.07052813555624,0.682540483573014
"2026-01-16",213.740005493164,214.460006713867,211.429992675781,211.800003051758,792900,210.060913085938,205.803659820557,200.359174804688,212.169838485718,208.522874552377,206.335568870127,58.0553752973819,1.06007204391736,0.758046795641883
"2026-01-20",205.070007324219,206.619995117188,200.399993896484,200.729995727539,1335900,199.081802368164,205.730763244629,200.28235748291,212.097281570435,207.070401908652,205.798252832944,39.5195727654817,0.618153486822903,0.730068133878087
"2026-01-21",202.100006103516,206.300003051758,201.179992675781,204.570007324219,1288100,202.890274047852,205.877052307129,200.31133605957,212.204057312012,206.427305314683,205.582846997012,45.9644782879182,0.410763023280492,0.666207111758568
"2026-01-22",206,207.759994506836,204.479995727539,206.119995117188,1098600,204.427551269531,205.892920684814,200.426758422852,212.35221321106,206.119650846198,205.497269535717,48.3567021481893,0.302865975731548,0.593538884553164
"2026-01-23",205.199996948242,208.649993896484,205.080001831055,206.169998168945,863800,204.477142333984,206.039209747314,200.512163391113,212.488863449097,205.866957228934,205.421704557811,48.4360079432212,0.216750548381417,0.518181217318815
"2026-01-26",206.699996948242,208.490005493164,205.600006103516,206.919998168945,1093800,205.220977783203,206.134420776367,200.673080749512,212.664640808105,205.767575775745,205.40683590784,49.6841216110943,0.175622133660092,0.44966940058707
"2026-01-27",206.809997558594,208.679992675781,200.580001831055,204.800003051758,857300,203.118392944336,206.099212646484,200.812684936523,212.736463546753,205.360009186297,205.237321614247,46.2744671234291,0.0597783926848505,0.371691199006626
"2026-01-28",204.929992675781,206.729995727539,203.889999389648,204.479995727539,495500,202.801010131836,206.043671417236,201.016058044434,212.835495910645,204.966317024072,205.056854097031,45.7639261619721,-0.0441521807975742,0.288522523045786
"2026-01-29",204.779998779297,205.199996948242,200.5,204.649993896484,990400,202.969604492188,206.021851348877,201.241171264648,212.920924072266,204.659130480706,204.902243015191,46.104090898012,-0.118648059146598,0.207088406607309
"2026-01-30",202.410003662109,203.369995117188,201.139999389648,201.639999389648,866100,199.984329223633,205.961846923828,201.492101135254,212.98006401062,203.93993028731,204.537953104705,41.1791153147878,-0.292377433291913,0.107195238627465
"2026-02-02",201.5,207.429992675781,201.5,206.919998168945,786100,205.220977783203,206.184007263184,201.846776428223,213.06435874939,204.137014517447,204.588547525335,51.0559588252979,-0.220702973528619,0.0416155961962481
"2026-02-03",204.899993896484,206.25,198.270004272461,201.220001220703,1460600,199.567794799805,206.058050537109,202.092930908203,213.136793670654,203.43405763781,204.216639916036,42.7170026712924,-0.383211808081818,-0.0433498846593651
"2026-02-04",198.839996337891,206.740005493164,198.339996337891,205.259994506836,1309100,203.574615478516,205.855229949951,202.468994750977,213.221182098389,203.455681920996,204.169082550294,49.0667726910096,-0.349416581779805,-0.104563224083453
"2026-02-05",205.240005493164,205.429992675781,197.610000610352,198.690002441406,1249800,197.058563232422,205.260652923584,202.613414611816,213.291502227783,202.471509815061,203.642377415637,41.0898381679404,-0.574962645513555,-0.198643108369473
"2026-02-06",200.539993286133,202.520004272461,198.740005493164,202.330001831055,718900,200.668670654297,204.708721923828,202.826678771973,213.357443008423,202.194149944174,203.422102840723,46.2988174855097,-0.603647725296508,-0.27964403175488
"2026-02-09",201.740005493164,206.139999389648,201.740005493164,206.029998779297,634200,204.338287353516,204.400275421143,203.102867126465,213.4298802948,202.524017237919,203.489968360189,51.0380337708398,-0.474692256357256,-0.318653676675355
"2026-02-10",206.479995727539,210.380004882812,206.479995727539,208.410003662109,756800,206.698760986328,204.247540283203,203.389527587891,213.488261947632,203.166285506905,203.727656702866,53.8588465384935,-0.275549822270538,-0.310032905794392
"2026-02-11",208.410003662109,209.020004272461,204.339996337891,206.580001831055,680300,204.883773803711,203.884049987793,203.629420471191,213.538303146362,203.430514475645,203.813295006632,51.4064423357518,-0.187809402215477,-0.285588205078609
"2026-02-12",207.020004272461,208.020004272461,201.190002441406,203.220001220703,1110200,201.551361083984,203.472457885742,203.77185333252,213.563503799438,203.141413953851,203.645744345695,47.1604173291013,-0.247650837715785,-0.278000731606044
"2026-02-13",205.020004272461,216.339996337891,204.429992675781,214.740005493164,1556700,212.976776123047,203.578578948975,204.136869506836,213.628837738037,204.654546595265,204.336931884758,59.5090930991671,0.155436762007488,-0.191313232883338
"2026-02-17",216.720001220703,220.949996948242,212.610000610352,216.979995727539,1849500,215.198379516602,203.835452270508,204.501284790039,213.789661026001,206.27667473701,205.141483561191,61.3981637526359,0.553369877272902,-0.0423766108520898
"2026-02-18",251.190002441406,256.799987792969,236.190002441406,237.460006713867,3050200,235.510223388672,205.656873321533,205.219991760254,214.052484283447,210.774143760342,207.391019844708,73.5488874182184,1.63127792040716,0.29235429539976
"2026-02-19",242.449996948242,249.899993896484,235.970001220703,239.800003051758,1887600,237.831008911133,207.403910064697,205.955487976074,214.302424850464,214.936738398925,209.645833849629,74.5351786103404,2.52373464911866,0.73863036614354
"2026-02-20",240.899993896484,248.949996948242,239.220001220703,248.899993896484,1515200,246.85627746582,209.525346374512,206.917312011719,214.605474395752,219.847436716909,212.402163006384,77.9746646476061,3.50527207686764,1.29195870828836
"2026-02-23",247,250.190002441406,245.789993286133,247.100006103516,901700,245.071075439453,211.555043029785,207.824273376465,214.914338989258,223.727996520377,214.82208244587,75.7939473764964,4.14571629373874,1.86271022537844
"2026-02-24",247.169998168945,253.429992675781,245.839996337891,251.490005493164,848000,249.425018310547,213.765245056152,208.659515075684,215.239488220215,227.681384488096,217.385262880291,77.4503492248133,4.73634756624464,2.43743769355168
"2026-02-25",251.830001831055,252.330001831055,246.309997558594,251.990005493164,869100,249.920913696289,216.10537109375,209.49460144043,215.556587524414,231.102850520126,219.795311088883,77.638040298272,5.144577186485,2.97886559213834
"2026-02-26",250.639999389648,254.270004272461,245.880004882812,254.160003662109,929100,252.073089599609,218.568975067139,210.40308013916,215.879452514648,234.329041147738,222.186257645233,78.4753985367045,5.46513705716836,3.47611988514434
"2026-02-27",251.279998779297,255,250.529998779297,252.830001831055,1704900,250.754013061523,220.958195495605,211.307591552734,216.163644332886,236.855959903705,224.302387676069,76.5825827030851,5.59671805445303,3.90023951900608
"2026-03-02",248.759994506836,255.899993896484,246.259994506836,255.160003662109,741300,253.064880371094,223.612223052978,212.262089538574,216.447342987061,239.349639975611,226.432942690516,77.6018243769511,5.70442495319676,4.26107660584422
"2026-03-03",248.509994506836,252.320007324219,243.460006713867,250.690002441406,1523000,248.631591796875,225.782753753662,213.238406677246,216.708189620972,240.777632563498,228.077287068765,71.1993225004508,5.56843939085627,4.52254916284663
"2026-03-04",252.020004272461,253.110000610352,248.210006713867,251.179992675781,1051500,249.117553710938,228.260241699219,214.20996307373,216.964903717041,242.060697355412,229.635825338555,71.4771223700094,5.41068537478353,4.70017640523401
"2026-03-05",248.889999389648,250.199996948242,237.990005493164,240.169998168945,866500,238.197967529297,229.991409301758,214.974632568359,217.150564804077,241.466431228317,230.270058093425,57.9508589599212,4.86227919843132,4.73259696387347
"2026-03-06",236.699996948242,243.960006713867,233.639999389648,243.479995727539,1012500,241.48078918457,232.212520599365,215.722044677734,217.354500808716,241.468640144664,231.100482618695,60.3784105443711,4.48642833129684,4.68336323735815
"2026-03-09",240.139999389648,244.190002441406,236.449996948242,242.630004882812,881000,240.637771606445,234.210975646973,216.503772888184,217.559804763794,241.340814215707,231.806948469639,59.4295813614563,4.11284726752545,4.56926004339161
"2026-03-10",241.809997558594,245,238.089996337891,241.339996337891,703900,239.358352661133,235.961978912354,217.224604797363,217.773501586914,241.035820130388,232.366311743083,57.9413989590547,3.7309661294147,4.40160126059623
"2026-03-11",241.410003662109,241.410003662109,233.910003662109,236.089996337891,857900,234.151473999023,237.334614562988,217.831183166504,217.957050323486,239.976689956332,232.498545984264,52.2112376823366,3.21642612447732,4.16456623337245
"2026-03-12",232.479995727539,239.240005493164,230.830001831055,235.729995727539,8e+05,233.794418334961,238.780146789551,218.428834838867,218.143662185669,239.025571245352,232.59453652876,51.8326863843662,2.76491219981705,3.88463542666137
"2026-03-13",236.889999389648,238.919998168945,232.630004882812,233.520004272461,424100,232.490203857422,240.327088928223,219.010518798828,218.299657974243,238.020130108747,232.586808182735,50.395380340303,2.33604045236449,3.57491643180199
"2026-03-16",234,238.110000610352,233.580001831055,234.830001831055,684300,233.794418334961,241.367971038818,219.662718811035,218.479707336426,237.370020605088,232.676260786604,51.8337581652347,2.017292096158,3.26339156467319
"2026-03-17",237.229995727539,238.470001220703,234.339996337891,235.100006103516,528500,234.063232421875,242.311213684082,220.328428039551,218.656644210815,236.861283961517,232.778999426253,52.1417895726436,1.75371684959771,2.9614566216581
"2026-03-18",232.740005493164,233.889999389648,231.199996948242,231.600006103516,501600,230.578674316406,242.064636230469,220.898262939453,218.815521469116,235.8947286315,232.616012381079,47.868318389136,1.40949722973016,2.65106474327251
"2026-03-19",229.899993896484,236.729995727539,229.100006103516,235.110000610352,1052700,234.073181152344,241.876744842529,221.427106018066,218.99196937561,235.614490557783,232.723950808581,52.1075286903534,1.24204652729545,2.3692611000771
"2026-03-20",234.880004882812,234.880004882812,230.679992675781,232.360000610352,1376400,231.335311889648,241.100696563721,221.874810180664,219.147136993408,234.95615537807,232.621088666437,48.7619172837505,1.00380697425981,2.09617027491364
"2026-03-23",237.360000610352,240.380004882812,235.490005493164,238.710006713867,810300,237.657318115234,240.73000869751,222.39381072998,219.33171081543,235.371718876095,232.994142699682,55.8163697593208,1.02044461241173,1.88102514241326
"2026-03-24",235.350006103516,241.389999389648,234.070007324219,241.110000610352,608400,240.046722412109,240.261093902588,222.984600830078,219.52563621521,236.090950189328,233.516556011713,58.1609835378834,1.10244610557113,1.72530933504483
"2026-03-25",244.970001220703,245.830001831055,242.360000610352,244.779998779297,536600,243.700546264648,239.950075531006,223.663542480469,219.728182830811,237.261657277839,234.270925660079,61.5233839935391,1.27661237062753,1.63556994216137
"2026-03-26",243,245.009994506836,236.029998779297,236.070007324219,755700,235.028961181641,239.097869110107,224.121050109863,219.883257827759,236.918165570732,234.327076439454,51.0397455214569,1.10575746117301,1.5296074459637
"2026-03-27",233.550003051758,234.199996948242,229.169998168945,230.160003662109,690200,229.14501953125,238.017419433594,224.508286437988,219.999950866699,235.722296949273,233.943220372179,45.3881756791298,0.760473662909811,1.37578068935292
"2026-03-30",233.190002441406,233.330001831055,225.369995117188,226,807900,225.003356933594,236.614343261719,224.791266479492,220.100783920288,234.073229254553,233.281008265618,41.8734578345812,0.339599436244487,1.16854443873123
"2026-03-31",230,234.139999389648,225.539993286133,232.009994506836,789100,230.986846923828,235.732106018066,225.20978515625,220.235158538818,233.598401203672,233.111070388448,48.1234999426909,0.209055200343866,0.976646591053761
"2026-04-01",232.320007324219,237.919998168945,231.770004272461,237.570007324219,737900,236.522338867188,235.102345275879,225.95859588623,220.431834793091,234.04823776729,233.363756942429,53.1430919577381,0.293310681071279,0.839979409057265
"2026-04-02",233.710006713867,241.970001220703,232.839996337891,237.649993896484,410400,236.601974487305,235.022545623779,226.63282989502,220.611691665649,234.4411203396,233.603624908716,53.2132304842621,0.358511316428189,0.74368579053145
"2026-04-06",238.300003051758,243.529998779297,237.899993896484,242.789993286133,408100,241.719314575195,235.034471893311,227.378665161133,220.847340011597,235.560842529692,234.204787106233,57.6048140619303,0.579004144284889,0.710749461282138
"2026-04-07",241.139999389648,241.860000610352,236.210006713867,241.270004272461,1026500,240.206024169922,235.012884521484,228.093242797852,221.072863845825,236.275485858958,234.649323185025,55.9328470649802,0.69301826737036,0.707203222499782
"2026-04-08",250.220001220703,253.399993896484,248.899993896484,252.789993286133,973200,251.675216674805,235.628727722168,229.022327575684,221.347321548462,238.644675215242,235.910500480564,64.3728916862601,1.15898814555027,0.797560207109879
"2026-04-09",251.759994506836,259.070007324219,251.539993286133,256.529998779297,783800,255.398727416992,236.691090393066,230.067934265137,221.631886291504,241.222221707819,237.354072846225,66.6088590533894,1.62969559157289,0.963987284002481
"2026-04-10",257.399993896484,257.739990234375,254.979995727539,256.890014648438,711400,255.75715637207,237.789227294922,231.127057189941,221.901812591553,243.458365502319,238.71726421851,66.8247005268887,1.98607390183108,1.1684046075682
"2026-04-13",255.710006713867,262.589996337891,255.139999389648,261.570007324219,629300,260.41650390625,239.185542297363,232.275995178223,222.202611465454,246.067309872155,240.324615306491,69.5776782425519,2.38955737361317,1.41263516077719
"2026-04-14",262,265.209991455078,261.519989013672,264.480010986328,792100,263.313690185547,240.661505889893,233.542582397461,222.509976119995,248.720599151138,242.027509741976,71.1791896265124,2.76542506110027,1.68319314084181
"2026-04-15",264.420013427734,266.470001220703,263.730010986328,265.839996337891,830200,264.667663574219,242.19172744751,234.731516113281,222.808319549561,251.173993677766,243.704558173994,71.9230743149438,3.06495518989782,1.95954555065301
"2026-04-16",265.529998779297,267.25,263.519989013672,264.359985351562,823700,263.194183349609,243.82250289917,236.004043884277,223.09752456665,253.02325362728,245.148234112929,69.8113164251736,3.21235008803842,2.21010645813009
"2026-04-17",267.369995117188,273.320007324219,266.489990234375,267.420013427734,956500,266.24072265625,245.430879974365,237.257366027832,223.390106658936,255.056710400968,246.710640671693,71.6638411724477,3.38293869553072,2.44467290561022
"2026-04-20",266.070007324219,268.109985351562,266.070007324219,267.519989013672,519300,266.340240478516,247.181126403809,238.642999572754,223.672068710327,256.792638105206,248.164685101828,71.724879562177,3.47670459229017,2.65107924294621
"2026-04-21",267.5,269.760009765625,265.369995117188,265.489990234375,578700,264.319213867188,248.514221191406,239.916010437012,223.937136764526,257.950572837819,249.361316862225,68.4979072126686,3.44450217205861,2.80976382876869
"2026-04-22",267.920013427734,268.630004882812,264.480010986328,266.589996337891,567000,265.414367675781,249.78260345459,241.137532043457,224.20935333252,259.098848966736,250.550431737304,69.3038371271908,3.41185491885132,2.93018204678522
"2026-04-23",267,269.160003662109,259.739990234375,260.799987792969,714100,259.649871826172,250.580069732666,242.196554260254,224.45776512146,259.183621714341,251.224464336479,60.5262961657407,3.16814582484386,2.97777480239694
"2026-04-24",260.989990234375,261.140014648438,256.859985351562,259.390014648438,761100,258.246124267578,251.740927886963,243.263801269531,224.680956497192,259.039391337916,251.744587294338,58.5805707611871,2.89770045186679,2.96175993229091
"2026-04-27",259.029998779297,259.619995117188,255.639999389648,257.329986572266,832400,256.195190429688,253.093436431885,244.356677856445,224.890498886108,258.60182196742,252.07426160066,55.7601821368908,2.58953862457421,2.88731567074757
"2026-04-28",257.450012207031,258.980010986328,247.240005493164,247.809997558594,1095900,246.717178344727,254.179127502442,245.031485900879,225.061899642944,256.773415256236,251.677440618739,44.9820222331686,2.02480390175954,2.71481331694997
"2026-04-29",241.899993896484,254.970001220703,240.889999389648,253.080001831055,1389700,251.963943481445,255.227982330322,245.766797180176,225.252204360962,256.033496521653,251.698663053014,50.6668620128805,1.72223142390151,2.51629693834028
"2026-04-30",249.279998779297,252.279998779297,246.490005493164,251.139999389648,760700,250.032501220703,255.903490447998,246.057242736816,225.439099502563,255.110266475353,251.575243658028,48.6730819847814,1.40515527916183,2.29406860650459
"2026-05-01",252.639999389648,252.639999389648,241.110000610352,242.419998168945,716600,241.350952148438,256.140939331055,246.127641601562,225.559662628174,252.993448886597,250.817888731392,40.8851973403445,0.867386359963751,2.00873215719642
"2026-05-04",242.830001831055,245.130004882812,236.740005493164,238.600006103516,624900,237.547805786133,255.932363891602,245.941472167969,225.638581161499,250.61719610191,249.834919624335,38.0155874062307,0.31311734914834,1.6696091955868
"2026-05-05",239.630004882812,239.630004882812,234.610000610352,234.639999389648,940800,233.605255126953,255.602325439453,245.712155761719,225.685537643433,247.999974413455,248.632722254159,35.2532610202542,-0.25449097567174,1.2847891613351
"2026-05-06",237.990005493164,243.649993896484,237.929992675781,242.820007324219,829300,241.74919128418,255.106024169922,245.558639221191,225.781773605347,247.03831547049,248.122831071198,44.262757621536,-0.437088193789237,0.940413690310229
"2026-05-07",242.979995727539,247.080001831055,239.669998168945,241.899993896484,988100,240.833236694336,254.377749633789,245.376885681152,225.865755462646,246.083687966466,247.582861117356,43.5291113855892,-0.605523800849528,0.631226192078278
"2026-05-08",243.059997558594,244,239.970001220703,240.089996337891,483000,239.031219482422,253.541452789307,245.116048278809,225.919623260498,244.998692815075,246.949406181435,42.0523570836753,-0.789924299282174,0.346996093806187
"2026-05-11",240.860000610352,244.369995117188,240.860000610352,242.380004882812,1105300,241.311126708984,252.586183929443,244.927190551758,225.986317214966,244.431374952599,246.531755850142,44.6126066076131,-0.851971743072233,0.107202526430503
"2026-05-12",244.529998779297,245.490005493164,235.080001831055,236.970001220703,490400,235.924987792969,251.216748809815,244.584392700195,226.006796569824,243.122700004964,245.746069327389,40.1045885932095,-1.06751222088927,-0.127740423033451
"2026-05-13",236.470001220703,238,231.589996337891,232.020004272461,914500,230.996810913086,249.533206176758,244.23169708252,225.999043960571,241.257178606213,244.65353166707,36.4730280811684,-1.38822972949291,-0.379838284325342
"2026-05-14",233.399993896484,235.009994506836,230.289993286133,234.429992675781,614900,233.396179199219,248.043305969238,243.917269592285,225.988825378418,240.04779408206,243.819653706488,39.3524657301703,-1.54698752421681,-0.613268132303636
"2026-05-15",229.820007324219,231.880004882812,225.679992675781,225.75,791700,224.754455566406,245.968992614746,243.648399353027,226.023011779785,237.69497277196,242.407416807223,33.4684564409544,-1.94401809042459,-0.879418123927828
"2026-05-18",225.869995117188,228.330001831055,225,226.889999389648,729000,225.889434814453,243.946452331543,243.336572265625,226.076302871704,235.878736163113,241.183862585536,34.8463397839031,-2.19961914762949,-1.14345832866816
"2026-05-19",224.960006713867,230.440002441406,224.539993286133,228.690002441406,774700,227.681503295898,242.114566802979,243.077446899414,226.138701858521,234.61762341431,240.183687823341,37.0627196036262,-2.31741982957833,-1.37825062885019
"2026-05-20",228.570007324219,237.479995727539,226.960006713867,237.470001220703,948500,236.422775268555,240.664987182617,243.018735351562,226.211355667114,234.895339084194,239.905101708172,46.604226442432,-2.08822679814101,-1.52024586270836
"2026-05-21",235.729995727539,240.880004882812,235,239.779998779297,770800,238.722595214844,239.618623352051,243.110157775879,226.282127990723,235.484147719679,239.817508634592,48.803373273377,-1.80694101093168,-1.57758489235302
"2026-05-22",240.889999389648,242.779998779297,239.470001220703,240.710006713867,494600,239.648498535156,238.68874206543,243.227239379883,226.348527374268,236.124817075906,239.804989367967,49.7015431677916,-1.53465209450413,-1.56899833278324
"2026-05-26",242.080001831055,242.100006103516,237.669998168945,238.529998779297,636400,237.478103637695,237.75288772583,243.326997375488,226.40958442688,236.333015008489,239.632627462021,47.5937644944845,-1.37694623995009,-1.53058791421661
"2026-05-27",238.889999389648,241.860000610352,237.619995117188,237.970001220703,964700,236.92057800293,237.26305770874,243.389520568848,226.45102973938,236.423409315326,239.431734909496,47.0418770176054,-1.25644396942901,-1.47575912525909
"2026-05-28",235.169998168945,237.360000610352,232.229995727539,236.350006103516,764200,235.307723999023,236.430246734619,243.414410400391,226.501087341309,236.25176542051,239.126252619831,45.4017117592607,-1.20207930657064,-1.4210231615214
"2026-05-29",235.929992675781,240.389999389648,233.570007324219,233.919998168945,1874200,232.888427734375,235.573043060303,243.46060546875,226.519567871094,235.734328853412,238.664191517205,42.9809204069033,-1.22760881939047,-1.38234029309522
"2026-06-01",232.970001220703,238.190002441406,229.880004882812,236.800003051758,771900,235.755737304688,235.293282318115,243.494256591797,226.534527740479,235.737622461301,238.448750464426,46.6140612075059,-1.1369856196957,-1.33326935841531
"2026-06-02",236.279998779297,241.119995117188,235.949996948242,241.029998779297,663200,239.967071533203,235.414245605469,243.666891784668,226.578021621704,236.388306933901,238.561218691742,51.5018967949424,-0.910840315855721,-1.24878354990339
"2026-06-03",240.470001220703,242.190002441406,236.369995117188,237.940002441406,551300,236.890701293945,235.578517913818,243.651559448242,226.619514389038,236.465598373908,238.437476662276,48.0416193843686,-0.827000149460944,-1.1644268698149
"2026-06-04",239.580001831055,242.919998168945,237.729995727539,241.960006713867,554800,240.892990112305,235.535707855225,243.668484802246,226.679739456177,237.146735564431,238.619366547463,52.5118267012461,-0.617146463985674,-1.05497078864906
"2026-06-05",239.460006713867,241.100006103516,235.449996948242,236.570007324219,581400,235.526748657227,235.270383453369,243.505008850098,226.708951873779,236.897506809476,238.390283740779,46.7092437017517,-0.626190341266641,-0.969214699172575
"2026-06-08",236.690002441406,238.759994506836,235.110000610352,235.229995727539,428400,234.192657470703,235.028455352783,243.488282775879,226.747727737427,236.481376141973,238.079348461514,45.3670813158398,-0.671193167264528,-0.909610392790965
"2026-06-09",236.089996337891,241.429992675781,233.800003051758,237.850006103516,456700,236.80110168457,234.802954101563,243.641404418945,226.802300643921,236.530564686988,237.984663515074,48.4839973718684,-0.611005266729792,-0.849889367578731
"2026-06-10",237.360000610352,237.970001220703,231.570007324219,231.720001220703,648100,230.698135375977,234.541611480713,243.755299987793,226.795219192505,235.633267869909,237.444920689956,42.3902949201146,-0.762978131847314,-0.832507120432447
"2026-06-11",232.559997558594,238.800003051758,231.619995117188,238.580001831055,547600,237.527893066406,234.868165588379,243.886120910645,226.838028411865,235.92474866937,237.451066791915,49.9686364165409,-0.642792699635375,-0.794564236273033
"2026-06-12",240,240.449996948242,236.5,238.100006103516,466500,237.050003051758,235.050856781006,243.896674194336,226.879038543701,236.097864728199,237.421358366718,49.4781809405477,-0.557445062071793,-0.747140401432785
"2026-06-15",239.449996948242,242.360000610352,238.089996337891,238.169998168945,877500,238.169998168945,235.721633911133,243.928034667969,226.911235046387,236.416654488314,237.476813166883,50.699492138884,-0.446426185542681,-0.686997558254764
"2026-06-16",239.460006713867,240.699996948242,234.350006103516,234.960006713867,790400,234.960006713867,236.175162506104,243.792848510742,226.900226745605,236.192554830707,237.290383059252,47.179262929441,-0.462651800040081,-0.642128406611828
"2026-06-17",233.399993896484,239.119995117188,230.860000610352,231.889999389648,1000200,231.889999389648,236.385587310791,243.626528015137,226.870080490112,235.53062322439,236.890354639282,44.0304918445346,-0.573991886230296,-0.628501102535521
"2026-06-18",233.690002441406,236.710006713867,232.210006713867,234.199996948242,2310700,234.199996948242,236.274448394775,243.277023620605,226.888526992798,235.325911489598,236.69106888439,46.9020930796808,-0.576767598890104,-0.618154401806438
"2026-06-22",233.399993896484,237.350006103516,232.110000610352,236.339996337891,1073300,236.339996337891,236.155318450928,242.895848999023,226.904784622192,235.481924543181,236.665063510575,49.4876665583869,-0.499921259962677,-0.594507773437686
"2026-06-23",235.979995727539,237.940002441406,232.470001220703,236.410003662109,1322400,236.410003662109,235.993393707275,242.508905944824,226.917702789307,235.624705946093,236.646170188466,49.5741727169545,-0.431641991737919,-0.561934617097732
"2026-06-24",238.490005493164,250.339996337891,237,240.020004272461,1149500,240.020004272461,236.120488739014,242.100975952148,226.949999313354,236.300905688612,236.896083824318,53.9533830396486,-0.251240175058254,-0.499795728689837
"2026-06-25",241.910003662109,245.440002441406,233.860000610352,235.410003662109,987200,235.410003662109,236.044960021973,241.54290222168,226.948816833496,236.16384383838,236.786003812302,48.197100826757,-0.262752005568379,-0.452386984065545
"2026-06-26",233.830001831055,235,228.509994506836,232.509994506836,1630800,232.509994506836,235.905073547363,240.899748840332,226.938102798462,235.601713171989,236.469262382268,44.9483233726652,-0.366876101163827,-0.435284807485201
"2026-06-29",234.660003662109,236.940002441406,232.600006103516,233.759994506836,1008800,233.759994506836,235.948651885986,240.311065063477,226.946133880615,235.318371838888,236.268575872977,46.6185848236484,-0.402171143825314,-0.428662074753224
"2026-06-30",232.979995727539,238.479995727539,231.369995117188,237.539993286133,954000,237.539993286133,236.037864685059,239.737050476074,226.947386016846,235.660159753849,236.362754940618,51.4186769804705,-0.297252918271806,-0.40238024345694
