"Date","F.Open","F.High","F.Low","F.Close","F.Volume","F.Adjusted"
2020-01-02,9.28999996185303,9.42000007629395,9.1899995803833,9.42000007629395,43425700,6.86606931686401
2020-01-03,9.3100004196167,9.36999988555908,9.14999961853027,9.21000003814697,45040800,6.71300315856934
2020-01-06,9.10000038146973,9.17000007629395,9.0600004196167,9.15999984741211,43372300,6.67655897140503
2020-01-07,9.19999980926514,9.25,9.11999988555908,9.25,44984100,6.74215936660767
2020-01-08,9.22999954223633,9.30000019073486,9.17000007629395,9.25,45994900,6.74215936660767
2020-01-09,9.30000019073486,9.3100004196167,9.18000030517578,9.26000022888184,51817400,6.74944829940796
2020-01-10,9.27000045776367,9.35999965667725,9.25,9.25,39796300,6.74215936660767
2020-01-13,9.25,9.26000022888184,9.10999965667725,9.23999977111816,48553700,6.73487091064453
2020-01-14,9.22000026702881,9.32999992370605,9.21000003814697,9.28999996185303,42935600,6.77131462097168
2020-01-15,9.27000045776367,9.30000019073486,9.18000030517578,9.1899995803833,55923900,6.69842672348022
2020-01-16,9.22999954223633,9.27999973297119,9.14999961853027,9.17000007629395,44310400,6.68384885787964
2020-01-17,9.1899995803833,9.22999954223633,9.13000011444092,9.15999984741211,41644900,6.67655897140503
2020-01-21,9.14999961853027,9.22000026702881,9.10000038146973,9.21000003814697,49556400,6.71300315856934
2020-01-22,9.22000026702881,9.25,9.14999961853027,9.15999984741211,39914800,6.67655897140503
2020-01-23,9.14000034332275,9.15999984741211,8.93000030517578,9.14000034332275,75848700,6.66198253631592
2020-01-24,9.10999965667725,9.11999988555908,8.96000003814697,9,68100900,6.55993938446045
2020-01-27,8.88000011444092,8.96000003814697,8.77999973297119,8.89000034332275,60769300,6.47976207733154
2020-01-28,8.9399995803833,9,8.85999965667725,8.97000026702881,85163400,6.5380711555481
2020-01-29,8.85000038146973,8.96000003814697,8.84000015258789,8.85999965667725,59057400,6.56772184371948
2020-01-30,8.8100004196167,8.84000015258789,8.72999954223633,8.84000015258789,42827800,6.55289793014526
2020-01-31,8.77999973297119,8.84000015258789,8.73999977111816,8.81999969482422,59813700,6.53807163238525
2020-02-03,8.85000038146973,9.14000034332275,8.85000038146973,8.97999954223633,71405400,6.65667676925659
2020-02-04,9.07999992370605,9.23999977111816,9.06999969482422,9.18000030517578,86196400,6.804931640625
2020-02-05,8.40999984741211,8.47999954223633,8.26000022888184,8.3100004196167,145792500,6.16002130508423
2020-02-06,8.36999988555908,8.38000011444092,8.25,8.25,68823400,6.11554384231567
2020-02-07,8.21000003814697,8.21000003814697,8.02000045776367,8.10999965667725,98256500,6.01176452636719
2020-02-10,8.14999961853027,8.14999961853027,8.05000019073486,8.0600004196167,71834900,5.97470140457153
2020-02-11,8.10000038146973,8.14999961853027,8.07999992370605,8.10000038146973,80164500,6.00435161590576
2020-02-12,8.14000034332275,8.32999992370605,8.13000011444092,8.23999977111816,111536800,6.10812997817993
2020-02-13,8.21000003814697,8.35999965667725,8.21000003814697,8.25,67648800,6.11554384231567
2020-02-14,8.27000045776367,8.27000045776367,8.07999992370605,8.10000038146973,46359700,6.00435161590576
2020-02-18,8.11999988555908,8.14999961853027,8.02000045776367,8.0600004196167,65094800,5.97470140457153
2020-02-19,8.0600004196167,8.10000038146973,8,8,69668200,5.93022441864014
2020-02-20,8,8.06999969482422,7.98999977111816,8.02999973297119,52318200,5.95246267318726
2020-02-21,8.02000045776367,8.02999973297119,7.8899998664856,7.8899998664856,58326300,5.84868335723877
2020-02-24,7.69999980926514,7.71999979019165,7.55000019073486,7.57000017166138,110048200,5.61147499084473
2020-02-25,7.67999982833862,7.67999982833862,7.21999979019165,7.23000001907349,108888300,5.35943937301636
2020-02-26,7.30000019073486,7.46000003814697,7.21000003814697,7.21000003814697,92469500,5.34461450576782
2020-02-27,7.13000011444092,7.28000020980835,6.92000007629395,6.96999979019165,118642400,5.16670703887939
2020-02-28,6.84000015258789,6.96000003814697,6.67000007629395,6.96000003814697,116490700,5.15929555892944
2020-03-02,7.1100001335144,7.23000001907349,6.88000011444092,7.19999980926514,96766000,5.33720111846924
2020-03-03,7.28999996185303,7.34000015258789,6.8899998664856,6.96999979019165,97457800,5.16670703887939
2020-03-04,7.09000015258789,7.09000015258789,6.92000007629395,7.07999992370605,70588100,5.2482476234436
2020-03-05,6.96000003814697,6.96999979019165,6.71000003814697,6.73999977111816,78070900,4.99621391296387
2020-03-06,6.59999990463257,6.67999982833862,6.40000009536743,6.48999977111816,109932200,4.81089353561401
2020-03-09,5.96999979019165,6.1399998664856,5.86999988555908,5.90000009536743,103901700,4.37353992462158
2020-03-10,6.26000022888184,6.28999996185303,5.80000019073486,6.26000022888184,101873600,4.64039993286133
2020-03-11,6.05999994277954,6.1100001335144,5.88000011444092,5.90000009536743,98587100,4.37353992462158
2020-03-12,5.38000011444092,5.69000005722046,5.19999980926514,5.34999990463257,89453100,3.96583724021912
2020-03-13,5.86999988555908,5.90000009536743,5.11999988555908,5.63000011444092,125375300,4.17339515686035
2020-03-16,5.03999996185303,5.21999979019165,5,5.01000022888184,110310900,3.71380162239075
2020-03-17,5.07999992370605,5.1399998664856,4.69999980926514,5.01000022888184,104233500,3.71380162239075
2020-03-18,4.75,4.84000015258789,4.09999990463257,4.5,125954700,3.33575129508972
2020-03-19,4.32999992370605,4.57999992370605,4.09999990463257,4.46999979019165,126603800,3.31351280212402
2020-03-20,4.53999996185303,4.75,4.25,4.32999992370605,129378600,3.20973348617554
2020-03-23,4.26999998092651,4.51999998092651,3.96000003814697,4.01000022888184,134925000,2.97252511978149
2020-03-24,4.46999979019165,4.98999977111816,4.26000022888184,4.94999980926514,146192100,3.6693263053894
2020-03-25,5.76999998092651,5.86999988555908,5.11999988555908,5.3899998664856,198999400,3.9954891204834
2020-03-26,5.3600001335144,5.65000009536743,5.15999984741211,5.25,138227600,3.89170837402344
2020-03-27,5.07000017166138,5.30000019073486,4.90999984741211,5.19000005722046,106324000,3.84723258018494
2020-03-30,5.1100001335144,5.11999988555908,4.92999982833862,5.03000020980835,97879700,3.72862958908081
2020-03-31,5.03000020980835,5.19000005722046,4.75,4.82999992370605,231800800,3.58037209510803
2020-04-01,4.63000011444092,4.76999998092651,4.3600001335144,4.40000009536743,119174500,3.26162338256836
2020-04-02,4.3899998664856,4.57000017166138,4.25,4.3600001335144,90891700,3.23197197914124
2020-04-03,4.40000009536743,4.42000007629395,4.17000007629395,4.23999977111816,85659900,3.14301872253418
2020-04-06,4.53999996185303,4.67000007629395,4.40999984741211,4.53000020980835,102205300,3.357990026474
2020-04-07,4.84999990463257,5.03000020980835,4.63000011444092,4.71000003814697,115150400,3.49141955375671
2020-04-08,4.8600001335144,5.09000015258789,4.80000019073486,5.03000020980835,117022200,3.72862958908081
2020-04-09,5.51000022888184,5.75,5.23999977111816,5.36999988555908,175681700,3.98066306114197
2020-04-13,5.42999982833862,5.42999982833862,5.01999998092651,5.15999984741211,99320000,3.82499384880066
2020-04-14,5.26999998092651,5.44000005722046,5.15999984741211,5.28999996185303,74877000,3.92136120796204
2020-04-15,5.05999994277954,5.1399998664856,4.94999980926514,5.03000020980835,74727700,3.72862958908081
2020-04-16,5.05999994277954,5.07000017166138,4.8899998664856,4.94000005722046,58951200,3.66191387176514
2020-04-17,5.17000007629395,5.28000020980835,5.03000020980835,5.11999988555908,91989300,3.79534292221069
2020-04-20,5.01000022888184,5.09000015258789,4.90999984741211,4.98000001907349,71079400,3.69156455993652
2020-04-21,4.8899998664856,4.92000007629395,4.71999979019165,4.76999998092651,82400200,3.53589630126953
2020-04-22,4.86999988555908,4.8899998664856,4.75,4.76999998092651,62237200,3.53589630126953
2020-04-23,4.80000019073486,4.98000001907349,4.76999998092651,4.8899998664856,61959800,3.62484955787659
2020-04-24,4.92999982833862,4.96000003814697,4.80000019073486,4.86999988555908,54320400,3.61002421379089
2020-04-27,4.90999984741211,5.19000005722046,4.88000011444092,5.17000007629395,91082800,3.83240699768066
2020-04-28,5.48999977111816,5.53999996185303,5.21999979019165,5.38000011444092,106222800,3.98807549476624
2020-04-29,5.32999992370605,5.5,5.21000003814697,5.26000022888184,126393000,3.8991219997406
2020-04-30,5.15999984741211,5.23999977111816,5.05999994277954,5.09000015258789,93437900,3.77310514450073
2020-05-01,5.01999998092651,5.05000019073486,4.90000009536743,4.92000007629395,82660100,3.64708805084229
2020-05-04,4.88000011444092,4.96999979019165,4.76999998092651,4.8600001335144,84214700,3.60261082649231
2020-05-05,4.98999977111816,5.09000015258789,4.94000005722046,4.96999979019165,96301300,3.6841516494751
2020-05-06,5.05000019073486,5.09000015258789,4.82000017166138,4.86999988555908,89390400,3.61002421379089
2020-05-07,4.90000009536743,4.98000001907349,4.84999990463257,4.86999988555908,67222900,3.61002421379089
2020-05-08,4.96000003814697,5.25,4.94999980926514,5.23999977111816,101207100,3.88429641723633
2020-05-11,5.17999982833862,5.19000005722046,5.05000019073486,5.11999988555908,75734000,3.79534292221069
2020-05-12,5.15000009536743,5.21999979019165,4.96999979019165,4.98000001907349,70965200,3.69156455993652
2020-05-13,5,5.01000022888184,4.65999984741211,4.71999979019165,100192300,3.4988317489624
2020-05-14,4.6399998664856,4.92000007629395,4.51999998092651,4.8899998664856,108061100,3.62484955787659
2020-05-15,4.80000019073486,4.94000005722046,4.75,4.90000009536743,80544700,3.63226222991943
2020-05-18,5.11999988555908,5.32999992370605,5.11999988555908,5.30999994277954,136157700,3.93618607521057
2020-05-19,5.26999998092651,5.44999980926514,5.15000009536743,5.30000019073486,94836300,3.92877411842346
2020-05-20,5.38000011444092,5.53999996185303,5.36999988555908,5.48999977111816,87685400,4.06961631774902
2020-05-21,5.44999980926514,5.69000005722046,5.44000005722046,5.63000011444092,87098200,4.17339515686035
2020-05-22,5.67999982833862,5.73000001907349,5.5,5.65000009536743,76656500,4.18822145462036
2020-05-26,5.92000007629395,5.98999977111816,5.82000017166138,5.84000015258789,86046300,4.3290638923645
2020-05-27,6.01000022888184,6.09000015258789,5.84000015258789,6.03000020980835,110413900,4.46990585327148
2020-05-28,6.05000019073486,6.07000017166138,5.80999994277954,5.84999990463257,76930200,4.33647632598877
2020-05-29,5.75,5.80000019073486,5.57000017166138,5.71000003814697,92936300,4.23269701004028
2020-06-01,5.73000001907349,5.88000011444092,5.67000007629395,5.86999988555908,61879700,4.35130214691162
2020-06-02,5.96000003814697,6,5.82999992370605,5.90000009536743,80046000,4.37353992462158
2020-06-03,5.98999977111816,6.26999998092651,5.92000007629395,6.19000005722046,98876600,4.58851099014282
2020-06-04,6.19999980926514,6.57999992370605,6.11999988555908,6.57000017166138,115798600,4.8701958656311
2020-06-05,7.23999977111816,7.5,7.01999998092651,7.34000015258789,208648200,5.44098091125488
2020-06-08,7.53000020980835,7.73999977111816,7.36999988555908,7.53000020980835,113169300,5.58182430267334
2020-06-09,7.21999979019165,7.44000005722046,7.05000019073486,7.23999977111816,115749600,5.36685228347778
2020-06-10,7.32999992370605,7.34000015258789,6.76999998092651,6.80999994277954,147327100,5.04810285568237
2020-06-11,6.07000017166138,6.46000003814697,6.03999996185303,6.13000011444092,116184700,4.54403448104858
2020-06-12,6.55999994277954,6.63000011444092,6.30000019073486,6.46000003814697,88778000,4.78865575790405
2020-06-15,6.17999982833862,6.57999992370605,6.1100001335144,6.5,104742600,4.81830739974976
2020-06-16,6.86999988555908,6.86999988555908,6.44000005722046,6.55000019073486,109535200,4.85537052154541
2020-06-17,6.55999994277954,6.55999994277954,6.30999994277954,6.32999992370605,67831400,4.69229125976562
2020-06-18,6.26000022888184,6.44999980926514,6.19000005722046,6.32999992370605,61301800,4.69229125976562
2020-06-19,6.6399998664856,6.69000005722046,6.23000001907349,6.23000001907349,126127800,4.61816167831421
2020-06-22,6.26999998092651,6.28000020980835,6.13000011444092,6.28000020980835,71724300,4.65522527694702
2020-06-23,6.32999992370605,6.38000011444092,6.1399998664856,6.15000009536743,86672800,4.55885982513428
2020-06-24,6.05999994277954,6.11999988555908,5.8600001335144,5.94999980926514,75536300,4.41060447692871
2020-06-25,5.8600001335144,6.05000019073486,5.80000019073486,6.03000020980835,73612700,4.46990585327148
2020-06-26,6.03999996185303,6.07000017166138,5.80999994277954,5.90999984741211,118435400,4.38095378875732
2020-06-29,5.90999984741211,6.07000017166138,5.80999994277954,6.01000022888184,58208400,4.45508098602295
2020-06-30,5.98000001907349,6.09999990463257,5.90000009536743,6.07999992370605,61909300,4.50697088241577
2020-07-01,6.09999990463257,6.17999982833862,5.94999980926514,5.98000001907349,62454700,4.43284368515015
2020-07-02,6.09999990463257,6.17000007629395,6,6.05000019073486,67270500,4.48473167419434
2020-07-06,6.1399998664856,6.19999980926514,6.1100001335144,6.19000005722046,63921800,4.58851099014282
2020-07-07,6.1399998664856,6.19999980926514,6.09000015258789,6.11999988555908,56652000,4.53662204742432
2020-07-08,6.13000011444092,6.17999982833862,6.05000019073486,6.09000015258789,60928600,4.51438331604004
2020-07-09,6.09000015258789,6.09999990463257,5.82000017166138,5.84000015258789,82693000,4.3290638923645
2020-07-10,5.80000019073486,6.09999990463257,5.73999977111816,6.09999990463257,73710700,4.52179479598999
2020-07-13,6.15000009536743,6.21999979019165,6.05000019073486,6.05999994277954,80190700,4.49214506149292
2020-07-14,6.17999982833862,6.3899998664856,6.07999992370605,6.3600001335144,106131800,4.71452760696411
2020-07-15,6.53999996185303,6.78000020980835,6.51999998092651,6.73999977111816,101648700,4.99621391296387
2020-07-16,6.65999984741211,6.90000009536743,6.63000011444092,6.8600001335144,93498500,5.08516693115234
2020-07-17,6.90000009536743,6.90999984741211,6.73000001907349,6.80000019073486,80769000,5.04069089889526
2020-07-20,6.80000019073486,6.84999990463257,6.57999992370605,6.65999984741211,71361700,4.93691205978394
2020-07-21,6.71000003814697,6.80999994277954,6.6399998664856,6.67999982833862,63285100,4.95173645019531
2020-07-22,6.6399998664856,6.88000011444092,6.6100001335144,6.84000015258789,75629600,5.07034158706665
2020-07-23,6.86999988555908,7.05999994277954,6.80000019073486,6.98000001907349,88652600,5.17412042617798
2020-07-24,6.90000009536743,7.01000022888184,6.8600001335144,6.88000011444092,62292000,5.0999927520752
2020-07-27,6.92000007629395,6.94000005722046,6.76999998092651,6.92999982833862,60370200,5.13705587387085
2020-07-28,6.90000009536743,7.05000019073486,6.90000009536743,7.01000022888184,56312500,5.19635915756226
2020-07-29,7.05000019073486,7.05999994277954,6.82999992370605,6.92000007629395,59437200,5.1296443939209
2020-07-30,6.73999977111816,6.82999992370605,6.67000007629395,6.73999977111816,58991000,4.99621391296387
2020-07-31,6.8899998664856,6.90000009536743,6.51999998092651,6.6100001335144,115301700,4.89984750747681
2020-08-03,6.65000009536743,6.71999979019165,6.53000020980835,6.69000005722046,53845900,4.95915031433105
2020-08-04,6.90999984741211,6.90999984741211,6.73000001907349,6.8600001335144,69377600,5.08516693115234
2020-08-05,6.8600001335144,7.03000020980835,6.8600001335144,6.96000003814697,81728400,5.15929555892944
2020-08-06,6.92999982833862,7,6.8899998664856,6.92999982833862,48668500,5.13705587387085
2020-08-07,6.86999988555908,6.92000007629395,6.78999996185303,6.8600001335144,47480100,5.08516693115234
2020-08-10,6.90999984741211,7.13000011444092,6.90999984741211,7.09000015258789,57229000,5.25566053390503
2020-08-11,7.21000003814697,7.38000011444092,7.19000005722046,7.23000001907349,74016400,5.35943937301636
2020-08-12,7.32999992370605,7.36999988555908,7.05999994277954,7.1100001335144,59161400,5.27048635482788
2020-08-13,7.03000020980835,7.17999982833862,7,7.03000020980835,50066800,5.21118450164795
2020-08-14,6.96999979019165,7.1100001335144,6.92999982833862,7.03999996185303,43517700,5.21859693527222
2020-08-17,7.05000019073486,7.05999994277954,6.86999988555908,6.98000001907349,64555200,5.17412042617798
2020-08-18,6.98000001907349,7.01000022888184,6.8899998664856,6.8899998664856,40444200,5.10740566253662
2020-08-19,6.8899998664856,7.01999998092651,6.8600001335144,6.86999988555908,44158100,5.09257984161377
2020-08-20,6.76999998092651,6.8899998664856,6.73000001907349,6.84000015258789,41824500,5.07034158706665
2020-08-21,6.78000020980835,6.84999990463257,6.65000009536743,6.65999984741211,39158900,4.93691205978394
2020-08-24,6.73000001907349,7,6.69000005722046,6.98000001907349,64974700,5.17412042617798
2020-08-25,7.01000022888184,7.09999990463257,6.8600001335144,6.94000005722046,49550000,5.14446830749512
2020-08-26,6.94000005722046,6.96999979019165,6.76999998092651,6.82000017166138,48600100,5.0555157661438
2020-08-27,6.82999992370605,6.98000001907349,6.82999992370605,6.90999984741211,45740900,5.12223052978516
2020-08-28,6.92999982833862,6.94999980926514,6.8600001335144,6.94000005722046,39936900,5.14446830749512
2020-08-31,6.90000009536743,6.92999982833862,6.78999996185303,6.82000017166138,50089500,5.0555157661438
2020-09-01,6.76999998092651,6.86999988555908,6.71999979019165,6.82999992370605,48189900,5.06292915344238
2020-09-02,6.80999994277954,6.96999979019165,6.76999998092651,6.94999980926514,59008900,5.15188217163086
2020-09-03,6.92000007629395,7.09000015258789,6.76000022888184,6.82000017166138,78130900,5.0555157661438
2020-09-04,6.8600001335144,6.94999980926514,6.75,6.90000009536743,70017500,5.11481857299805
2020-09-08,6.82999992370605,7.17000007629395,6.80999994277954,7.03000020980835,84749300,5.21118450164795
2020-09-09,7.07000017166138,7.09999990463257,6.92999982833862,6.96999979019165,56501400,5.16670703887939
2020-09-10,6.98999977111816,7.03999996185303,6.86999988555908,6.90999984741211,69228600,5.12223052978516
2020-09-11,6.94000005722046,7,6.84999990463257,7,55080600,5.18894672393799
2020-09-14,7.01000022888184,7.17999982833862,6.98000001907349,7.11999988555908,58704300,5.27789926528931
2020-09-15,7.15999984741211,7.17999982833862,7,7.03999996185303,65198500,5.21859693527222
2020-09-16,7.05000019073486,7.11999988555908,6.98999977111816,7.01999998092651,46245800,5.20377206802368
2020-09-17,7.03999996185303,7.34000015258789,6.98000001907349,7.28000020980835,84850100,5.3965048789978
2020-09-18,7.30999994277954,7.40000009536743,7.21999979019165,7.23000001907349,71929400,5.35943937301636
2020-09-21,7.09000015258789,7.09000015258789,6.80999994277954,6.86999988555908,72850300,5.09257984161377
2020-09-22,6.8899998664856,6.98999977111816,6.76999998092651,6.78000020980835,55865500,5.02586507797241
2020-09-23,6.80999994277954,6.92999982833862,6.63000011444092,6.6399998664856,52588600,4.92208576202393
2020-09-24,6.59999990463257,6.76000022888184,6.40999984741211,6.65999984741211,59822900,4.93691205978394
2020-09-25,6.6100001335144,6.71000003814697,6.5,6.51000022888184,53761800,4.82572031021118
2020-09-28,6.59000015258789,6.76999998092651,6.57999992370605,6.69000005722046,47582600,4.95915031433105
2020-09-29,6.69000005722046,6.69999980926514,6.53999996185303,6.59999990463257,38987300,4.89243507385254
2020-09-30,6.6100001335144,6.75,6.59000015258789,6.65999984741211,55944600,4.93691205978394
2020-10-01,6.71000003814697,6.76999998092651,6.63000011444092,6.75,58340600,5.00362682342529
2020-10-02,6.61999988555908,6.92999982833862,6.59999990463257,6.8899998664856,60798400,5.10740566253662
2020-10-05,6.94999980926514,7.05000019073486,6.94999980926514,7.01999998092651,42359400,5.20377206802368
2020-10-06,7.05999994277954,7.25,6.96000003814697,6.98000001907349,78203800,5.17412042617798
2020-10-07,7.1100001335144,7.25,7.05999994277954,7.23000001907349,50664100,5.35943937301636
2020-10-08,7.28999996185303,7.34999990463257,7.19999980926514,7.34999990463257,54513300,5.44839382171631
2020-10-09,7.3600001335144,7.44000005722046,7.23000001907349,7.25,50977900,5.37426614761353
2020-10-12,7.3600001335144,7.86999988555908,7.32999992370605,7.67000007629395,97692900,5.68560171127319
2020-10-13,7.82000017166138,7.88000011444092,7.63000011444092,7.76000022888184,74562600,5.75231695175171
2020-10-14,7.73000001907349,7.75,7.55000019073486,7.57000017166138,57752100,5.61147499084473
2020-10-15,7.42000007629395,7.61999988555908,7.36999988555908,7.61999988555908,49336200,5.64853858947754
2020-10-16,7.71000003814697,7.75,7.6100001335144,7.67000007629395,47509400,5.68560171127319
2020-10-19,7.67999982833862,7.71999979019165,7.57000017166138,7.59000015258789,38960700,5.6262993812561
2020-10-20,7.61999988555908,7.84999990463257,7.57999992370605,7.73999977111816,63447000,5.73749113082886
2020-10-21,7.76999998092651,7.88000011444092,7.73000001907349,7.84999990463257,51981100,5.81903171539307
2020-10-22,7.92999982833862,8.22000026702881,7.8899998664856,8.21000003814697,74008500,6.08589220046997
2020-10-23,8.30000019073486,8.35000038146973,8.09000015258789,8.15999984741211,62249000,6.04882764816284
2020-10-26,8.03999996185303,8.06999969482422,7.94000005722046,8.02999973297119,62131000,5.95246267318726
2020-10-27,8.01000022888184,8.09000015258789,7.90000009536743,7.92000007629395,64154500,5.87092065811157
2020-10-28,7.67999982833862,7.88000011444092,7.63000011444092,7.69999980926514,82938300,5.70783996582031
2020-10-29,8.17000007629395,8.23999977111816,7.84999990463257,7.90000009536743,118999900,5.85609722137451
2020-10-30,7.84999990463257,7.90999984741211,7.6100001335144,7.73000001907349,79345600,5.73007917404175
2020-11-02,7.82999992370605,7.8600001335144,7.67999982833862,7.71000003814697,59962900,5.7152533531189
2020-11-03,7.76000022888184,7.92999982833862,7.73000001907349,7.88000011444092,65108800,5.84127044677734
2020-11-04,7.8600001335144,7.86999988555908,7.63000011444092,7.6399998664856,67326800,5.66336441040039
2020-11-05,7.76000022888184,7.98999977111816,7.71000003814697,7.98999977111816,61442600,5.92281198501587
2020-11-06,8.01000022888184,8.02000045776367,7.75,7.78999996185303,50912100,5.77455520629883
2020-11-09,8.10999965667725,8.38000011444092,8.07999992370605,8.19999980926514,110511300,6.0784797668457
2020-11-10,8.22999954223633,8.59000015258789,8.18000030517578,8.38000011444092,87468400,6.21190929412842
2020-11-11,8.60000038146973,8.60000038146973,8.28999996185303,8.32999992370605,75644400,6.17484617233276
2020-11-12,8.26000022888184,8.28999996185303,8.10000038146973,8.21000003814697,81064900,6.08589220046997
2020-11-13,8.22999954223633,8.56999969482422,8.22999954223633,8.53999996185303,79475100,6.33051347732544
2020-11-16,8.73999977111816,8.85000038146973,8.60999965667725,8.80000019073486,84853900,6.52324676513672
2020-11-17,8.65999984741211,8.85000038146973,8.63000011444092,8.75,46754500,6.48618173599243
2020-11-18,8.81999969482422,9.05000019073486,8.77999973297119,8.81999969482422,77759300,6.53807163238525
2020-11-19,8.88000011444092,8.88000011444092,8.73999977111816,8.81999969482422,56672700,6.53807163238525
2020-11-20,8.8100004196167,8.81999969482422,8.68000030517578,8.73999977111816,57024300,6.47876882553101
2020-11-23,8.81999969482422,8.97999954223633,8.77999973297119,8.85999965667725,71537100,6.56772184371948
2020-11-24,9.14999961853027,9.5,9.14000034332275,9.44999980926514,99520500,7.00507736206055
2020-11-25,9.19999980926514,9.25,9,9.07999992370605,95217800,6.7308030128479
2020-11-27,9.11999988555908,9.14000034332275,9.02999973297119,9.09000015258789,27853900,6.73821783065796
2020-11-30,9.22999954223633,9.22999954223633,8.97999954223633,9.07999992370605,77970100,6.7308030128479
2020-12-01,9.15999984741211,9.39999961853027,9.15999984741211,9.23999977111816,68863000,6.84940958023071
2020-12-02,9.15999984741211,9.23999977111816,9.07999992370605,9.19999980926514,48345000,6.81975841522217
2020-12-03,9.26000022888184,9.31999969482422,9.14999961853027,9.21000003814697,50302100,6.82716941833496
2020-12-04,9.26000022888184,9.4399995803833,9.23999977111816,9.34000015258789,48775500,6.92353630065918
2020-12-07,9.3100004196167,9.32999992370605,9.14999961853027,9.22000026702881,58305200,6.83458280563354
2020-12-08,9.1899995803833,9.32999992370605,9.17000007629395,9.25,56296700,6.85682106018066
2020-12-09,9.3100004196167,9.48999977111816,9.28999996185303,9.44999980926514,60780300,7.00507736206055
2020-12-10,9.3100004196167,9.31999969482422,9.10000038146973,9.11999988555908,83372800,6.7604546546936
2020-12-11,9.1899995803833,9.1899995803833,9.01000022888184,9.02000045776367,73438200,6.68632745742798
2020-12-14,9.13000011444092,9.18000030517578,8.88000011444092,8.90999984741211,76826000,6.60478591918945
2020-12-15,9.02999973297119,9.14999961853027,8.9399995803833,9.14999961853027,69606100,6.78269290924072
2020-12-16,9.17000007629395,9.18000030517578,8.97000026702881,9.03999996185303,55274500,6.70115232467651
2020-12-17,9.09000015258789,9.13000011444092,9,9.07999992370605,49301600,6.7308030128479
2020-12-18,9.09000015258789,9.09000015258789,8.90999984741211,8.94999980926514,78764600,6.63443851470947
2020-12-21,8.86999988555908,9.01000022888184,8.78999996185303,8.93000030517578,63908100,6.61961364746094
2020-12-22,8.97999954223633,8.98999977111816,8.75,8.78999996185303,59031200,6.51583337783813
2020-12-23,8.81999969482422,9.02999973297119,8.80000019073486,8.98999977111816,54086700,6.66408967971802
2020-12-24,9.01000022888184,9.02000045776367,8.80000019073486,8.85999965667725,27927000,6.56772184371948
2020-12-28,8.92000007629395,8.97999954223633,8.85999965667725,8.89000034332275,38068400,6.58996200561523
2020-12-29,8.93000030517578,8.93000030517578,8.77999973297119,8.81999969482422,37537900,6.53807163238525
2020-12-30,8.82999992370605,8.92000007629395,8.8100004196167,8.85999965667725,38461900,6.56772184371948
2020-12-31,8.84000015258789,8.85999965667725,8.77999973297119,8.78999996185303,40176500,6.51583337783813
2021-01-04,8.8100004196167,8.84000015258789,8.43000030517578,8.52000045776367,85043100,6.31568908691406
2021-01-05,8.47000026702881,8.72000026702881,8.46000003814697,8.64999961853027,70127800,6.41205501556396
2021-01-06,8.78999996185303,8.9399995803833,8.68000030517578,8.84000015258789,72590200,6.55289793014526
2021-01-07,8.9399995803833,9.07999992370605,8.88000011444092,9.0600004196167,77117100,6.715980052948
2021-01-08,9.10000038146973,9.14000034332275,8.89000034332275,9,59162200,6.67150259017944
2021-01-11,8.86999988555908,9.31999969482422,8.81999969482422,9.30000019073486,95968300,6.89388608932495
2021-01-12,9.30000019073486,9.81999969482422,9.28999996185303,9.77999973297119,124808500,7.24969911575317
2021-01-13,9.90999984741211,9.92000007629395,9.64000034332275,9.77999973297119,89549300,7.24969911575317
2021-01-14,9.8100004196167,10.1999998092651,9.78999996185303,10.1700000762939,112695300,7.53879833221436
2021-01-15,10.039999961853,10.0500001907349,9.81999969482422,9.82999992370605,99985000,7.28676271438599
2021-01-19,10.0600004196167,10.210000038147,9.97000026702881,10.0200004577637,78732800,7.42760324478149
2021-01-20,10.2299995422363,10.8699998855591,10.1899995803833,10.8599996566772,125033200,8.05027961730957
2021-01-21,11.2799997329712,12.1499996185303,11.1199998855591,11.5299997329712,282394100,8.54693698883057
2021-01-22,11.6599998474121,11.6899995803833,11.3400001525879,11.5200004577637,130866600,8.53952312469482
2021-01-25,11.4899997711182,11.5200004577637,10.8800001144409,11.289999961853,118954500,8.36902713775635
2021-01-26,11.3100004196167,11.5299997329712,11.1199998855591,11.1899995803833,66267500,8.29490089416504
2021-01-27,11.0200004577637,11.1700000762939,10.6999998092651,10.789999961853,82863000,7.99838829040527
2021-01-28,10.8400001525879,11.0500001907349,10.710000038147,10.7200002670288,77388700,7.94650030136108
2021-01-29,10.5900001525879,10.8400001525879,10.4499998092651,10.5299997329712,73925800,7.80565643310547
2021-02-01,10.6499996185303,11.4399995803833,10.3599996566772,10.8299999237061,157114400,8.02803993225098
2021-02-02,11.1400003433228,11.1999998092651,10.710000038147,10.8599996566772,80440700,8.05027961730957
2021-02-03,10.9200000762939,11.3599996566772,10.8400001525879,11.1999998092651,82968600,8.30231380462646
2021-02-04,11.3999996185303,11.6199998855591,11.1700000762939,11.3699998855591,106845000,8.42833137512207
2021-02-05,11.8000001907349,11.8999996185303,11.3000001907349,11.5100002288818,113402100,8.5321102142334
2021-02-08,11.5200004577637,11.5799999237061,11.3100004196167,11.5600004196167,75756700,8.56917190551758
2021-02-09,11.539999961853,12.039999961853,11.4899997711182,11.9300003051758,102250800,8.8434476852417
2021-02-10,12,12.0200004577637,11.5299997329712,11.7600002288818,76282500,8.71743011474609
2021-02-11,11.6599998474121,11.7399997711182,11.3100004196167,11.4499998092651,55762900,8.48763179779053
2021-02-12,11.4200000762939,11.6199998855591,11.3699998855591,11.4499998092651,44401200,8.48763179779053
2021-02-16,11.5,11.6999998092651,11.3800001144409,11.539999961853,48392100,8.55434894561768
2021-02-17,11.6099996566772,11.6099996566772,11.3699998855591,11.4799995422363,49554000,8.50986957550049
2021-02-18,11.3699998855591,11.4799995422363,11.3000001907349,11.4300003051758,37777100,8.47280788421631
2021-02-19,11.5200004577637,11.5900001525879,11.460000038147,11.5799999237061,48615600,8.58399963378906
2021-02-22,11.5200004577637,11.9399995803833,11.5,11.6999998092651,62183000,8.67295265197754
2021-02-23,11.5900001525879,11.6499996185303,11.1300001144409,11.6199998855591,72904500,8.61365127563477
2021-02-24,11.6700000762939,12.3999996185303,11.6400003433228,12.2700004577637,95152800,9.09548187255859
2021-02-25,12.2200002670288,12.3999996185303,11.7200002670288,11.7600002288818,75249400,8.71743011474609
2021-02-26,11.8900003433228,11.9799995422363,11.539999961853,11.6999998092651,69614500,8.67295265197754
2021-03-01,11.8699998855591,12.0799999237061,11.7799997329712,11.9799995422363,43172800,8.88050937652588
2021-03-02,12.039999961853,12.8000001907349,11.9399995803833,12.5500001907349,104789000,9.30303859710693
2021-03-03,12.6099996566772,12.6099996566772,12.1400003433228,12.1700000762939,80169700,9.02135372161865
2021-03-04,12.2399997711182,12.460000038147,11.6300001144409,11.9300003051758,88339600,8.8434476852417
2021-03-05,12.0600004196167,12.289999961853,11.6700000762939,12.2700004577637,79345700,9.09548187255859
2021-03-08,12.3900003433228,12.8800001144409,12.3000001907349,12.6499996185303,86129700,9.37716674804688
2021-03-09,12.7600002288818,12.7600002288818,12.3800001144409,12.5699996948242,61568700,9.31786346435547
2021-03-10,12.7200002670288,12.9799995422363,12.6199998855591,12.9099998474121,62111200,9.569899559021
2021-03-11,12.9399995803833,13.0600004196167,12.75,12.8100004196167,56536500,9.49577140808105
2021-03-12,12.7799997329712,13.4300003051758,12.7700004577637,13.3699998855591,87160100,9.91088581085205
2021-03-15,13.3900003433228,13.6199998855591,13.0500001907349,13.1999998092651,64476000,9.78487014770508
2021-03-16,13.0600004196167,13.1499996185303,12.4300003051758,12.4899997711182,125425300,9.25856018066406
2021-03-17,12.3400001525879,12.6999998092651,12.2200002670288,12.6899995803833,109324400,9.40681838989258
2021-03-18,12.6999998092651,13.0100002288818,12.4399995803833,12.4899997711182,76733300,9.25856018066406
2021-03-19,12.8500003814697,12.9499998092651,12.5500001907349,12.8299999237061,90885200,9.51059627532959
2021-03-22,12.8500003814697,12.9300003051758,12.5100002288818,12.8500003814697,81362100,9.52542209625244
2021-03-23,12.5699996948242,12.6800003051758,12.1199998855591,12.210000038147,73020200,9.05100345611572
2021-03-24,12.3599996566772,12.5299997329712,12.1199998855591,12.1400003433228,54534400,8.99911594390869
2021-03-25,11.9399995803833,12.3500003814697,11.7200002670288,12.3199996948242,54201800,9.13254642486572
2021-03-26,12.4300003051758,12.4899997711182,12.0600004196167,12.3000001907349,49239800,9.11771965026855
2021-03-29,12.1999998092651,12.3599996566772,12.0699996948242,12.1499996185303,44747900,9.00652694702148
2021-03-30,12.1599998474121,12.4799995422363,12.1099996566772,12.460000038147,49762300,9.23632335662842
2021-03-31,12.460000038147,12.539999961853,12.210000038147,12.25,60456900,9.08065700531006
2021-04-01,12.2799997329712,12.289999961853,12.0200004577637,12.1700000762939,61907500,9.02135372161865
2021-04-05,12.3900003433228,12.7799997329712,12.3299999237061,12.6999998092651,82332700,9.41422939300537
2021-04-06,12.6999998092651,12.9899997711182,12.6400003433228,12.9200000762939,67499400,9.57731151580811
2021-04-07,12.8699998855591,12.9300003051758,12.6599998474121,12.7299995422363,42264000,9.43646907806396
2021-04-08,12.6700000762939,12.7600002288818,12.4300003051758,12.5100002288818,52622000,9.27338790893555
2021-04-09,12.4899997711182,12.6199998855591,12.3900003433228,12.5100002288818,40555400,9.27338790893555
2021-04-12,12.5,12.5500001907349,12.3199996948242,12.3800001144409,40422800,9.17702198028564
2021-04-13,12.3900003433228,12.4499998092651,12.1000003814697,12.1999998092651,51556000,9.04358959197998
2021-04-14,12.1999998092651,12.4899997711182,12.1999998092651,12.2399997711182,49877500,9.07324409484863
2021-04-15,12.3000001907349,12.3199996948242,12.1300001144409,12.2399997711182,38209300,9.07324409484863
2021-04-16,12.3199996948242,12.3599996566772,12.1899995803833,12.2299995422363,33132900,9.06582927703857
2021-04-19,12.2200002670288,12.25,12.0200004577637,12.1099996566772,39063500,8.97687721252441
2021-04-20,12.0600004196167,12.0600004196167,11.3500003814697,11.4499998092651,83170800,8.48763179779053
2021-04-21,11.3599996566772,11.7399997711182,11.1800003051758,11.7299995422363,49641100,8.69519233703613
2021-04-22,12.0600004196167,12.1499996185303,11.8299999237061,11.9399995803833,73064400,8.85085964202881
2021-04-23,11.9700002670288,12.2399997711182,11.8699998855591,12.2200002670288,51833300,9.05841636657715
2021-04-26,12.2799997329712,12.4399995803833,12.2299995422363,12.2700004577637,40863800,9.09548187255859
2021-04-27,12.289999961853,12.5,12.2700004577637,12.4899997711182,42037800,9.25856018066406
2021-04-28,12.6000003814697,12.6000003814697,12.3900003433228,12.4300003051758,68023400,9.21408748626709
2021-04-29,11.9099998474121,11.9099998474121,11.1400003433228,11.2600002288818,230430600,8.3467903137207
2021-04-30,11.3599996566772,11.539999961853,11.3299999237061,11.539999961853,90786500,8.55434894561768
2021-05-03,11.5600004196167,11.6800003051758,11.4300003051758,11.6300001144409,61987300,8.62106227874756
2021-05-04,11.5299997329712,11.5500001907349,11.2299995422363,11.4099998474121,71007700,8.45798206329346
2021-05-05,11.5,11.6400003433228,11.3999996185303,11.6099996566772,64495500,8.60623931884766
2021-05-06,11.5500001907349,11.7600002288818,11.4799995422363,11.7399997711182,50032800,8.70260429382324
2021-05-07,11.6499996185303,11.8299999237061,11.5200004577637,11.8199996948242,41525800,8.76190757751465
2021-05-10,11.7799997329712,11.9300003051758,11.6999998092651,11.710000038147,51703500,8.68036460876465
2021-05-11,11.4499998092651,11.7600002288818,11.4200000762939,11.5799999237061,56882600,8.58399963378906
2021-05-12,11.539999961853,11.6800003051758,11.2799997329712,11.3299999237061,55663100,8.39867877960205
2021-05-13,11.3599996566772,11.6800003051758,11.3500003814697,11.5500001907349,56598500,8.56176090240479
2021-05-14,11.6499996185303,11.8699998855591,11.6199998855591,11.8400001525879,48619200,8.77673053741455
2021-05-17,11.8199996948242,12.1800003051758,11.789999961853,12.1499996185303,52201700,9.00652694702148
2021-05-18,12.289999961853,12.5299997329712,12.1300001144409,12.1400003433228,72472900,8.99911594390869
2021-05-19,12.0299997329712,12.210000038147,11.8500003814697,12.1099996566772,70220800,8.97687721252441
2021-05-20,12.5200004577637,12.6899995803833,12.3000001907349,12.4899997711182,106243900,9.25856018066406
2021-05-21,12.6999998092651,13.4700002670288,12.5699996948242,13.3299999237061,200958600,9.88123416900635
2021-05-24,13.3800001144409,13.3800001144409,12.9200000762939,13.0600004196167,111374300,9.68109130859375
2021-05-25,13.1300001144409,13.4300003051758,12.8000001907349,12.8100004196167,113383400,9.49577140808105
2021-05-26,13.1599998474121,13.9499998092651,13.1000003814697,13.8999996185303,227538700,10.3037643432617
2021-05-27,14.3800001144409,15.0500001907349,14.1199998855591,14.8800001144409,278939100,11.030216217041
2021-05-28,15.0100002288818,15.0500001907349,14.4099998474121,14.5299997329712,152105300,10.7707672119141
2021-06-01,14.7200002670288,14.8400001525879,14.460000038147,14.8100004196167,89071000,10.978328704834
2021-06-02,14.8999996185303,15.0200004577637,14.6800003051758,14.9099998474121,77517200,11.0524559020996
2021-06-03,15.1499996185303,16.0599994659424,14.9899997711182,15.9899997711182,179671400,11.8530349731445
2021-06-04,16.3299999237061,16.4500007629395,15.8000001907349,15.9700002670288,151788000,11.8382091522217
2021-06-07,16.0100002288818,16.2000007629395,15.6499996185303,15.8800001144409,90915300,11.7714967727661
2021-06-08,15.7600002288818,15.8000001907349,15.3299999237061,15.6300001144409,93891100,11.5861759185791
2021-06-09,15.6000003814697,15.6199998855591,15.3900003433228,15.4799995422363,60079100,11.4749822616577
2021-06-10,15.5900001525879,15.7799997329712,15.0799999237061,15.1099996566772,78147500,11.2007112503052
2021-06-11,15.3000001907349,15.4300003051758,15.1700000762939,15.2799997329712,50613500,11.3267288208008
2021-06-14,15.2299995422363,15.3000001907349,14.8199996948242,14.8699998855591,82666000,11.0228042602539
2021-06-15,14.9099998474121,15.1599998474121,14.7600002288818,15,62612700,11.1191711425781
2021-06-16,15.1000003814697,15.289999961853,14.8800001144409,15.0200004577637,69112900,11.133994102478
2021-06-17,15.3000001907349,15.3999996185303,14.5799999237061,14.7700004577637,126653100,10.9486770629883
2021-06-18,14.539999961853,14.7700004577637,14.4399995803833,14.5200004577637,76319700,10.7633571624756
2021-06-21,14.6300001144409,14.8999996185303,14.5500001907349,14.7799997329712,63385000,10.9560899734497
2021-06-22,15.0200004577637,15.1099996566772,14.8199996948242,14.9099998474121,65545900,11.0524559020996
2021-06-23,15.1400003433228,15.5299997329712,15.0299997329712,15.4200000762939,94985700,11.4305067062378
2021-06-24,15.539999961853,15.5500001907349,15.1499996185303,15.2600002288818,79859800,11.3119029998779
2021-06-25,15.2399997711182,15.5200004577637,15.1800003051758,15.1899995803833,111760500,11.2600116729736
2021-06-28,15.1999998092651,15.210000038147,14.8299999237061,14.960000038147,79477400,11.0895185470581
2021-06-29,15.0500001907349,15.1999998092651,14.8800001144409,15.0100002288818,68208200,11.1265821456909
2021-06-30,14.9499998092651,15.1099996566772,14.8100004196167,14.8599996566772,72213500,11.0153923034668
2021-07-01,14.9099998474121,14.9700002670288,14.8400001525879,14.9099998474121,51112200,11.0524559020996
2021-07-02,14.960000038147,15.039999961853,14.8299999237061,14.9300003051758,43652000,11.0672807693481
2021-07-06,14.8699998855591,14.8800001144409,14.3900003433228,14.5,73990600,10.7485322952271
2021-07-07,14.4099998474121,14.460000038147,14.0200004577637,14.2299995422363,72992500,10.5483856201172
2021-07-08,13.960000038147,14.2299995422363,13.7399997711182,14.0600004196167,62706800,10.4223690032959
2021-07-09,14.4499998092651,14.5799999237061,14.2700004577637,14.4799995422363,65981200,10.7337045669556
2021-07-12,14.3599996566772,14.7399997711182,14.2399997711182,14.6099996566772,49205200,10.8300704956055
2021-07-13,14.5,14.6300001144409,14.3000001907349,14.4200000762939,45360600,10.6892290115356
2021-07-14,14.4300003051758,14.6300001144409,14.1999998092651,14.25,39056200,10.56321144104
2021-07-15,14.1499996185303,14.3000001907349,13.9399995803833,14.0100002288818,44952300,10.3853073120117
2021-07-16,14.1199998855591,14.1400003433228,13.5799999237061,13.6099996566772,48065200,10.0887928009033
2021-07-19,13.25,13.3199996948242,12.789999961853,13.2799997329712,99949200,9.84417152404785
2021-07-20,13.3699998855591,13.960000038147,13.2799997329712,13.9099998474121,70731800,10.3111772537231
2021-07-21,14.0500001907349,14.3400001525879,14.0299997329712,14.1899995803833,53817500,10.5187358856201
2021-07-22,14.0799999237061,14.1400003433228,13.7799997329712,13.9099998474121,40440100,10.3111772537231
2021-07-23,13.9700002670288,14.039999961853,13.7299995422363,13.8199996948242,37927900,10.2444610595703
2021-07-26,13.8999996185303,14.0799999237061,13.8699998855591,14.0299997329712,43838000,10.400128364563
2021-07-27,13.9300003051758,13.960000038147,13.6499996185303,13.789999961853,41963200,10.222222328186
2021-07-28,13.8599996566772,13.9899997711182,13.5699996948242,13.8599996566772,70653500,10.2741117477417
2021-07-29,14.5100002288818,14.789999961853,14.3000001907349,14.3900003433228,111154800,10.6669893264771
2021-07-30,14.2299995422363,14.3000001907349,13.8699998855591,13.9499998092651,74955700,10.3408279418945
2021-08-02,14.0200004577637,14.3299999237061,13.8800001144409,13.9099998474121,64673700,10.3111772537231
2021-08-03,13.9700002670288,14.0799999237061,13.6400003433228,14.0200004577637,53257700,10.3927183151245
2021-08-04,13.8500003814697,13.9300003051758,13.3000001907349,13.3199996948242,81502700,9.87382411956787
2021-08-05,13.539999961853,13.8199996948242,13.4499998092651,13.710000038147,60524400,10.1629219055176
2021-08-06,13.8199996948242,13.9099998474121,13.7299995422363,13.8000001907349,44450600,10.2296371459961
2021-08-09,13.7200002670288,13.8199996948242,13.5500001907349,13.75,38760400,10.1925735473633
2021-08-10,13.7700004577637,13.9099998474121,13.6599998474121,13.8199996948242,32120800,10.2444610595703
2021-08-11,13.8599996566772,13.9499998092651,13.6700000762939,13.9300003051758,42795600,10.3260040283203
2021-08-12,13.9200000762939,14.0500001907349,13.789999961853,13.8999996185303,38547900,10.3037643432617
2021-08-13,13.8800001144409,13.9499998092651,13.539999961853,13.5900001525879,45118500,10.0739679336548
2021-08-16,13.5,13.5600004196167,13.3199996948242,13.460000038147,38664300,9.97760105133057
2021-08-17,13.3199996948242,13.3299999237061,12.8100004196167,12.9899997711182,74625300,9.62919998168945
2021-08-18,12.9499998092651,13.210000038147,12.8999996185303,13,50966700,9.63661479949951
2021-08-19,12.8000001907349,12.9200000762939,12.5699996948242,12.6700000762939,69038800,9.39199256896973
2021-08-20,12.6099996566772,12.6700000762939,12.3800001144409,12.5699996948242,53615600,9.31786346435547
2021-08-23,12.710000038147,12.8500003814697,12.4700002670288,12.7299995422363,64573600,9.43646907806396
2021-08-24,12.8100004196167,13.1400003433228,12.7600002288818,13.0799999237061,53672500,9.69591617584229
2021-08-25,13.1199998855591,13.2799997329712,13.0200004577637,13.1700000762939,51195500,9.7626314163208
2021-08-26,13.1099996566772,13.1300001144409,12.8100004196167,12.8999996185303,57559800,9.56248569488525
2021-08-27,12.8900003433228,13.3699998855591,12.8699998855591,13.3100004196167,57587300,9.86641120910645
2021-08-30,13.3500003814697,13.3699998855591,13.0299997329712,13.0500001907349,42720100,9.67367744445801
2021-08-31,13.0200004577637,13.1400003433228,12.9300003051758,13.0299997329712,42212700,9.65885353088379
2021-09-01,13.0299997329712,13.2200002670288,12.8999996185303,13.1099996566772,58875700,9.71815490722656
2021-09-02,13.0900001525879,13.210000038147,12.9700002670288,13.0100002288818,49053200,9.64402770996094
2021-09-03,12.9899997711182,13.0500001907349,12.8699998855591,12.8900003433228,41616700,9.55507564544678
2021-09-07,12.8299999237061,13.039999961853,12.8100004196167,12.9499998092651,64008900,9.59955024719238
2021-09-08,12.9700002670288,13.2200002670288,12.9099998474121,13.0299997329712,57980900,9.65885353088379
2021-09-09,12.9499998092651,12.9499998092651,12.7200002670288,12.7600002288818,68806400,9.45870685577393
2021-09-10,12.8400001525879,12.9300003051758,12.6599998474121,12.6800003051758,48792500,9.39940643310547
2021-09-13,12.7600002288818,12.9899997711182,12.6199998855591,12.9899997711182,62270800,9.62919998168945
2021-09-14,12.9300003051758,13.0600004196167,12.789999961853,12.8599996566772,47640800,9.53283500671387
2021-09-15,12.8900003433228,13.25,12.8100004196167,13.2200002670288,60282100,9.79969501495361
2021-09-16,13.1800003051758,13.5299997329712,13.1000003814697,13.3999996185303,76426100,9.93312358856201
2021-09-17,13.4099998474121,13.6999998092651,13.3900003433228,13.5500001907349,76182400,10.044319152832
2021-09-20,13.0699996948242,13.1899995803833,12.6300001144409,12.8199996948242,126152200,9.5031852722168
2021-09-21,12.8900003433228,12.9700002670288,12.6599998474121,12.7700004577637,60473100,9.46612167358398
2021-09-22,12.9200000762939,13.3900003433228,12.9099998474121,13.2299995422363,75784000,9.80710697174072
2021-09-23,13.3500003814697,13.7399997711182,13.3199996948242,13.710000038147,68708100,10.1629219055176
2021-09-24,13.6599998474121,13.9399995803833,13.6400003433228,13.7799997329712,57440200,10.2148113250732
2021-09-27,13.8900003433228,14.289999961853,13.8800001144409,14.1599998474121,68769700,10.4964952468872
2021-09-28,14.6300001144409,14.7299995422363,14.2299995422363,14.3100004196167,107090900,10.6076898574829
2021-09-29,14.460000038147,14.5,14.1700000762939,14.3000001907349,56805500,10.6002750396729
2021-09-30,14.2600002288818,14.3199996948242,14.0900001525879,14.1599998474121,78820500,10.4964952468872
2021-10-01,14.2600002288818,14.3699998855591,14.0100002288818,14.1599998474121,51880900,10.4964952468872
2021-10-04,14.2700004577637,14.789999961853,14.2200002670288,14.3500003814697,78332500,10.63733959198
2021-10-05,14.4399995803833,14.4399995803833,14.1099996566772,14.289999961853,55915800,10.5928630828857
2021-10-06,14.1400003433228,14.3400001525879,13.8900003433228,14.1199998855591,61020300,10.4668464660645
2021-10-07,14.3400001525879,14.9499998092651,14.3100004196167,14.8900003433228,96557500,11.0376281738281
2021-10-08,14.9200000762939,15.4899997711182,14.8500003814697,15.1199998855591,99468900,11.2081232070923
2021-10-11,15.1999998092651,15.3599996566772,14.9700002670288,15.0900001525879,45302300,11.1858835220337
2021-10-12,15.1099996566772,15.6800003051758,15.0100002288818,15.6400003433228,89134000,11.5935878753662
2021-10-13,15.5900001525879,15.6899995803833,15.2700004577637,15.5100002288818,63363500,11.4972238540649
2021-10-14,15.6199998855591,15.6199998855591,15.3699998855591,15.4499998092651,50875100,11.4527435302734
2021-10-15,15.539999961853,16.0300006866455,15.539999961853,15.6999998092651,77211800,11.6380634307861
2021-10-18,15.5699996948242,15.6499996185303,15.4899997711182,15.5600004196167,48643800,11.5342874526978
2021-10-19,15.6000003814697,15.6899995803833,15.3699998855591,15.4200000762939,44668300,11.4305067062378
2021-10-20,15.4300003051758,16.1599998474121,15.3699998855591,16.0400009155273,105213700,11.890100479126
2021-10-21,16.1599998474121,16.7000007629395,16.1299991607666,16.5499992370605,95855000,12.2681503295898
2021-10-22,16.4200000762939,16.5400009155273,16.2299995422363,16.2800006866455,60646800,12.0680055618286
2021-10-25,16.3999996185303,16.5,15.8100004196167,16,67808000,11.8604488372803
2021-10-26,16.0900001525879,16.2199993133545,15.6999998092651,15.9399995803833,64882300,11.8159713745117
2021-10-27,15.789999961853,15.9200000762939,15.5,15.5100002288818,96094300,11.4972238540649
2021-10-28,16.8600006103516,17.5799999237061,16.7099990844727,16.8600006103516,215237600,12.4979476928711
2021-10-29,16.8600006103516,17.3600006103516,16.5499992370605,17.0799999237061,100560700,12.6610269546509
2021-11-01,17.5,17.9699993133545,17.0699996948242,17.9500007629395,125246500,13.3059387207031
2021-11-02,18.1499996185303,18.1900005340576,17.7299995422363,18.0100002288818,115146200,13.3504161834717
2021-11-03,17.9200000762939,18.8299999237061,17.8799991607666,18.6299991607666,104755500,13.8100080490112
2021-11-04,18.9200000762939,19.5,18.7199993133545,19.4200000762939,157505500,14.3956165313721
2021-11-05,19.7099990844727,19.7199993133545,18.9899997711182,19.2900009155273,122232200,14.2992534637451
2021-11-08,19.3999996185303,20.4200000762939,19.2399997711182,20.1499996185303,153490400,14.9367532730103
2021-11-09,20.5100002288818,20.5100002288818,19.4099998474121,20.1200008392334,164928500,14.9145183563232
2021-11-10,19.8799991607666,20.4699993133545,19.0599994659424,19.3600006103516,229109600,14.3511419296265
2021-11-11,19.6399993896484,19.8400001525879,19.2600002288818,19.5499992370605,96436500,14.491982460022
2021-11-12,19.3799991607666,19.6200008392334,19.2099990844727,19.5,77837900,14.4549188613892
2021-11-15,19.4599990844727,19.9500007629395,19.1399993896484,19.8600006103516,84838600,14.7217817306519
2021-11-16,19.8999996185303,20.0599994659424,19.5300006866455,19.7900009155273,66557200,14.6698913574219
2021-11-17,19.7399997711182,20.0100002288818,19.4400005340576,19.9599990844727,80855200,14.7959079742432
2021-11-18,20.1599998474121,20.2600002288818,19.3600006103516,19.5599994659424,111368800,14.5724058151245
2021-11-19,19.6399993896484,19.6700000762939,19.2399997711182,19.3899993896484,64610400,14.4457559585571
2021-11-22,19.3899993896484,20.7900009155273,19.3099994659424,20.4799995422363,137861700,15.2578134536743
2021-11-23,20.4300003051758,20.5300006866455,19.9699993133545,20.2000007629395,90984500,15.0492162704468
2021-11-24,19.9699993133545,20.3400001525879,19.7800006866455,20.25,77324300,15.086462020874
2021-11-26,19.6599998474121,19.8400001525879,19.4699993133545,19.75,49434000,14.713960647583
2021-11-29,20.0699996948242,20.1900005340576,19.4899997711182,19.6700000762939,68778700,14.654354095459
2021-11-30,19.6200008392334,19.9500007629395,19.0300006866455,19.1900005340576,103238400,14.2967529296875
2021-12-01,19.6299991607666,20.4699993133545,19.5300006866455,19.5799999237061,125295600,14.587306022644
2021-12-02,19.5,20.1100006103516,19.2800006866455,19.8700008392334,94142300,14.8033580780029
2021-12-03,20.3700008392334,20.3999996185303,18.9300003051758,19.1399993896484,120275200,14.2594995498657
2021-12-06,19.2299995422363,19.4899997711182,18.6100006103516,19.2199993133545,88147400,14.3191003799438
2021-12-07,19.6499996185303,20.0599994659424,19.5200004577637,19.9599990844727,75885600,14.8704090118408
2021-12-08,20.1800003051758,20.1900005340576,19.75,19.8099994659424,63246800,14.75865650177
2021-12-09,19.7600002288818,19.9300003051758,19.5400009155273,19.5699996948242,63357600,14.57985496521
2021-12-10,19.7700004577637,21.4899997711182,19.7600002288818,21.4500007629395,169657200,15.9804763793945
2021-12-13,21.2399997711182,21.2999992370605,20.1299991607666,20.4300003051758,126632300,15.2205667495728
2021-12-14,19.7999992370605,20.1800003051758,19.3799991607666,20.0499992370605,124559700,14.937460899353
2021-12-15,19.9899997711182,20.3299999237061,19.5499992370605,20.1900005340576,79679700,15.0417585372925
2021-12-16,20.5699996948242,21.1000003814697,20.2600002288818,20.3500003814697,107020900,15.1609668731689
2021-12-17,20.0300006866455,20.2399997711182,19.6000003814697,19.7700004577637,98710700,14.7288579940796
2021-12-20,19.4599990844727,19.6200008392334,19.0499992370605,19.4200000762939,74565600,14.4681015014648
2021-12-21,19.75,19.7900009155273,19.3299999237061,19.6100006103516,58930900,14.609658241272
2021-12-22,19.6399993896484,20.3400001525879,19.6399993896484,20.1399993896484,75806400,15.0045108795166
2021-12-23,20.0799999237061,20.4099998474121,20,20.25,50610500,15.086462020874
2021-12-27,20.2600002288818,20.8899993896484,20.1000003814697,20.7999992370605,59651800,15.4962177276611
2021-12-28,20.6599998474121,21.0599994659424,20.5900001525879,20.7600002288818,53020500,15.4664173126221
2021-12-29,20.7099990844727,20.7700004577637,20.4500007629395,20.5599994659424,37883000,15.3174171447754
2021-12-30,20.5900001525879,20.9599990844727,20.4699993133545,20.4699993133545,51470100,15.2503623962402
2021-12-31,20.4599990844727,21.0100002288818,20.4599990844727,20.7700004577637,51899600,15.4738683700562
2022-01-03,21.2700004577637,21.8799991607666,21.0599994659424,21.7700004577637,110449000,16.2188816070557
2022-01-04,22.5200004577637,24.5599994659424,22.4200000762939,24.3099994659424,311645200,18.1112041473389
2022-01-05,24.0599994659424,24.9500007629395,23.4699993133545,23.6599998474121,253540000,17.6269454956055
2022-01-06,24.0900001525879,24.6200008392334,23.3600006103516,24.4599990844727,155058800,18.2229557037354
2022-01-07,24.6700000762939,24.9099998474121,24.0400009155273,24.4400005340576,127017500,18.2080554962158
2022-01-10,24.1000003814697,24.4400005340576,23.3500003814697,23.8500003814697,122800700,17.7684993743896
2022-01-11,23.7800006866455,24.3500003814697,23.2800006866455,24.3500003814697,106011600,18.1410064697266
2022-01-12,24.6100006103516,24.8400001525879,24.0100002288818,24.4699993133545,104050000,18.2304077148438
2022-01-13,24.6399993896484,25.8700008392334,24.3700008392334,25.0200004577637,185780500,18.6401634216309
2022-01-14,24.4699993133545,25.2800006866455,24.2999992370605,25.1900005340576,146012200,18.7668151855469
2022-01-18,24.8700008392334,25.1299991607666,24.2999992370605,24.3799991607666,110518100,18.1633567810059
2022-01-19,24.6499996185303,24.9200000762939,22.4099998474121,22.4500007629395,153198200,16.7254848480225
2022-01-20,21.8799991607666,22.8799991607666,21.5699996948242,21.6499996185303,152014100,16.1294765472412
2022-01-21,21.2099990844727,21.5,20.5400009155273,20.6499996185303,145532900,15.3844661712646
2022-01-24,19.9300003051758,20.4699993133545,18.7999992370605,20.3899993896484,186674000,15.1907634735107
2022-01-25,20,20.3099994659424,19.5599994659424,19.9799995422363,116775800,14.8853101730347
2022-01-26,21.0100002288818,21.0400009155273,19.5699996948242,19.9099998474121,135786400,14.8331594467163
2022-01-27,20.3099994659424,20.6499996185303,19.4099998474121,19.5499992370605,105674400,14.5649528503418
2022-01-28,19.3199996948242,19.5499992370605,18.9200000762939,19.5400009155273,87677100,14.6323509216309
2022-01-31,19.5799999237061,20.3299999237061,19.3700008392334,20.2999992370605,91361900,15.2014713287354
2022-02-01,20.6100006103516,20.8500003814697,19.9200000762939,20.6599998474121,117651800,15.4710493087769
2022-02-02,20.8099994659424,21.0499992370605,20.1800003051758,20.6299991607666,95377600,15.4485874176025
2022-02-03,20.1700000762939,20.6200008392334,19.8700008392334,19.8899993896484,103016000,14.8944482803345
2022-02-04,18.5200004577637,18.5900001525879,17.5200004577637,17.9599990844727,211100500,13.449182510376
2022-02-07,17.7299995422363,18.1200008392334,17.7000007629395,17.8899993896484,84610000,13.3967657089233
2022-02-08,17.5799999237061,17.9099998474121,17.0200004577637,17.7199993133545,142694300,13.269458770752
2022-02-09,18.2700004577637,18.4300003051758,18.0300006866455,18.3500003814697,87118600,13.7412338256836
2022-02-10,17.9699993133545,18.6299991607666,17.9200000762939,18.0799999237061,76195300,13.5390434265137
2022-02-11,18.1000003814697,18.3600006103516,17.4200000762939,17.5499992370605,94534100,13.1421575546265
2022-02-14,17.5100002288818,17.7299995422363,17.2900009155273,17.4599990844727,78625000,13.0747623443604
2022-02-15,17.7999992370605,18.1299991607666,17.7199993133545,18.0799999237061,65883300,13.5390434265137
2022-02-16,17.8899993896484,18.2099990844727,17.7399997711182,18.0100002288818,57442100,13.4866256713867
2022-02-17,17.8600006103516,17.9400005340576,17.5,17.5400009155273,55368600,13.1346712112427
2022-02-18,17.6000003814697,18.4799995422363,17.5699996948242,18.0400009155273,106404200,13.509087562561
2022-02-22,17.6700000762939,17.7600002288818,17.0699996948242,17.2900009155273,98550700,12.9474592208862
2022-02-23,17.5,17.7299995422363,16.8799991607666,16.9500007629395,79855400,12.6928539276123
2022-02-24,15.9899997711182,17.1900005340576,15.960000038147,17.1499996185303,110443900,12.8426179885864
2022-02-25,17.25,17.8999996185303,17.1200008392334,17.8299999237061,78888000,13.3518314361572
2022-02-28,17.3400001525879,17.6800003051758,17.2099990844727,17.5599994659424,82367800,13.1496458053589
2022-03-01,17.4099998474121,17.4099998474121,16.4500007629395,16.7000007629395,94819500,12.5056438446045
2022-03-02,17.5,18.25,17.2999992370605,18.1000003814697,138638200,13.5540227890015
2022-03-03,18.25,18.25,17.4400005340576,17.6000003814697,95395500,13.1796007156372
2022-03-04,17.3500003814697,17.3899993896484,16.6399993896484,16.8500003814697,91304000,12.6179704666138
2022-03-07,16.8400001525879,16.8999996185303,15.9700002670288,15.9700002670288,87999200,11.9589900970459
2022-03-08,16.0599994659424,16.7199993133545,15.7700004577637,16.0300006866455,101020300,12.0039205551147
2022-03-09,16.6499996185303,16.8299999237061,16.2800006866455,16.3700008392334,62846700,12.2585248947144
2022-03-10,16.1100006103516,16.4099998474121,15.7600002288818,16.3299999237061,72992600,12.2285718917847
2022-03-11,16.3999996185303,16.4799995422363,16.0100002288818,16.0400009155273,54985900,12.0114097595215
2022-03-14,16.0900001525879,16.2299995422363,15.5100002288818,15.7399997711182,66341700,11.7867555618286
2022-03-15,15.7700004577637,16.1399993896484,15.5299997329712,16.0599994659424,65263700,12.0263843536377
2022-03-16,16.4699993133545,16.6299991607666,16.0599994659424,16.5799999237061,82677600,12.4157810211182
2022-03-17,16.2299995422363,16.5799999237061,16.1599998474121,16.5799999237061,58500200,12.4157810211182
2022-03-18,16.4200000762939,16.8999996185303,16.2800006866455,16.8600006103516,89144000,12.6254587173462
2022-03-21,16.8700008392334,17.1100006103516,16.3299999237061,16.4799995422363,72583600,12.3408975601196
2022-03-22,16.7199993133545,17.3099994659424,16.7000007629395,17.0900001525879,77647100,12.7976913452148
2022-03-23,16.8199996948242,17.0499992370605,16.5699996948242,16.6800003051758,63296800,12.490665435791
2022-03-24,16.7399997711182,16.9799995422363,16.6399993896484,16.8299999237061,56314200,12.6029930114746
2022-03-25,16.7399997711182,16.7800006866455,16.3400001525879,16.4699993133545,62023100,12.3334093093872
2022-03-28,16.5499992370605,16.6800003051758,16.2800006866455,16.6700000762939,54634400,12.4831781387329
2022-03-29,17.0100002288818,17.7999992370605,17.0100002288818,17.75,90676900,13.2919273376465
2022-03-30,17.5200004577637,17.6599998474121,17.2000007629395,17.2700004577637,57853400,12.9324827194214
2022-03-31,17.2000007629395,17.3500003814697,16.5,16.9099998474121,52529400,12.6628980636597
2022-04-01,17.0100002288818,17.1499996185303,16.3400001525879,16.6499996185303,64695700,12.4681997299194
2022-04-04,16.6599998474121,16.7299995422363,16.3600006103516,16.6599998474121,51146500,12.4756908416748
2022-04-05,16.4599990844727,16.6200008392334,15.8100004196167,15.8199996948242,91708000,11.8466644287109
2022-04-06,15.6000003814697,15.8000001907349,15.1800003051758,15.3900003433228,102881600,11.5246620178223
2022-04-07,15.0699996948242,15.210000038147,14.5600004196167,14.960000038147,101229100,11.202657699585
2022-04-08,14.9399995803833,15.4399995803833,14.8100004196167,15.0500001907349,75085800,11.2700567245483
2022-04-11,14.8900003433228,15.7700004577637,14.8900003433228,15.2799997329712,66117100,11.4422883987427
2022-04-12,15.5,15.7200002670288,15.2799997329712,15.3599996566772,49138700,11.5021953582764
2022-04-13,15.3100004196167,15.5500001907349,15.2200002670288,15.5100002288818,51871800,11.6145238876343
2022-04-14,15.5,15.7600002288818,15.460000038147,15.4799995422363,39312900,11.5920562744141
2022-04-18,15.3699998855591,15.789999961853,15.3699998855591,15.6700000762939,40205800,11.7343368530273
2022-04-19,15.7399997711182,16.2299995422363,15.7399997711182,16.1499996185303,55398300,12.0937824249268
2022-04-20,16.2299995422363,16.5499992370605,16.0100002288818,16.0499992370605,47351500,12.0188970565796
2022-04-21,16.4799995422363,16.5699996948242,15.6099996566772,15.6999998092651,49898500,11.7568016052246
2022-04-22,15.5500001907349,15.6400003433228,15,15.1300001144409,56193700,11.3299627304077
2022-04-25,14.9099998474121,15.1999998092651,14.6199998855591,15.1899995803833,58361400,11.4505739212036
2022-04-26,15.1000003814697,15.1400003433228,14.6700000762939,14.710000038147,60345300,11.0887384414673
2022-04-27,14.789999961853,15.1000003814697,14.6000003814697,14.8500003814697,65847900,11.1942749023438
2022-04-28,14.9099998474121,14.9899997711182,13.8999996185303,14.6199998855591,131556500,11.0208959579468
2022-04-29,14.5900001525879,14.9700002670288,14.1000003814697,14.1599998474121,83184900,10.6741352081299
2022-05-02,14.0200004577637,14.289999961853,13.8199996948242,14.2700004577637,64734000,10.7570562362671
2022-05-03,14.3100004196167,14.75,14.1999998092651,14.5600004196167,55734200,10.9756679534912
2022-05-04,14.5100002288818,15,14.2600002288818,14.9799995422363,59774900,11.2922706604004
2022-05-05,14.8199996948242,14.8199996948242,14.3400001525879,14.5299997329712,57889200,10.9530506134033
2022-05-06,14.460000038147,14.6000003814697,14,14.210000038147,66622200,10.7118263244629
2022-05-09,13.8500003814697,14.1700000762939,13.3100004196167,13.3699998855591,71242000,10.0786142349243
2022-05-10,13.8000001907349,13.8400001525879,13.0200004577637,13.3500003814697,75506700,10.0635395050049
2022-05-11,13.1999998092651,13.6199998855591,12.789999961853,12.8299999237061,71644900,9.67155170440674
2022-05-12,12.210000038147,12.8000001907349,12.1499996185303,12.4399995803833,113203900,9.37756156921387
2022-05-13,12.8800001144409,13.6300001144409,12.8699998855591,13.5,78944200,10.1766147613525
2022-05-16,13.4899997711182,13.5200004577637,12.9799995422363,13.0500001907349,65055400,9.83739376068115
2022-05-17,13.3400001525879,13.5299997329712,13.1599998474121,13.5299997329712,50891400,10.1992273330688
2022-05-18,13.25,13.3599996566772,12.710000038147,12.7799997329712,68362500,9.63386154174805
2022-05-19,12.6400003433228,13.1199998855591,12.6300001144409,12.8500003814697,58459600,9.6866283416748
2022-05-20,13.0500001907349,13.1199998855591,12.0699996948242,12.5,78183400,9.42279052734375
2022-05-23,12.6400003433228,12.9499998092651,12.5,12.8299999237061,51929600,9.67155170440674
2022-05-24,12.6000003814697,12.6800003051758,12.2700004577637,12.4200000762939,51082800,9.36248302459717
2022-05-25,12.3299999237061,12.8100004196167,12.3199996948242,12.710000038147,41193100,9.58109188079834
2022-05-26,12.8000001907349,13.1999998092651,12.789999961853,13.1199998855591,45709200,9.89016056060791
2022-05-27,13.2600002288818,13.6300001144409,13.2399997711182,13.6300001144409,54195700,10.2746105194092
2022-05-31,13.6800003051758,13.8199996948242,13.3500003814697,13.6800003051758,79689900,10.3123035430908
2022-06-01,13.8800001144409,13.9700002670288,13.3999996185303,13.5500001907349,50726200,10.2143039703369
2022-06-02,13.6400003433228,13.960000038147,13.6000003814697,13.8900003433228,42979700,10.4706029891968
2022-06-03,13.6300001144409,13.7799997329712,13.3599996566772,13.5,43625200,10.1766147613525
2022-06-06,13.7399997711182,13.7399997711182,13.3800001144409,13.460000038147,37711100,10.1464595794678
2022-06-07,13.2600002288818,13.7700004577637,13.1899995803833,13.7399997711182,38940300,10.3575296401978
2022-06-08,13.6300001144409,13.8500003814697,13.4399995803833,13.5299997329712,39441900,10.1992273330688
2022-06-09,13.5100002288818,13.5900001525879,13.2799997329712,13.2799997329712,30468000,10.0107717514038
2022-06-10,13,13.210000038147,12.6300001144409,12.75,55644400,9.61124801635742
2022-06-13,12.3000001907349,12.3800001144409,11.7399997711182,11.8100004196167,80676300,8.90265274047852
2022-06-14,11.9899997711182,12.4200000762939,11.9099998474121,12.1999998092651,82369300,9.1966438293457
2022-06-15,12.2200002670288,12.4200000762939,12,12.2700004577637,70393200,9.24941253662109
2022-06-16,11.8000001907349,11.9099998474121,11.1199998855591,11.25,80380100,8.48050880432129
2022-06-17,11.2399997711182,11.4399995803833,10.8999996185303,11.2299995422363,80248800,8.46543407440186
2022-06-21,11.5500001907349,11.6599998474121,11.3500003814697,11.460000038147,66283400,8.63881492614746
2022-06-22,11.2600002288818,11.6800003051758,11.210000038147,11.4799995422363,46098900,8.65388870239258
2022-06-23,11.5,11.5799999237061,11.25,11.5600004196167,53655000,8.71419525146484
2022-06-24,11.6499996185303,12.1199998855591,11.5699996948242,12.0100002288818,55457600,9.05341720581055
2022-06-27,12.1199998855591,12.1800003051758,11.8999996185303,12.039999961853,44009900,9.07603168487549
2022-06-28,12.1400003433228,12.4399995803833,11.8000001907349,11.8100004196167,45866900,8.90265274047852
2022-06-29,11.7399997711182,11.7600002288818,11.3800001144409,11.5200004577637,39474200,8.68404388427734
2022-06-30,11.2399997711182,11.3599996566772,10.9300003051758,11.1300001144409,59238200,8.39005279541016
2022-07-01,11.1000003814697,11.5,10.9899997711182,11.3199996948242,54356000,8.53328132629395
2022-07-05,11.0500001907349,11.210000038147,10.6099996566772,11.1999998092651,87269800,8.44281959533691
2022-07-06,11.1499996185303,11.2700004577637,10.8400001525879,11.0600004196167,71282900,8.33728313446045
2022-07-07,11.3299999237061,11.7200002670288,11.3299999237061,11.6499996185303,63000400,8.78203964233398
2022-07-08,11.6499996185303,11.7799997329712,11.4799995422363,11.6199998855591,55235600,8.75942707061768
2022-07-11,11.539999961853,11.6599998474121,11.2700004577637,11.289999961853,48833600,8.51066303253174
2022-07-12,11.289999961853,11.7200002670288,11.2700004577637,11.5600004196167,58414500,8.71419525146484
2022-07-13,11.3100004196167,11.5799999237061,11.1700000762939,11.5100002288818,48274300,8.67650604248047
2022-07-14,11.2200002670288,11.3999996185303,11.1400003433228,11.3900003433228,48176300,8.58604526519775
2022-07-15,11.5799999237061,11.8999996185303,11.4899997711182,11.8800001144409,49306900,8.95541954040527
2022-07-18,12.1499996185303,12.25,11.8999996185303,11.960000038147,45873400,9.01572513580322
2022-07-19,12.2200002670288,12.6899995803833,12.210000038147,12.5900001525879,62650800,9.49063491821289
2022-07-20,12.6000003814697,12.8199996948242,12.5100002288818,12.7299995422363,51932200,9.59616947174072
2022-07-21,12.8800001144409,13,12.6300001144409,13,66949200,9.79970264434814
2022-07-22,13.1000003814697,13.1400003433228,12.7200002670288,12.8199996948242,46724700,9.66401386260986
2022-07-25,12.8500003814697,12.9899997711182,12.6000003814697,12.8400001525879,36830500,9.6790885925293
2022-07-26,12.6800003051758,12.7600002288818,12.460000038147,12.539999961853,49272300,9.45294284820557
2022-07-27,12.75,13.1899995803833,12.6300001144409,13.1899995803833,64572300,9.94293022155762
2022-07-28,13.9399995803833,14.0900001525879,13.3800001144409,14,144096500,10.5535259246826
2022-07-29,14.1099996566772,14.789999961853,14.0100002288818,14.6899995803833,94551600,11.0736637115479
2022-08-01,14.6599998474121,15.4300003051758,14.5500001907349,15.3400001525879,109521700,11.5636472702026
2022-08-02,15.1999998092651,15.4499998092651,15.1199998855591,15.1599998474121,74626800,11.4279613494873
2022-08-03,15.4799995422363,16.1499996185303,15.460000038147,15.6899995803833,95846000,11.8274841308594
2022-08-04,15.6499996185303,15.6700000762939,15.3100004196167,15.3699998855591,85039800,11.5862636566162
2022-08-05,15.2299995422363,15.4700002670288,15.1300001144409,15.3000001907349,68093500,11.5334968566895
2022-08-08,15.5699996948242,16.0400009155273,15.5500001907349,15.7799997329712,75988100,11.8953313827515
2022-08-09,15.6599998474121,15.6999998092651,15.1499996185303,15.1899995803833,67676800,11.4505739212036
2022-08-10,15.4700002670288,15.5799999237061,15.2299995422363,15.5,71607000,11.8007917404175
2022-08-11,15.8000001907349,15.9200000762939,15.6099996566772,15.8299999237061,61567000,12.0520343780518
2022-08-12,15.9499998092651,16.2199993133545,15.8400001525879,16.1800003051758,53182500,12.3185024261475
2022-08-15,16,16.4500007629395,15.9399995803833,16.3199996948242,51779600,12.4250907897949
2022-08-16,16.2999992370605,16.6800003051758,16.2600002288818,16.4300003051758,54028900,12.5088396072388
2022-08-17,16.1599998474121,16.2700004577637,15.8999996185303,16.0300006866455,57118300,12.2043037414551
2022-08-18,15.9899997711182,16.2099990844727,15.8599996566772,16.1499996185303,39414200,12.2956647872925
2022-08-19,15.9499998092651,16.1399993896484,15.7700004577637,15.8800001144409,48597200,12.0901012420654
2022-08-22,15.0799999237061,15.210000038147,14.9099998474121,15.0799999237061,71321800,11.4810304641724
2022-08-23,15.0900001525879,15.4200000762939,15.0900001525879,15.3199996948242,51289000,11.6637496948242
2022-08-24,15.3199996948242,15.6599998474121,15.2399997711182,15.5200004577637,39508700,11.8160171508789
2022-08-25,15.6000003814697,16.0400009155273,15.5799999237061,15.9300003051758,56401300,12.1281681060791
2022-08-26,16.0100002288818,16.0900001525879,15.4099998474121,15.4099998474121,54517300,11.732271194458
2022-08-29,15.1999998092651,15.710000038147,15.1899995803833,15.5699996948242,50416500,11.8540868759155
2022-08-30,15.6999998092651,15.8000001907349,15.1700000762939,15.4499998092651,66034400,11.7627239227295
2022-08-31,15.5200004577637,15.5200004577637,15.2399997711182,15.2399997711182,52058200,11.6028442382812
2022-09-01,15.1000003814697,15.2200002670288,14.7799997329712,15.1899995803833,65299800,11.5647754669189
2022-09-02,15.5299997329712,15.5699996948242,15.0600004196167,15.1599998474121,64565400,11.5419359207153
2022-09-06,15.2200002670288,15.2399997711182,14.8400001525879,15.0299997329712,58676700,11.4429597854614
2022-09-07,14.9099998474121,15.4899997711182,14.789999961853,15.4300003051758,55087200,11.7474975585938
2022-09-08,15.1599998474121,15.4799995422363,15.0200004577637,15.4700002670288,60075900,11.7779521942139
2022-09-09,15.6000003814697,15.6999998092651,15.3199996948242,15.4200000762939,63328600,11.7398843765259
2022-09-12,15.5500001907349,15.7399997711182,15.4499998092651,15.539999961853,52656500,11.8312454223633
2022-09-13,15,15.1300001144409,14.6999998092651,14.7399997711182,80842500,11.2221736907959
2022-09-14,14.7600002288818,14.8500003814697,14.4499998092651,14.6599998474121,59571800,11.1612644195557
2022-09-15,14.6899995803833,15.210000038147,14.6800003051758,14.8900003433228,61377000,11.3363742828369
2022-09-16,14.6199998855591,14.7399997711182,14.4700002670288,14.7200002670288,68454800,11.2069454193115
2022-09-19,14.5,14.960000038147,14.4899997711182,14.9300003051758,48696200,11.3668270111084
2022-09-20,14.0900001525879,14.2299995422363,13.0100002288818,13.0900001525879,196340000,9.96595859527588
2022-09-21,13.2399997711182,13.5900001525879,13.0500001907349,13.0500001907349,94271600,9.93550586700439
2022-09-22,13.1199998855591,13.2399997711182,12.75,12.7700004577637,82004400,9.72233009338379
2022-09-23,12.3299999237061,12.4399995803833,11.9499998092651,12.3100004196167,104043700,9.37211322784424
2022-09-26,12.210000038147,12.3800001144409,11.9300003051758,11.9899997711182,89300400,9.12848281860352
2022-09-27,12.210000038147,12.2200002670288,11.6599998474121,11.9099998474121,87044400,9.06757545471191
2022-09-28,11.9099998474121,12.2399997711182,11.7600002288818,12.1800003051758,72701600,9.27313899993896
2022-09-29,11.8500003814697,11.8800001144409,11.3599996566772,11.4700002670288,84534900,8.73258495330811
2022-09-30,11.3900003433228,11.5299997329712,11.1899995803833,11.1999998092651,71688200,8.52702331542969
2022-10-03,11.3800001144409,11.5900001525879,11.1300001144409,11.4700002670288,66198300,8.73258495330811
2022-10-04,11.960000038147,12.3699998855591,11.9399995803833,12.3599996566772,87629200,9.41017913818359
2022-10-05,12.3800001144409,12.5600004196167,12.1300001144409,12.5100002288818,87919100,9.52437973022461
2022-10-06,12.3599996566772,12.6300001144409,12.1899995803833,12.3599996566772,64531900,9.41017913818359
2022-10-07,12.1800003051758,12.3000001907349,12,12.1999998092651,56494500,9.28836441040039
2022-10-10,11.4700002670288,11.5500001907349,11.1999998092651,11.3599996566772,115548900,8.64883804321289
2022-10-11,11.3000001907349,11.8699998855591,11.1800003051758,11.5600004196167,75173200,8.80110645294189
2022-10-12,11.4799995422363,11.6999998092651,11.3500003814697,11.539999961853,59628500,8.78588008880615
2022-10-13,11.2399997711182,11.8900003433228,11.1999998092651,11.7700004577637,70487400,8.96098709106445
2022-10-14,11.8000001907349,11.8500003814697,11.5600004196167,11.6700000762939,55127700,8.88485336303711
2022-10-17,11.9799995422363,11.9899997711182,11.6599998474121,11.8299999237061,59561700,9.006667137146
2022-10-18,12.2200002670288,12.25,11.9099998474121,12.0299997329712,53603400,9.15893840789795
2022-10-19,11.9099998474121,12.1400003433228,11.8599996566772,12.1300001144409,54130000,9.23507022857666
2022-10-20,12.1300001144409,12.1999998092651,11.7299995422363,11.7700004577637,55568100,8.96098709106445
2022-10-21,11.7399997711182,12.25,11.6800003051758,12.1899995803833,55132700,9.28075218200684
2022-10-24,12.3000001907349,12.6499996185303,12.1800003051758,12.4799995422363,64717700,9.50154113769531
2022-10-25,12.5799999237061,13.0299997329712,12.460000038147,12.8299999237061,66391600,9.76800918579102
2022-10-26,12.8000001907349,13.0600004196167,12.5200004577637,12.8199996948242,86833600,9.76039791107178
2022-10-27,12.7700004577637,13.2200002670288,12.4200000762939,13,88421500,9.89743804931641
2022-10-28,13,13.3100004196167,12.9700002670288,13.2600002288818,55777900,10.0953874588013
2022-10-31,13.1499996185303,13.5100002288818,13.1400003433228,13.3699998855591,54676700,10.1791324615479
2022-11-01,13.5699996948242,13.6499996185303,13.1599998474121,13.3999996185303,47454700,10.2019748687744
2022-11-02,13.2200002670288,13.6700000762939,13.0600004196167,13.0600004196167,73673500,9.94311809539795
2022-11-03,12.8100004196167,13.460000038147,12.7700004577637,13.2600002288818,58782600,10.0953874588013
2022-11-04,13.5699996948242,13.7700004577637,13.2700004577637,13.5100002288818,61489100,10.2857236862183
2022-11-07,13.6099996566772,13.7600002288818,13.3699998855591,13.6999998092651,48176900,10.4303779602051
2022-11-08,13.7799997329712,13.8000001907349,13.5100002288818,13.7200002670288,52731900,10.4456043243408
2022-11-09,13.5699996948242,13.6999998092651,13.2799997329712,13.3100004196167,74199200,10.1334552764893
2022-11-10,13.6899995803833,14.3599996566772,13.6700000762939,14.1800003051758,75638500,10.7958211898804
2022-11-11,14.2600002288818,14.6700000762939,14.1999998092651,14.5,60187600,11.0394506454468
2022-11-14,14.2299995422363,14.3500003814697,14.0600004196167,14.0600004196167,57691600,10.8163547515869
2022-11-15,14.289999961853,14.5799999237061,14.1999998092651,14.3000001907349,61835700,11.0009860992432
2022-11-16,14.1000003814697,14.1700000762939,13.8400001525879,13.8999996185303,47484200,10.6932649612427
2022-11-17,13.6599998474121,13.9099998474121,13.5500001907349,13.9099998474121,54317900,10.7009592056274
2022-11-18,14.0799999237061,14.1300001144409,13.8199996948242,13.9899997711182,37101900,10.7625026702881
2022-11-21,13.8599996566772,14.039999961853,13.6599998474121,13.9499998092651,34087100,10.7317304611206
2022-11-22,14.0500001907349,14.1499996185303,13.9799995422363,14.0699996948242,28738800,10.8240461349487
2022-11-23,14,14.0600004196167,13.8500003814697,14.0299997329712,25974200,10.7932748794556
2022-11-25,13.960000038147,14.1099996566772,13.8999996185303,14.0799999237061,12980900,10.8317384719849
2022-11-28,13.9399995803833,13.960000038147,13.6999998092651,13.7299995422363,35249700,10.5624847412109
2022-11-29,13.8500003814697,13.8999996185303,13.710000038147,13.75,28380800,10.5778703689575
2022-11-30,13.7799997329712,13.9499998092651,13.4499998092651,13.8999996185303,61537300,10.6932649612427
2022-12-01,14.0900001525879,14.3599996566772,14,14.0799999237061,45335100,10.8317384719849
2022-12-02,13.8400001525879,13.9700002670288,13.75,13.8599996566772,42417400,10.6624927520752
2022-12-05,13.75,13.7700004577637,13.3699998855591,13.3800001144409,39714500,10.2932300567627
2022-12-06,13.4200000762939,13.5699996948242,13.0600004196167,13.2799997329712,39996000,10.2163000106812
2022-12-07,13.1999998092651,13.4200000762939,13.0900001525879,13.1000003814697,36609800,10.0778245925903
2022-12-08,13.1999998092651,13.2600002288818,13.0699996948242,13.1199998855591,32376300,10.0932130813599
2022-12-09,13.039999961853,13.3599996566772,13.039999961853,13.1800003051758,41553600,10.1393699645996
2022-12-12,13.1999998092651,13.4700002670288,13.1000003814697,13.460000038147,35473800,10.3547744750977
2022-12-13,13.7799997329712,13.9200000762939,13.3699998855591,13.5699996948242,57872100,10.4393968582153
2022-12-14,13.5699996948242,13.7799997329712,13.3599996566772,13.4799995422363,51199900,10.3701601028442
2022-12-15,13.2299995422363,13.2600002288818,12.9499998092651,13.0299997329712,55725300,10.0239753723145
2022-12-16,12.7700004577637,12.8199996948242,12.0799999237061,12.1199998855591,118345700,9.32391166687012
2022-12-19,12.1199998855591,12.1700000762939,11.539999961853,11.6899995803833,88062500,8.99311351776123
2022-12-20,11.6499996185303,11.6800003051758,11.1199998855591,11.4700002670288,82057900,8.82386875152588
2022-12-21,11.6099996566772,11.789999961853,11.5500001907349,11.7799997329712,49256000,9.06234931945801
2022-12-22,11.539999961853,11.539999961853,11.1000003814697,11.3100004196167,75158700,8.70078086853027
2022-12-23,11.2700004577637,11.3999996185303,11.2200002670288,11.3599996566772,38200700,8.73924350738525
2022-12-27,11.2799997329712,11.3900003433228,11.1300001144409,11.1999998092651,44837400,8.61615562438965
2022-12-28,11.1800003051758,11.25,10.8999996185303,10.9499998092651,49375400,8.42383098602295
2022-12-29,11.0799999237061,11.5500001907349,11.0500001907349,11.539999961853,53550300,8.87771797180176
2022-12-30,11.3999996185303,11.6400003433228,11.3900003433228,11.6300001144409,39232200,8.94695568084717
2023-01-03,11.8199996948242,11.9200000762939,11.5699996948242,11.6800003051758,45809000,8.9854211807251
2023-01-04,11.8800001144409,12.0799999237061,11.7399997711182,12.0100002288818,53429700,9.23929023742676
2023-01-05,12.1099996566772,12.3800001144409,11.8800001144409,12.25,50785600,9.42392158508301
2023-01-06,12.1199998855591,12.5900001525879,12.1000003814697,12.5799999237061,53089100,9.67778873443604
2023-01-09,12.7399997711182,12.9300003051758,12.5500001907349,12.6899995803833,50865500,9.76241207122803
2023-01-10,12.6800003051758,12.8699998855591,12.5,12.8400001525879,47065500,9.87780666351318
2023-01-11,12.9300003051758,13.2600002288818,12.8900003433228,13.2200002670288,51911600,10.1701421737671
2023-01-12,13.2700004577637,13.5299997329712,13.1099996566772,13.4300003051758,58113700,10.3316965103149
2023-01-13,12.6300001144409,12.8199996948242,12.4700002670288,12.7200002670288,96444000,9.78549098968506
2023-01-17,12.710000038147,12.8500003814697,12.4300003051758,12.6700000762939,60774900,9.74702644348145
2023-01-18,12.789999961853,12.8500003814697,12.3999996185303,12.4099998474121,48774400,9.54700660705566
2023-01-19,12.289999961853,12.3599996566772,12.039999961853,12.1800003051758,52918500,9.3700704574585
2023-01-20,12.210000038147,12.4200000762939,12.0799999237061,12.3999996185303,44349200,9.53931522369385
2023-01-23,12.4799995422363,12.9099998474121,12.4300003051758,12.8000001907349,49688000,9.84703540802002
2023-01-24,12.6800003051758,12.8999996185303,12.6199998855591,12.7399997711182,41537400,9.80087757110596
2023-01-25,12.6000003814697,12.8500003814697,12.4899997711182,12.789999961853,37739000,9.83934307098389
2023-01-26,12.9899997711182,13.0699996948242,12.710000038147,12.9200000762939,48970900,9.93935203552246
2023-01-27,12.8800001144409,13.3699998855591,12.8699998855591,13.2700004577637,62114600,10.208607673645
2023-01-30,13.0100002288818,13.1999998092651,12.8599996566772,12.8900003433228,64512600,9.91627216339111
2023-01-31,13.3900003433228,13.5699996948242,13.25,13.5100002288818,83093300,10.393238067627
2023-02-01,13.5200004577637,13.9899997711182,13.4899997711182,13.789999961853,70641000,10.6086435317993
2023-02-02,14.1700000762939,14.6000003814697,14.0299997329712,14.3199996948242,102579800,11.0163707733154
2023-02-03,13.0500001907349,13.6099996566772,12.7799997329712,13.2299995422363,165500200,10.1778335571289
2023-02-06,13.1599998474121,13.210000038147,12.7799997329712,13.1400003433228,77262800,10.1085996627808
2023-02-07,13.0799999237061,13.5100002288818,12.9799995422363,13.4499998092651,70671100,10.3470792770386
2023-02-08,13.3000001907349,13.6899995803833,13.3000001907349,13.4200000762939,62028400,10.3240022659302
2023-02-09,13.6599998474121,13.9300003051758,13.3999996185303,13.4899997711182,78667100,10.3778514862061
2023-02-10,12.8400001525879,12.8999996185303,12.5100002288818,12.7299995422363,68205200,10.4105634689331
2023-02-13,12.710000038147,13.1000003814697,12.6999998092651,13.0900001525879,64201900,10.7049713134766
2023-02-14,12.9899997711182,13.1899995803833,12.8199996948242,12.9700002670288,75352900,10.6068363189697
2023-02-15,12.75,12.9399995803833,12.6000003814697,12.9300003051758,65850000,10.5741233825684
2023-02-16,12.7299995422363,13.1400003433228,12.5100002288818,12.9099998474121,64145500,10.5577688217163
2023-02-17,12.8199996948242,12.9399995803833,12.6499996185303,12.8900003433228,54401000,10.5414133071899
2023-02-21,12.7200002670288,12.8100004196167,12.1700000762939,12.1999998092651,77724200,9.97713088989258
2023-02-22,12.2399997711182,12.3100004196167,12.1400003433228,12.210000038147,52844700,9.98530960083008
2023-02-23,12.3199996948242,12.3599996566772,11.8800001144409,12.0699996948242,57952800,9.87081813812256
2023-02-24,11.8199996948242,11.9799995422363,11.75,11.8800001144409,50631600,9.71543502807617
2023-02-27,11.9799995422363,12.4200000762939,11.960000038147,12.0600004196167,60378100,9.86263942718506
2023-02-28,12.0699996948242,12.1800003051758,12.0100002288818,12.0699996948242,59796800,9.87081813812256
2023-03-01,12.3500003814697,12.539999961853,12.1700000762939,12.3199996948242,85328800,10.0752668380737
2023-03-02,12.3800001144409,12.5500001907349,12.2299995422363,12.5500001907349,78214100,10.2633600234985
2023-03-03,12.7200002670288,13.1099996566772,12.6499996185303,13.0799999237061,80080200,10.6967926025391
2023-03-06,13.0799999237061,13.1800003051758,12.9300003051758,12.9799995422363,50571200,10.6150131225586
2023-03-07,12.9399995803833,12.9799995422363,12.7799997329712,12.8299999237061,46540400,10.4923448562622
2023-03-08,12.7799997329712,13.0100002288818,12.710000038147,12.9799995422363,46421000,10.6150131225586
2023-03-09,13.0200004577637,13.0799999237061,12.4399995803833,12.4499998092651,65423500,10.1815795898438
2023-03-10,12.4300003051758,12.5100002288818,12,12.1000003814697,73897400,9.89535140991211
2023-03-13,11.9300003051758,12.3100004196167,11.3199996948242,12.0299997329712,119167600,9.83810520172119
2023-03-14,12.210000038147,12.3100004196167,11.7700004577637,11.9300003051758,93844200,9.75632572174072
2023-03-15,11.5,11.7299995422363,11.3199996948242,11.710000038147,108909300,9.57641220092773
2023-03-16,11.5299997329712,11.8900003433228,11.4200000762939,11.8199996948242,74017200,9.66636657714844
2023-03-17,11.6999998092651,11.7299995422363,11.1199998855591,11.3000001907349,249885100,9.24111366271973
2023-03-20,11.3299999237061,11.4799995422363,11.1499996185303,11.1800003051758,74975100,9.14297866821289
2023-03-21,11.3999996185303,11.7799997329712,11.3800001144409,11.7200002670288,74794900,9.5845890045166
2023-03-22,11.7600002288818,11.9399995803833,11.4700002670288,11.4799995422363,69729100,9.38831615447998
2023-03-23,11.6499996185303,11.7799997329712,11.2700004577637,11.4200000762939,74225300,9.33924770355225
2023-03-24,11.3199996948242,11.5100002288818,11.1800003051758,11.5100002288818,72425300,9.41285133361816
2023-03-27,11.6300001144409,11.6999998092651,11.4099998474121,11.5200004577637,55941100,9.42102909088135
2023-03-28,11.5500001907349,11.6499996185303,11.460000038147,11.6000003814697,41385900,9.48645305633545
2023-03-29,11.7799997329712,12.0600004196167,11.710000038147,12.0500001907349,48655400,9.85446262359619
2023-03-30,12.2799997329712,12.3900003433228,12.1999998092651,12.289999961853,57751300,10.0507326126099
2023-03-31,12.4099998474121,12.6300001144409,12.3900003433228,12.6000003814697,66868200,10.3042526245117
2023-04-03,12.5299997329712,12.7299995422363,12.4799995422363,12.6800003051758,55956300,10.3696737289429
2023-04-04,12.7700004577637,12.8500003814697,12.5100002288818,12.7200002670288,54655700,10.4023838043213
2023-04-05,12.5799999237061,12.6499996185303,12.2200002670288,12.4300003051758,53332900,10.1652250289917
2023-04-06,12.4200000762939,12.4799995422363,12.289999961853,12.3299999237061,36355800,10.0834455490112
2023-04-10,12.1999998092651,12.7200002670288,12.1599998474121,12.7200002670288,61326200,10.4023838043213
2023-04-11,12.789999961853,13.0699996948242,12.789999961853,12.8699998855591,63633600,10.5250568389893
2023-04-12,13.0600004196167,13.0799999237061,12.6499996185303,12.6700000762939,53845500,10.3614959716797
2023-04-13,12.6400003433228,12.6400003433228,12.2200002670288,12.460000038147,75485700,10.1897563934326
2023-04-14,12.4499998092651,12.6599998474121,12.4200000762939,12.5200004577637,43542000,10.2388277053833
2023-04-17,12.5,12.6800003051758,12.460000038147,12.6800003051758,40191100,10.3696737289429
2023-04-18,12.6999998092651,12.7600002288818,12.6199998855591,12.7299995422363,38865900,10.4105634689331
2023-04-19,12.6000003814697,12.6000003814697,12.1700000762939,12.2200002670288,69451800,9.99348831176758
2023-04-20,11.8100004196167,11.9300003051758,11.5500001907349,11.8699998855591,79563100,9.7072582244873
2023-04-21,11.8999996185303,11.9200000762939,11.6599998474121,11.8100004196167,46926500,9.6581916809082
2023-04-24,11.8900003433228,12.1800003051758,11.8800001144409,12.1599998474121,57794700,9.94441890716553
2023-04-25,11.9700002670288,11.9799995422363,11.6999998092651,11.7700004577637,63114700,9.74569702148438
2023-04-26,11.8000001907349,11.8599996566772,11.5100002288818,11.539999961853,58105300,9.55525398254395
2023-04-27,11.6099996566772,11.710000038147,11.4399995803833,11.6099996566772,53280300,9.61321449279785
2023-04-28,11.5900001525879,11.9399995803833,11.5699996948242,11.8800001144409,55045000,9.83677768707275
2023-05-01,12.0100002288818,12.289999961853,11.9899997711182,12.0600004196167,59834200,9.98582077026367
2023-05-02,12.0500001907349,12.0900001525879,11.6599998474121,11.8000001907349,91090400,9.77053833007812
2023-05-03,11.7399997711182,12.0900001525879,11.7299995422363,11.789999961853,94050700,9.76225662231445
2023-05-04,11.8000001907349,11.8299999237061,11.4700002670288,11.5600004196167,79792900,9.57181453704834
2023-05-05,11.789999961853,12.039999961853,11.7200002670288,11.9899997711182,64173300,9.92785930633545
2023-05-08,12.0200004577637,12.0600004196167,11.8500003814697,12.0200004577637,49943800,9.9527006149292
2023-05-09,11.8900003433228,11.9300003051758,11.7799997329712,11.8599996566772,42878300,9.82021903991699
2023-05-10,12.0200004577637,12.039999961853,11.7299995422363,11.8900003433228,49193100,9.84505939483643
2023-05-11,11.8299999237061,11.8800001144409,11.7600002288818,11.8699998855591,43030800,9.82849788665771
2023-05-12,11.9300003051758,11.9399995803833,11.6499996185303,11.6700000762939,45155400,9.66289710998535
2023-05-15,11.6999998092651,11.7200002670288,11.5900001525879,11.6400003433228,53197000,9.6380558013916
2023-05-16,11.5500001907349,11.5799999237061,11.2399997711182,11.25,60514900,9.31513118743896
2023-05-17,11.3500003814697,11.6400003433228,11.3199996948242,11.5,50077500,9.52213287353516
2023-05-18,11.460000038147,11.6599998474121,11.4499998092651,11.6400003433228,38181400,9.6380558013916
2023-05-19,11.6599998474121,11.7700004577637,11.539999961853,11.6499996185303,43474200,9.64633369445801
2023-05-22,11.710000038147,11.7299995422363,11.3699998855591,11.6300001144409,57417200,9.62977504730225
2023-05-23,11.5299997329712,11.9099998474121,11.5299997329712,11.7299995422363,56843800,9.7125768661499
2023-05-24,11.6400003433228,11.6499996185303,11.25,11.3299999237061,71391000,9.38137149810791
2023-05-25,11.3299999237061,11.5200004577637,11.3299999237061,11.3800001144409,51328900,9.42277240753174
2023-05-26,11.5900001525879,12.289999961853,11.539999961853,12.0900001525879,123257500,10.0106611251831
2023-05-30,12.6499996185303,12.7799997329712,12.5100002288818,12.5900001525879,86226900,10.4246654510498
2023-05-31,12.4799995422363,12.4899997711182,11.960000038147,12,86275300,9.93613910675049
2023-06-01,12.0699996948242,12.1800003051758,11.8400001525879,12.1099996566772,64407800,10.0272197723389
2023-06-02,12.2600002288818,12.5100002288818,12.1400003433228,12.3900003433228,65261200,10.2590627670288
2023-06-05,12.6599998474121,12.6800003051758,12.5,12.5900001525879,49890200,10.4246654510498
2023-06-06,12.5500001907349,12.9300003051758,12.5100002288818,12.9300003051758,57258400,10.7061901092529
2023-06-07,13.0200004577637,13.6000003814697,12.9799995422363,13.5900001525879,99342000,11.2526788711548
2023-06-08,13.5299997329712,13.7399997711182,13.460000038147,13.5799999237061,64254700,11.2443971633911
2023-06-09,13.8299999237061,14.0299997329712,13.6999998092651,13.7399997711182,70329500,11.376877784729
2023-06-12,13.8000001907349,13.8800001144409,13.6499996185303,13.7799997329712,44584700,11.4099988937378
2023-06-13,13.8999996185303,14.1700000762939,13.8900003433228,14.1300001144409,61781100,11.6998062133789
2023-06-14,14.25,14.4499998092651,13.9700002670288,14.1999998092651,69748500,11.7577657699585
2023-06-15,14.1199998855591,14.5,14.1199998855591,14.4499998092651,61463400,11.9647665023804
2023-06-16,14.5200004577637,14.6099996566772,14.3199996948242,14.4200000762939,75398100,11.9399290084839
2023-06-20,14.3000001907349,14.4200000762939,13.9799995422363,14.2200002670288,56645800,11.7743244171143
2023-06-21,14.2399997711182,14.2799997329712,13.9399995803833,14.0200004577637,49984300,11.6087236404419
2023-06-22,13.9099998474121,14.3000001907349,13.8900003433228,14.1899995803833,46862500,11.7494831085205
2023-06-23,13.9300003051758,14.1499996185303,13.9200000762939,14.0200004577637,48260200,11.6087236404419
2023-06-26,14.0100002288818,14.2299995422363,13.9899997711182,14.1099996566772,44956300,11.6832427978516
2023-06-27,14.1899995803833,14.460000038147,14.0600004196167,14.4099998474121,49813100,11.9316463470459
2023-06-28,14.3900003433228,14.789999961853,14.3699998855591,14.789999961853,58380800,12.2462921142578
2023-06-29,14.8699998855591,15.1300001144409,14.789999961853,14.9499998092651,58488600,12.3787746429443
2023-06-30,15.0500001907349,15.2299995422363,14.960000038147,15.1300001144409,54036900,12.5278167724609
2023-07-03,15.1499996185303,15.3999996185303,15.1499996185303,15.2399997711182,29412700,12.618896484375
2023-07-05,15.210000038147,15.4200000762939,15.1199998855591,15.3500003814697,52003900,12.709979057312
2023-07-06,15.1700000762939,15.25,14.8800001144409,14.9799995422363,64841400,12.4036121368408
2023-07-07,14.9899997711182,15.2399997711182,14.9399995803833,14.9799995422363,53375500,12.4036121368408
2023-07-10,14.960000038147,15.0900001525879,14.8299999237061,15.0699996948242,51882000,12.4781351089478
2023-07-11,15.0699996948242,15.25,14.9700002670288,15.2299995422363,45849700,12.6106176376343
2023-07-12,15.3699998855591,15.4200000762939,15.1999998092651,15.2200002670288,47636800,12.6023378372192
2023-07-13,15.2700004577637,15.2799997329712,15.0799999237061,15.1899995803833,49664300,12.5774965286255
2023-07-14,15.2299995422363,15.2700004577637,14.9099998474121,14.9799995422363,48747900,12.4036121368408
2023-07-17,14.5799999237061,14.6300001144409,14.0900001525879,14.0900001525879,99402100,11.6666831970215
2023-07-18,13.9499998092651,14.1700000762939,13.9200000762939,14.1700000762939,71710800,11.7329254150391
2023-07-19,14.1400003433228,14.2600002288818,14.0600004196167,14.1000003814697,58280800,11.6749639511108
2023-07-20,14.0299997329712,14.0799999237061,13.8999996185303,14.0299997329712,45952600,11.6170043945312
2023-07-21,14.1300001144409,14.1599998474121,13.75,13.9300003051758,57579800,11.5342016220093
2023-07-24,13.8900003433228,14.0200004577637,13.8500003814697,13.960000038147,46687000,11.6848649978638
2023-07-25,13.8599996566772,13.8599996566772,13.5600004196167,13.5799999237061,58772700,11.3667964935303
2023-07-26,13.5500001907349,13.75,13.5200004577637,13.6700000762939,42019700,11.4421281814575
2023-07-27,13.8299999237061,13.9799995422363,13.6999998092651,13.7299995422363,67313500,11.4923505783081
2023-07-28,13.5799999237061,13.6499996185303,13.0200004577637,13.2600002288818,116696500,11.098949432373
2023-07-31,13.0100002288818,13.2200002670288,12.9099998474121,13.210000038147,64507700,11.0570983886719
2023-08-01,13.1499996185303,13.4399995803833,13.1099996566772,13.4200000762939,59129900,11.2328729629517
2023-08-02,13.1999998092651,13.2299995422363,12.9799995422363,13.039999961853,57997400,10.9148044586182
2023-08-03,12.9899997711182,13.1400003433228,12.8599996566772,13.1000003814697,51996300,10.9650249481201
2023-08-04,13.1000003814697,13.1000003814697,12.8000001907349,12.8900003433228,48412900,10.7892513275146
2023-08-07,12.9300003051758,12.960000038147,12.7799997329712,12.9399995803833,43929200,10.8311004638672
2023-08-08,12.7700004577637,12.8999996185303,12.6999998092651,12.8800001144409,45103800,10.7808780670166
2023-08-09,12.7700004577637,12.8299999237061,12.6599998474121,12.7299995422363,42932600,10.6553258895874
2023-08-10,12.7799997329712,12.7799997329712,12.0799999237061,12.1599998474121,104063900,10.1782207489014
2023-08-11,12.1199998855591,12.1999998092651,12,12.1400003433228,64371700,10.1614828109741
2023-08-14,12.0299997329712,12.2299995422363,12.0200004577637,12.1999998092651,48099600,10.2117023468018
2023-08-15,12.0600004196167,12.1499996185303,11.9700002670288,11.9799995422363,42616400,10.0275573730469
2023-08-16,11.8999996185303,12.0299997329712,11.8000001907349,11.8100004196167,44838900,9.88526248931885
2023-08-17,11.8800001144409,11.9700002670288,11.7799997329712,11.8299999237061,36104900,9.90200328826904
2023-08-18,11.7299995422363,12.0200004577637,11.7200002670288,11.960000038147,44519900,10.0108184814453
2023-08-21,12.039999961853,12.0600004196167,11.8699998855591,11.9700002670288,33456700,10.0191879272461
2023-08-22,12.0100002288818,12.0299997329712,11.8400001525879,11.8699998855591,32027500,9.9354829788208
2023-08-23,11.8199996948242,11.9700002670288,11.8000001907349,11.960000038147,30437700,10.0108184814453
2023-08-24,11.8900003433228,11.9300003051758,11.75,11.75,33338200,9.83504199981689
2023-08-25,11.8299999237061,11.9899997711182,11.5799999237061,11.9099998474121,47610000,9.96896553039551
2023-08-28,11.9499998092651,12.0600004196167,11.8500003814697,11.8999996185303,29693500,9.96059513092041
2023-08-29,11.9499998092651,12.0600004196167,11.8900003433228,12.0500001907349,32009000,10.0861482620239
2023-08-30,12.0699996948242,12.1499996185303,12.0100002288818,12.0299997329712,30617900,10.0694074630737
2023-08-31,12.1300001144409,12.2700004577637,12.0900001525879,12.1300001144409,39025700,10.1531095504761
2023-09-01,12.1599998474121,12.2700004577637,12.039999961853,12.1400003433228,34716900,10.1614828109741
2023-09-05,12.1199998855591,12.1800003051758,12.039999961853,12.0900001525879,35202000,10.1196308135986
2023-09-06,12,12.1099996566772,11.8299999237061,12.0699996948242,41881500,10.1028881072998
2023-09-07,11.9499998092651,12.0500001907349,11.8999996185303,11.960000038147,38559600,10.0108184814453
2023-09-08,11.9700002670288,12.3599996566772,11.9700002670288,12.3000001907349,49493500,10.2954044342041
2023-09-11,12.3599996566772,12.3999996185303,12.1700000762939,12.2200002670288,34673600,10.2284450531006
2023-09-12,12.2299995422363,12.5900001525879,12.2200002670288,12.4499998092651,49507700,10.4209585189819
2023-09-13,12.6899995803833,12.9099998474121,12.6300001144409,12.6400003433228,62579700,10.5799942016602
2023-09-14,12.6099996566772,12.6999998092651,12.4099998474121,12.6199998855591,43461600,10.5632514953613
2023-09-15,12.3999996185303,12.789999961853,12.3999996185303,12.6099996566772,63982400,10.5548839569092
2023-09-18,12.5,12.5200004577637,12.25,12.3400001525879,47444100,10.3288860321045
2023-09-19,12.3400001525879,12.6499996185303,12.3100004196167,12.5600004196167,40900000,10.5130310058594
2023-09-20,12.6499996185303,12.6700000762939,12.3500003814697,12.3599996566772,37449600,10.3456249237061
2023-09-21,12.1999998092651,12.3500003814697,12.1599998474121,12.1999998092651,40140500,10.2117023468018
2023-09-22,12.5,12.7700004577637,12.4099998474121,12.4300003051758,65205500,10.4042196273804
2023-09-25,12.3500003814697,12.6999998092651,12.3400001525879,12.5799999237061,41219400,10.5297718048096
2023-09-26,12.4899997711182,12.6599998474121,12.3699998855591,12.4300003051758,41261000,10.4042196273804
2023-09-27,12.5200004577637,12.5200004577637,12.25,12.3900003433228,41616600,10.3707370758057
2023-09-28,12.3199996948242,12.6599998474121,12.1700000762939,12.5600004196167,49109800,10.5130310058594
2023-09-29,12.6099996566772,12.6599998474121,12.3500003814697,12.4200000762939,62364900,10.3958492279053
2023-10-02,12.3800001144409,12.4399995803833,12.2299995422363,12.3100004196167,51204000,10.3037767410278
2023-10-03,12.1599998474121,12.2299995422363,12.0200004577637,12.0699996948242,55074700,10.1028881072998
2023-10-04,12.0200004577637,12.0799999237061,11.8800001144409,11.9899997711182,45217900,10.035927772522
2023-10-05,11.9399995803833,12,11.6899995803833,11.8999996185303,47425000,9.96059513092041
2023-10-06,11.8199996948242,12.1499996185303,11.6899995803833,12,57558500,10.0442981719971
2023-10-09,11.8000001907349,12.1499996185303,11.7799997329712,12.0699996948242,33328000,10.1028881072998
2023-10-10,12.1000003814697,12.3000001907349,12.0900001525879,12.1999998092651,40404600,10.2117023468018
2023-10-11,12.289999961853,12.3900003433228,12.1499996185303,12.25,31321500,10.2535552978516
2023-10-12,11.8800001144409,12.0699996948242,11.8400001525879,12,51644000,10.0442981719971
2023-10-13,11.9700002670288,12,11.8000001907349,11.8100004196167,47221800,9.88526248931885
2023-10-16,11.9099998474121,11.960000038147,11.8199996948242,11.9300003051758,29183000,9.98570537567139
2023-10-17,11.8500003814697,12.1700000762939,11.8500003814697,12.039999961853,40516500,10.0777778625488
2023-10-18,11.9300003051758,11.9300003051758,11.75,11.75,44840100,9.83504199981689
2023-10-19,11.5900001525879,11.7600002288818,11.5100002288818,11.5299997329712,49057500,9.6508960723877
2023-10-20,11.5799999237061,11.7600002288818,11.539999961853,11.6400003433228,53307500,9.74296760559082
2023-10-23,11.5500001907349,11.6899995803833,11.4200000762939,11.4799995422363,49073800,9.60904407501221
2023-10-24,11.5,11.5699996948242,11.3800001144409,11.3900003433228,47775600,9.53371238708496
2023-10-25,11.3500003814697,11.6400003433228,11.210000038147,11.539999961853,74213800,9.65926647186279
2023-10-26,11.9099998474121,11.9300003051758,11.3299999237061,11.3500003814697,84725900,9.50022983551025
2023-10-27,10.9300003051758,10.9700002670288,9.89999961853027,9.96000003814697,187029600,8.33676624298096
2023-10-30,10.0799999237061,10.1400003433228,9.68000030517578,9.77000045776367,106474700,8.177734375
2023-10-31,9.72000026702881,9.90999984741211,9.63000011444092,9.75,82238800,8.28824329376221
2023-11-01,9.84000015258789,9.93000030517578,9.76000022888184,9.90999984741211,75469700,8.42425441741943
2023-11-02,10.0200004577637,10.1499996185303,9.97000026702881,10.1400003433228,66914000,8.61977195739746
2023-11-03,10.2600002288818,10.6400003433228,10.25,10.5600004196167,60912400,8.97680377960205
2023-11-06,10.5600004196167,10.6000003814697,10.2399997711182,10.3100004196167,48435500,8.76428604125977
2023-11-07,10.25,10.289999961853,10.0500001907349,10.1700000762939,50430800,8.6452751159668
2023-11-08,10.1899995803833,10.210000038147,10.0299997329712,10.0500001907349,38700600,8.5432653427124
2023-11-09,10.039999961853,10.0699996948242,9.6899995803833,9.69999980926514,59356900,8.2457389831543
2023-11-10,9.8100004196167,9.86999988555908,9.67000007629395,9.85999965667725,45069700,8.38174915313721
2023-11-13,9.82999992370605,9.86999988555908,9.73999977111816,9.81999969482422,34458300,8.34774684906006
2023-11-14,9.98999977111816,10.460000038147,9.97999954223633,10.3999996185303,67684000,8.84078979492188
2023-11-15,10.4099998474121,10.5699996948242,10.3900003433228,10.4700002670288,45193700,8.90029716491699
2023-11-16,10.3999996185303,10.4300003051758,10.1000003814697,10.1599998474121,45408100,8.63677406311035
2023-11-17,10.2600002288818,10.3199996948242,10.1899995803833,10.2700004577637,36501200,8.73028373718262
2023-11-20,10.289999961853,10.4300003051758,10.2600002288818,10.3400001525879,46933100,8.78978824615479
2023-11-21,10.2799997329712,10.3199996948242,10.1000003814697,10.1899995803833,47284300,8.66227531433105
2023-11-22,10.2399997711182,10.3800001144409,10.1700000762939,10.2600002288818,41116300,8.72178173065186
2023-11-24,10.2799997329712,10.5299997329712,10.2799997329712,10.3999996185303,22028100,8.84078979492188
2023-11-27,10.3699998855591,10.4200000762939,10.3000001907349,10.3400001525879,32247600,8.78978824615479
2023-11-28,10.3299999237061,10.3999996185303,10.2399997711182,10.3699998855591,38510600,8.81528854370117
2023-11-29,10.8800001144409,10.960000038147,10.5600004196167,10.5900001525879,77246800,9.00230598449707
2023-11-30,10.6800003051758,10.6999998092651,10.1800003051758,10.2600002288818,80525700,8.72178173065186
2023-12-01,10.289999961853,10.6000003814697,10.2200002670288,10.5799999237061,61619800,8.99380493164062
2023-12-04,10.5200004577637,10.789999961853,10.5,10.6999998092651,54196100,9.09581470489502
2023-12-05,10.6400003433228,10.6800003051758,10.539999961853,10.6000003814697,41551100,9.0108060836792
2023-12-06,10.75,10.8800001144409,10.6700000762939,10.6899995803833,47223500,9.08731460571289
2023-12-07,10.710000038147,10.8800001144409,10.6800003051758,10.8199996948242,40523200,9.1978235244751
2023-12-08,10.8100004196167,11.0699996948242,10.789999961853,11.0100002288818,48961200,9.35933971405029
2023-12-11,11.0200004577637,11.1499996185303,10.9799995422363,11.0699996948242,39700900,9.41034317016602
2023-12-12,11.0900001525879,11.1999998092651,11.0500001907349,11.1599998474121,40206200,9.48684978485107
2023-12-13,11.0299997329712,11.289999961853,10.8000001907349,11.2399997711182,68066700,9.554856300354
2023-12-14,11.4700002670288,12.1300001144409,11.4700002670288,12.0799999237061,110777600,10.2689189910889
2023-12-15,12.0699996948242,12.1800003051758,11.9300003051758,12.0200004577637,85298200,10.2179164886475
2023-12-18,11.9899997711182,12.0799999237061,11.9099998474121,11.9300003051758,43424400,10.1414098739624
2023-12-19,11.9700002670288,12.0699996948242,11.8900003433228,12.0200004577637,35722900,10.2179164886475
2023-12-20,11.9700002670288,12.1400003433228,11.789999961853,11.8000001907349,54981100,10.0308990478516
2023-12-21,11.9300003051758,12.3599996566772,11.8999996185303,12.3400001525879,66424600,10.4899406433105
2023-12-22,12.3199996948242,12.460000038147,12.2799997329712,12.3500003814697,43764600,10.4984397888184
2023-12-26,12.3900003433228,12.5,12.3699998855591,12.4499998092651,26293700,10.5834474563599
2023-12-27,12.4300003051758,12.4499998092651,12.2299995422363,12.3900003433228,39891300,10.5324440002441
2023-12-28,12.3800001144409,12.4300003051758,12.2799997329712,12.3400001525879,26688500,10.4899406433105
2023-12-29,12.3500003814697,12.3900003433228,12.1599998474121,12.1899995803833,40964700,10.3624277114868
2024-01-02,12.039999961853,12.3800001144409,11.9399995803833,12.1599998474121,47494800,10.3369255065918
2024-01-03,12.0200004577637,12.0299997329712,11.6400003433228,11.710000038147,70120100,9.9543924331665
2024-01-04,11.7600002288818,11.8199996948242,11.6300001144409,11.6800003051758,54920300,9.92888927459717
2024-01-05,11.6499996185303,12.039999961853,11.6300001144409,11.8500003814697,44443800,10.0734014511108
2024-01-08,11.8500003814697,12.0500001907349,11.789999961853,11.9700002670288,41514400,10.1754121780396
2024-01-09,11.8100004196167,11.8999996185303,11.7700004577637,11.8400001525879,49536700,10.0649003982544
2024-01-10,11.8299999237061,11.8599996566772,11.710000038147,11.8299999237061,37539200,10.0564002990723
2024-01-11,11.75,11.7700004577637,11.5699996948242,11.710000038147,48692000,9.9543924331665
2024-01-12,11.6499996185303,11.7700004577637,11.4099998474121,11.460000038147,55030100,9.74187183380127
2024-01-16,11.3000001907349,11.5,11.1800003051758,11.460000038147,45207700,9.74187183380127
2024-01-17,11.1700000762939,11.3100004196167,11.1099996566772,11.2700004577637,52671300,9.58035945892334
2024-01-18,11.25,11.3100004196167,10.960000038147,10.9899997711182,71667200,9.3423376083374
2024-01-19,10.9399995803833,11.2200002670288,10.8299999237061,11.1999998092651,61143300,9.52085494995117
2024-01-22,11.2299995422363,11.3999996185303,11.1400003433228,11.1999998092651,45479600,9.52085494995117
2024-01-23,11.3599996566772,11.460000038147,11.2399997711182,11.3699998855591,45465200,9.66536617279053
2024-01-24,11.4399995803833,11.4499998092651,11,11.0299997329712,59064600,9.37633991241455
2024-01-25,11.0900001525879,11.3599996566772,11.0299997329712,11.3400001525879,49356700,9.63986396789551
2024-01-26,11.3999996185303,11.5,11.3000001907349,11.3900003433228,35837000,9.68236827850342
2024-01-29,11.3800001144409,11.5600004196167,11.3000001907349,11.5500001907349,58249600,9.81837940216064
2024-01-30,11.7700004577637,11.8699998855591,11.6199998855591,11.7799997329712,70213300,10.0138969421387
2024-01-31,11.7600002288818,11.9899997711182,11.7200002670288,11.7200002670288,74558900,9.96289157867432
2024-02-01,11.8199996948242,12.1400003433228,11.6199998855591,12.1000003814697,81065800,10.2859210968018
2024-02-02,12.0299997329712,12.1899995803833,11.9399995803833,12.1400003433228,73130900,10.3199243545532
2024-02-05,12.0100002288818,12.0799999237061,11.539999961853,11.5900001525879,81026800,9.85238170623779
2024-02-06,11.6400003433228,12.1000003814697,11.6199998855591,12.0699996948242,98636800,10.2604198455811
2024-02-07,12.7299995422363,12.9799995422363,12.1999998092651,12.8000001907349,137224000,10.8809747695923
2024-02-08,12.8699998855591,12.8999996185303,12.539999961853,12.8299999237061,68653900,10.9064769744873
2024-02-09,12.8100004196167,12.9200000762939,12.6400003433228,12.6800003051758,47649600,10.7789659500122
2024-02-12,12.6800003051758,13.0699996948242,12.6400003433228,12.9799995422363,54036500,11.0339870452881
2024-02-13,12.7700004577637,12.8999996185303,12.4799995422363,12.6800003051758,67907700,10.7789659500122
2024-02-14,12.7200002670288,12.789999961853,12.5200004577637,12.5600004196167,52978800,10.6769561767578
2024-02-15,12.3500003814697,12.5500001907349,12.3100004196167,12.5200004577637,57811800,10.9301300048828
2024-02-16,12.4200000762939,12.5100002288818,12.2600002288818,12.3000001907349,43228600,10.7380676269531
2024-02-20,12.1899995803833,12.3299999237061,12.1000003814697,12.25,44591000,10.6944169998169
2024-02-21,12.210000038147,12.3199996948242,12.0500001907349,12.1400003433228,41835800,10.5983858108521
2024-02-22,12.1300001144409,12.2399997711182,12.0500001907349,12.1199998855591,36980500,10.5809240341187
2024-02-23,12.1000003814697,12.2600002288818,12.0900001525879,12.1400003433228,32152100,10.5983858108521
2024-02-26,12.1300001144409,12.2700004577637,11.9499998092651,11.9499998092651,40241300,10.4325113296509
2024-02-27,12.0200004577637,12.1700000762939,11.960000038147,12,36508800,10.4761638641357
2024-02-28,11.9700002670288,12.3999996185303,11.960000038147,12.3000001907349,51447900,10.7380676269531
2024-02-29,12.3699998855591,12.4700002670288,12.3199996948242,12.4399995803833,43098500,10.8602895736694
2024-03-01,12.5299997329712,12.6400003433228,12.3199996948242,12.4499998092651,48761400,10.8690185546875
2024-03-04,12.5699996948242,13.0299997329712,12.5699996948242,12.7399997711182,81871700,11.1221933364868
2024-03-05,12.6499996185303,12.7399997711182,12.5,12.5799999237061,47896200,10.9825096130371
2024-03-06,12.5200004577637,12.5699996948242,12.3299999237061,12.3800001144409,48834500,10.8079090118408
2024-03-07,12.4099998474121,12.4700002670288,12.2600002288818,12.4099998474121,38971000,10.834098815918
2024-03-08,12.4300003051758,12.5200004577637,12.1400003433228,12.1800003051758,54723800,10.6333055496216
2024-03-11,12.1300001144409,12.2399997711182,12.0799999237061,12.1099996566772,35135400,10.5721950531006
2024-03-12,12.1400003433228,12.1599998474121,12.0299997329712,12.1099996566772,31245200,10.5721950531006
2024-03-13,12.1199998855591,12.4799995422363,12.1099996566772,12.3699998855591,50595300,10.7991781234741
2024-03-14,12.3400001525879,12.3699998855591,12.0100002288818,12.0799999237061,52619900,10.5460033416748
2024-03-15,12.0500001907349,12.2700004577637,12.0200004577637,12.0600004196167,88254000,10.5285444259644
2024-03-18,12.1400003433228,12.1899995803833,11.9799995422363,12.1800003051758,36599200,10.6333055496216
2024-03-19,12.1099996566772,12.3500003814697,12.1099996566772,12.3000001907349,32668700,10.7380676269531
2024-03-20,12.2600002288818,12.9200000762939,12.2600002288818,12.8999996185303,67721500,11.2618741989136
2024-03-21,12.9200000762939,13.0600004196167,12.789999961853,12.9200000762939,55822500,11.2793350219727
2024-03-22,12.8699998855591,12.960000038147,12.8500003814697,12.9099998474121,33137500,11.2706060409546
2024-03-25,12.9200000762939,13.0600004196167,12.7399997711182,12.8999996185303,39063500,11.2618741989136
2024-03-26,12.960000038147,12.960000038147,12.4300003051758,12.4399995803833,67140200,10.8602895736694
2024-03-27,12.5299997329712,13.0699996948242,12.5200004577637,13.0600004196167,53555800,11.4015588760376
2024-03-28,13.0699996948242,13.3000001907349,13.0500001907349,13.2799997329712,61846400,11.5936183929443
2024-04-01,13.3299999237061,13.3800001144409,13.1400003433228,13.289999961853,35898300,11.6023511886597
2024-04-02,13.1599998474121,13.3699998855591,13.0900001525879,13.2799997329712,42653400,11.5936183929443
2024-04-03,13.25,13.6800003051758,13.2299995422363,13.6499996185303,57498900,11.9166355133057
2024-04-04,13.8999996185303,13.9499998092651,13.1700000762939,13.210000038147,67812400,11.5325088500977
2024-04-05,13.2700004577637,13.3999996185303,13.0900001525879,13.2799997329712,46937400,11.5936183929443
2024-04-08,13.3500003814697,13.539999961853,13.3500003814697,13.4099998474121,29900500,11.7071113586426
2024-04-09,13.4700002670288,13.5900001525879,13.3400001525879,13.539999961853,35497900,11.8206052780151
2024-04-10,13.2600002288818,13.289999961853,12.9499998092651,13.0600004196167,51395000,11.4015588760376
2024-04-11,13.1099996566772,13.1400003433228,12.9099998474121,13.039999961853,38383100,11.3840990066528
2024-04-12,12.9200000762939,12.9200000762939,12.5,12.6099996566772,52356300,11.0087022781372
2024-04-15,12.7399997711182,12.8199996948242,12.1800003051758,12.2299995422363,59484400,10.6769561767578
2024-04-16,12.1400003433228,12.25,11.9399995803833,12.0900001525879,56392200,10.5547342300415
2024-04-17,12.1400003433228,12.25,12.0200004577637,12.039999961853,43646600,10.5110845565796
2024-04-18,12.0799999237061,12.1700000762939,11.9799995422363,12.0600004196167,39902100,10.5285444259644
2024-04-19,12.0200004577637,12.2299995422363,12.0200004577637,12.1400003433228,39623800,10.5983858108521
2024-04-22,12.3100004196167,12.8999996185303,12.25,12.8800001144409,86462700,11.2444143295288
2024-04-23,13.0500001907349,13.0500001907349,12.8199996948242,12.9399995803833,62807100,11.2967958450317
2024-04-24,12.9399995803833,13.0500001907349,12.7799997329712,12.9499998092651,74510400,11.3055267333984
2024-04-25,12.8500003814697,13.1800003051758,12.6300001144409,13.039999961853,86944100,11.3840990066528
2024-04-26,12.7600002288818,13.0200004577637,12.6099996566772,12.789999961853,57257800,11.1658430099487
2024-04-29,12.8100004196167,12.8400001525879,12.5500001907349,12.75,50285600,11.1309242248535
2024-04-30,12.6000003814697,12.6000003814697,12.1300001144409,12.1499996185303,75890500,10.6071147918701
2024-05-01,12.1599998474121,12.4300003051758,12.1499996185303,12.1999998092651,48749400,10.6507663726807
2024-05-02,12.3999996185303,12.5500001907349,12.3599996566772,12.4899997711182,46868600,10.9039402008057
2024-05-03,12.6400003433228,12.7600002288818,12.3900003433228,12.4300003051758,47463300,10.8515596389771
2024-05-06,12.539999961853,12.6199998855591,12.460000038147,12.5,29780300,10.912670135498
2024-05-07,12.3999996185303,12.4499998092651,12.0900001525879,12.1700000762939,48102900,10.7536191940308
2024-05-08,12.0799999237061,12.25,12.0200004577637,12.1499996185303,38177200,10.7359466552734
2024-05-09,12.1400003433228,12.2200002670288,12.0600004196167,12.1300001144409,29103800,10.7182741165161
2024-05-10,12.1499996185303,12.1700000762939,11.9099998474121,11.9899997711182,51447800,10.5945672988892
2024-05-13,12.0500001907349,12.4499998092651,12.0500001907349,12.3299999237061,60962300,10.894998550415
2024-05-14,12.4399995803833,12.6400003433228,12.3599996566772,12.4399995803833,39980400,10.9921960830688
2024-05-15,12.4899997711182,12.5600004196167,12.1800003051758,12.3100004196167,50739900,10.877326965332
2024-05-16,12.2700004577637,12.4799995422363,12.2600002288818,12.3800001144409,41502200,10.9391784667969
2024-05-17,12.3699998855591,12.3800001144409,12.25,12.2799997329712,24011300,10.8508167266846
2024-05-20,12.2700004577637,12.3299999237061,12.1400003433228,12.1499996185303,27019100,10.7359466552734
2024-05-21,12.1599998474121,12.1999998092651,12.0299997329712,12.1499996185303,32851000,10.7359466552734
2024-05-22,12.0600004196167,12.0799999237061,11.9700002670288,12.0299997329712,35403000,10.6299133300781
2024-05-23,12.1000003814697,12.2200002670288,12.0100002288818,12.1099996566772,43590100,10.7006034851074
2024-05-24,12.1599998474121,12.2700004577637,12.039999961853,12.1599998474121,40840400,10.7447824478149
2024-05-28,12.1099996566772,12.1300001144409,11.6599998474121,11.6800003051758,57460100,10.3206472396851
2024-05-29,11.5699996948242,11.6499996185303,11.5,11.5600004196167,45759500,10.2146148681641
2024-05-30,11.5799999237061,11.7799997329712,11.4799995422363,11.7700004577637,42218900,10.4001731872559
2024-05-31,11.7700004577637,12.1499996185303,11.6599998474121,12.1300001144409,57205800,10.7182741165161
2024-06-03,12.25,12.3199996948242,12.0200004577637,12.1899995803833,53784100,10.7712917327881
2024-06-04,12.0799999237061,12.1300001144409,11.960000038147,12.0299997329712,41533100,10.6299133300781
2024-06-05,12.0500001907349,12.1199998855591,11.8199996948242,12.0699996948242,45509800,10.6652574539185
2024-06-06,11.9799995422363,12.1000003814697,11.960000038147,12.0699996948242,28289900,10.6652574539185
2024-06-07,12,12.1599998474121,11.9499998092651,12.1499996185303,31934000,10.7359466552734
2024-06-10,12.1300001144409,12.5200004577637,12.1000003814697,12.3800001144409,68322800,10.9391784667969
2024-06-11,12.3199996948242,12.3599996566772,12.0500001907349,12.1099996566772,48201800,10.7006034851074
2024-06-12,12.2799997329712,12.3699998855591,12.0299997329712,12.0799999237061,57116200,10.67409324646
2024-06-13,12.0799999237061,12.0900001525879,11.8500003814697,11.9399995803833,41422300,10.5503873825073
2024-06-14,11.8000001907349,11.8299999237061,11.5500001907349,11.710000038147,49382100,10.3471565246582
2024-06-17,11.6599998474121,11.8900003433228,11.6599998474121,11.8500003814697,31970100,10.4708623886108
2024-06-18,11.8100004196167,11.9399995803833,11.7700004577637,11.7799997329712,29023400,10.409008026123
2024-06-20,11.710000038147,11.9700002670288,11.6499996185303,11.9399995803833,53468000,10.5503873825073
2024-06-21,11.8999996185303,11.9099998474121,11.7600002288818,11.8400001525879,50178700,10.462025642395
2024-06-24,11.9300003051758,12.25,11.9200000762939,12.2299995422363,58436900,10.8066358566284
2024-06-25,12.1700000762939,12.210000038147,12.0299997329712,12.0900001525879,38818900,10.6829309463501
2024-06-26,12.0100002288818,12.1300001144409,11.9499998092651,12.1099996566772,41426600,10.7006034851074
2024-06-27,12.0799999237061,12.3800001144409,12.0500001907349,12.2299995422363,48080200,10.8066358566284
2024-06-28,12.2600002288818,12.6199998855591,12.2600002288818,12.539999961853,65914700,11.0805587768555
2024-07-01,12.5600004196167,12.8699998855591,12.5299997329712,12.7600002288818,56152700,11.2749538421631
2024-07-02,12.8299999237061,12.9499998092651,12.7200002670288,12.8699998855591,46990400,11.3721513748169
2024-07-03,12.8900003433228,12.960000038147,12.8000001907349,12.8699998855591,26894300,11.3721513748169
2024-07-05,12.8699998855591,12.960000038147,12.75,12.8400001525879,31589300,11.3456430435181
2024-07-08,12.9700002670288,13.1999998092651,12.9200000762939,12.9799995422363,44346200,11.4693479537964
2024-07-09,12.960000038147,13.0699996948242,12.8800001144409,12.8999996185303,40680900,11.3986597061157
2024-07-10,12.9499998092651,13.210000038147,12.9099998474121,13.1700000762939,36305500,11.6372356414795
2024-07-11,13.25,13.539999961853,13.25,13.4700002670288,51443400,11.9023237228394
2024-07-12,13.5299997329712,14.210000038147,13.5299997329712,14.0299997329712,85609700,12.3971462249756
2024-07-15,14.210000038147,14.4300003051758,14.1199998855591,14.2299995422363,65643300,12.5738697052002
2024-07-16,14.2700004577637,14.4700002670288,14.1899995803833,14.3900003433228,52040100,12.7152490615845
2024-07-17,14.289999961853,14.6300001144409,14.2799997329712,14.4799995422363,58087100,12.7947750091553
2024-07-18,14.5100002288818,14.8500003814697,14.4499998092651,14.5500001907349,58077000,12.8566284179688
2024-07-19,14.4899997711182,14.5,13.960000038147,13.9799995422363,75908600,12.3529663085938
2024-07-22,14.0200004577637,14.1800003051758,13.789999961853,14.1199998855591,59116800,12.4766721725464
2024-07-23,14.0600004196167,14.0699996948242,13.5699996948242,13.8299999237061,85897700,12.2204246520996
2024-07-24,13.7299995422363,13.8800001144409,13.5900001525879,13.6700000762939,81768700,12.0790452957153
2024-07-25,11.8000001907349,11.9799995422363,11.1499996185303,11.1599998474121,259484000,9.86116695404053
2024-07-26,11.210000038147,11.3599996566772,11.0500001907349,11.1899995803833,79599900,9.88767433166504
2024-07-29,11.1800003051758,11.1800003051758,10.8000001907349,11.0100002288818,91667500,9.72862339019775
2024-07-30,11.0299997329712,11.1099996566772,10.7799997329712,10.8400001525879,69337000,9.57840919494629
2024-07-31,10.8599996566772,11.0100002288818,10.7200002670288,10.8199996948242,75478000,9.56073474884033
2024-08-01,10.8599996566772,10.9200000762939,10.6099996566772,10.6899995803833,60516500,9.44586658477783
2024-08-02,10.5500001907349,10.5500001907349,10,10.0299997329712,110703000,8.86267852783203
2024-08-05,9.5600004196167,9.89999961853027,9.48999977111816,9.71000003814697,115594200,8.57992172241211
2024-08-06,9.78999996185303,9.85999965667725,9.68000030517578,9.77999973297119,111817600,8.64177417755127
2024-08-07,9.85000038146973,9.97999954223633,9.75,9.77000045776367,69482400,8.76740837097168
2024-08-08,9.80000019073486,10.25,9.80000019073486,10.1300001144409,73007600,9.09046363830566
2024-08-09,10.0799999237061,10.1700000762939,9.97000026702881,10.1000003814697,48860800,9.06354427337646
2024-08-12,10.1000003814697,10.1000003814697,9.84000015258789,9.85999965667725,56118700,8.84817123413086
2024-08-13,9.92000007629395,10.1499996185303,9.77000045776367,10.1400003433228,44766100,9.09943866729736
2024-08-14,10.1599998474121,10.2399997711182,10.0500001907349,10.1800003051758,37026400,9.13533496856689
2024-08-15,10.3699998855591,10.5,10.3699998855591,10.460000038147,41597900,9.38659954071045
2024-08-16,10.3999996185303,10.5200004577637,10.3699998855591,10.5100002288818,34142600,9.43146991729736
2024-08-19,10.5600004196167,10.75,10.539999961853,10.7200002670288,41066300,9.61991882324219
2024-08-20,10.6999998092651,10.789999961853,10.6099996566772,10.6800003051758,32468000,9.58402538299561
2024-08-21,10.8400001525879,10.9700002670288,10.75,10.8500003814697,48943900,9.7365779876709
2024-08-22,10.8500003814697,11.0100002288818,10.8400001525879,10.9200000762939,50885400,9.79939556121826
2024-08-23,10.9799995422363,11.2799997329712,10.9399995803833,11.2700004577637,64612700,10.1134805679321
2024-08-26,11.3199996948242,11.3699998855591,11.0699996948242,11.1099996566772,53070300,9.96989727020264
2024-08-27,11.1199998855591,11.2200002670288,10.9899997711182,11.1400003433228,44841000,9.99681949615479
2024-08-28,11.1000003814697,11.1899995803833,10.9799995422363,11.039999961853,35442200,9.90708065032959
2024-08-29,11.0200004577637,11.1999998092651,10.9899997711182,11.1099996566772,44989200,9.96989727020264
2024-08-30,11.1499996185303,11.2299995422363,11.0600004196167,11.1899995803833,44977100,10.0416870117188
2024-09-03,11.0799999237061,11.1400003433228,10.9399995803833,10.9799995422363,49613500,9.85323905944824
2024-09-04,10.9899997711182,11.1599998474121,10.8500003814697,10.9499998092651,47900700,9.82631587982178
2024-09-05,11.0799999237061,11.1400003433228,10.7200002670288,10.7700004577637,50551900,9.66478824615479
2024-09-06,10.7799997329712,10.8699998855591,10.5299997329712,10.5799999237061,47508900,9.49428653717041
2024-09-09,10.6099996566772,10.7600002288818,10.539999961853,10.6599998474121,39223300,9.56607627868652
2024-09-10,10.4899997711182,10.4899997711182,10.1700000762939,10.3199996948242,63019200,9.26096630096436
2024-09-11,10.3100004196167,10.460000038147,10.1300001144409,10.4499998092651,55840200,9.3776273727417
2024-09-12,10.3999996185303,10.6499996185303,10.3100004196167,10.6199998855591,43779600,9.53018188476562
2024-09-13,10.6800003051758,10.789999961853,10.6300001144409,10.6899995803833,35184800,9.59299850463867
2024-09-16,10.7399997711182,10.9200000762939,10.710000038147,10.8000001907349,34802400,9.69170951843262
2024-09-17,10.8900003433228,11.1400003433228,10.8199996948242,10.8999996185303,52068600,9.78144645690918
2024-09-18,10.9300003051758,11.2600002288818,10.9200000762939,10.9799995422363,55017300,9.85323905944824
2024-09-19,11.2200002670288,11.3100004196167,10.8699998855591,10.9200000762939,52436400,9.79939556121826
2024-09-20,10.8599996566772,10.8800001144409,10.6899995803833,10.8800001144409,68809100,9.76350116729736
2024-09-23,10.8400001525879,10.9200000762939,10.710000038147,10.9099998474121,40421300,9.79042148590088
2024-09-24,10.9700002670288,11,10.8100004196167,10.8699998855591,37746300,9.75452613830566
2024-09-25,10.5900001525879,10.5900001525879,10.3199996948242,10.4200000762939,74109600,9.35070514678955
2024-09-26,10.5600004196167,10.75,10.5600004196167,10.6800003051758,51408500,9.58402538299561
2024-09-27,10.8400001525879,10.9899997711182,10.7600002288818,10.7799997329712,45469600,9.67376232147217
2024-09-30,10.4799995422363,10.6099996566772,10.4300003051758,10.5600004196167,59662900,9.47633838653564
2024-10-01,10.7200002670288,10.8199996948242,10.5799999237061,10.75,63963000,9.64684104919434
2024-10-02,10.7299995422363,10.7299995422363,10.4300003051758,10.4799995422363,51457400,9.40454864501953
2024-10-03,10.4099998474121,10.4700002670288,10.3299999237061,10.4499998092651,44458300,9.3776273727417
2024-10-04,10.5900001525879,10.6099996566772,10.4399995803833,10.5699996948242,45883000,9.48531150817871
2024-10-07,10.5500001907349,10.6099996566772,10.4499998092651,10.4899997711182,38009100,9.4135217666626
2024-10-08,10.5,10.5799999237061,10.3800001144409,10.4899997711182,46355700,9.4135217666626
2024-10-09,10.4899997711182,10.6800003051758,10.4399995803833,10.6199998855591,40407000,9.53018188476562
2024-10-10,10.5799999237061,10.6999998092651,10.539999961853,10.6800003051758,39458300,9.58402538299561
2024-10-11,10.6400003433228,10.8000001907349,10.6300001144409,10.7200002670288,31915700,9.61991882324219
2024-10-14,10.710000038147,10.960000038147,10.6599998474121,10.9200000762939,41940200,9.79939556121826
2024-10-15,10.9099998474121,11.0200004577637,10.8199996948242,10.8400001525879,53097100,9.72760486602783
2024-10-16,10.8900003433228,11.1800003051758,10.8900003433228,11.0299997329712,46996400,9.89810752868652
2024-10-17,11.039999961853,11.1300001144409,10.9399995803833,11.0699996948242,37617200,9.93400096893311
2024-10-18,11.1599998474121,11.1700000762939,11.039999961853,11.1000003814697,26074900,9.96092510223389
2024-10-21,11.0799999237061,11.1599998474121,10.8599996566772,10.8800001144409,41008600,9.76350116729736
2024-10-22,10.9200000762939,11.1499996185303,10.9200000762939,11.1099996566772,51597600,9.96989727020264
2024-10-23,11.1099996566772,11.2399997711182,11.0200004577637,11.0600004196167,37335400,9.92502880096436
2024-10-24,11.2399997711182,11.25,11.0699996948242,11.2399997711182,44736400,10.0865564346313
2024-10-25,11.2799997329712,11.3299999237061,11.0200004577637,11.0699996948242,39120700,9.93400096893311
2024-10-28,11.1700000762939,11.3900003433228,11.1199998855591,11.3699998855591,97967000,10.2032165527344
2024-10-29,10.5299997329712,10.5500001907349,10.1800003051758,10.4099998474121,156228000,9.34173202514648
2024-10-30,10.3999996185303,10.5299997329712,10.3299999237061,10.4700002670288,48853700,9.39557361602783
2024-10-31,10.4300003051758,10.4799995422363,10.2399997711182,10.289999961853,72098700,9.23404407501221
2024-11-01,10.3299999237061,10.4099998474121,10.1999998092651,10.2200002670288,43472300,9.17122936248779
2024-11-04,10.2299995422363,10.5699996948242,10.2299995422363,10.3599996566772,55323800,9.29686164855957
2024-11-05,10.3299999237061,10.6400003433228,10.3000001907349,10.6000003814697,49309000,9.51223278045654
2024-11-06,10.9499998092651,11.2299995422363,10.8400001525879,11.1899995803833,100781800,10.0416870117188
2024-11-07,11.0100002288818,11.1099996566772,10.8299999237061,10.960000038147,55407900,9.96892261505127
2024-11-08,10.9300003051758,10.9700002670288,10.8599996566772,10.9700002670288,45463400,9.97801780700684
2024-11-11,11.0699996948242,11.3199996948242,11.0200004577637,11.2299995422363,56630500,10.2145080566406
2024-11-12,11.1400003433228,11.3000001907349,10.9499998092651,11.1000003814697,44921400,10.096263885498
2024-11-13,11.1199998855591,11.1700000762939,11.0200004577637,11.1000003814697,55150900,10.096263885498
2024-11-14,11.1300001144409,11.2299995422363,11.0200004577637,11.0699996948242,56780900,10.0689744949341
2024-11-15,11.0500001907349,11.1499996185303,10.9799995422363,11.0100002288818,58895400,10.0144004821777
2024-11-18,11.0500001907349,11.2700004577637,11.0299997329712,11.210000038147,47727300,10.1963167190552
2024-11-19,11.0600004196167,11.3199996948242,11.0100002288818,11.0500001907349,53227700,10.0507841110229
2024-11-20,11.0100002288818,11.0500001907349,10.6099996566772,10.7299995422363,68633300,9.7597188949585
2024-11-21,10.7799997329712,10.8500003814697,10.6099996566772,10.8000001907349,53409500,9.82339096069336
2024-11-22,10.8100004196167,11.3800001144409,10.8000001907349,11.1800003051758,82556700,10.1690292358398
2024-11-25,11.3000001907349,11.5200004577637,11.2799997329712,11.3999996185303,63469300,10.3691349029541
2024-11-26,11.1599998474121,11.2299995422363,11.039999961853,11.1000003814697,47458800,10.096263885498
2024-11-27,11.1300001144409,11.2600002288818,11.0600004196167,11.1000003814697,28474200,10.096263885498
2024-11-29,11.1599998474121,11.2700004577637,11.1199998855591,11.1300001144409,28935200,10.1235504150391
2024-12-02,11.2200002670288,11.25,10.960000038147,10.9799995422363,50034400,9.98711490631104
2024-12-03,10.9899997711182,11.0100002288818,10.8199996948242,10.8199996948242,43904300,9.84158134460449
2024-12-04,10.8500003814697,10.8699998855591,10.5900001525879,10.7399997711182,66780700,9.76881694793701
2024-12-05,10.6400003433228,10.6899995803833,10.3900003433228,10.4399995803833,68162000,9.49594402313232
2024-12-06,10.5100002288818,10.6000003814697,10.4200000762939,10.5100002288818,56227000,9.55961513519287
2024-12-09,10.5600004196167,10.8000001907349,10.5299997329712,10.6000003814697,53230100,9.64147567749023
2024-12-10,10.7200002670288,10.7399997711182,10.5500001907349,10.5600004196167,45084300,9.60509300231934
2024-12-11,10.6099996566772,10.6099996566772,10.2799997329712,10.4099998474121,60487100,9.46865749359131
2024-12-12,10.3800001144409,10.5100002288818,10.3500003814697,10.3900003433228,38432600,9.45046520233154
2024-12-13,10.3999996185303,10.4399995803833,10.3199996948242,10.3900003433228,40560700,9.45046520233154
2024-12-16,10.0699996948242,10.1199998855591,9.88000011444092,9.98999977111816,96264400,9.08663558959961
2024-12-17,9.96000003814697,10.039999961853,9.88000011444092,9.97000026702881,76208600,9.06844520568848
2024-12-18,9.9399995803833,10.0900001525879,9.65999984741211,9.6899995803833,84199500,8.81376361846924
2024-12-19,9.78999996185303,9.94999980926514,9.69999980926514,9.73999977111816,81659000,8.85924339294434
2024-12-20,9.69999980926514,9.96000003814697,9.68000030517578,9.88000011444092,87705500,8.98658466339111
2024-12-23,9.86999988555908,9.92000007629395,9.75,9.89999961853027,50646600,9.00477504730225
2024-12-24,9.89999961853027,10.0600004196167,9.89000034332275,10.0200004577637,29083100,9.11392307281494
2024-12-26,10,10.1199998855591,9.97999954223633,10.0699996948242,35922700,9.15940189361572
2024-12-27,10.0299997329712,10.1999998092651,9.97999954223633,10.0299997329712,52899900,9.12301826477051
2024-12-30,9.94999980926514,9.97999954223633,9.81999969482422,9.88000011444092,47116700,8.98658466339111
2024-12-31,9.90999984741211,10.0100002288818,9.84000015258789,9.89999961853027,54104200,9.00477504730225
2025-01-02,9.90999984741211,9.96000003814697,9.64000034332275,9.64999961853027,67156200,8.77738189697266
2025-01-03,9.6899995803833,9.94999980926514,9.52999973297119,9.88000011444092,77245900,8.98658466339111
2025-01-06,10.0600004196167,10.1899995803833,9.89999961853027,9.92000007629395,63840800,9.02296543121338
2025-01-07,9.94999980926514,10.0100002288818,9.72000026702881,9.76000022888184,62404000,8.8774356842041
2025-01-08,9.73999977111816,9.75,9.57999992370605,9.73999977111816,61678800,8.85924339294434
2025-01-10,9.67000007629395,9.84000015258789,9.59000015258789,9.64999961853027,73373400,8.77738189697266
2025-01-13,9.65999984741211,9.72000026702881,9.56999969482422,9.71000003814697,66023000,8.831955909729
2025-01-14,9.77999973297119,9.81999969482422,9.68000030517578,9.77999973297119,45419900,8.89562511444092
2025-01-15,9.97000026702881,10.0600004196167,9.89000034332275,9.94999980926514,68674400,9.05025291442871
2025-01-16,9.90999984741211,10.0600004196167,9.89000034332275,10.0100002288818,45770000,9.10482883453369
2025-01-17,10.0799999237061,10.210000038147,10.039999961853,10.1800003051758,60802700,9.25945663452148
2025-01-21,10.3000001907349,10.4499998092651,10.2399997711182,10.4300003051758,65670800,9.48684787750244
2025-01-22,10.25,10.25,10.0200004577637,10.0299997329712,64949200,9.12301826477051
2025-01-23,10.0500001907349,10.1700000762939,9.97000026702881,10.1599998474121,56241100,9.24126434326172
2025-01-24,10.1599998474121,10.3100004196167,10.0900001525879,10.1199998855591,42909100,9.2048807144165
2025-01-27,10.1099996566772,10.4200000762939,10.1000003814697,10.3800001144409,73082600,9.44137096405029
2025-01-28,10.2299995422363,10.2299995422363,9.92000007629395,10.0799999237061,92177600,9.16849899291992
2025-01-29,10.1000003814697,10.289999961853,10.0299997329712,10.210000038147,69986900,9.28674221038818
2025-01-30,10.2600002288818,10.3900003433228,10.0600004196167,10.1599998474121,69663100,9.24126434326172
2025-01-31,10.1700000762939,10.3500003814697,9.98999977111816,10.0799999237061,103652400,9.16849899291992
2025-02-03,9.72000026702881,10.0600004196167,9.60000038146973,9.89000034332275,131430300,8.99567794799805
2025-02-04,9.9399995803833,10.1599998474121,9.89999961853027,10.1599998474121,68716500,9.24126434326172
2025-02-05,10.1599998474121,10.3199996948242,9.96000003814697,10.0100002288818,124187800,9.10482883453369
2025-02-06,9.48999977111816,9.64000034332275,9.26000022888184,9.26000022888184,222758300,8.42264842987061
2025-02-07,9.32999992370605,9.35000038146973,9.18000030517578,9.23999977111816,140852700,8.40445613861084
2025-02-10,9.25,9.30000019073486,9.11999988555908,9.23999977111816,72168000,8.40445613861084
2025-02-11,9.21000003814697,9.26000022888184,9.17000007629395,9.21000003814697,54844600,8.37716865539551
2025-02-12,9.17000007629395,9.28999996185303,9.10000038146973,9.22999954223633,67339600,8.39536094665527
2025-02-13,9.28999996185303,9.40999984741211,9.23999977111816,9.35000038146973,72059800,8.50450992584229
2025-02-14,9.43000030517578,9.51000022888184,9.39000034332275,9.47999954223633,53778300,8.62275409698486
2025-02-18,9.31999969482422,9.35000038146973,9.22999954223633,9.28999996185303,62175800,8.72607707977295
2025-02-19,9.27000045776367,9.39000034332275,9.21000003814697,9.34000015258789,50191700,8.77304172515869
2025-02-20,9.32999992370605,9.39999961853027,9.27999973297119,9.39000034332275,39787800,8.82000732421875
2025-02-21,9.38000011444092,9.40999984741211,9.22999954223633,9.27999973297119,58437700,8.71668338775635
2025-02-24,9.3100004196167,9.39999961853027,9.21000003814697,9.35000038146973,72562600,8.78243541717529
2025-02-25,9.36999988555908,9.48999977111816,9.3100004196167,9.42000007629395,88876800,8.84818553924561
2025-02-26,9.46000003814697,9.61999988555908,9.4399995803833,9.47000026702881,87948100,8.89515113830566
2025-02-27,9.4399995803833,9.52999973297119,9.28999996185303,9.28999996185303,70518800,8.72607707977295
2025-02-28,9.31999969482422,9.6899995803833,9.3100004196167,9.55000019073486,137992600,8.97029495239258
2025-03-03,9.71000003814697,9.81999969482422,9.31999969482422,9.39000034332275,154435900,8.82000732421875
2025-03-04,9.22999954223633,9.27000045776367,9.0600004196167,9.11999988555908,167500000,8.56639671325684
2025-03-05,9.26000022888184,9.67000007629395,9.19999980926514,9.64999961853027,157774900,9.06422328948975
2025-03-06,9.52000045776367,9.72000026702881,9.42000007629395,9.60999965667725,136680700,9.02665233612061
2025-03-07,9.53999996185303,9.96000003814697,9.51000022888184,9.89999961853027,150644900,9.29904747009277
2025-03-10,9.77000045776367,10.1400003433228,9.77000045776367,9.96000003814697,167183800,9.35540771484375
2025-03-11,9.92000007629395,9.96000003814697,9.48999977111816,9.6899995803833,210127000,9.1017951965332
2025-03-12,9.69999980926514,9.71000003814697,9.46000003814697,9.59000015258789,129994600,9.00786685943604
2025-03-13,9.56999969482422,9.94999980926514,9.5,9.52999973297119,137747600,8.95150852203369
2025-03-14,9.65999984741211,9.78999996185303,9.64000034332275,9.72999954223633,91313800,9.13936710357666
2025-03-17,9.73999977111816,9.97999954223633,9.73999977111816,9.92000007629395,98583100,9.31783485412598
2025-03-18,9.94999980926514,10.039999961853,9.88000011444092,9.94999980926514,102730900,9.34601306915283
2025-03-19,9.96000003814697,10.2799997329712,9.94999980926514,10.1700000762939,124697400,9.55265998840332
2025-03-20,10.0699996948242,10.1499996185303,9.98999977111816,10.0100002288818,109103700,9.40237236022949
2025-03-21,9.90999984741211,10.1199998855591,9.82999992370605,10,240638600,9.39297771453857
2025-03-24,10.039999961853,10.25,10.0100002288818,10.25,102847200,9.62780475616455
2025-03-25,10.3000001907349,10.3500003814697,10.1700000762939,10.289999961853,83674900,9.66537475585938
2025-03-26,10.2700004577637,10.3500003814697,10.0900001525879,10.3000001907349,139742100,9.67476844787598
2025-03-27,10.2600002288818,10.3999996185303,9.81999969482422,9.89999961853027,229032500,9.29904747009277
2025-03-28,9.84000015258789,9.89000034332275,9.61999988555908,9.72000026702881,136868300,9.12997531890869
2025-03-31,9.56999969482422,10.1099996566772,9.55000019073486,10.0299997329712,139951900,9.42115783691406
2025-04-01,10.1000003814697,10.1700000762939,9.8100004196167,9.9399995803833,135388700,9.33661937713623
2025-04-02,9.84000015258789,10.2700004577637,9.81999969482422,10.1499996185303,136908500,9.53387260437012
2025-04-03,9.98999977111816,10.1999998092651,9.52999973297119,9.53999996185303,220271000,8.96090126037598
2025-04-04,9.31999969482422,9.72999954223633,9.19999980926514,9.57999992370605,177466200,8.99847316741943
2025-04-07,9.27000045776367,9.64000034332275,9,9.23999977111816,274938500,8.67911148071289
2025-04-08,9.52000045776367,9.52000045776367,8.55000019073486,8.6899995803833,199286800,8.16249752044678
2025-04-09,8.5,9.53999996185303,8.4399995803833,9.5,199663000,8.92332935333252
2025-04-10,9.10000038146973,9.27999973297119,8.88000011444092,9.14000034332275,163535400,8.58518314361572
2025-04-11,9.10999965667725,9.35000038146973,9.03999996185303,9.32999992370605,146073700,8.76364898681641
2025-04-14,9.38000011444092,9.8100004196167,9.19999980926514,9.71000003814697,189955000,9.12058258056641
2025-04-15,9.61999988555908,9.63000011444092,9.38000011444092,9.44999980926514,125469000,8.87636375427246
2025-04-16,9.47000026702881,9.61999988555908,9.28999996185303,9.39999961853027,133804900,8.82940006256104
2025-04-17,9.40999984741211,9.6899995803833,9.39999961853027,9.63000011444092,129204600,9.04543781280518
2025-04-21,9.57999992370605,9.63000011444092,9.35000038146973,9.47000026702881,94138900,8.89515113830566
2025-04-22,9.55000019073486,9.72000026702881,9.52999973297119,9.64999961853027,121387100,9.06422328948975
2025-04-23,9.84000015258789,10.0100002288818,9.71000003814697,9.77999973297119,158691500,9.18633270263672
2025-04-24,9.86999988555908,10.0900001525879,9.81999969482422,10.0600004196167,87031000,9.44933700561523
2025-04-25,10.0500001907349,10.1000003814697,9.97000026702881,10.039999961853,88682400,9.43055057525635
2025-04-28,10.0600004196167,10.1800003051758,9.97000026702881,10.0200004577637,77051500,9.41176509857178
2025-04-29,10.0699996948242,10.1899995803833,9.93000030517578,10.1499996185303,141980300,9.53387260437012
2025-04-30,10.1099996566772,10.1300001144409,9.85999965667725,10.0100002288818,136406200,9.40237236022949
2025-05-01,10.1400003433228,10.3199996948242,10.0200004577637,10.1800003051758,126532500,9.56205272674561
2025-05-02,10.3000001907349,10.3900003433228,10.2200002670288,10.2799997329712,82228700,9.65598201751709
2025-05-05,10.2299995422363,10.2399997711182,10.1000003814697,10.1700000762939,105766300,9.55265998840332
2025-05-06,10.0900001525879,10.6199998855591,10.0600004196167,10.4399995803833,131814000,9.80626964569092
2025-05-07,10.460000038147,10.5100002288818,10.1199998855591,10.2799997329712,116885100,9.65598201751709
2025-05-08,10.3400001525879,10.460000038147,10.2600002288818,10.2799997329712,107173400,9.65598201751709
2025-05-09,10.3599996566772,10.4899997711182,10.3500003814697,10.4300003051758,76350700,9.79687690734863
2025-05-12,10.5600004196167,10.7299995422363,10.4799995422363,10.5500001907349,102035800,10.0541877746582
2025-05-13,10.6000003814697,10.6300001144409,10.4200000762939,10.6000003814697,83671000,10.1018390655518
2025-05-14,10.5699996948242,10.6999998092651,10.4799995422363,10.6499996185303,84453100,10.1494884490967
2025-05-15,10.5900001525879,10.7799997329712,10.5500001907349,10.75,71096500,10.2447881698608
2025-05-16,10.7700004577637,10.8100004196167,10.6400003433228,10.8000001907349,64913000,10.2924394607544
2025-05-19,10.6899995803833,10.789999961853,10.6300001144409,10.75,60195700,10.2447881698608
2025-05-20,10.789999961853,10.8400001525879,10.6599998474121,10.7200002670288,61063800,10.2161979675293
2025-05-21,10.6599998474121,10.6899995803833,10.4499998092651,10.4799995422363,89090500,9.98747730255127
2025-05-22,10.4799995422363,10.5,10.3400001525879,10.4399995803833,94081100,9.94935703277588
2025-05-23,10.3000001907349,10.4099998474121,10.289999961853,10.3599996566772,80519000,9.8731164932251
2025-05-27,10.4499998092651,10.4899997711182,10.210000038147,10.3100004196167,89066800,9.82546710968018
2025-05-28,10.3199996948242,10.3400001525879,10.1499996185303,10.1700000762939,102335600,9.69204616546631
2025-05-29,10.210000038147,10.2799997329712,10.1099996566772,10.2200002670288,101642200,9.73969745635986
2025-05-30,10.1800003051758,10.460000038147,10.1199998855591,10.3800001144409,152191600,9.89217662811279
2025-06-02,10.2700004577637,10.2799997329712,9.88000011444092,9.97999954223633,170340800,9.5109748840332
2025-06-03,9.97000026702881,10.2299995422363,9.89000034332275,10.1899995803833,121584300,9.71110534667969
2025-06-04,10.1899995803833,10.3699998855591,10.1800003051758,10.2399997711182,123191200,9.75875568389893
2025-06-05,10.1999998092651,10.25,10.0299997329712,10.1000003814697,133191400,9.62533664703369
2025-06-06,10.1599998474121,10.3500003814697,10.1499996185303,10.2600002288818,105916700,9.77781772613525
2025-06-09,10.289999961853,10.4499998092651,10.289999961853,10.3400001525879,63638900,9.8540563583374
2025-06-10,10.3800001144409,10.6499996185303,10.3599996566772,10.6000003814697,87955500,10.1018390655518
2025-06-11,10.6400003433228,10.7700004577637,10.6099996566772,10.6599998474121,93094900,10.1590185165405
2025-06-12,10.5799999237061,10.5900001525879,10.4300003051758,10.5299997329712,76393300,10.0351266860962
2025-06-13,10.4700002670288,10.5100002288818,10.3800001144409,10.4300003051758,90106200,9.93982791900635
2025-06-16,10.5,10.6700000762939,10.5,10.6199998855591,75195200,10.1208982467651
2025-06-17,10.5900001525879,10.6300001144409,10.3800001144409,10.4200000762939,100969400,9.93029689788818
2025-06-18,10.4300003051758,10.5299997329712,10.3999996185303,10.4300003051758,82770200,9.93982791900635
2025-06-20,10.4899997711182,10.6000003814697,10.460000038147,10.5900001525879,116743400,10.0923070907593
2025-06-23,10.5500001907349,10.75,10.539999961853,10.75,77576500,10.2447881698608
2025-06-24,10.789999961853,10.8699998855591,10.7200002670288,10.7299995422363,77244400,10.2257270812988
2025-06-25,10.7600002288818,10.7700004577637,10.4200000762939,10.4799995422363,91927300,9.98747730255127
2025-06-26,10.5,10.6499996185303,10.4700002670288,10.6300001144409,88416400,10.130428314209
2025-06-27,10.6999998092651,10.9200000762939,10.6800003051758,10.8000001907349,182008200,10.2924394607544
2025-06-30,10.7200002670288,10.8599996566772,10.6899995803833,10.8500003814697,88472200,10.3400897979736
2025-07-01,10.8100004196167,11.3800001144409,10.789999961853,11.3500003814697,140150700,10.8165912628174
2025-07-02,11.3800001144409,11.7799997329712,11.3699998855591,11.7700004577637,122331600,11.2168521881104
2025-07-03,11.75,11.960000038147,11.75,11.8100004196167,60311500,11.2549724578857
2025-07-07,11.6000003814697,11.789999961853,11.4799995422363,11.5900001525879,73842100,11.0453119277954
2025-07-08,11.6499996185303,11.8500003814697,11.6400003433228,11.6800003051758,74190200,11.13108253479
2025-07-09,11.7799997329712,11.8999996185303,11.7600002288818,11.8299999237061,63886900,11.2740316390991
2025-07-10,11.8599996566772,11.9700002670288,11.7799997329712,11.9099998474121,67263000,11.3502721786499
2025-07-11,11.8500003814697,11.8599996566772,11.710000038147,11.7799997329712,65340700,11.2263813018799
2025-07-14,11.7600002288818,11.8999996185303,11.6700000762939,11.8800001144409,62098100,11.3216819763184
2025-07-15,11.8999996185303,11.9300003051758,11.5200004577637,11.5699996948242,65101900,11.0262508392334
2025-07-16,11.3500003814697,11.4499998092651,11.1499996185303,11.2399997711182,107978100,10.7117595672607
2025-07-17,11.1899995803833,11.3500003814697,11.1099996566772,11.1499996185303,70345300,10.6259899139404
2025-07-18,11.1700000762939,11.2399997711182,11.0500001907349,11.1599998474121,68812600,10.6355199813843
2025-07-21,11.2600002288818,11.4499998092651,11.210000038147,11.3100004196167,65515600,10.7784700393677
2025-07-22,11.2399997711182,11.289999961853,11.0799999237061,11.1899995803833,79403800,10.6641092300415
2025-07-23,11.2799997329712,11.460000038147,11.2799997329712,11.3800001144409,76163200,10.8451814651489
2025-07-24,11.3100004196167,11.4300003051758,11.2299995422363,11.2600002288818,63557800,10.7308197021484
2025-07-25,11.3400001525879,11.4899997711182,11.2399997711182,11.4700002670288,52312300,10.9309501647949
2025-07-28,11.4799995422363,11.4899997711182,11.25,11.2799997329712,54173600,10.7498798370361
2025-07-29,11.289999961853,11.289999961853,11.0600004196167,11.0799999237061,58371500,10.5592784881592
2025-07-30,11.1300001144409,11.1300001144409,10.8199996948242,10.8699998855591,79866900,10.3591480255127
2025-07-31,10.7700004577637,11.1499996185303,10.6800003051758,11.0699996948242,101090900,10.5497493743896
2025-08-01,10.9200000762939,10.9200000762939,10.6800003051758,10.8199996948242,73541500,10.3114986419678
2025-08-04,10.8900003433228,11.0200004577637,10.8599996566772,10.9499998092651,56696800,10.4353895187378
2025-08-05,10.9799995422363,11.1000003814697,10.8999996185303,11.0600004196167,58864300,10.5402202606201
2025-08-06,11.1099996566772,11.2600002288818,11.0799999237061,11.210000038147,59519800,10.6831703186035
2025-08-07,11.3000001907349,11.3900003433228,11.1000003814697,11.2799997329712,71775000,10.7498798370361
2025-08-08,11.3100004196167,11.3699998855591,11.210000038147,11.3199996948242,48465300,10.7880001068115
2025-08-11,11.3000001907349,11.5699996948242,11.0600004196167,11.1400003433228,84333000,10.7590274810791
2025-08-12,11.1999998092651,11.3199996948242,11.1300001144409,11.25,63944100,10.8652639389038
2025-08-13,11.2700004577637,11.4899997711182,11.1899995803833,11.4399995803833,63823300,11.0487661361694
2025-08-14,11.3000001907349,11.4499998092651,11.2200002670288,11.4399995803833,52469200,11.0487661361694
2025-08-15,11.4300003051758,11.5200004577637,11.4099998474121,11.4399995803833,46141400,11.0487661361694
2025-08-18,11.3999996185303,11.4799995422363,11.3699998855591,11.460000038147,37113800,11.0680828094482
2025-08-19,11.5200004577637,11.7299995422363,11.4899997711182,11.5799999237061,58020200,11.1839780807495
2025-08-20,11.5200004577637,11.6000003814697,11.4700002670288,11.4899997711182,46469900,11.097056388855
2025-08-21,11.4200000762939,11.4300003051758,11.1999998092651,11.3299999237061,51779300,10.9425287246704
2025-08-22,11.3900003433228,11.7700004577637,11.3900003433228,11.7399997711182,58538700,11.3385066986084
2025-08-25,11.7200002670288,11.8500003814697,11.6800003051758,11.8199996948242,45038800,11.415771484375
2025-08-26,11.8100004196167,11.8699998855591,11.7700004577637,11.8400001525879,48613300,11.4350872039795
2025-08-27,11.8199996948242,11.9799995422363,11.8100004196167,11.9099998474121,40381500,11.5026941299438
2025-08-28,11.9899997711182,11.9899997711182,11.6300001144409,11.710000038147,47723700,11.3095331192017
2025-08-29,11.7399997711182,11.8299999237061,11.7200002670288,11.7700004577637,44069700,11.3674812316895
2025-09-02,11.7600002288818,11.8900003433228,11.6400003433228,11.7200002670288,57704200,11.3191909790039
2025-09-03,11.6700000762939,11.7299995422363,11.5699996948242,11.6199998855591,47728700,11.2226104736328
2025-09-04,11.6499996185303,11.6999998092651,11.5699996948242,11.6800003051758,33136700,11.2805595397949
2025-09-05,11.710000038147,11.9099998474121,11.6599998474121,11.7399997711182,47547800,11.3385066986084
2025-09-08,11.75,11.75,11.5799999237061,11.6899995803833,39734500,11.2902164459229
2025-09-09,11.6700000762939,11.6800003051758,11.4499998092651,11.4899997711182,41262700,11.097056388855
2025-09-10,11.4899997711182,11.5200004577637,11.3100004196167,11.4200000762939,47021300,11.0294513702393
2025-09-11,11.460000038147,11.789999961853,11.4300003051758,11.7600002288818,64196100,11.3578233718872
2025-09-12,11.75,11.8100004196167,11.6599998474121,11.6800003051758,50100800,11.2805595397949
2025-09-15,11.7399997711182,11.7600002288818,11.6099996566772,11.6800003051758,47942400,11.2805595397949
2025-09-16,11.6899995803833,11.7799997329712,11.5100002288818,11.6099996566772,58065000,11.2129526138306
2025-09-17,11.6300001144409,11.8800001144409,11.5500001907349,11.6599998474121,68585900,11.2612428665161
2025-09-18,11.6899995803833,11.7799997329712,11.6199998855591,11.7399997711182,55040100,11.3385066986084
2025-09-19,11.7700004577637,11.8000001907349,11.5900001525879,11.6199998855591,71676300,11.2226104736328
2025-09-22,11.6000003814697,11.6999998092651,11.5699996948242,11.6599998474121,58432700,11.2612428665161
2025-09-23,11.6999998092651,11.9300003051758,11.6999998092651,11.7299995422363,55667600,11.3288497924805
2025-09-24,11.7299995422363,11.8299999237061,11.5900001525879,11.6300001144409,60193800,11.2322692871094
2025-09-25,11.539999961853,11.6499996185303,11.3699998855591,11.6199998855591,67656300,11.2226104736328
2025-09-26,11.6499996185303,12.3199996948242,11.6499996185303,12.0100002288818,117681800,11.5992746353149
2025-09-29,12.1000003814697,12.1199998855591,11.8900003433228,12.0900001525879,83325000,11.6765375137329
2025-09-30,12.1099996566772,12.1999998092651,11.9099998474121,11.960000038147,70765000,11.5509834289551
2025-10-01,12.1199998855591,12.2799997329712,12.039999961853,12.2700004577637,73578400,11.8503818511963
2025-10-02,12.2799997329712,12.4300003051758,12.1199998855591,12.2200002670288,74530500,11.8020915985107
2025-10-03,12.25,12.6700000762939,12.1999998092651,12.6700000762939,100778600,12.2367029190063
2025-10-06,12.6300001144409,12.8000001907349,12.4799995422363,12.6999998092651,90544900,12.2656764984131
2025-10-07,12.5,12.5299997329712,11.7399997711182,11.9200000762939,154390200,11.5123510360718
2025-10-08,11.9799995422363,12.0100002288818,11.6800003051758,11.7399997711182,78469700,11.3385066986084
2025-10-09,11.75,11.7700004577637,11.4799995422363,11.5,70320500,11.1067152023315
2025-10-10,11.5500001907349,11.5900001525879,11.3500003814697,11.4099998474121,84595400,11.0197925567627
2025-10-13,11.4899997711182,11.6300001144409,11.460000038147,11.539999961853,73939400,11.1453475952148
2025-10-14,11.3800001144409,11.7600002288818,11.3400001525879,11.6499996185303,89117900,11.2515850067139
2025-10-15,11.6800003051758,11.7799997329712,11.6400003433228,11.7600002288818,88960700,11.3578233718872
2025-10-16,11.7399997711182,11.789999961853,11.6400003433228,11.7399997711182,108701200,11.3385066986084
2025-10-17,11.7399997711182,12.0100002288818,11.7200002670288,11.9200000762939,107633500,11.5123510360718
2025-10-20,11.9300003051758,12.0799999237061,11.9099998474121,11.9899997711182,77878900,11.5799570083618
2025-10-21,12.2600002288818,12.6300001144409,12.0699996948242,12.5600004196167,297153200,12.130464553833
2025-10-22,12.5299997329712,12.6000003814697,12.2799997329712,12.4300003051758,415062200,12.0049104690552
2025-10-23,12.4700002670288,12.4899997711182,12.1899995803833,12.3400001525879,479840300,11.9179878234863
2025-10-24,12.7299995422363,13.9700002670288,12.710000038147,13.8400001525879,298366900,13.3666896820068
2025-10-27,13.8000001907349,13.8000001907349,13.210000038147,13.2600002288818,140859000,12.806526184082
2025-10-28,13.2399997711182,13.2799997329712,13.039999961853,13.1300001144409,96738500,12.6809711456299
2025-10-29,13.1000003814697,13.3900003433228,13.0699996948242,13.2399997711182,127512200,12.7872095108032
2025-10-30,13.1400003433228,13.289999961853,13.0600004196167,13.0600004196167,80766300,12.6133651733398
2025-10-31,13.039999961853,13.1700000762939,12.9899997711182,13.1300001144409,68862000,12.6809711456299
2025-11-03,13.1000003814697,13.1000003814697,12.8999996185303,13.0100002288818,80419400,12.5650758743286
2025-11-04,12.9099998474121,12.9300003051758,12.75,12.789999961853,70360600,12.3525991439819
2025-11-05,12.9200000762939,13.3100004196167,12.8800001144409,13.1099996566772,79134300,12.6616554260254
2025-11-06,13.1400003433228,13.2600002288818,12.9799995422363,13.1199998855591,82291000,12.6713123321533
2025-11-07,12.960000038147,13.2399997711182,12.9499998092651,13.210000038147,80011300,12.9057855606079
2025-11-10,13.2299995422363,13.2399997711182,13,13.1599998474121,62051200,12.8569374084473
2025-11-11,13.1899995803833,13.4399995803833,13.1899995803833,13.3000001907349,79742400,12.9937143325806
2025-11-12,13.3000001907349,13.5,13.3000001907349,13.4499998092651,61840500,13.1402597427368
2025-11-13,13.3999996185303,13.5,13.25,13.2799997329712,71481600,12.9741744995117
2025-11-14,13.1800003051758,13.3100004196167,13.1000003814697,13.1899995803833,67932400,12.8862457275391
2025-11-17,13.1800003051758,13.1800003051758,12.7799997329712,12.8800001144409,73404400,12.5833864212036
2025-11-18,12.8699998855591,13.0900001525879,12.7600002288818,13.0200004577637,70215400,12.7201614379883
2025-11-19,13.0299997329712,13.1499996185303,12.8599996566772,12.8999996185303,49619300,12.6029253005981
2025-11-20,12.9099998474121,13.0100002288818,12.3800001144409,12.4099998474121,95861900,12.1242094039917
2025-11-21,12.5100002288818,12.9399995803833,12.4899997711182,12.8299999237061,74048900,12.5345363616943
2025-11-24,12.8400001525879,12.9799995422363,12.8299999237061,12.960000038147,52936200,12.6615438461304
2025-11-25,12.9899997711182,13.2600002288818,12.9799995422363,13.1700000762939,52885000,12.8667068481445
2025-11-26,13.1700000762939,13.2600002288818,13.1199998855591,13.1899995803833,44942200,12.8862457275391
2025-11-28,13.210000038147,13.3400001525879,13.1800003051758,13.2799997329712,29536200,12.9741744995117
2025-12-01,13.1999998092651,13.3900003433228,13.1300001144409,13.1599998474121,51594000,12.8569374084473
2025-12-02,13.1899995803833,13.1899995803833,12.8699998855591,12.960000038147,57641700,12.6615438461304
2025-12-03,12.9899997711182,13.1400003433228,12.960000038147,13.0900001525879,45364700,12.7885503768921
2025-12-04,13.1899995803833,13.2399997711182,13.0600004196167,13.1400003433228,47554800,12.8373985290527
2025-12-05,13.1499996185303,13.2799997329712,13,13.0299997329712,54099400,12.7299308776855
2025-12-08,13.0699996948242,13.1599998474121,12.9499998092651,13.1400003433228,45580800,12.8373985290527
2025-12-09,13.1300001144409,13.2200002670288,13.0600004196167,13.0799999237061,33350000,12.7787799835205
2025-12-10,13.0799999237061,13.4200000762939,13.0699996948242,13.4099998474121,72210700,13.1011800765991
2025-12-11,13.3900003433228,13.6800003051758,13.3000001907349,13.6300001144409,59012300,13.3161144256592
2025-12-12,13.6700000762939,13.8400001525879,13.6700000762939,13.7600002288818,48337300,13.4431200027466
2025-12-15,13.8000001907349,13.8100004196167,13.4899997711182,13.6499996185303,53577300,13.3356533050537
2025-12-16,13.7200002670288,13.9899997711182,13.5699996948242,13.6700000762939,69408900,13.3551931381226
2025-12-17,13.6300001144409,13.6599998474121,13.289999961853,13.3100004196167,58320600,13.0034837722778
2025-12-18,13.3800001144409,13.4700002670288,13.25,13.3199996948242,52604800,13.0132532119751
2025-12-19,13.3100004196167,13.4799995422363,13.2799997329712,13.4700002670288,61640600,13.1597995758057
2025-12-22,13.5100002288818,13.6099996566772,13.4200000762939,13.460000038147,31106100,13.1500291824341
2025-12-23,13.4300003051758,13.4499998092651,13.2799997329712,13.289999961853,25440800,12.983943939209
2025-12-24,13.3000001907349,13.3800001144409,13.25,13.3599996566772,14227600,13.0523309707642
2025-12-26,13.3400001525879,13.3800001144409,13.2600002288818,13.3100004196167,22471400,13.0034837722778
2025-12-29,13.2700004577637,13.3100004196167,13.2399997711182,13.2799997329712,24398300,12.9741744995117
2025-12-30,13.2799997329712,13.289999961853,13.1999998092651,13.2299995422363,23002800,12.9253253936768
2025-12-31,13.210000038147,13.2200002670288,13.1199998855591,13.1199998855591,26302300,12.8178586959839
2026-01-02,13.1800003051758,13.3900003433228,13.0600004196167,13.3400001525879,46366900,13.0327920913696
2026-01-05,13.25,13.4799995422363,13.1999998092651,13.4700002670288,50135200,13.1597995758057
2026-01-06,13.5100002288818,13.8599996566772,13.3199996948242,13.8000001907349,84534700,13.48219871521
2026-01-07,13.8000001907349,13.8199996948242,13.5900001525879,13.7399997711182,50609000,13.4235801696777
2026-01-08,13.8900003433228,14.5,13.8900003433228,14.3999996185303,154276800,14.0683813095093
2026-01-09,14.3500003814697,14.4099998474121,14.0900001525879,14.1999998092651,68436200,13.8729867935181
2026-01-12,14.1499996185303,14.1899995803833,13.960000038147,14.0299997329712,53444000,13.7069025039673
2026-01-13,14.0600004196167,14.1300001144409,13.960000038147,13.9799995422363,58867500,13.6580533981323
2026-01-14,14,14.1199998855591,13.789999961853,13.8400001525879,65318600,13.5212783813477
2026-01-15,13.9200000762939,14.1300001144409,13.789999961853,13.8100004196167,44241500,13.4919691085815
2026-01-16,13.7600002288818,13.8000001907349,13.5900001525879,13.6000003814697,60750800,13.2868051528931
2026-01-20,13.4700002670288,13.6099996566772,13.2299995422363,13.2799997329712,67018100,12.9741744995117
2026-01-21,13.4099998474121,13.7700004577637,13.4099998474121,13.7700004577637,58160100,13.4528903961182
2026-01-22,13.7799997329712,13.8400001525879,13.6999998092651,13.710000038147,38170300,13.3942718505859
2026-01-23,13.6999998092651,13.6999998092651,13.5500001907349,13.5600004196167,39702100,13.2477264404297
2026-01-26,13.5600004196167,13.6599998474121,13.3400001525879,13.4399995803833,59171000,13.1304893493652
2026-01-27,13.6400003433228,13.9499998092651,13.5100002288818,13.9300003051758,100003700,13.6092052459717
2026-01-28,13.8800001144409,13.8900003433228,13.7600002288818,13.8199996948242,48751800,13.5017385482788
2026-01-29,13.8900003433228,14.0900001525879,13.8000001907349,14,84803900,13.6775932312012
2026-01-30,13.9099998474121,13.9799995422363,13.789999961853,13.8800001144409,66996300,13.560357093811
2026-02-02,13.8599996566772,13.8999996185303,13.75,13.8100004196167,54218100,13.4919691085815
2026-02-03,13.8199996948242,14.039999961853,13.6099996566772,13.7299995422363,76638000,13.4138107299805
2026-02-04,13.7200002670288,14,13.6899995803833,13.8199996948242,70488700,13.5017385482788
2026-02-05,13.75,13.8199996948242,13.5299997329712,13.7200002670288,79719900,13.4040412902832
2026-02-06,13.7799997329712,13.8800001144409,13.6700000762939,13.8000001907349,55588200,13.48219871521
2026-02-09,13.75,13.7799997329712,13.5299997329712,13.5900001525879,59778000,13.2770347595215
2026-02-10,13.6400003433228,13.7399997711182,13.5699996948242,13.5699996948242,80827700,13.2574949264526
2026-02-11,13.6199998855591,13.8800001144409,13.5200004577637,13.8500003814697,129595000,13.5310487747192
2026-02-12,13.8999996185303,14.3599996566772,13.8500003814697,14,133257200,13.6775932312012
2026-02-13,13.8800001144409,14.3400001525879,13.8500003814697,14.1199998855591,87400200,13.9442319869995
2026-02-17,14.0900001525879,14.1700000762939,13.9300003051758,14.1300001144409,57684800,13.9541082382202
2026-02-18,14.1099996566772,14.1400003433228,13.8100004196167,13.8500003814697,64199300,13.6775941848755
2026-02-19,13.7700004577637,13.9499998092651,13.6899995803833,13.7799997329712,58268500,13.6084642410278
2026-02-20,13.7799997329712,14.039999961853,13.7200002670288,14.0100002288818,67701100,13.8356018066406
2026-02-23,13.9799995422363,14.039999961853,13.5699996948242,13.6400003433228,59134400,13.4702081680298
2026-02-24,13.7700004577637,14.3299999237061,13.7299995422363,14.1999998092651,73560800,14.0232362747192
2026-02-25,14.25,14.4899997711182,14.1499996185303,14.4300003051758,58968700,14.250373840332
2026-02-26,14.4499998092651,14.8000001907349,14.3000001907349,14.4099998474121,61456300,14.2306222915649
2026-02-27,14.3199996948242,14.5699996948242,14.0299997329712,14.0900001525879,73157000,13.9146060943604
2026-03-02,13.9300003051758,13.9300003051758,13.2200002670288,13.3900003433228,110305500,13.2233200073242
2026-03-03,13.0699996948242,13.1800003051758,12.6800003051758,12.6999998092651,102354700,12.5419082641602
2026-03-04,12.9499998092651,13.1499996185303,12.8100004196167,12.8100004196167,73976700,12.6505393981934
2026-03-05,12.6999998092651,12.75,12.2399997711182,12.3400001525879,71944300,12.1863899230957
2026-03-06,12.1700000762939,12.3199996948242,12.0299997329712,12.1499996185303,59877700,11.9987545013428
2026-03-09,11.9399995803833,12.1999998092651,11.8000001907349,12.1899995803833,69611200,12.0382566452026
2026-03-10,12.1899995803833,12.5100002288818,12.1899995803833,12.2399997711182,56746300,12.0876350402832
2026-03-11,12.2700004577637,12.4899997711182,12.0299997329712,12.1099996566772,50074500,11.9592523574829
2026-03-12,11.9300003051758,12.1899995803833,11.8500003814697,12.039999961853,51733900,11.8901243209839
2026-03-13,12.1099996566772,12.1300001144409,11.6499996185303,11.6700000762939,48546500,11.524730682373
2026-03-16,11.8199996948242,11.8800001144409,11.6400003433228,11.710000038147,49441400,11.5642328262329
2026-03-17,11.8599996566772,12.0299997329712,11.8400001525879,11.9399995803833,59520100,11.7913684844971
2026-03-18,11.8699998855591,12.0100002288818,11.6999998092651,11.789999961853,55564800,11.6432361602783
2026-03-19,11.6800003051758,11.75,11.4799995422363,11.6400003433228,47423400,11.4951038360596
2026-03-20,11.6400003433228,11.6800003051758,11.3699998855591,11.5200004577637,147725100,11.3765983581543
2026-03-23,11.9300003051758,12.0100002288818,11.7200002670288,11.7600002288818,44442200,11.6136102676392
2026-03-24,11.6800003051758,11.8800001144409,11.6700000762939,11.8400001525879,31903900,11.6926145553589
2026-03-25,11.9499998092651,12.0100002288818,11.6599998474121,11.6700000762939,37746100,11.524730682373
2026-03-26,11.5600004196167,11.7200002670288,11.4899997711182,11.6000003814697,28517600,11.4556016921997
2026-03-27,11.539999961853,11.5500001907349,11.289999961853,11.3699998855591,33064600,11.2284650802612
2026-03-30,11.4099998474121,11.4499998092651,11.1099996566772,11.210000038147,41459900,11.0704565048218
2026-03-31,11.3599996566772,11.5900001525879,11.2700004577637,11.539999961853,38287900,11.3963489532471
2026-04-01,11.6199998855591,11.6899995803833,11.5799999237061,11.6800003051758,33991700,11.5346059799194
2026-04-02,11.4700002670288,11.6199998855591,11.3599996566772,11.6000003814697,31109100,11.4556016921997
2026-04-06,11.6000003814697,11.6300001144409,11.5,11.6099996566772,24374600,11.4654769897461
2026-04-07,11.539999961853,11.6099996566772,11.3500003814697,11.5200004577637,41991600,11.3765983581543
2026-04-08,11.960000038147,12.2399997711182,11.960000038147,12.1800003051758,58140000,12.0283823013306
2026-04-09,12.0699996948242,12.2700004577637,11.960000038147,12.2399997711182,32576200,12.0876350402832
2026-04-10,12.3400001525879,12.4200000762939,12.0699996948242,12.1300001144409,28362700,11.97900390625
2026-04-13,12.0299997329712,12.1700000762939,11.9200000762939,12.1599998474121,32688600,12.0086307525635
2026-04-14,12.5100002288818,12.75,12.4499998092651,12.710000038147,50232200,12.5517845153809
2026-04-15,12.6999998092651,12.7600002288818,12.4899997711182,12.710000038147,39926500,12.5517845153809
2026-04-16,12.6700000762939,12.75,12.4200000762939,12.4399995803833,37407700,12.2851448059082
2026-04-17,12.6400003433228,13.039999961853,12.6199998855591,12.8699998855591,45735000,12.709792137146
2026-04-20,12.8100004196167,12.9200000762939,12.75,12.8699998855591,26029000,12.709792137146
2026-04-21,12.8699998855591,13.0299997329712,12.7799997329712,12.7799997329712,32210000,12.6209125518799
2026-04-22,12.8400001525879,12.8800001144409,12.5799999237061,12.6300001144409,23958300,12.4727802276611
2026-04-23,12.6099996566772,12.6999998092651,12.3699998855591,12.4799995422363,30844500,12.3246469497681
2026-04-24,12.4499998092651,12.460000038147,12.289999961853,12.3800001144409,35043500,12.2258920669556
2026-04-27,12.3800001144409,12.6499996185303,12.3800001144409,12.4899997711182,35098200,12.3345222473145
2026-04-28,12.5200004577637,12.5200004577637,12.2399997711182,12.3999996185303,44278000,12.2456426620483
2026-04-29,12.3699998855591,12.3800001144409,12.1400003433228,12.2399997711182,48672800,12.0876350402832
2026-04-30,11.5500001907349,12.0900001525879,11.4700002670288,12.0799999237061,80557900,11.9296264648438
2026-05-01,12.0600004196167,12.0699996948242,11.7799997329712,11.8800001144409,52880500,11.7321166992188
2026-05-04,11.8500003814697,11.8800001144409,11.460000038147,11.5,51014800,11.3568468093872
2026-05-05,11.5600004196167,11.789999961853,11.5600004196167,11.6899995803833,42262100,11.5444812774658
2026-05-06,11.9399995803833,12.25,11.9399995803833,12.1700000762939,52111200,12.0185060501099
2026-05-07,12.2200002670288,12.3000001907349,12.0600004196167,12.1800003051758,38986700,12.0283823013306
2026-05-08,12.289999961853,12.3699998855591,12.1800003051758,12.3199996948242,38453500,12.1666383743286
2026-05-11,12.3400001525879,12.3900003433228,12.0100002288818,12.0500001907349,48850800,11.9000005722046
2026-05-12,11.9200000762939,12.0299997329712,11.8000001907349,11.9899997711182,42165300,11.9899997711182
2026-05-13,11.9700002670288,13.9399995803833,11.9700002670288,13.5699996948242,216261200,13.5699996948242
2026-05-14,13.75,14.9399995803833,13.6300001144409,14.4799995422363,187021600,14.4799995422363
2026-05-15,13.9799995422363,14.0500001907349,13.289999961853,13.3999996185303,108272300,13.3999996185303
2026-05-18,13.9899997711182,13.9899997711182,13.0200004577637,13.0299997329712,69708800,13.0299997329712
2026-05-19,12.8900003433228,13.2299995422363,12.7200002670288,13.0600004196167,41418200,13.0600004196167
2026-05-20,13.0500001907349,13.3100004196167,12.9200000762939,13.2200002670288,42349000,13.2200002670288
2026-05-21,13.1700000762939,13.8000001907349,13.1400003433228,13.6700000762939,72523100,13.6700000762939
2026-05-22,13.789999961853,14.9499998092651,13.7700004577637,14.9300003051758,109712200,14.9300003051758
2026-05-26,14.7799997329712,15.5500001907349,14.7799997329712,15.3199996948242,90423300,15.3199996948242
2026-05-27,15.4300003051758,16.0599994659424,15.3900003433228,15.8800001144409,89234100,15.8800001144409
2026-05-28,15.8599996566772,16.75,15.8599996566772,16.6499996185303,98577300,16.6499996185303
2026-05-29,16.8799991607666,17.7800006866455,16.8199996948242,17.4400005340576,154228200,17.4400005340576
2026-06-01,17.3799991607666,17.4799995422363,16.6299991607666,16.6299991607666,97586400,16.6299991607666
2026-06-02,16.5699996948242,16.75,15.8299999237061,16.1499996185303,72847500,16.1499996185303
2026-06-03,16.0100002288818,16.2000007629395,15.6300001144409,15.710000038147,59298500,15.710000038147
2026-06-04,15.8900003433228,15.8900003433228,15.2200002670288,15.3400001525879,50079400,15.3400001525879
2026-06-05,15.2299995422363,15.2600002288818,14.6800003051758,14.8999996185303,65372100,14.8999996185303
2026-06-08,14.9899997711182,15.1899995803833,14.9099998474121,15,33038300,15
2026-06-09,15.1099996566772,15.3900003433228,14.4899997711182,14.9499998092651,51032600,14.9499998092651
2026-06-10,14.8400001525879,14.8400001525879,14.2299995422363,14.3000001907349,50776700,14.3000001907349
2026-06-11,14.3000001907349,14.7799997329712,14.1000003814697,14.710000038147,47657200,14.710000038147
2026-06-12,14.75,15,14.6099996566772,14.8400001525879,42162200,14.8400001525879
2026-06-15,15.2200002670288,15.4799995422363,14.7399997711182,14.7700004577637,48551900,14.7700004577637
2026-06-16,14.789999961853,14.8500003814697,14.4099998474121,14.4099998474121,47490000,14.4099998474121
2026-06-17,14.4300003051758,14.4799995422363,13.9300003051758,13.960000038147,43099800,13.960000038147
2026-06-18,14.1199998855591,14.1300001144409,13.7200002670288,14.0600004196167,88711700,14.0600004196167
2026-06-22,14.1000003814697,14.5600004196167,13.9499998092651,14.1099996566772,66738100,14.1099996566772
2026-06-23,13.8400001525879,14.2200002670288,13.7399997711182,14,65368300,14
2026-06-24,14.0299997329712,14.1499996185303,13.710000038147,13.8400001525879,51675000,13.8400001525879
2026-06-25,13.9200000762939,14.3599996566772,13.8900003433228,14.1099996566772,61741400,14.1099996566772
2026-06-26,13.9700002670288,14.4799995422363,13.9700002670288,14.1300001144409,59551900,14.1300001144409
2026-06-29,14.0900001525879,14.25,13.960000038147,14.0200004577637,46333200,14.0200004577637
2026-06-30,14.0200004577637,14.1899995803833,13.789999961853,13.8999996185303,59291800,13.8999996185303
