"Date","GE.Open","GE.High","GE.Low","GE.Close","GE.Volume","GE.Adjusted"
2020-01-02,55.9718360900879,59.6102523803711,55.9718360900879,59.4607276916504,17540015,57.7474822998047
2020-01-03,57.6664428710938,59.8096199035645,57.4670753479004,59.6600952148438,17231837,57.9411087036133
2020-01-06,59.0121574401855,60.8562850952148,59.0121574401855,60.507396697998,22461009,58.7639961242676
2020-01-07,60.5572395324707,61.0058097839355,59.410888671875,60.0588264465332,14160793,58.3283538818359
2020-01-08,59.7597770690918,60.0588264465332,59.1616821289062,59.510570526123,11115771,57.7958869934082
2020-01-09,60.1585083007812,60.2581901550293,58.9623146057129,59.3610458374023,7900488,57.6506729125977
2020-01-10,59.0121574401855,59.3610458374023,57.7661247253418,58.164852142334,11767739,56.488941192627
2020-01-13,58.513744354248,60.5572395324707,58.2146949768066,60.40771484375,13274420,58.667179107666
2020-01-14,60.6070785522461,60.7566032409668,59.7597770690918,59.9591445922852,9034667,58.2315368652344
2020-01-15,59.9093017578125,59.9093017578125,58.9623146057129,59.1616821289062,9239517,57.4570541381836
2020-01-16,59.510570526123,59.7099342346191,58.9124755859375,59.0121574401855,7358067,57.311840057373
2020-01-17,59.0619964599609,59.4607276916504,58.6134262084961,58.8626327514648,9345794,57.1666297912598
2020-01-21,58.513744354248,58.8127937316895,57.8658065795898,58.1150131225586,8775485,56.4405479431152
2020-01-22,58.3642196655273,58.3642196655273,56.5699310302734,56.6696128845215,12428998,55.0368003845215
2020-01-23,58.4639015197754,59.0619964599609,57.8159637451172,58.6632652282715,14679157,56.9729995727539
2020-01-24,59.2115211486816,59.2613639831543,57.9156455993652,58.3642196655273,11912960,56.6825675964355
2020-01-27,57.0683441162109,57.7661247253418,56.7194557189941,57.0185012817383,9602991,55.3756370544434
2020-01-28,57.4172325134277,58.9124755859375,57.168025970459,58.4639015197754,12625782,56.7793884277344
2020-01-29,62.6505737304688,64.7937545776367,62.2518463134766,64.4947052001953,44278356,62.6364326477051
2020-01-30,64.2454986572266,64.7439117431641,62.301685333252,63.4480361938477,19154638,61.6199188232422
2020-01-31,63.1988296508789,63.4978790283203,61.504222869873,62.0524787902832,15646447,60.2645568847656
2020-02-03,62.1023216247559,63.1988296508789,61.0556526184082,61.1054954528809,10105766,59.3448600769043
2020-02-04,62.2518463134766,62.8997802734375,61.7534294128418,62.7004165649414,8905297,60.8938255310059
2020-02-05,63.5975608825684,64.0959777832031,62.6505737304688,64.0959777832031,10046658,62.2491760253906
2020-02-06,64.4947052001953,64.7937545776367,63.9464492797852,64.544548034668,12763278,62.6848411560059
2020-02-07,64.8934326171875,65.2423248291016,63.8467674255371,63.9464492797852,13369743,62.1039619445801
2020-02-10,63.9962921142578,64.6442260742188,63.647403717041,64.3451843261719,6720424,62.4912147521973
2020-02-11,64.544548034668,64.6940689086914,63.6972427368164,64.0461349487305,8202487,62.2007789611816
2020-02-12,64.544548034668,66.0896301269531,64.1956558227539,65.5912170410156,13184414,63.7013359069824
2020-02-13,65.1924819946289,65.5912170410156,64.2953414916992,64.4947052001953,10234936,62.6364326477051
2020-02-14,64.6442260742188,65.1426467895508,63.547721862793,63.9464492797852,7416954,62.1039619445801
2020-02-18,63.3483543395996,64.544548034668,63.1489906311035,63.547721862793,8820688,61.7167205810547
2020-02-19,63.298511505127,64.4947052001953,62.7502593994141,62.8499412536621,11010597,61.0390434265137
2020-02-20,63.0493049621582,63.1988296508789,61.8531150817871,62.4512100219727,7937566,60.6518020629883
2020-02-21,62.0524787902832,62.1023216247559,60.9061279296875,61.0556526184082,8611565,59.296443939209
2020-02-24,58.2645378112793,60.1086654663086,57.8159637451172,59.1118392944336,14240786,57.4086494445801
2020-02-25,59.6600952148438,59.8096199035645,55.7226295471191,56.4204063415527,16269102,54.7947616577148
2020-02-26,56.6696128845215,57.5169143676758,53.8286552429199,54.5762786865234,18682881,53.0037727355957
2020-02-27,52.931510925293,54.5762786865234,51.3864326477051,51.7851600646973,18910102,50.2930793762207
2020-02-28,49.5921401977539,55.7724685668945,49.1435699462891,54.2273864746094,30359552,52.6649322509766
2020-03-02,55.8721504211426,56.5200881958008,53.6292915344238,55.8721504211426,25039892,54.2623023986816
2020-03-03,56.0715179443359,56.7194557189941,53.1807174682617,54.2273864746094,21919391,52.6649322509766
2020-03-04,55.1245307922363,55.4235801696777,53.3302421569824,54.5762786865234,16665500,53.0037727355957
2020-03-05,52.8318290710449,53.4797668457031,49.5921401977539,50.2400817871094,21686251,48.7925186157227
2020-03-06,48.5454750061035,48.6451568603516,45.7543563842773,46.8508682250977,29787216,45.5461311340332
2020-03-09,41.5178451538086,43.1626091003418,40.4213333129883,40.9197463989258,24558063,39.7801933288574
2020-03-10,43.7607040405273,44.1095924377441,40.670539855957,44.1095924377441,19850767,42.8812065124512
2020-03-11,42.9632415771484,43.1626091003418,40.670539855957,40.9197463989258,20746329,39.7801933288574
2020-03-12,36.0352935791016,38.7765693664551,34.0416412353516,36.0352935791016,31583435,35.0317649841309
2020-03-13,38.8762512207031,40.0724449157715,35.8359298706055,39.1254577636719,22099041,38.0358734130859
2020-03-16,34.8391036987305,35.6365623474121,33.1444969177246,33.1943397521973,23255932,32.2699241638184
2020-03-17,34.440372467041,36.5337104797363,31.4000492095947,35.2876739501953,24121739,34.3049697875977
2020-03-18,32.4467163085938,33.8921165466309,29.4063968658447,32.8952903747559,27873844,31.9791946411133
2020-03-19,31.8984622955322,34.440372467041,30.6524295806885,32.2971954345703,19861762,31.3977661132812
2020-03-20,34.9387855529785,35.1381492614746,32.1476707458496,32.4965591430664,25306037,31.5915794372559
2020-03-23,32.1476707458496,33.0448150634766,30.0543327331543,30.4530639648438,21193467,29.6049900054932
2020-03-24,33.1943397521973,35.1879920959473,32.2473526000977,34.9387855529785,23974833,33.9657936096191
2020-03-25,37.1318054199219,39.8730773925781,34.6895790100098,37.680061340332,27665082,36.6307258605957
2020-03-26,38.0289497375488,41.3683204650879,37.4308547973633,40.4711761474609,24714600,39.3441162109375
2020-03-27,38.2781562805176,39.2251396179199,37.5803756713867,37.9791069030762,18719196,36.921443939209
2020-03-30,37.5803756713867,39.574031829834,36.6333923339844,39.3248252868652,17425331,38.229679107666
2020-03-31,39.2251396179199,40.7702217102051,38.9759368896484,39.574031829834,24307107,38.4719543457031
2020-04-01,37.4806938171387,37.6302185058594,34.8889427185059,35.0883102416992,19974760,34.1111526489258
2020-04-02,34.9886283874512,36.8327560424805,33.7425918579102,34.3905296325684,19561750,33.432804107666
2020-04-03,35.0384674072266,35.1381492614746,32.7956085205078,33.5432281494141,19622924,32.6090927124023
2020-04-06,35.2378349304199,36.3841857910156,34.5898971557617,36.0352935791016,19672140,35.0317649841309
2020-04-07,38.327995300293,38.6270446777344,34.8889427185059,35.0384674072266,19278732,34.0627021789551
2020-04-08,35.7860870361328,36.7829132080078,35.1879920959473,36.3841857910156,18589124,35.3709373474121
2020-04-09,37.1318054199219,37.5803756713867,35.337516784668,35.5867233276367,25701070,34.5956802368164
2020-04-13,35.5368804931641,35.5368804931641,33.6927528381348,34.9886283874512,18874790,34.0142364501953
2020-04-14,35.3873596191406,36.0851364135742,34.0914840698242,34.5400543212891,21481602,33.5781593322754
2020-04-15,33.5432281494141,33.5432281494141,31.6492557525635,32.3968772888184,27732155,31.4946689605713
2020-04-16,32.2971954345703,32.5962409973145,30.9016361236572,31.101001739502,33241115,30.2348804473877
2020-04-17,32.2473526000977,34.5898971557617,31.5994148254395,34.0914840698242,33287181,33.1420860290527
2020-04-20,32.9451332092285,33.6429100036621,32.197509765625,32.4467163085938,20001786,31.5431213378906
2020-04-21,31.8486213684082,32.7956085205078,31.4000492095947,32.2971954345703,15539929,31.3977661132812
2020-04-22,32.8454475402832,33.0946578979492,31.8984622955322,32.0479888916016,15398901,31.1554985046387
2020-04-23,32.197509765625,33.5930671691895,32.0479888916016,32.4965591430664,16611930,31.5915794372559
2020-04-24,32.8454475402832,32.8952903747559,31.150842666626,31.20068359375,31222349,30.3317909240723
2020-04-27,31.7987804412842,32.2473526000977,31.5495738983154,32.0479888916016,21475783,31.1554985046387
2020-04-28,32.7457656860352,34.4902114868164,32.7457656860352,33.8921165466309,28223273,32.9482612609863
2020-04-29,33.2940216064453,34.3905296325684,32.4965591430664,32.7956085205078,45188986,31.8822975158691
2020-04-30,32.6959266662598,33.9917984008789,31.9483051300049,33.8921165466309,35254082,32.9482612609863
2020-05-01,33.2441787719727,33.5930671691895,31.9483051300049,32.3968772888184,24151935,31.4946689605713
2020-05-04,31.4000492095947,31.4498901367188,30.6524295806885,30.9514770507812,27457604,30.0895214080811
2020-05-05,31.3003673553467,32.197509765625,30.7022705078125,30.9016361236572,23474184,30.0410671234131
2020-05-06,30.9016361236572,31.150842666626,29.7552852630615,29.8051261901855,23525367,28.97509765625
2020-05-07,30.203857421875,31.20068359375,30.203857421875,30.4530639648438,20196745,29.6049900054932
2020-05-08,30.9514770507812,31.5495738983154,30.7022705078125,31.3502082824707,18787072,30.4771480560303
2020-05-11,31.101001739502,31.150842666626,30.5527477264404,30.8517951965332,14414337,29.9926166534424
2020-05-12,31.0013198852539,31.3003673553467,29.9048099517822,29.9048099517822,19191335,29.07200050354
2020-05-13,29.9048099517822,30.0044918060303,27.3130588531494,28.8581409454346,47299141,28.054479598999
2020-05-14,28.0108375549316,29.4063968658447,27.3130588531494,28.4095687866211,28130338,27.6184043884277
2020-05-15,27.9609966278076,28.2102031707764,27.3130588531494,27.3628997802734,25779038,26.600887298584
2020-05-18,28.6089344024658,32.3470344543457,28.6089344024658,31.2505264282227,51073738,30.3802394866943
2020-05-19,31.3502082824707,31.7489395141602,30.3533802032471,30.9514770507812,21766084,30.0895214080811
2020-05-20,31.5495738983154,32.2473526000977,31.3502082824707,31.9981460571289,18315596,31.1070442199707
2020-05-21,31.9981460571289,32.6460838317871,31.5495738983154,32.2971954345703,19827132,31.3977661132812
2020-05-22,32.2971954345703,32.2971954345703,31.2505264282227,31.9483051300049,13961540,31.05859375
2020-05-26,33.8422775268555,34.5898971557617,33.8422775268555,33.8921165466309,25984590,32.9482612609863
2020-05-27,36.1349792480469,37.0321235656738,35.337516784668,36.334342956543,29644242,35.3224792480469
2020-05-28,37.331169128418,37.331169128418,33.5930671691895,33.7924346923828,27831269,32.8513717651367
2020-05-29,32.6959266662598,33.4933853149414,32.097827911377,32.7457656860352,25942336,31.8338451385498
2020-06-01,32.7956085205078,33.9917984008789,32.3470344543457,33.6927528381348,15083601,32.7544479370117
2020-06-02,34.3905296325684,35.7860870361328,34.1911659240723,35.1381492614746,22787385,34.1595993041992
2020-06-03,35.9854545593262,36.9822807312012,35.7860870361328,36.6832313537598,24642090,35.6616592407227
2020-06-04,36.434024810791,38.6270446777344,35.7362480163574,38.577205657959,25118482,37.5028877258301
2020-06-05,42.1159400939941,42.6641960144043,39.0257759094238,39.2749824523926,33669153,38.1812400817871
2020-06-08,40.9695892333984,42.7140350341797,40.4213333129883,42.1657791137695,31792699,40.991527557373
2020-06-09,40.8200645446777,40.9197463989258,39.3746643066406,39.9727630615234,23603936,38.8595771789551
2020-06-10,39.7235565185547,39.7733955383301,37.4806938171387,37.9292678833008,23465356,36.8729820251465
2020-06-11,35.1879920959473,36.6333923339844,34.0914840698242,34.6397361755371,24979842,33.6750564575195
2020-06-12,36.5835494995117,37.0321235656738,35.2876739501953,36.1349792480469,20261430,35.1286735534668
2020-06-15,34.6397361755371,36.6333923339844,34.1413230895996,36.0851364135742,20497800,35.0802154541016
2020-06-16,38.5273628234863,38.577205657959,36.334342956543,37.2314872741699,19694772,36.194652557373
2020-06-17,37.3810119628906,37.5305366516113,35.8857727050781,36.0851364135742,15090141,35.0802154541016
2020-06-18,35.5368804931641,36.4838676452637,34.9886283874512,36.2845001220703,15729550,35.2740249633789
2020-06-19,36.9822807312012,37.1318054199219,35.337516784668,35.6365623474121,17792356,34.6441421508789
2020-06-22,35.7362480163574,35.7860870361328,34.6895790100098,35.0883102416992,15707761,34.1111526489258
2020-06-23,35.337516784668,35.5368804931641,34.7394218444824,34.8889427185059,16168082,33.9173355102539
2020-06-24,34.3905296325684,34.3905296325684,32.4965591430664,32.5464019775391,29025298,31.6400241851807
2020-06-25,32.3968772888184,33.3937034606934,31.9981460571289,33.2940216064453,14836396,32.366828918457
2020-06-26,32.9949722290039,33.1444969177246,32.1476707458496,32.2971954345703,17938840,31.4448394775391
2020-06-29,32.7457656860352,33.8921165466309,32.3968772888184,33.8921165466309,15103383,32.9976654052734
2020-06-30,33.443546295166,34.2410087585449,33.1943397521973,34.0416412353516,13947676,33.1432456970215
2020-07-01,34.5400543212891,34.9387855529785,33.443546295166,33.5930671691895,24202957,32.7065048217773
2020-07-02,34.1911659240723,35.0883102416992,33.9419593811035,33.9917984008789,14877567,33.0947189331055
2020-07-06,34.7892608642578,35.2876739501953,34.340690612793,34.8889427185059,15133900,33.9681854248047
2020-07-07,34.340690612793,34.340690612793,33.6429100036621,33.6927528381348,12526487,32.8035621643066
2020-07-08,33.9917984008789,34.2410087585449,33.4933853149414,34.1911659240723,12928884,33.2888221740723
2020-07-09,34.0416412353516,34.0416412353516,32.7956085205078,32.7956085205078,14997186,31.9300861358643
2020-07-10,32.5962409973145,33.4933853149414,32.5464019775391,33.3438606262207,12725057,32.4638786315918
2020-07-13,33.6927528381348,33.9917984008789,33.0946578979492,33.3937034606934,13742084,32.5124092102051
2020-07-14,33.1943397521973,34.340690612793,32.7457656860352,34.2908477783203,13946091,33.3858795166016
2020-07-15,35.337516784668,35.9356117248535,35.0384674072266,35.5867233276367,18022606,34.6475524902344
2020-07-16,35.1879920959473,35.7860870361328,34.8391036987305,35.1381492614746,10502384,34.2108116149902
2020-07-17,35.1879920959473,35.6365623474121,34.7892608642578,35.2378349304199,12029771,34.3078651428223
2020-07-20,34.9387855529785,35.1879920959473,34.1911659240723,34.2410087585449,9844356,33.3373527526855
2020-07-21,34.5898971557617,35.6365623474121,34.3905296325684,35.0883102416992,14019625,34.1622848510742
2020-07-22,34.8391036987305,35.337516784668,34.3905296325684,35.1879920959473,13143364,34.259349822998
2020-07-23,35.1879920959473,35.4870414733887,34.7394218444824,35.0883102416992,13769391,34.1622848510742
2020-07-24,34.9886283874512,35.437198638916,33.9917984008789,34.1911659240723,13131567,33.2888221740723
2020-07-27,34.0914840698242,34.1413230895996,33.3438606262207,33.443546295166,14185812,32.5609283447266
2020-07-28,33.3937034606934,34.6895790100098,33.3438606262207,34.340690612793,15255125,33.4344024658203
2020-07-29,34.8391036987305,34.8889427185059,32.4965591430664,32.8454475402832,29782982,31.9786167144775
2020-07-30,32.3968772888184,32.4467163085938,31.20068359375,31.20068359375,25586567,30.3772640228271
2020-07-31,31.150842666626,31.3502082824707,29.9048099517822,30.253698348999,28609840,29.4552669525146
2020-08-03,30.6025886535645,30.8517951965332,30.0044918060303,30.4530639648438,18011050,29.6493740081787
2020-08-04,30.4032230377197,30.9016361236572,30.4032230377197,30.6025886535645,14253587,29.7949542999268
2020-08-05,30.7521114349365,31.8984622955322,30.6025886535645,31.8984622955322,21286984,31.0566272735596
2020-08-06,31.5495738983154,31.9981460571289,31.3003673553467,31.5495738983154,14027650,30.7169437408447
2020-08-07,31.3502082824707,32.197509765625,31.150842666626,31.8984622955322,16665861,31.0566272735596
2020-08-10,32.0479888916016,33.3937034606934,31.7987804412842,33.2441787719727,18929062,32.366828918457
2020-08-11,34.2410087585449,34.8889427185059,33.3438606262207,33.5432281494141,18687596,32.6579780578613
2020-08-12,34.2410087585449,34.2908477783203,32.7956085205078,33.4933853149414,14073295,32.6094589233398
2020-08-13,32.8454475402832,33.6927528381348,32.8454475402832,32.8952903747559,10719714,32.0271453857422
2020-08-14,32.5962409973145,33.4933853149414,32.2473526000977,33.1943397521973,10111524,32.318302154541
2020-08-17,33.2441787719727,33.3438606262207,32.1476707458496,32.2473526000977,11843460,31.396312713623
2020-08-18,32.3470344543457,32.7457656860352,31.9483051300049,32.097827911377,8564375,31.250732421875
2020-08-19,32.2473526000977,32.7457656860352,31.6492557525635,31.7987804412842,10907008,30.9595737457275
2020-08-20,31.5495738983154,31.7987804412842,30.9514770507812,31.2505264282227,12793394,30.4257946014404
2020-08-21,31.150842666626,31.7987804412842,31.0511608123779,31.4498901367188,12008403,30.61989402771
2020-08-24,31.6492557525635,33.0946578979492,31.4000492095947,33.0448150634766,20622516,32.1727256774902
2020-08-25,33.1444969177246,33.3937034606934,32.2971954345703,32.8454475402832,13934033,31.9786167144775
2020-08-26,32.9949722290039,32.9949722290039,32.097827911377,32.2971954345703,11497281,31.4448394775391
2020-08-27,32.4965591430664,33.0448150634766,32.1476707458496,32.2971954345703,14724301,31.4448394775391
2020-08-28,32.4467163085938,32.9949722290039,32.2473526000977,32.9451332092285,11870004,32.0756721496582
2020-08-31,32.4467163085938,33.3438606262207,31.20068359375,31.5994148254395,28464920,30.7654705047607
2020-09-01,31.2505264282227,31.8984622955322,30.6524295806885,30.8517951965332,18695642,30.0375823974609
2020-09-02,30.9016361236572,32.1476707458496,30.7521114349365,32.097827911377,16816680,31.250732421875
2020-09-03,31.8486213684082,33.1444969177246,31.3003673553467,31.4997310638428,18884902,30.668420791626
2020-09-04,32.0479888916016,32.6959266662598,31.20068359375,31.9981460571289,17992270,31.1536769866943
2020-09-08,31.4997310638428,31.6990985870361,30.5527477264404,30.6025886535645,24206006,29.7949542999268
2020-09-09,30.9016361236572,30.9016361236572,30.0044918060303,30.7022705078125,21878280,29.8920021057129
2020-09-10,30.7521114349365,30.9016361236572,29.9048099517822,29.9048099517822,19526919,29.1155872344971
2020-09-11,30.104175567627,30.154016494751,29.5559196472168,29.6556034088135,14429505,28.8729572296143
2020-09-14,29.8549671173096,30.7022705078125,29.7054443359375,30.6524295806885,14847532,29.8434753417969
2020-09-15,30.7521114349365,31.0013198852539,30.0044918060303,30.4032230377197,17325133,29.6008472442627
2020-09-16,30.4032230377197,33.9419593811035,30.154016494751,33.6429100036621,51360267,32.7550277709961
2020-09-17,33.9419593811035,35.7860870361328,33.2441787719727,35.1381492614746,52374245,34.2108116149902
2020-09-18,34.4902114868164,35.5867233276367,34.2410087585449,34.2908477783203,29148649,33.3858795166016
2020-09-21,33.0448150634766,33.1444969177246,31.0511608123779,31.6492557525635,32651524,30.8139953613281
2020-09-22,31.8984622955322,32.7956085205078,30.9514770507812,31.150842666626,28269901,30.3287372589111
2020-09-23,31.3003673553467,31.9981460571289,30.4032230377197,30.4530639648438,17785373,29.6493740081787
2020-09-24,30.4032230377197,30.8019542694092,29.9048099517822,30.203857421875,19154738,29.4067401885986
2020-09-25,30.203857421875,30.7521114349365,30.0044918060303,30.4530639648438,16006529,29.6983814239502
2020-09-28,31.0511608123779,31.4498901367188,30.8019542694092,30.9016361236572,16711586,30.1358375549316
2020-09-29,30.9514770507812,31.0511608123779,30.203857421875,30.5029048919678,14761158,29.7469882965088
2020-09-30,30.6025886535645,31.3502082824707,30.6025886535645,31.0511608123779,19417934,30.2816600799561
2020-10-01,31.2505264282227,31.3502082824707,30.4530639648438,31.101001739502,15885525,30.3302593231201
2020-10-02,30.154016494751,31.8984622955322,30.154016494751,31.8486213684082,18072625,31.0593509674072
2020-10-05,31.8486213684082,32.1476707458496,31.4997310638428,31.9483051300049,11693825,31.1565685272217
2020-10-06,32.0479888916016,32.7956085205078,30.4530639648438,30.7521114349365,34121508,29.9900188446045
2020-10-07,31.0013198852539,31.8984622955322,30.9514770507812,31.4498901367188,16710242,30.6705055236816
2020-10-08,31.6990985870361,33.2441787719727,31.5994148254395,33.1444969177246,20699139,32.3231163024902
2020-10-09,35.2378349304199,35.2378349304199,33.3937034606934,34.0914840698242,34410686,33.2466316223145
2020-10-12,34.4902114868164,34.4902114868164,33.5930671691895,34.0416412353516,17863963,33.1980285644531
2020-10-13,33.8422775268555,33.9917984008789,33.1943397521973,33.4933853149414,15105450,32.6633605957031
2020-10-14,33.4933853149414,34.340690612793,33.4933853149414,33.9917984008789,19652097,33.1494178771973
2020-10-15,33.3937034606934,34.2908477783203,32.9451332092285,34.2410087585449,17907361,33.3924560546875
2020-10-16,34.6895790100098,36.6333923339844,34.5898971557617,36.334342956543,33937143,35.4339179992676
2020-10-19,36.8327560424805,37.2314872741699,36.0352935791016,36.334342956543,26250714,35.4339179992676
2020-10-20,36.6333923339844,36.9822807312012,36.2346611022949,36.5835494995117,19746677,35.6769409179688
2020-10-21,36.2845001220703,36.9324378967285,36.2346611022949,36.4838676452637,14809210,35.5797309875488
2020-10-22,36.5337104797363,38.6270446777344,36.4838676452637,38.4775199890137,19214348,37.5239791870117
2020-10-23,39.5241889953613,40.0226020812988,37.680061340332,38.0289497375488,26597033,37.0865211486816
2020-10-26,37.1816444396973,37.680061340332,36.2845001220703,36.7829132080078,20917251,35.8713607788086
2020-10-27,36.8825988769531,36.8825988769531,35.337516784668,35.3873596191406,19696497,34.5103912353516
2020-10-28,37.4308547973633,39.1753005981445,36.9324378967285,36.9822807312012,50860201,36.0657958984375
2020-10-29,38.1784744262695,38.577205657959,36.434024810791,36.7330741882324,24738095,35.8227615356445
2020-10-30,36.5835494995117,37.5803756713867,36.334342956543,36.9822807312012,20539191,36.0657958984375
2020-11-02,37.3810119628906,37.7797431945801,36.5337104797363,37.4806938171387,21844975,36.5518531799316
2020-11-03,38.1286315917969,39.4743461608887,37.5803756713867,39.1254577636719,19636808,38.1558494567871
2020-11-04,38.327995300293,39.9727630615234,37.5305366516113,39.1254577636719,25465824,38.1558494567871
2020-11-05,39.6238708496094,40.1222877502441,39.4245071411133,39.8232383728027,17215987,38.8363418579102
2020-11-06,39.9727630615234,40.570858001709,39.673713684082,40.3216514587402,16878656,39.3224067687988
2020-11-09,46.6016616821289,46.900707244873,42.913402557373,43.4616546630859,38779589,42.3846015930176
2020-11-10,43.9600715637207,45.3556251525879,43.6111793518066,44.7575302124023,33051594,43.648365020752
2020-11-11,45.4054679870605,45.4553108215332,44.0099105834961,44.3089599609375,17543666,43.2109107971191
2020-11-12,43.6610221862793,44.2092742919922,43.2124481201172,43.6610221862793,15954303,42.5790214538574
2020-11-13,44.1594352722168,46.1032485961914,44.1095924377441,46.1032485961914,26078809,44.9607200622559
2020-11-16,47.8975372314453,48.0470581054688,46.9505500793457,47.698169708252,23830013,46.51611328125
2020-11-17,47.1000747680664,48.5454750061035,46.5019798278809,48.2464256286621,18127238,47.0507850646973
2020-11-18,49.6918258666992,50.0905570983887,48.4956321716309,48.4956321716309,29867932,47.2938270568848
2020-11-19,47.9473762512207,48.6451568603516,47.3991241455078,48.1467437744141,17490999,46.9535751342773
2020-11-20,48.0470581054688,48.9940452575684,47.7978515625,48.6451568603516,16078116,47.439640045166
2020-11-23,49.1435699462891,51.1870651245117,49.1435699462891,50.1902389526367,21708341,48.9464302062988
2020-11-24,53.3800849914551,54.0778617858887,51.8350028991699,52.0842094421387,35369990,50.7934684753418
2020-11-25,52.4829406738281,52.6324653625488,51.5359535217285,52.3334159851074,22044528,51.0365028381348
2020-11-27,52.5826225280762,52.6324653625488,51.3864326477051,51.8350028991699,10865436,50.5504379272461
2020-11-30,51.7851600646973,51.7851600646973,49.6419830322266,50.7384948730469,25100464,49.4811058044434
2020-12-01,51.4861145019531,52.2337341308594,50.3896026611328,50.5889701843262,17408658,49.3352851867676
2020-12-02,50.2400817871094,52.2337341308594,49.8911895751953,51.9845275878906,15496290,50.6962509155273
2020-12-03,51.8350028991699,53.3302421569824,51.7851600646973,52.8318290710449,18348801,51.5225524902344
2020-12-04,53.1807174682617,54.4765930175781,52.3832588195801,54.2273864746094,27090138,52.8835372924805
2020-12-07,54.277229309082,55.3238983154297,53.6292915344238,54.1277046203613,19542810,52.7863159179688
2020-12-08,53.928337097168,54.9750061035156,53.7788162231445,54.6261177062988,18735107,53.2723731994629
2020-12-09,54.8254852294922,57.2677116394043,54.8254852294922,56.7692947387695,25307401,55.3624496459961
2020-12-10,55.2242126464844,57.2178688049316,55.1245307922363,56.4204063415527,19195227,55.0222053527832
2020-12-11,56.2210426330566,56.8689804077148,54.9251670837402,55.6229438781738,17853791,54.2444953918457
2020-12-14,56.171199798584,56.5699310302734,53.7788162231445,53.9781799316406,15913996,52.6405029296875
2020-12-15,54.5762786865234,55.5731048583984,53.0810356140137,55.3737373352051,17377921,54.0014724731445
2020-12-16,55.4734191894531,55.5731048583984,54.3270683288574,54.4765930175781,11800604,53.1265716552734
2020-12-17,54.5264358520508,54.7756423950195,53.8286552429199,54.2273864746094,12528955,52.8835372924805
2020-12-18,53.7289733886719,55.4235801696777,53.5296096801758,53.8784980773926,23023775,52.5916290283203
2020-12-21,52.1838912963867,54.177547454834,51.6356353759766,53.6791343688965,17218374,52.3970260620117
2020-12-22,53.3800849914551,53.6292915344238,52.2835731506348,52.8816719055176,17858164,51.6186103820801
2020-12-23,53.2305603027344,54.7257995605469,52.931510925293,54.1277046203613,12139419,52.8348770141602
2020-12-24,54.0778617858887,54.0778617858887,52.931510925293,53.0810356140137,6029070,51.8132057189941
2020-12-28,53.3302421569824,53.7289733886719,52.7321472167969,53.0311965942383,10793588,51.7645645141602
2020-12-29,53.1308784484863,53.6791343688965,52.5327835083008,52.6324653625488,10640944,51.375358581543
2020-12-30,52.7321472167969,54.0778617858887,52.5826225280762,53.3800849914551,10156427,52.1051139831543
2020-12-31,53.0810356140137,53.9781799316406,52.7321472167969,53.8286552429199,9570828,52.5429763793945
2021-01-04,54.277229309082,54.3270683288574,51.8350028991699,52.1838912963867,16040798,50.9374885559082
2021-01-05,51.9845275878906,54.2273864746094,51.934684753418,53.6791343688965,16793346,52.3970260620117
2021-01-06,53.9781799316406,57.9156455993652,53.9781799316406,56.6197738647461,26400690,55.2674331665039
2021-01-07,57.6166000366211,57.6664428710938,56.0216751098633,56.171199798584,15105891,54.8295631408691
2021-01-08,56.270881652832,57.0185012817383,55.6229438781738,56.5200881958008,14590235,55.1701240539551
2021-01-11,55.3737373352051,57.4670753479004,55.1245307922363,57.0683441162109,13493535,55.7052803039551
2021-01-12,57.3673934936523,59.3610458374023,56.8689804077148,58.7131080627441,18346073,57.3107719421387
2021-01-13,58.7131080627441,58.9124755859375,57.4172325134277,57.6664428710938,10776915,56.2890930175781
2021-01-14,57.8658065795898,58.4639015197754,57.7162818908691,58.1150131225586,11879594,56.7269554138184
2021-01-15,57.8159637451172,57.8159637451172,56.0715179443359,56.4702491760254,14768762,55.1214752197266
2021-01-19,57.2178688049316,58.0651702880859,56.8191375732422,56.9686622619629,12740305,55.6079864501953
2021-01-20,57.3175506591797,57.3175506591797,56.3207244873047,56.7692947387695,11840751,55.4133758544922
2021-01-21,56.8191375732422,56.9686622619629,55.174373626709,55.174373626709,13162304,53.8565483093262
2021-01-22,54.6759605407715,55.7226295471191,54.3270683288574,55.3737373352051,10617570,54.0511436462402
2021-01-25,55.5232620239258,55.5731048583984,53.6791343688965,54.7756423950195,18462763,53.4673385620117
2021-01-26,59.9591445922852,60.9559707641602,55.8223114013672,56.270881652832,42495519,54.9268684387207
2021-01-27,55.2242126464844,57.6166000366211,53.0311965942383,56.7194557189941,29983117,55.3647346496582
2021-01-28,56.8689804077148,57.168025970459,55.174373626709,55.274055480957,18879766,53.9538497924805
2021-01-29,54.8254852294922,56.0216751098633,53.1807174682617,53.2305603027344,21921317,51.9591636657715
2021-02-01,54.1277046203613,54.8254852294922,53.0311965942383,53.5296096801758,13379614,52.2510719299316
2021-02-02,54.2273864746094,56.5699310302734,54.0280227661133,56.0216751098633,16946953,54.6836128234863
2021-02-03,56.0216751098633,56.3207244873047,55.174373626709,55.8223114013672,10877474,54.4890098571777
2021-02-04,55.9718360900879,57.3175506591797,55.7724685668945,57.0683441162109,13396066,55.7052803039551
2021-02-05,57.3673934936523,57.5667572021484,56.4204063415527,56.8191375732422,10396669,55.4620246887207
2021-02-08,57.168025970459,58.0651702880859,56.8689804077148,57.8658065795898,8517928,56.4837036132812
2021-02-09,57.6166000366211,57.8159637451172,56.8689804077148,57.5169143676758,10581235,56.1431503295898
2021-02-10,57.7661247253418,57.7661247253418,56.7194557189941,56.8191375732422,9140985,55.4620246887207
2021-02-11,56.7692947387695,57.168025970459,55.7724685668945,57.1181869506836,10398836,55.7539291381836
2021-02-12,56.8689804077148,58.513744354248,56.7194557189941,58.4639015197754,11725144,57.0675086975098
2021-02-16,58.9124755859375,59.7099342346191,58.7131080627441,59.6600952148438,12100796,58.2351303100586
2021-02-17,59.0121574401855,59.5604133605957,58.6134262084961,59.1118392944336,8615357,57.6999740600586
2021-02-18,59.0121574401855,59.1118392944336,57.3673934936523,57.9654884338379,9802022,56.5810089111328
2021-02-19,58.4140625,59.9591445922852,58.2146949768066,59.9093017578125,12248665,58.4783821105957
2021-02-22,60.1585083007812,63.298511505127,59.9591445922852,62.301685333252,19388781,60.8136215209961
2021-02-23,62.8000984191895,63.0493049621582,60.7067642211914,62.7502593994141,14454364,61.2514953613281
2021-02-24,63.7969245910645,66.538200378418,63.0493049621582,65.3918533325195,21426186,63.8299827575684
2021-02-25,65.2921676635742,66.1394729614258,63.0991477966309,63.5975608825684,18526244,62.0785522460938
2021-02-26,63.1988296508789,63.9962921142578,61.8531150817871,62.5010528564453,17802448,61.0082359313965
2021-03-01,64.39501953125,66.2391510009766,63.7470855712891,65.3420104980469,15657201,63.7813339233398
2021-03-02,65.541374206543,66.0397872924805,64.6442260742188,64.6940689086914,15490231,63.1488723754883
2021-03-03,65.2423248291016,67.883918762207,65.0429611206055,66.9867706298828,23589309,65.3868179321289
2021-03-04,69.1797943115234,70.4258270263672,65.6908950805664,67.6347122192383,33418377,66.019287109375
2021-03-05,68.7810592651367,68.8309020996094,65.4915313720703,67.7842330932617,21061930,66.2140045166016
2021-03-08,70.8245544433594,71.4724960327148,68.8309020996094,70.6251907348633,28835014,68.9891738891602
2021-03-09,70.2762985229492,71.871223449707,68.9305877685547,69.7778854370117,22966413,68.1614761352539
2021-03-10,68.0334396362305,68.4820098876953,64.39501953125,66.0397872924805,44186284,64.5099868774414
2021-03-11,63.2486724853516,64.0959777832031,59.5604133605957,61.1553344726562,61355743,59.7386703491211
2021-03-12,61.0058097839355,62.8997802734375,60.9559707641602,62.7004165649414,26996039,61.2479705810547
2021-03-15,63.4978790283203,66.5880432128906,63.4480361938477,66.538200378418,22351422,64.9968490600586
2021-03-16,66.4385147094727,66.538200378418,65.1426467895508,65.541374206543,14938641,64.0231094360352
2021-03-17,65.7905807495117,67.8340759277344,65.4416885375977,67.8340759277344,15895858,66.2626953125
2021-03-18,67.7343902587891,68.2328033447266,65.7407379150391,66.0397872924805,12792812,64.5099868774414
2021-03-19,65.7905807495117,66.538200378418,64.6940689086914,65.890266418457,13737991,64.3639221191406
2021-03-22,65.5912170410156,65.9899444580078,64.4448623657227,65.4416885375977,10591427,63.9257278442383
2021-03-23,64.5943908691406,65.6908950805664,62.5508918762207,63.0991477966309,13172818,61.6374588012695
2021-03-24,63.5975608825684,64.8934326171875,62.301685333252,62.301685333252,12454218,60.858470916748
2021-03-25,61.8032722473145,64.4448623657227,60.9559707641602,64.0461349487305,14725103,62.5625076293945
2021-03-26,64.544548034668,65.4416885375977,63.3483543395996,64.7439117431641,12143472,63.2441253662109
2021-03-29,64.39501953125,65.0429611206055,63.6972427368164,64.544548034668,10786807,63.0493850708008
2021-03-30,64.6940689086914,66.5880432128906,64.2953414916992,66.2889938354492,10618713,64.75341796875
2021-03-31,66.6877212524414,66.9369277954102,65.4416885375977,65.4416885375977,12557044,63.9257278442383
2021-04-01,65.9401016235352,66.5880432128906,65.541374206543,66.1893081665039,11874438,64.6560516357422
2021-04-05,67.1362991333008,67.6347122192383,66.6378860473633,67.0864562988281,10180082,65.5324096679688
2021-04-06,67.0864562988281,67.2858200073242,66.6378860473633,66.7874069213867,8035938,65.2402801513672
2021-04-07,66.7874069213867,67.4353485107422,66.0896301269531,66.7375640869141,8379669,65.1915893554688
2021-04-08,66.0896301269531,67.2858200073242,65.2423248291016,67.0366134643555,11018763,65.4837341308594
2021-04-09,67.2858200073242,68.9305877685547,66.887092590332,67.7842330932617,12689464,66.2140045166016
2021-04-12,67.8340759277344,68.1829681396484,67.1362991333008,67.7343902587891,8442187,66.1653442382812
2021-04-13,67.3356628417969,67.4851837158203,66.0896301269531,66.9867706298828,10277370,65.4350357055664
2021-04-14,66.9369277954102,68.7312164306641,66.887092590332,68.1829681396484,12968951,66.6035232543945
2021-04-15,68.4321746826172,68.531852722168,66.9867706298828,67.535026550293,10208753,65.970588684082
2021-04-16,67.9337615966797,68.1829681396484,66.538200378418,66.7375640869141,10036727,65.1915893554688
2021-04-19,66.3886795043945,67.1362991333008,65.6410522460938,67.0864562988281,9003729,65.5324096679688
2021-04-20,66.8372497558594,66.8372497558594,64.2953414916992,65.0928039550781,12330465,63.5849380493164
2021-04-21,64.4448623657227,66.6877212524414,63.647403717041,66.538200378418,9953202,64.9968490600586
2021-04-22,66.538200378418,68.1829681396484,66.1893081665039,66.8372497558594,10555051,65.2889709472656
2021-04-23,67.2858200073242,67.8340759277344,66.5880432128906,67.535026550293,9357311,65.970588684082
2021-04-26,67.9337615966797,69.7778854370117,67.535026550293,67.6347122192383,18815482,66.0679550170898
2021-04-27,67.2858200073242,67.4851837158203,64.3451843261719,67.2359771728516,30050351,65.6784515380859
2021-04-28,66.4385147094727,66.538200378418,65.541374206543,65.7905807495117,13261158,64.2665481567383
2021-04-29,65.6908950805664,66.2391510009766,65.1924819946289,65.8404235839844,11066635,64.3152236938477
2021-04-30,65.5912170410156,66.538200378418,65.1924819946289,65.3918533325195,10011667,63.8770599365234
2021-05-03,65.9899444580078,67.4353485107422,65.6410522460938,67.0366134643555,12734908,65.4837341308594
2021-05-04,66.4883575439453,66.7375640869141,65.1426467895508,65.3918533325195,15557003,63.8770599365234
2021-05-05,65.5912170410156,66.2391510009766,65.2423248291016,65.8404235839844,11168297,64.3152236938477
2021-05-06,65.890266418457,66.3388366699219,64.9432754516602,65.8404235839844,12595406,64.3152236938477
2021-05-07,65.5912170410156,66.4883575439453,65.1426467895508,66.2889938354492,10810442,64.75341796875
2021-05-10,66.3388366699219,67.6845550537109,66.2889938354492,66.538200378418,13154138,64.9968490600586
2021-05-11,65.7407379150391,66.2391510009766,64.4947052001953,65.2423248291016,13645738,63.7309875488281
2021-05-12,65.1924819946289,65.4416885375977,63.647403717041,63.8966102600098,14215045,62.4164543151855
2021-05-13,63.7969245910645,64.9931182861328,63.3981971740723,64.6442260742188,13158312,63.1467552185059
2021-05-14,65.3918533325195,66.2889938354492,64.9432754516602,66.0896301269531,10167742,64.5586776733398
2021-05-17,65.9401016235352,66.4883575439453,65.3918533325195,65.541374206543,15316179,64.0231094360352
2021-05-18,65.6908950805664,66.1394729614258,64.6442260742188,64.6442260742188,9816408,63.1467552185059
2021-05-19,64.2953414916992,65.2921676635742,63.7470855712891,65.2423248291016,11921066,63.7309875488281
2021-05-20,65.2423248291016,65.3420104980469,64.39501953125,65.0928039550781,9324527,63.5849380493164
2021-05-21,65.3420104980469,66.1893081665039,65.0429611206055,65.9401016235352,10697965,64.4126129150391
2021-05-24,66.2391510009766,66.3388366699219,65.3918533325195,65.6908950805664,7827397,64.1691589355469
2021-05-25,65.7905807495117,66.2391510009766,65.2921676635742,65.3918533325195,9496071,63.8770599365234
2021-05-26,65.3918533325195,66.9369277954102,64.9931182861328,66.7874069213867,12092309,65.2402801513672
2021-05-27,67.7842330932617,71.7715454101562,67.7343902587891,71.522331237793,37035234,69.8655319213867
2021-05-28,71.2232894897461,71.4724960327148,69.9274139404297,70.0769348144531,14560581,68.4535980224609
2021-06-01,70.9242401123047,71.4724960327148,70.2762985229492,70.525505065918,10087388,68.8917846679688
2021-06-02,70.6750335693359,70.6750335693359,69.8277282714844,70.2264633178711,8012785,68.5996780395508
2021-06-03,69.7280502319336,71.6220169067383,69.4788436889648,70.2264633178711,12672972,68.5996780395508
2021-06-04,70.5753479003906,70.7747116088867,69.0801086425781,69.5785217285156,12855029,67.9667510986328
2021-06-07,69.7778854370117,70.1267776489258,69.0801086425781,69.3293151855469,7493597,67.7233047485352
2021-06-08,69.6283645629883,69.7280502319336,68.3823318481445,69.2794723510742,8852489,67.6746139526367
2021-06-09,68.6315383911133,68.8309020996094,68.1331253051758,68.4321746826172,11189043,66.8469543457031
2021-06-10,68.8309020996094,69.1299514770508,67.7343902587891,67.9337615966797,9999489,66.3600769042969
2021-06-11,68.0334396362305,68.6813812255859,67.6347122192383,68.2328033447266,8500031,66.6521987915039
2021-06-14,68.6813812255859,68.9305877685547,66.8372497558594,67.1362991333008,9114079,65.5811004638672
2021-06-15,67.0366134643555,67.6347122192383,66.3388366699219,67.4851837158203,7629388,65.9218826293945
2021-06-16,67.2858200073242,68.0334396362305,66.2391510009766,66.9867706298828,14070907,65.4350357055664
2021-06-17,66.8372497558594,67.3356628417969,64.3451843261719,64.7937545776367,15451709,63.2928161621094
2021-06-18,63.9962921142578,64.8934326171875,63.547721862793,63.6972427368164,16465184,62.2217025756836
2021-06-21,64.2454986572266,65.7407379150391,64.0959777832031,65.7407379150391,10825169,64.2178649902344
2021-06-22,65.3918533325195,65.7905807495117,64.4947052001953,64.9432754516602,7678083,63.4388656616211
2021-06-23,64.8934326171875,65.7407379150391,64.4947052001953,64.544548034668,8763306,63.0493850708008
2021-06-24,65.0928039550781,65.7905807495117,64.39501953125,65.541374206543,9594524,64.0231094360352
2021-06-25,65.5912170410156,65.9899444580078,65.2921676635742,65.5912170410156,6844839,64.1205520629883
2021-06-28,65.5912170410156,65.6410522460938,63.7470855712891,64.2454986572266,12396856,62.8050155639648
2021-06-29,65.0928039550781,65.9401016235352,64.5943908691406,65.2423248291016,13883493,63.7794799804688
2021-06-30,65.541374206543,67.4353485107422,65.0429611206055,67.0864562988281,13754002,65.5822830200195
2021-07-01,67.6845550537109,67.9337615966797,66.5880432128906,67.1861343383789,9368346,65.6797180175781
2021-07-02,67.4851837158203,67.4851837158203,66.3388366699219,66.5880432128906,6653090,65.0950393676758
2021-07-06,66.1893081665039,66.3886795043945,63.8966102600098,64.39501953125,14172730,62.9511871337891
2021-07-07,64.1956558227539,65.1924819946289,63.4978790283203,64.6940689086914,12250973,63.2435340881348
2021-07-08,63.4480361938477,64.4947052001953,62.8499412536621,64.1458129882812,10798825,62.7075805664062
2021-07-09,64.8435974121094,65.7407379150391,64.4947052001953,65.5912170410156,8290767,64.1205520629883
2021-07-12,65.0928039550781,65.4915313720703,64.2953414916992,65.3420104980469,11187237,63.876953125
2021-07-13,65.2423248291016,65.2423248291016,64.1956558227539,64.2454986572266,7907410,62.8050155639648
2021-07-14,64.1956558227539,64.6940689086914,63.3981971740723,63.8467674255371,8970443,62.415225982666
2021-07-15,63.2486724853516,64.39501953125,62.6505737304688,63.5975608825684,10310877,62.1716117858887
2021-07-16,63.7969245910645,64.1458129882812,62.4013671875,62.5508918762207,9141767,61.1484184265137
2021-07-19,60.7566032409668,61.0058097839355,58.9124755859375,59.8096199035645,19842400,58.4685974121094
2021-07-20,59.8594589233398,63.4978790283203,59.7597770690918,63.298511505127,15072405,61.8792610168457
2021-07-21,63.7470855712891,65.3420104980469,63.647403717041,65.1924819946289,13548149,63.7307777404785
2021-07-22,65.0429611206055,65.0928039550781,63.298511505127,63.298511505127,8712244,61.8792610168457
2021-07-23,63.7969245910645,64.1956558227539,62.9496231079102,63.3483543395996,7579911,61.9279861450195
2021-07-26,63.0991477966309,64.4947052001953,62.9496231079102,64.39501953125,10800049,62.9511871337891
2021-07-27,66.4385147094727,67.1362991333008,63.7969245910645,65.1924819946289,23964901,63.7307777404785
2021-07-28,65.541374206543,67.1861343383789,64.9931182861328,65.4416885375977,13757312,63.9743690490723
2021-07-29,65.7407379150391,66.6877212524414,65.2423248291016,66.2391510009766,10889854,64.7539672851562
2021-07-30,65.5912170410156,65.890266418457,64.39501953125,64.544548034668,12050777,63.0973815917969
2021-08-02,65.0928039550781,66.7936401367188,62.5695838928223,62.6754951477051,39943542,61.2702178955078
2021-08-03,62.4262886047363,64.2953414916992,61.1241836547852,64.2081146240234,23177543,62.7684669494629
2021-08-04,63.4293441772461,64.4510955810547,63.2112922668457,64.1146621704102,22702917,62.6771087646484
2021-08-05,64.1707382202148,65.1924819946289,63.8716888427734,64.1831970214844,13050690,62.7441177368164
2021-08-06,64.39501953125,65.5787582397461,64.39501953125,65.1177215576172,17637083,63.6576957702637
2021-08-09,64.5196228027344,64.9619674682617,63.5664100646973,64.6130752563477,12768033,63.1643600463867
2021-08-10,64.6753768920898,66.2453842163086,64.2953414916992,66.0896301269531,12930790,64.6078109741211
2021-08-11,66.1706237792969,66.1706237792969,64.6816101074219,66.0647048950195,13330458,64.5834426879883
2021-08-12,66.1581573486328,66.8060989379883,65.566291809082,66.3637542724609,10270509,64.8757858276367
2021-08-13,66.3512954711914,66.4260559082031,65.1551055908203,65.3669281005859,9020462,63.9013175964355
2021-08-16,64.9370498657227,64.9806594848633,63.6972427368164,64.3887939453125,11101144,62.9451141357422
2021-08-17,63.884147644043,64.3389511108398,62.5259704589844,63.3109741210938,13125487,61.8914413452148
2021-08-18,62.9745445251465,64.4635543823242,62.7751808166504,63.1801414489746,10427487,61.7635498046875
2021-08-19,62.301685333252,62.8125610351562,61.4294624328613,61.9403343200684,17344153,60.5515403747559
2021-08-20,62.0462493896484,62.719108581543,61.7409706115723,62.332836151123,10203095,60.9352378845215
2021-08-23,62.6754951477051,63.2237510681152,62.469898223877,62.9060134887695,9642436,61.4955711364746
2021-08-24,63.1053771972656,64.4884719848633,62.962085723877,64.3389511108398,11007246,62.8963775634766
2021-08-25,64.39501953125,65.4977645874023,63.890380859375,65.229866027832,12627427,63.7673149108887
2021-08-26,65.0803375244141,65.1800231933594,64.0710525512695,64.4074859619141,13107992,62.9633712768555
2021-08-27,64.7314529418945,66.1332397460938,64.7314529418945,66.0958557128906,12473178,64.613899230957
2021-08-30,66.2453842163086,66.3263778686523,65.2921676635742,65.5351409912109,11469513,64.0657424926758
2021-08-31,65.3793869018555,66.2640762329102,65.0803375244141,65.6722106933594,17641256,64.1997451782227
2021-09-01,65.6410522460938,65.709587097168,64.3327178955078,64.5819244384766,12789542,63.1338996887207
2021-09-02,64.7937545776367,66.2516098022461,64.7812957763672,66.201774597168,13633178,64.7174377441406
2021-09-03,66.0397872924805,66.887092590332,64.8435974121094,65.2610168457031,12225833,63.7977676391602
2021-09-07,65.1052627563477,65.3793869018555,63.7408561706543,64.3514099121094,17639170,62.9085502624512
2021-09-08,64.1395874023438,65.2485580444336,62.5633544921875,63.9090690612793,19263203,62.4761276245117
2021-09-09,63.7720069885254,65.3669281005859,63.6162528991699,64.3514099121094,15066205,62.9085502624512
2021-09-10,64.3514099121094,64.7626037597656,63.4106559753418,63.547721862793,15350467,62.1228790283203
2021-09-13,63.9526824951172,65.3295516967773,63.5601806640625,65.0803375244141,20038302,63.6211547851562
2021-09-14,65.1301803588867,65.1364135742188,62.3452987670898,62.5384330749512,25717763,61.1362266540527
2021-09-15,62.7938690185547,63.8405380249023,62.7315673828125,63.647403717041,13007192,62.2203330993652
2021-09-16,63.7906951904297,63.983829498291,62.8125610351562,63.1365280151367,9601506,61.7209091186523
2021-09-17,63.0181541442871,63.4604988098145,62.3826789855957,62.5945053100586,17203387,61.1910438537598
2021-09-20,61.3671607971191,62.2206954956055,60.6008491516113,62.1833114624023,16217539,60.7890701293945
2021-09-21,62.2393836975098,62.2954559326172,59.9404525756836,60.3204917907715,25342171,58.968017578125
2021-09-22,60.8500556945801,61.6973609924316,60.8438262939453,61.3920822143555,18002884,60.0155868530273
2021-09-23,62.0088691711426,64.8435974121094,62.0026397705078,64.1458129882812,18620844,62.7075805664062
2021-09-24,63.958911895752,64.9183578491211,63.9215316772461,64.6691513061523,10528608,63.2683258056641
2021-09-27,65.1364135742188,66.2453842163086,65.0367279052734,65.6348266601562,12971559,64.2130737304688
2021-09-28,65.5974426269531,66.5070495605469,65.2485580444336,65.8715744018555,20146646,64.444709777832
2021-09-29,66.0397872924805,66.6628036499023,65.6099014282227,66.2142333984375,11876404,64.7799453735352
2021-09-30,66.2640762329102,66.7188720703125,64.1395874023438,64.1894302368164,14356273,62.7989959716797
2021-10-01,64.9058990478516,66.2827606201172,64.5881576538086,65.9276428222656,12992425,64.4995651245117
2021-10-04,65.6659774780273,66.712646484375,65.1675643920898,65.3544692993164,12288913,63.9388046264648
2021-10-05,65.4541473388672,66.0397872924805,64.6380004882812,65.3544692993164,9208740,63.9388046264648
2021-10-06,64.5943908691406,65.055419921875,63.5851020812988,64.9993515014648,11257962,63.5913696289062
2021-10-07,65.3170852661133,66.369987487793,64.9993515014648,65.7345123291016,10684302,64.3106155395508
2021-10-08,65.6472854614258,66.1768493652344,65.204948425293,65.2423248291016,6859525,63.8290863037109
2021-10-11,65.3170852661133,65.890266418457,64.7750625610352,64.8435974121094,6615872,63.4389991760254
2021-10-12,64.5196228027344,64.8186721801758,63.2735939025879,63.9962921142578,13722903,62.610050201416
2021-10-13,63.6723213195801,64.2953414916992,63.0368461608887,63.7720069885254,12065484,62.390625
2021-10-14,64.2579574584961,64.5756988525391,63.7782363891602,64.0087509155273,9853826,62.6222457885742
2021-10-15,64.5756988525391,65.9774856567383,64.2891082763672,65.049186706543,9069257,63.6401252746582
2021-10-18,64.5943908691406,65.1488723754883,64.1956558227539,64.8685150146484,6653913,63.4633750915527
2021-10-19,65.1551055908203,65.398078918457,64.5320892333984,65.2485580444336,6767714,63.8351898193359
2021-10-20,65.2610168457031,66.05224609375,64.712760925293,66.0397872924805,9803748,64.6092681884766
2021-10-21,65.890266418457,66.2827606201172,64.1769638061523,64.2641906738281,11588129,62.872142791748
2021-10-22,64.2018890380859,65.1114883422852,63.890380859375,64.8249053955078,8595273,63.4207229614258
2021-10-25,64.569465637207,66.0335540771484,64.376335144043,65.6036758422852,10427005,64.1826171875
2021-10-26,65.890266418457,69.1361846923828,65.5538330078125,66.9369277954102,18781193,65.4869842529297
2021-10-27,67.2110595703125,67.4602661132812,64.6006164550781,64.7003021240234,14420637,63.2988090515137
2021-10-28,64.4137115478516,65.6535186767578,64.233039855957,65.5787582397461,9487384,64.1582565307617
2021-10-29,65.3856201171875,65.566291809082,64.8685150146484,65.3357772827148,9018536,63.920524597168
2021-11-01,65.890266418457,66.5195083618164,65.5912170410156,66.1830825805664,7844250,64.7494735717773
2021-11-02,66.2516098022461,66.7500228881836,65.6036758422852,66.4696655273438,7192101,65.0298385620117
2021-11-03,66.1394729614258,66.2516098022461,65.3046264648438,66.0210952758789,6599661,64.5909957885742
2021-11-04,65.9587936401367,66.2889938354492,64.9744262695312,65.547607421875,7505094,64.1277542114258
2021-11-05,66.6191940307617,68.3137969970703,66.5693511962891,67.7468566894531,12202399,66.2793579101562
2021-11-08,68.1580429077148,68.7249908447266,67.4851837158203,67.5474853515625,8305554,66.0843124389648
2021-11-09,71.4787216186523,72.3758697509766,68.8309020996094,69.3355484008789,40325875,67.8336639404297
2021-11-10,70.0893936157227,70.2015380859375,67.3543548583984,67.883918762207,13952431,66.4134674072266
2021-11-11,67.6284790039062,68.2826461791992,66.5257415771484,66.6628036499023,8848557,65.2187957763672
2021-11-12,66.9120101928711,67.2422103881836,66.3263778686523,67.0303802490234,12240118,65.5784149169922
2021-11-15,67.3045120239258,67.703239440918,66.1643905639648,66.4572067260742,9831034,65.0176544189453
2021-11-16,66.1332397460938,66.1706237792969,64.05859375,64.3887939453125,19257424,62.9940643310547
2021-11-17,64.6068496704102,64.718994140625,63.1863708496094,63.5414886474609,13334471,62.165096282959
2021-11-18,63.1926002502441,63.4231147766113,61.7908134460449,62.719108581543,13692888,61.3605270385742
2021-11-19,62.1770820617676,62.7627182006836,61.8655738830566,62.2767639160156,10598911,60.9277687072754
2021-11-22,62.5945053100586,63.5290298461914,62.476131439209,62.9496231079102,9962170,61.5860557556152
2021-11-23,63.4106559753418,63.6785545349121,63.0181541442871,63.5975608825684,9648856,62.2199516296387
2021-11-24,63.4604988098145,63.7470855712891,63.1178398132324,63.6910133361816,8943739,62.3113822937012
2021-11-26,60.2208099365234,61.1179542541504,59.5043411254883,60.9559707641602,13815999,59.6355857849121
2021-11-29,61.8468856811523,62.5695838928223,60.3267211914062,61.304859161377,15692352,59.9769172668457
2021-11-30,60.2083473205566,60.7005348205566,58.8564033508301,59.1803703308105,18313148,57.8984489440918
2021-12-01,60.1522789001465,60.3641052246094,57.9031867980957,57.9405670166016,13895451,56.6854972839355
2021-12-02,58.6881866455078,59.6725540161133,57.822193145752,59.3298950195312,9782400,58.0447235107422
2021-12-03,59.2675933837891,59.4046592712402,57.1493377685547,57.7972755432129,12973646,56.5453033447266
2021-12-06,58.4701309204102,60.3641052246094,58.0900917053223,59.8158493041992,10721861,58.520149230957
2021-12-07,60.1834297180176,61.2612495422363,59.996524810791,60.7752952575684,8104115,59.4588241577148
2021-12-08,60.7752952575684,61.6412887573242,60.4201736450195,61.2300987243652,7635106,59.9037666320801
2021-12-09,60.9123573303223,61.1740264892578,60.4326362609863,60.9497375488281,6527432,59.6294860839844
2021-12-10,61.1117248535156,61.404541015625,60.0899772644043,60.4014854431152,6863859,59.0931091308594
2021-12-13,59.7909278869629,60.0588264465332,57.828426361084,58.0215606689453,11843339,56.7647399902344
2021-12-14,57.7848129272461,58.6009674072266,57.1431045532227,57.3860816955566,11654259,56.1430206298828
2021-12-15,57.4546165466309,57.5729866027832,56.1836585998535,57.3673934936523,12350388,56.1247253417969
2021-12-16,57.6415214538574,58.7754096984863,57.4421539306641,57.6477508544922,11440140,56.3990249633789
2021-12-17,57.5979080200195,57.9841804504395,56.1400489807129,56.9748916625977,14550168,55.7407455444336
2021-12-20,56.0715179443359,56.1338195800781,54.931396484375,56.0590553283691,9651745,54.892765045166
2021-12-21,56.5200881958008,58.3579902648926,56.5200881958008,57.9779472351074,12227117,56.7717323303223
2021-12-22,57.8907279968262,58.3829116821289,57.4172325134277,57.9841804504395,7485993,56.7778358459473
2021-12-23,58.1274719238281,58.9000129699707,58.1274719238281,58.5635833740234,6236589,57.3451843261719
2021-12-27,58.3330688476562,58.9810066223145,58.2209243774414,58.9498558044434,5503703,57.7234230041504
2021-12-28,58.8314819335938,59.8594589233398,58.7131080627441,59.3735084533691,6503676,58.1382522583008
2021-12-29,59.1866035461426,59.4856491088867,58.8377113342285,59.0557670593262,5602577,57.8271255493164
2021-12-30,58.9747772216797,59.7971572875977,58.8937835693359,58.999698638916,5247049,57.7722282409668
2021-12-31,58.8750915527344,59.167911529541,58.5012817382812,58.8564033508301,6092452,57.6319198608398
2022-01-03,59.3236656188965,60.7067642211914,59.0308456420898,59.9591445922852,7415209,58.7117156982422
2022-01-04,61.5416069030762,62.332836151123,61.1117248535156,61.9091835021973,12237390,60.6211814880371
2022-01-05,62.133472442627,63.4168853759766,61.8593444824219,61.9091835021973,9461542,60.6211814880371
2022-01-06,62.5820426940918,62.9745445251465,61.9403343200684,62.2705345153809,6864983,60.9750061035156
2022-01-07,62.1770820617676,63.6972427368164,62.1583938598633,63.1739082336426,10029103,61.8595962524414
2022-01-10,63.3732757568359,63.547721862793,61.6412887573242,61.9403343200684,9259300,60.6516799926758
2022-01-11,62.4823608398438,63.7782363891602,62.2829933166504,63.4168853759766,9107137,62.0975189208984
2022-01-12,63.1926002502441,63.9339904785156,63.161449432373,63.6972427368164,7316816,62.3720512390137
2022-01-13,63.7283935546875,64.5756988525391,63.4231147766113,63.8343086242676,7034320,62.5062561035156
2022-01-14,63.3358955383301,64.3389511108398,62.8686294555664,64.2704162597656,7030789,62.933277130127
2022-01-18,63.8966102600098,64.6255416870117,63.647403717041,64.1022033691406,13499795,62.7685737609863
2022-01-19,63.9776000976562,64.1645050048828,62.5945053100586,62.6879577636719,9147425,61.3837585449219
2022-01-20,62.4449806213379,63.4168853759766,61.0369606018066,61.2114067077637,9045502,59.9379272460938
2022-01-21,60.8687477111816,61.2737083435059,59.7223968505859,59.996524810791,12964978,58.7483139038086
2022-01-24,58.9311637878418,60.7067642211914,57.4982261657715,60.3765640258789,15847565,59.1204490661621
2022-01-25,56.7692947387695,57.5418357849121,55.0123901367188,56.7630653381348,33629909,55.5821304321289
2022-01-26,57.0122718811035,57.2614784240723,54.856632232666,55.6478652954102,17073695,54.4901313781738
2022-01-27,56.0715179443359,57.1742553710938,54.8690948486328,56.0092163085938,12527109,54.8439674377441
2022-01-28,55.6354064941406,57.4172325134277,55.3550491333008,57.3798522949219,10398756,56.1860809326172
2022-01-31,57.0745735168457,58.9124755859375,56.7132263183594,58.8626327514648,11238219,57.638011932373
2022-02-01,59.1866035461426,61.3173179626465,59.0308456420898,61.0245018005371,13080224,59.7549018859863
2022-02-02,60.8500556945801,61.4170036315918,59.9093017578125,61.0805740356445,8926564,59.8098106384277
2022-02-03,60.5260887145996,61.7783508300781,60.1522789001465,61.2550163269043,9972924,59.9806213378906
2022-02-04,60.8687477111816,62.332836151123,60.8313674926758,61.6848983764648,10278374,60.4015579223633
2022-02-07,61.9091835021973,62.6692657470703,61.3671607971191,62.2393836975098,7039456,60.9445114135742
2022-02-08,62.2892265319824,62.6131935119629,61.4481544494629,61.8718032836914,8279712,60.5845832824707
2022-02-09,62.4574394226074,62.5945053100586,61.7534294128418,61.8344230651855,10632457,60.5479850769043
2022-02-10,61.2986297607422,62.7253379821777,61.0556526184082,61.5478363037109,8848717,60.2673530578613
2022-02-11,61.6911277770996,62.4449806213379,59.9155311584473,60.3267211914062,11966771,59.0716400146484
2022-02-14,60.2519607543945,60.6818428039551,59.5354919433594,60.1834297180176,11172731,58.9313354492188
2022-02-15,61.0494232177734,63.161449432373,61.0245018005371,62.8748626708984,10741924,61.5667686462402
2022-02-16,62.3577575683594,63.4916496276855,62.233154296875,63.1801414489746,7850670,61.8656997680664
2022-02-17,62.5197410583496,62.5695838928223,60.9808883666992,61.3422393798828,6229366,60.066032409668
2022-02-18,61.3173179626465,61.6599807739258,57.2677116394043,57.7474327087402,25110235,56.5460205078125
2022-02-22,57.7162818908691,59.3236656188965,57.5480651855469,58.6570358276367,12349746,57.436695098877
2022-02-23,58.4327507019043,59.0993804931641,57.510684967041,57.7225112915039,11839969,56.5216102600098
2022-02-24,56.4390983581543,57.996639251709,54.6385803222656,57.653980255127,18285861,56.4545097351074
2022-02-25,58.1960067749023,60.6943016052246,57.9779472351074,60.0401344299316,11191511,58.7910118103027
2022-02-28,59.0370788574219,59.6974754333496,58.6445770263672,59.5043411254883,10142743,58.2663764953613
2022-03-01,59.1616821289062,59.8470001220703,57.2365608215332,57.5231475830078,10806289,56.3263893127441
2022-03-02,58.2271575927734,59.1554527282715,57.9904098510742,58.6632652282715,7131107,57.4427871704102
2022-03-03,59.1492195129395,59.3735084533691,57.3050918579102,57.5979080200195,7420184,56.3995971679688
2022-03-04,56.2085800170898,56.3705635070801,54.5264358520508,55.5357246398926,13545059,54.3803215026855
2022-03-07,55.2429046630859,55.5793342590332,53.1371078491211,53.1931800842285,11428423,52.13330078125
2022-03-08,54.2211570739746,56.3518753051758,53.2990913391113,54.9189376831055,11006283,53.8246650695801
2022-03-09,56.9811210632324,57.9343376159668,56.7568359375,56.8502883911133,10394261,55.7175369262695
2022-03-10,54.6821899414062,57.0683441162109,54.4828224182129,56.9001312255859,13026132,55.7663879394531
2022-03-11,57.8159637451172,58.3268394470215,57.1057243347168,57.4919967651367,11342229,56.3464660644531
2022-03-14,57.5916786193848,58.5573539733887,57.2801704406738,57.5979080200195,9700540,56.4502601623535
2022-03-15,58.096321105957,58.2894554138184,56.856517791748,57.5356063842773,8189827,56.3892021179199
2022-03-16,58.2333869934082,59.4607276916504,57.7785835266113,58.999698638916,8954332,57.8241233825684
2022-03-17,58.6881866455078,59.5417213439941,58.1337013244629,59.5167999267578,6982315,58.330924987793
2022-03-18,59.5541801452637,59.753547668457,58.9124755859375,59.5541801452637,11872231,58.3675575256348
2022-03-21,58.8439407348633,59.6351737976074,58.3455276489258,59.0744590759277,8799280,57.8973960876465
2022-03-22,59.336124420166,59.9529113769531,58.9373931884766,59.1242980957031,7730288,57.9462432861328
2022-03-23,58.924934387207,58.9747772216797,58.2583084106445,58.3766784667969,7854202,57.2135162353516
2022-03-24,58.8065605163574,58.825252532959,58.3455276489258,58.6383476257324,8561245,57.4699668884277
2022-03-25,58.8377113342285,59.1305313110352,58.1960067749023,58.5760459899902,9227359,57.4089126586914
2022-03-28,58.3143768310547,58.339298248291,56.5200881958008,57.3175506591797,12069336,56.1754875183105
2022-03-29,57.9530296325684,59.167911529541,57.9530296325684,58.9685478210449,13794811,57.793586730957
2022-03-30,58.3268394470215,59.2738227844238,58.1274719238281,58.924934387207,9042452,57.7508544921875
2022-03-31,58.407829284668,58.5324325561523,56.9873504638672,57.0060424804688,13203013,55.8701858520508
2022-04-01,57.3798522949219,57.6664428710938,56.7630653381348,57.6228294372559,9054811,56.4746780395508
2022-04-04,57.4296951293945,57.5169143676758,56.6322326660156,57.3300094604492,8249536,56.1876983642578
2022-04-05,57.1057243347168,57.5293769836426,56.0154457092285,56.1338195800781,10787509,55.0153541564941
2022-04-06,55.6790161132812,56.1774291992188,54.7133407592773,56.0154457092285,10556215,54.8993339538574
2022-04-07,55.9593734741211,56.1213607788086,54.2585372924805,55.7350883483887,11391666,54.6245651245117
2022-04-08,55.7537803649902,56.2397308349609,55.2117538452148,55.9095344543457,6447980,54.7955360412598
2022-04-11,55.7849311828613,57.0621147155762,55.4671897888184,55.8659210205078,8655143,54.7527847290039
2022-04-12,56.0715179443359,56.9063606262207,55.6354064941406,56.0715179443359,7240254,54.954288482666
2022-04-13,56.171199798584,56.9748916625977,56.0652885437012,56.5387802124023,6362268,55.412239074707
2022-04-14,56.7194557189941,57.411003112793,56.4640197753906,56.5886192321777,6146543,55.4610862731934
2022-04-18,56.6758422851562,57.0060424804688,56.0092163085938,56.3207244873047,6291965,55.1985168457031
2022-04-19,56.5699310302734,57.4795341491699,56.5699310302734,57.2552490234375,7394824,56.114429473877
2022-04-20,57.6290588378906,58.0091018676758,56.8502883911133,56.9437408447266,6424385,55.8091354370117
2022-04-21,57.9094161987305,58.4265213012695,56.9624328613281,57.1431045532227,7225326,56.004524230957
2022-04-22,56.6260032653809,56.8814392089844,55.4360389709473,55.4921112060547,7967682,54.3864288330078
2022-04-25,55.1369934082031,56.0715179443359,53.9407997131348,55.996753692627,11080599,54.8810119628906
2022-04-26,52.9252815246582,53.0997276306152,48.8507537841797,50.208927154541,46154289,49.2085075378418
2022-04-27,49.8413505554199,50.9316291809082,48.5143241882324,48.7261505126953,20213257,47.7552757263184
2022-04-28,48.8382911682129,49.0314254760742,47.2558288574219,48.4271011352539,19277327,47.4621810913086
2022-04-29,48.2775764465332,48.6763076782227,46.3213043212891,46.4459075927734,16677077,45.5204734802246
2022-05-02,46.1593208312988,47.2433662414551,45.2372550964355,47.0689239501953,18536095,46.1310653686523
2022-05-03,47.8788452148438,48.7635307312012,47.3368225097656,48.383487701416,12595004,47.4194374084473
2022-05-04,48.7136878967285,50.3210716247559,48.1093635559082,50.109245300293,12019739,49.1108131408691
2022-05-05,49.455078125,49.8911895751953,48.3211898803711,48.9628944396973,11491503,47.9873008728027
2022-05-06,48.800910949707,48.8382911682129,47.4676551818848,48.7386093139648,8609237,47.7674865722656
2022-05-09,47.8352355957031,47.9473762512207,45.1936416625977,45.461540222168,11266308,44.5557136535645
2022-05-10,46.1032485961914,46.5393600463867,44.321418762207,45.6733665466309,10974181,44.7633171081543
2022-05-11,45.9537239074707,46.4645957946777,44.8945960998535,45.1313400268555,12465152,44.2320823669434
2022-05-12,44.6952285766602,46.2340812683105,44.3401107788086,45.6546745300293,13844409,44.7450065612793
2022-05-13,46.3462257385254,47.3305892944336,46.1967010498047,46.7574157714844,8309406,45.8257675170898
2022-05-16,46.2963829040527,46.975471496582,45.9350318908691,46.4957466125488,10451563,45.5693206787109
2022-05-17,47.4801139831543,48.0969009399414,47.218448638916,47.5984878540039,7218585,46.6500854492188
2022-05-18,47.1312255859375,47.6732482910156,46.6141204833984,46.8508682250977,11337253,45.9173545837402
2022-05-19,46.7262649536133,47.6857109069824,46.3836059570312,47.1872978210449,9992827,46.2470817565918
2022-05-20,47.4178123474121,47.6234092712402,45.6484451293945,46.8820190429688,11782667,45.9478988647461
2022-05-23,47.3617401123047,47.5984878540039,46.732494354248,47.0128517150879,8467508,46.0761184692383
2022-05-24,46.558048248291,46.6452713012695,44.8945960998535,46.4272155761719,9837776,45.5021438598633
2022-05-25,45.7730484008789,46.4708290100098,45.2434844970703,46.4334487915039,11389740,45.5082550048828
2022-05-26,46.8633270263672,48.4146385192871,46.5393600463867,47.9785270690918,7528368,47.0225486755371
2022-05-27,48.1529731750488,49.0812683105469,47.9660682678223,49.0688095092773,7819853,48.0911102294922
2022-05-31,48.5641632080078,49.2432518005371,48.4457893371582,48.7759895324707,8332038,47.804126739502
2022-06-01,49.2681732177734,49.4924583435059,47.7791633605957,48.2962684631348,9514991,47.3339614868164
2022-06-02,48.6077766418457,49.0065078735352,48.0782127380371,48.5953140258789,9897164,47.6270523071289
2022-06-03,47.8103141784668,48.0657501220703,47.143684387207,47.9536094665527,8463013,46.9981307983398
2022-06-06,48.5392456054688,48.7759895324707,47.8290023803711,47.972297668457,7614722,47.0164451599121
2022-06-07,47.9162254333496,48.6887664794922,47.455192565918,48.5953140258789,8227386,47.6270523071289
2022-06-08,47.7791633605957,48.7697601318359,47.6732482910156,48.0719795227051,5418794,47.1141395568848
2022-06-09,47.9037666320801,48.0034484863281,46.5705108642578,46.5892028808594,8114548,45.6609115600586
2022-06-10,45.4926910400391,45.5799140930176,44.0722122192383,44.3774909973145,15384656,43.4932632446289
2022-06-13,43.2809791564941,43.6111793518066,41.8293533325195,42.1907005310059,15183217,41.350040435791
2022-06-14,42.3339958190918,42.9320907592773,42.0723304748535,42.396297454834,8634919,41.5515365600586
2022-06-15,42.9632415771484,43.6236381530762,42.2405433654785,43.050464630127,10576600,42.1926803588867
2022-06-16,41.7608184814453,41.8916549682617,40.4026412963867,40.6767692565918,14550650,39.8662757873535
2022-06-17,40.6144676208496,41.5739135742188,40.2095069885254,41.1191139221191,14449368,40.2998085021973
2022-06-21,42.0287170410156,42.4025268554688,40.9384384155273,40.9633598327637,12972362,40.1471633911133
2022-06-22,39.985221862793,40.745304107666,39.9789924621582,40.2095069885254,15573094,39.408332824707
2022-06-23,40.1035957336426,40.5459365844727,39.2999038696289,39.916690826416,10841280,39.1213493347168
2022-06-24,40.2842712402344,42.3464546203613,40.1347465515137,41.7919692993164,16044991,40.9592628479004
2022-06-27,42.0349464416504,42.3028450012207,41.2063331604004,41.5614547729492,10911904,40.7819709777832
2022-06-28,42.0224876403809,42.6455039978027,40.7203826904297,41.0443496704102,11313819,40.2745704650879
2022-06-29,40.9508972167969,41.1191139221191,39.4245071411133,39.6799430847168,11088303,38.9357490539551
2022-06-30,38.9697036743164,39.7235565185547,38.4775199890137,39.6674842834473,13967359,38.9235229492188
2022-07-01,39.5553398132324,40.2095069885254,38.7578773498535,39.5864906311035,10997455,38.8440551757812
2022-07-05,38.3217658996582,38.6955757141113,37.3373985290527,38.6457366943359,12889860,37.9209442138672
2022-07-06,38.3529167175293,38.8513298034668,37.8358154296875,38.3591461181641,7852596,37.6397247314453
2022-07-07,38.9821662902832,39.3310546875,38.5896644592285,39.2500610351562,10110160,38.5139312744141
2022-07-08,39.1753005981445,40.1098251342773,38.7516479492188,39.4058151245117,9940822,38.6667671203613
2022-07-11,38.8700218200684,39.0133171081543,38.265697479248,38.570972442627,7662393,37.8475761413574
2022-07-12,38.0040283203125,40.2032775878906,38.0040283203125,39.262523651123,11678496,38.5261611938477
2022-07-13,38.6581954956055,39.0631561279297,38.1348609924316,38.6332740783691,6961770,37.9087142944336
2022-07-14,38.0040283203125,38.1037101745605,37.3810119628906,38.0601005554199,8179393,37.3462944030762
2022-07-15,38.676887512207,39.2438316345215,37.9977989196777,39.162841796875,9391720,38.4283409118652
2022-07-18,40.1160545349121,40.5583992004395,39.4556579589844,39.673713684082,10607899,38.9296379089355
2022-07-19,40.1845855712891,41.6175270080566,40.1721267700195,41.5801467895508,10070675,40.8003082275391
2022-07-20,41.3060188293457,42.5395927429199,41.1502647399902,42.2966156005859,11004036,41.5033493041992
2022-07-21,42.1782417297363,42.5769729614258,41.8044319152832,42.4461402893066,9551106,41.6500625610352
2022-07-22,42.6143531799316,42.8386383056641,42.2654647827148,42.4835205078125,9009387,41.6867408752441
2022-07-25,41.978874206543,42.9445533752441,41.7608184814453,42.5894317626953,9468604,41.7906723022461
2022-07-26,43.4118156433105,45.7107467651367,43.081615447998,44.5519371032715,28957643,43.7163734436035
2022-07-27,44.8572158813477,45.1064224243164,43.6734809875488,44.5955467224121,11570152,43.7591590881348
2022-07-28,46.4459075927734,46.6639633178711,45.4241600036621,45.5674514770508,18063717,44.712833404541
2022-07-29,45.4802322387695,46.4272155761719,45.1251106262207,46.047176361084,12729511,45.1835670471191
2022-08-01,45.6671371459961,47.5673370361328,45.2870941162109,47.2246780395508,14685317,46.3389854431152
2022-08-02,46.875789642334,47.3804321289062,46.3026123046875,46.3275337219238,9290599,45.4586639404297
2022-08-03,46.6764221191406,46.9131698608398,46.1406288146973,46.564281463623,9678390,45.6909713745117
2022-08-04,46.4085273742676,46.5082092285156,45.8291206359863,45.8976516723633,6942669,45.0368499755859
2022-08-05,45.7481269836426,46.7511863708496,45.6048355102539,46.3275337219238,7447953,45.4586639404297
2022-08-08,47.2745208740234,47.8352355957031,46.6390419006348,46.8384056091309,9833442,45.9599609375
2022-08-09,46.9567794799805,47.4053535461426,46.6452713012695,46.6826515197754,7581496,45.8071250915527
2022-08-10,47.4801139831543,48.4707107543945,47.2932090759277,48.0595207214355,16331500,47.1581687927246
2022-08-11,48.5953140258789,49.3491668701172,48.5703926086426,49.1560287475586,14557872,48.2341194152832
2022-08-12,49.3990058898926,49.8226585388184,48.9442024230957,49.797737121582,8273452,48.8637886047363
2022-08-15,49.4114685058594,49.9347991943359,49.2681732177734,49.7229766845703,5467107,48.7904205322266
2022-08-16,49.4176979064941,50.6512718200684,49.3055534362793,50.5079765319824,9268610,49.5607032775879
2022-08-17,49.8787307739258,50.0780944824219,49.3803176879883,49.7915077209473,6485057,48.8576736450195
2022-08-18,49.698055267334,49.7728157043457,49.2245635986328,49.3491668701172,6421014,48.4236259460449
2022-08-19,48.9068222045898,48.9628944396973,48.1405143737793,48.4208717346191,5801930,47.5127410888672
2022-08-22,47.4302749633789,47.455192565918,46.3275337219238,46.5892028808594,8143279,45.7154312133789
2022-08-23,46.7200355529785,48.1592025756836,46.6764221191406,47.4115829467773,7642490,46.5223808288574
2022-08-24,47.4427337646484,48.1467437744141,47.2745208740234,47.8103141784668,7649392,46.9136428833008
2022-08-25,48.2028121948242,49.6419830322266,48.1654319763184,48.6825370788574,8349212,47.7695007324219
2022-08-26,48.8382911682129,48.9815864562988,46.8570976257324,46.8944778442383,8628819,46.0149765014648
2022-08-29,46.6265830993652,47.872615814209,46.2776908874512,47.3804321289062,7868808,46.4918212890625
2022-08-30,47.8227729797363,48.0844421386719,46.3088417053223,46.807258605957,6886330,45.9293975830078
2022-08-31,46.9817008972168,47.218448638916,45.704517364502,45.7543563842773,10274200,44.8962364196777
2022-09-01,45.635986328125,45.635986328125,44.5020942687988,45.5300712585449,8002191,44.676155090332
2022-09-02,45.972412109375,46.3275337219238,44.9257469177246,45.1251106262207,6479760,44.2787895202637
2022-09-06,45.1687202453613,45.2559432983398,44.321418762207,44.9568977355957,6472859,44.1137351989746
2022-09-07,44.7949104309082,45.9412612915039,44.6827697753906,45.8415794372559,5494394,44.9818305969238
2022-09-08,45.1936416625977,46.1530876159668,44.907054901123,45.9599533081055,5810597,45.0979843139648
2022-09-09,46.4334487915039,46.7075729370117,45.903881072998,46.1281661987305,10795534,45.2630386352539
2022-09-12,46.3586845397949,47.6545600891113,46.2652320861816,46.9256286621094,11661482,46.0455474853516
2022-09-13,45.6422157287598,46.0160255432129,43.9974517822266,44.1345138549805,11574005,43.3067741394043
2022-09-14,44.047290802002,44.2341957092285,42.7887992858887,43.6298713684082,9968109,42.811595916748
2022-09-15,43.4741172790527,44.1033630371094,42.8324089050293,42.9320907592773,7908775,42.1269035339355
2022-09-16,40.745304107666,41.4929237365723,40.6082382202148,41.3620872497559,22966955,40.5863418579102
2022-09-19,40.8636741638184,42.0474090576172,40.7826843261719,41.7732810974121,8045047,40.9898300170898
2022-09-20,41.399471282959,41.8667335510254,41.0817337036133,41.4866943359375,8379870,40.7086067199707
2022-09-21,41.7545890808105,41.7857398986816,40.5957794189453,40.6331596374512,10164733,39.8710861206055
2022-09-22,40.4960975646973,40.9384384155273,40.1970481872559,40.7203826904297,11345279,39.9566650390625
2022-09-23,40.2157363891602,40.5459365844727,39.5927200317383,40.2157363891602,13124524,39.4615020751953
2022-09-26,40.2032775878906,41.2187957763672,40.0039138793945,40.0911331176758,16780605,39.3880462646484
2022-09-27,40.4026412963867,40.6892318725586,39.5678024291992,40.1658973693848,12596770,39.4615020751953
2022-09-28,40.4898643493652,40.5334777832031,39.9914512634277,40.15966796875,10686228,39.455379486084
2022-09-29,39.7297859191895,39.9416122436523,38.577205657959,39.0818481445312,14124337,38.3964576721191
2022-09-30,39.0257759094238,39.430736541748,38.5522842407227,38.570972442627,12709126,37.8945388793945
2022-10-03,39.1005363464355,40.1098251342773,38.7204971313477,39.6238708496094,8721754,38.9289741516113
2022-10-04,40.4213333129883,42.1408615112305,40.4151039123535,42.0785598754883,12441557,41.3406219482422
2022-10-05,41.5489921569824,42.495979309082,41.1502647399902,42.0162582397461,9327837,41.2794036865234
2022-10-06,41.5739135742188,42.0411796569824,40.9882774353027,41.256175994873,7953396,40.5326461791992
2022-10-07,40.8761367797852,40.982048034668,39.9353828430176,40.2219696044922,6856315,39.5165863037109
2022-10-10,40.5272483825684,40.8823661804199,39.9104614257812,40.4836349487305,5764210,39.7736625671387
2022-10-11,40.1783561706543,40.6580810546875,39.2999038696289,39.8730773925781,8500412,39.1738166809082
2022-10-12,39.6799430847168,40.7577629089355,39.2874412536621,40.3341102600098,8598323,39.6267547607422
2022-10-13,39.6799430847168,42.5894317626953,39.3684349060059,42.327766418457,12818915,41.5854568481445
2022-10-14,42.5520515441895,42.8511009216309,41.8605041503906,42.0972480773926,9106174,41.3589744567871
2022-10-17,42.9570121765137,43.7295532226562,42.6330451965332,42.7576484680176,8251944,42.0077972412109
2022-10-18,43.7295532226562,44.321418762207,43.567569732666,44.047290802002,9806637,43.2748260498047
2022-10-19,43.7793960571289,44.221736907959,43.1999893188477,43.9413795471191,8408280,43.1707763671875
2022-10-20,44.0846748352051,44.6142387390137,43.5052680969238,43.5924911499023,9609852,42.827995300293
2022-10-21,43.6111793518066,45.4179306030273,43.4554252624512,45.3680877685547,10352529,44.5724563598633
2022-10-24,45.4802322387695,46.3026123046875,45.3369369506836,45.704517364502,10913990,44.9029846191406
2022-10-25,46.7262649536133,46.8820190429688,44.2840385437012,45.4802322387695,15445168,44.6826324462891
2022-10-26,45.6609077453613,47.7417831420898,45.5986022949219,47.0128517150879,12975572,46.1883773803711
2022-10-27,47.5361862182617,48.3647994995117,47.2807502746582,47.3492813110352,10105505,46.5189018249512
2022-10-28,47.7791633605957,48.8258323669434,47.7106323242188,48.800910949707,8648081,47.945068359375
2022-10-31,48.458251953125,49.1311111450195,48.3087272644043,48.4769401550293,10585428,47.626781463623
2022-11-01,48.9442024230957,49.8974189758301,48.2526550292969,48.7261505126953,9174391,47.8716278076172
2022-11-02,48.6513862609863,49.629524230957,48.1467437744141,48.2215042114258,10230221,47.3758277893066
2022-11-03,47.8913078308105,49.0812683105469,47.7043991088867,48.8320617675781,13947456,47.9756813049316
2022-11-04,49.8351173400879,50.5640487670898,49.4862289428711,50.5079765319824,11558435,49.6222038269043
2022-11-07,50.5328979492188,52.2337341308594,50.5079765319824,51.9969863891602,12864178,51.0851020812988
2022-11-08,52.208812713623,52.7757568359375,51.4923439025879,52.3334159851074,10052376,51.4156303405762
2022-11-09,51.8474617004395,52.8255996704102,51.6480979919434,51.8038520812988,7961743,50.8953552246094
2022-11-10,53.0997276306152,53.3738555908203,52.4268684387207,53.1931800842285,13786304,52.2603187561035
2022-11-11,53.4423866271973,54.0654029846191,53.0498847961426,53.7725868225098,12490513,52.8295555114746
2022-11-14,53.5669898986816,54.2647666931152,53.3738555908203,53.4735374450684,7906367,52.5357627868652
2022-11-15,53.9158782958984,54.588737487793,53.7165145874023,54.2896881103516,7913108,53.3375930786133
2022-11-16,54.0965538024902,54.1588554382324,52.7383766174316,52.8941307067871,7629328,51.9665145874023
2022-11-17,52.177661895752,53.4361572265625,51.8412322998047,53.1994094848633,7466411,52.2664413452148
2022-11-18,53.8847274780273,54.2959175109863,52.862979888916,53.2554817199707,6555521,52.3215293884277
2022-11-21,53.0249633789062,53.5794486999512,52.7882194519043,53.5109176635742,5247691,52.5724906921387
2022-11-22,53.7663536071777,54.5700454711914,53.5794486999512,54.3893737792969,6797569,53.4355316162109
2022-11-23,54.2211570739746,54.8005638122559,54.1650848388672,54.7444915771484,5867738,53.7844200134277
2022-11-25,54.6385803222656,55.0622291564941,54.420524597168,54.9127044677734,3040207,53.9496803283691
2022-11-28,54.3270683288574,54.5513572692871,53.0561141967773,53.2492523193359,6876058,52.3154067993164
2022-11-29,53.4236946105957,53.5296096801758,52.931510925293,53.3676223754883,7205262,52.4317016601562
2022-11-30,53.3551635742188,53.7975044250488,51.8287734985352,53.5607604980469,11654259,52.621452331543
2022-12-01,53.7102813720703,53.9594917297363,52.8754425048828,53.1184158325195,6806718,52.1868629455566
2022-12-02,52.6885375976562,54.171314239502,52.5888519287109,54.1277046203613,7191459,53.1784439086914
2022-12-05,53.4797668457031,53.6105995178223,52.7196884155273,52.7446060180664,7568656,51.8196067810059
2022-12-06,53.9594917297363,54.2647666931152,52.6262321472168,53.1308784484863,9444207,52.1991081237793
2022-12-07,52.9564323425293,53.6292915344238,52.8442916870117,52.9564323425293,7801715,52.0277214050293
2022-12-08,53.3302421569824,53.6978225708008,51.5172653198242,52.1029014587402,10334231,51.1891593933105
2022-12-09,52.0966682434082,52.208812713623,50.6699600219727,50.7447242736816,8899117,49.8547973632812
2022-12-12,50.9129371643066,51.8723831176758,50.4830551147461,51.8412322998047,7480054,50.9320793151855
2022-12-13,52.6885375976562,52.8941307067871,51.0437698364258,51.6356353759766,12391318,50.7300758361816
2022-12-14,51.3241271972656,51.9222259521484,50.6761894226074,50.7571830749512,12271899,49.9152145385742
2022-12-15,49.8849601745605,50.5951995849609,48.9068222045898,49.0999603271484,15598294,48.2854804992676
2022-12-16,48.4644813537598,48.8133697509766,47.7791633605957,48.3772583007812,15978540,47.5747680664062
2022-12-19,48.1280517578125,48.8133697509766,48.0969009399414,48.6326942443848,7061125,47.8259735107422
2022-12-20,48.6202354431152,50.3397636413574,48.5018615722656,50.0469436645508,11196647,49.2167625427246
2022-12-21,50.4892845153809,52.0779800415039,50.4456748962402,51.697940826416,12127441,50.8403701782227
2022-12-22,51.1995277404785,51.5297241210938,50.0157928466797,50.9440879821777,9730074,50.0990219116211
2022-12-23,50.9067077636719,51.3303604125977,50.4394454956055,50.9565505981445,5286213,50.1112823486328
2022-12-27,51.0873832702637,51.766471862793,51.0250816345215,51.6107177734375,6804792,50.7546005249023
2022-12-28,51.7041702270508,51.8163108825684,50.6512718200684,51.0686912536621,6210907,50.2215614318848
2022-12-29,51.2431373596191,52.27734375,51.0873832702637,52.177661895752,7088733,51.312141418457
2022-12-30,51.6543273925781,52.352108001709,51.5733375549316,52.2025833129883,6625342,51.3366394042969
2023-01-03,52.3645668029785,53.0125045776367,52.0468292236328,52.9439735412598,10280781,52.065731048584
2023-01-04,54.5969657897949,56.0255393981934,53.2721481323242,56.0255393981934,21031104,55.09619140625
2023-01-05,55.7861137390137,57.102954864502,55.0678367614746,56.895450592041,16001061,55.9516639709473
2023-01-06,57.4700736999512,57.7254600524902,56.464485168457,57.4142074584961,13018044,56.4618186950684
2023-01-09,57.4620895385742,58.9864311218262,57.4301681518555,57.9968070983887,9488844,57.0347518920898
2023-01-10,57.6217079162598,60.1516342163086,57.6217079162598,60.0718269348145,11597142,59.0753479003906
2023-01-11,60.5107727050781,62.011173248291,60.2633666992188,62.0031929016113,12729603,60.9746780395508
2023-01-12,62.1548271179199,63.2162818908691,61.6839561462402,62.9369506835938,14407871,61.8929557800293
2023-01-13,62.873104095459,64.3256225585938,62.6496391296387,64.0063858032227,13843395,62.9446449279785
2023-01-17,63.7829208374023,64.3735046386719,63.6552276611328,64.2378311157227,10640727,63.1722526550293
2023-01-18,64.5969696044922,64.7885055541992,63.1604156494141,63.2641677856445,9816378,62.2147369384766
2023-01-19,62.2027130126953,62.8491630554199,61.1891441345215,61.3407821655273,13045860,60.3232612609863
2023-01-20,61.9233856201172,62.0510787963867,60.3910598754883,61.9952125549316,10351409,60.9668312072754
2023-01-23,61.9393463134766,63.8627281188965,61.8834800720215,63.6632080078125,13729748,62.6071586608887
2023-01-24,62.2505989074707,64.5251388549805,61.8276138305664,64.4054260253906,16767395,63.3370552062988
2023-01-25,63.6711883544922,64.9241790771484,63.3918609619141,64.4772567749023,10652380,63.4077033996582
2023-01-26,65.0279312133789,65.1077423095703,63.9425392150879,64.7565841674805,8158534,63.6824035644531
2023-01-27,64.6448516845703,67.0311279296875,64.5650405883789,66.4245834350586,9760244,65.3227386474609
2023-01-30,65.770149230957,66.0414962768555,64.3814849853516,64.5091781616211,7175806,63.4390983581543
2023-01-31,64.2059097290039,64.5730285644531,63.4237823486328,64.229850769043,8625026,63.1644096374512
2023-02-01,64.0622482299805,65.8180389404297,63.8547477722168,65.6983261108398,9112192,64.608512878418
2023-02-02,65.5945739746094,67.0630493164062,65.3631286621094,66.9912185668945,10391129,65.8799514770508
2023-02-03,66.6480484008789,66.7917022705078,65.2992782592773,65.4110107421875,7240085,64.3259582519531
2023-02-06,65.0199508666992,65.7940902709961,64.8363952636719,65.7222671508789,5425114,64.6320571899414
2023-02-07,65.4269714355469,65.7382278442383,64.2777328491211,65.5307235717773,5891982,64.4436950683594
2023-02-08,65.1955337524414,65.9217910766602,64.88427734375,65.4110107421875,4269472,64.3259582519531
2023-02-09,65.7142868041992,65.9457321166992,64.1979217529297,64.4772567749023,4838334,63.4077033996582
2023-02-10,64.4932174682617,64.9241790771484,64.1660003662109,64.8762969970703,4373095,63.8001251220703
2023-02-13,64.8044662475586,66.1771774291992,64.7087020874023,65.9856338500977,5114245,64.8910522460938
2023-02-14,65.5466842651367,66.8874664306641,65.4110107421875,66.671989440918,6726731,65.5660400390625
2023-02-15,65.9297714233398,67.6695938110352,65.7940902709961,67.6536331176758,7305617,66.5313873291016
2023-02-16,66.7278518676758,67.4700698852539,66.2250595092773,67.0790100097656,5645893,65.9663009643555
2023-02-17,66.7118911743164,66.8954544067383,65.6264953613281,66.2729415893555,5543523,65.1735992431641
2023-02-21,65.5546722412109,66.5442962646484,65.2912979125977,65.6504364013672,5101965,64.5614242553711
2023-02-22,65.5706329345703,67.3024749755859,65.5227432250977,66.3926544189453,10829053,65.2913360595703
2023-02-23,66.632080078125,67.3663177490234,65.3631286621094,66.1931381225586,10120732,65.0951232910156
2023-02-24,65.2513961791992,66.863525390625,65.1636047363281,66.6799697875977,8704340,65.5738830566406
2023-02-27,67.0391082763672,67.725456237793,66.632080078125,66.9114151000977,8007297,65.8014755249023
2023-02-28,66.7358322143555,68.3559494018555,66.6081390380859,67.6057434082031,11441143,66.4843063354492
2023-03-01,67.5658416748047,68.1245040893555,66.8395843505859,67.1508407592773,7512988,66.0369338989258
2023-03-02,66.7198715209961,68.419792175293,66.5442962646484,68.4118118286133,8546337,67.2769927978516
2023-03-03,68.5554656982422,69.4652862548828,67.956901550293,68.9385452270508,9618780,67.7949752807617
2023-03-06,69.1460494995117,70.0877914428711,69.0103759765625,69.4812469482422,8084105,68.3920288085938
2023-03-07,69.4014358520508,69.8962478637695,68.7150802612305,68.9465255737305,8643445,67.8656921386719
2023-03-08,69.2498016357422,69.7605743408203,68.6911392211914,69.4173965454102,7598067,68.3291854858398
2023-03-09,71.7956924438477,75.770149230957,71.6440505981445,73.072624206543,35826152,71.9271011352539
2023-03-10,73.3439712524414,75.1795654296875,72.4580993652344,72.6256942749023,23152683,71.487190246582
2023-03-13,71.5881881713867,72.4102172851562,69.9600982666016,71.0055847167969,14201502,69.8924789428711
2023-03-14,72.7613754272461,74.2857131958008,71.9872283935547,72.7613754272461,14218418,71.6207504272461
2023-03-15,71.0215454101562,71.6360702514648,68.9944152832031,71.6360702514648,15107797,70.513069152832
2023-03-16,71.348762512207,73.5035934448242,70.6863555908203,73.3998413085938,10183883,72.2491912841797
2023-03-17,73.2561874389648,73.2881088256836,71.3088607788086,72.0590591430664,12765689,70.929443359375
2023-03-20,72.3304061889648,72.8092575073242,71.3567428588867,71.7637634277344,8705343,70.6387786865234
2023-03-21,72.609733581543,74.253791809082,72.5937728881836,73.5674362182617,8553980,72.4141693115234
2023-03-22,73.8148422241211,73.9026336669922,71.4684753417969,71.5003967285156,8784783,70.379524230957
2023-03-23,72.3304061889648,74.1819610595703,72.250602722168,73.096565246582,10834691,71.9506759643555
2023-03-24,72.2825241088867,73.7031097412109,72.0830001831055,72.9209899902344,8342975,71.7778625488281
2023-03-27,73.6472473144531,74.7326431274414,73.5115737915039,74.4692764282227,7524516,73.3018646240234
2023-03-28,74.4932174682617,74.8124465942383,73.8707122802734,74.3335952758789,5023152,73.1683044433594
2023-03-29,74.9960098266602,75.3551483154297,74.7565841674805,75.0678405761719,6162254,73.8910446166992
2023-03-30,74.9800491333008,75.2673568725586,74.6687927246094,75.0598526000977,6623107,73.883186340332
2023-03-31,75.4429397583008,76.3527526855469,75.2673568725586,76.2968902587891,9247391,75.100830078125
2023-04-03,76.4166030883789,77.3663177490234,76.1053466796875,77.3503570556641,6199468,76.1377639770508
2023-04-04,77.3822860717773,78.1085433959961,75.5546722412109,75.8579406738281,8554983,74.6687545776367
2023-04-05,75.8020782470703,76.0734252929688,74.7486038208008,75.2194747924805,10642230,74.0402984619141
2023-04-06,75.11572265625,75.3312072753906,74.65283203125,74.7007217407227,8025340,73.5296783447266
2023-04-10,74.88427734375,75.81005859375,74.7087020874023,75.3072662353516,7499832,74.1267166137695
2023-04-11,75.4269714355469,75.7861099243164,74.9241790771484,74.948127746582,6663078,73.7732162475586
2023-04-12,75.2274551391602,75.5546722412109,74.8683166503906,75.0997619628906,8768118,73.9224624633789
2023-04-13,75.3232269287109,75.5706329345703,74.5969696044922,75.2593765258789,11044694,74.0795745849609
2023-04-14,74.9082183837891,76.3288116455078,74.8683166503906,76.1691970825195,7211767,74.9751205444336
2023-04-17,76.3128509521484,77.2944946289062,76.2011184692383,77.2306442260742,7676003,76.0199508666992
2023-04-18,77.4142074584961,78.6272964477539,77.3024749755859,78.5873870849609,8909832,77.3554229736328
2023-04-19,78.675178527832,79.2577819824219,78.5474853515625,79.0343170166016,7038101,77.7953414916992
2023-04-20,79.2498016357422,80.1835556030273,79.0582580566406,79.6169204711914,8661237,78.3688049316406
2023-04-21,79.7924957275391,79.8723068237305,79.114128112793,79.4173965454102,5112741,78.1724166870117
2023-04-24,79.4732666015625,80.422981262207,79.4732666015625,79.9281692504883,7833505,78.6751861572266
2023-04-25,81.3647232055664,81.4126129150391,77.8531494140625,78.5634460449219,11649768,77.3318557739258
2023-04-26,78.3958511352539,78.5714263916016,76.6879501342773,76.7837219238281,8032357,75.5800399780273
2023-04-27,77.4301681518555,78.3639297485352,77.094970703125,78.2601776123047,9348633,77.0333404541016
2023-04-28,77.5179595947266,79.5849990844727,77.3184356689453,78.9864349365234,6279159,77.7482147216797
2023-05-01,79.4014358520508,81.4046325683594,79.3056640625,80.7501983642578,7408237,79.4843139648438
2023-05-02,80.2952880859375,81.4285736083984,79.9600982666016,81.0135650634766,7485046,79.7435607910156
2023-05-03,81.3088607788086,82.1628112792969,80.8539505004883,81.2210693359375,5917543,79.9478073120117
2023-05-04,80.9976043701172,81.2051086425781,77.7414245605469,79.2657623291016,9055431,78.0231628417969
2023-05-05,80.2713470458984,81.2130889892578,79.6089401245117,80,6302841,78.7458724975586
2023-05-08,79.9840393066406,80.6943359375,79.9840393066406,80.5427017211914,4282128,79.2800903320312
2023-05-09,80.422981262207,81.324821472168,80.422981262207,80.6065444946289,6520737,79.3429260253906
2023-05-10,80.9896240234375,81.1412582397461,78.5794067382812,79.4413375854492,5053224,78.1959915161133
2023-05-11,79.3296127319336,79.7924957275391,78.8667221069336,79.4173965454102,5117628,78.1724166870117
2023-05-12,79.4732666015625,79.8084564208984,77.980842590332,78.8507614135742,4332874,77.6146621704102
2023-05-15,79.1221084594727,81.6520385742188,79.0263366699219,81.4046325683594,7973716,80.1285018920898
2023-05-16,80.7901077270508,81.5881881713867,80.5187530517578,80.7102966308594,5523851,79.4450378417969
2023-05-17,81.3008804321289,82.6656036376953,81.0454940795898,82.5778121948242,6871703,81.2832794189453
2023-05-18,82.1149215698242,83.2242584228516,81.1891479492188,83.0087814331055,5772320,81.7075119018555
2023-05-19,83.4158020019531,84.42138671875,82.8731079101562,83.2082977294922,7230687,81.9038696289062
2023-05-22,83.0806045532227,84.5490798950195,83.0806045532227,83.4397430419922,4996087,82.1316986083984
2023-05-23,82.8890686035156,83.1125335693359,80.8300094604492,81.1652069091797,5738239,79.892822265625
2023-05-24,80.8300094604492,80.9816436767578,79.7366333007812,80.5905838012695,6275400,79.3272094726562
2023-05-25,80.92578125,81.4764556884766,80.2394256591797,81.0215454101562,6737506,79.7514190673828
2023-05-26,81.0774154663086,82.9608917236328,81.0534744262695,81.9952087402344,6796523,80.7098007202148
2023-05-30,82.2186737060547,82.2585754394531,80.3351974487305,81.7238616943359,7098370,80.4427261352539
2023-05-31,80.861930847168,81.2769317626953,79.577018737793,81.0295257568359,13358734,79.75927734375
2023-06-01,80.7741394042969,83.9345550537109,80.6624069213867,83.535514831543,7797043,82.2259750366211
2023-06-02,84.1979217529297,85.1636047363281,83.4317626953125,84.4373474121094,7477278,83.1136856079102
2023-06-05,84.4373474121094,84.4373474121094,83.0806045532227,83.0806045532227,5108732,81.778190612793
2023-06-06,83.2641677856445,84.6847534179688,83.0806045532227,84.1660003662109,7794036,82.8465805053711
2023-06-07,85.1077423095703,85.6584167480469,84.3096542358398,84.6608123779297,9121088,83.3336334228516
2023-06-08,84.4692764282227,85.5706329345703,84.3016738891602,84.65283203125,4477596,83.3257675170898
2023-06-09,84.8284149169922,85.0359115600586,83.8627319335938,84.8363952636719,4365076,83.506462097168
2023-06-12,84.8443756103516,85.3072662353516,84.3176345825195,84.7805252075195,4677449,83.4514694213867
2023-06-13,84.6209106445312,85.514762878418,84.4453277587891,85.1875534057617,5411582,83.8521118164062
2023-06-14,85.1715850830078,85.2354354858398,82.9688720703125,83.559455871582,6429268,82.2495422363281
2023-06-15,83.3519515991211,84.3096542358398,82.9928207397461,84.1260986328125,8733159,82.8072891235352
2023-06-16,84.5570602416992,86.9114151000977,84.5490798950195,84.8284149169922,13731752,83.4986038208008
2023-06-20,84.6608123779297,84.7645645141602,82.5299301147461,83.0167617797852,8068443,81.7153549194336
2023-06-21,82.7134857177734,84.3495635986328,82.6656036376953,83.8387832641602,5983576,82.5244903564453
2023-06-22,83.5275344848633,84.4293670654297,83.5115737915039,83.6552276611328,5292046,82.3438186645508
2023-06-23,82.274543762207,83.2960891723633,81.9154052734375,82.8252182006836,7532911,81.5268096923828
2023-06-26,82.6256942749023,83.8866729736328,82.4900207519531,83.3599395751953,5326378,82.0531616210938
2023-06-27,83.5035934448242,83.9664764404297,83.2881088256836,83.7350387573242,5973427,82.4223709106445
2023-06-28,84.0303268432617,85.6903457641602,83.7749404907227,85.4349594116211,6009012,84.0956497192383
2023-06-29,84.7725448608398,86.0574645996094,84.6288909912109,85.9856338500977,4070746,84.6376800537109
2023-06-30,86.9832382202148,87.9968109130859,86.671989440918,87.6695938110352,9250648,86.2952499389648
2023-07-03,87.0391082763672,87.2545852661133,85.6424560546875,86.4166030883789,3723916,85.0619125366211
2023-07-05,86.3687133789062,86.9832382202148,86.001594543457,86.7118911743164,4588235,85.3525619506836
2023-07-06,86.2011184692383,86.7917022705078,85.283317565918,85.6903457641602,4594375,84.3470153808594
2023-07-07,85.5067825317383,86.8874664306641,85.34716796875,86.4086227416992,4843847,85.0540390014648
2023-07-10,86.5203475952148,88.3719100952148,86.4884262084961,88.212287902832,5805400,86.8936386108398
2023-07-11,88.3719100952148,89.0103759765625,87.9728622436523,88.7629699707031,4746113,87.4360961914062
2023-07-12,88.8188323974609,89.3615341186523,88.4996032714844,88.7470092773438,5403938,87.4203643798828
2023-07-13,88.7869110107422,89.2418212890625,88.443733215332,88.8108520507812,3477075,87.4832534790039
2023-07-14,88.5873870849609,88.7629699707031,87.8132476806641,88.0127716064453,3405529,86.6970977783203
2023-07-17,88.1245040893555,89.5051879882812,87.9090194702148,88.6991195678711,4557412,87.3731994628906
2023-07-18,88.5075836181641,89.2498016357422,88.2043075561523,88.6352767944336,4476718,87.310302734375
2023-07-19,88.0526733398438,88.4357528686523,86.8555450439453,87.7015151977539,5604920,86.3905181884766
2023-07-20,87.8212280273438,89.2577819824219,87.7573852539062,88.7789306640625,5158852,87.4518051147461
2023-07-21,88.9385452270508,89.2897033691406,87.6456527709961,88.0526733398438,10277106,86.7364196777344
2023-07-24,88.1085433959961,88.5714263916016,87.8371887207031,87.9888305664062,6687261,86.6735305786133
2023-07-25,91.3806838989258,94.1420593261719,90.6863555908203,93.5035934448242,21329067,92.1058578491211
2023-07-26,93.4876327514648,93.6871490478516,90.5427017211914,91.556266784668,9449750,90.187629699707
2023-07-27,92.2266540527344,93.5833969116211,91.7238616943359,92.1149215698242,7752311,90.7379302978516
2023-07-28,92.2027130126953,92.4580993652344,90.9976043701172,91.2929000854492,5600785,89.9281921386719
2023-07-31,91.3328018188477,91.580207824707,90.7581787109375,91.1731872558594,5169252,89.8102798461914
2023-08-01,90.7342376708984,91.1412582397461,89.600959777832,90.3591384887695,6595040,89.0083923339844
2023-08-02,90.1596145629883,90.5826034545898,89.3296127319336,89.3615341186523,5377375,88.0257110595703
2023-08-03,89.2498016357422,90.3192367553711,89.0263366699219,89.6727828979492,4347409,88.3322982788086
2023-08-04,90.0399017333984,90.8778915405273,89.2258605957031,90.2314453125,6118274,88.8826141357422
2023-08-07,90.6145248413086,91.7637634277344,90.6145248413086,91.5642471313477,4140914,90.1954879760742
2023-08-08,91.2929000854492,91.6440505981445,90.2793273925781,90.6225051879883,4735463,89.267822265625
2023-08-09,90.9018325805664,90.92578125,89.369514465332,89.5211486816406,3900213,88.1829223632812
2023-08-10,89.7446136474609,91.811653137207,89.7446136474609,90.6384658813477,5853515,89.2835388183594
2023-08-11,90.6145248413086,92.0909805297852,90.5427017211914,91.4604949951172,4463437,90.0932922363281
2023-08-14,91.3806838989258,92.4580993652344,91.1412582397461,92.2186737060547,4916020,90.8401260375977
2023-08-15,91.5003967285156,91.5083770751953,90.5586624145508,90.861930847168,4276614,89.5036697387695
2023-08-16,90.7661590576172,92.0510787963867,90.5586624145508,90.6384658813477,4614924,89.2835388183594
2023-08-17,90.9656829833984,91.2929000854492,88.5395050048828,88.5554656982422,5734981,87.231689453125
2023-08-18,88.0287322998047,89.3296127319336,87.8052673339844,89.2178802490234,5651281,87.8842086791992
2023-08-21,89.4173965454102,89.7685546875,88.6033554077148,89.4014358520508,3686075,88.0650024414062
2023-08-22,89.5051879882812,90.2234649658203,88.4596939086914,89.114128112793,3308421,87.7820129394531
2023-08-23,88.9864349365234,90.7901077270508,88.9864349365234,90.5586624145508,3568043,89.2049407958984
2023-08-24,90.3431777954102,90.9497222900391,88.6033554077148,88.6193161010742,4211960,87.2945861816406
2023-08-25,88.9465255737305,89.6807632446289,87.9648818969727,89.3615341186523,3903596,88.0257110595703
2023-08-28,89.8244247436523,91.2051086425781,89.5051879882812,90.9497222900391,3524313,89.5901641845703
2023-08-29,90.7182769775391,92.3144454956055,90.1197128295898,92.043098449707,5833091,90.6671981811523
2023-08-30,91.6600189208984,92.2426147460938,90.9417419433594,91.2290496826172,6086573,89.8653030395508
2023-08-31,91.4445343017578,91.7318420410156,90.8300094604492,91.348762512207,5218620,89.9832305908203
2023-09-01,91.7956924438477,92.1468505859375,90.6065444946289,91.1731872558594,4435119,89.8102798461914
2023-09-05,90.7342376708984,91.1332778930664,89.6328811645508,90.0877914428711,4406550,88.7411041259766
2023-09-06,90.063850402832,91.0375137329102,89.3296127319336,89.9281692504883,5018014,88.583869934082
2023-09-07,89.5610504150391,90.3032684326172,88.9146041870117,89.2178802490234,4139035,87.8842086791992
2023-09-08,88.9864349365234,89.4094161987305,88.7629699707031,89.1620101928711,3170967,87.8291778564453
2023-09-11,89.5849990844727,91.2210693359375,89.4812469482422,91.1891479492188,5272499,89.8259963989258
2023-09-12,91.1811676025391,93.2322463989258,90.9816436767578,91.7797317504883,5275255,90.4077529907227
2023-09-13,91.5323257446289,92.0670394897461,89.8962478637695,90.6624069213867,3508651,89.3071441650391
2023-09-14,91.2769317626953,93.5434951782227,91.2370300292969,92.2984848022461,6637768,90.9187622070312
2023-09-15,92.1149215698242,92.505989074707,91.1412582397461,92.1707916259766,8437076,90.79296875
2023-09-18,92.4022369384766,93.7190704345703,91.7158813476562,93.0327224731445,4700880,91.6420059204102
2023-09-19,92.5937728881836,93.1205139160156,91.9553070068359,92.7454147338867,3882045,91.3590087890625
2023-09-20,93.0008010864258,93.9106140136719,91.6360702514648,91.6600189208984,5134919,90.2898406982422
2023-09-21,90.9417419433594,91.2529907226562,89.4333572387695,90.1755752563477,5760292,88.8275756835938
2023-09-22,90.1037521362305,90.3431777954102,88.6432571411133,88.7869110107422,6249463,87.4596862792969
2023-09-25,88.3639297485352,89.3535537719727,88.2920989990234,89.1620101928711,4741101,87.8923721313477
2023-09-26,88.5873870849609,89.3375930786133,87.5897827148438,87.7334365844727,6022043,86.4841384887695
2023-09-27,88.2920989990234,89.07421875,87.9090194702148,88.4996032714844,5912656,87.2393951416016
2023-09-28,88.6352767944336,90.1755752563477,88.4517135620117,89.6568222045898,5518337,88.3801498413086
2023-09-29,89.8882675170898,89.9840393066406,87.7174758911133,88.2282485961914,4924165,86.9719009399414
2023-10-02,88.1484451293945,88.7470092773438,86.2729415893555,86.8236236572266,5389278,85.5872802734375
2023-10-03,86.440544128418,87.7813262939453,85.4269714355469,86.001594543457,8624900,84.7769622802734
2023-10-04,86.1691970825195,87.158821105957,85.6823654174805,86.8715057373047,4876551,85.6344757080078
2023-10-05,86.4884262084961,87.1109313964844,85.538703918457,86.7677536010742,4819539,85.5322113037109
2023-10-06,86.4724655151367,89.3056640625,86.1532287597656,88.9624862670898,5284026,87.6956939697266
2023-10-09,88.5953674316406,88.6991195678711,87.4221878051758,87.9968109130859,5418473,86.7437591552734
2023-10-10,88.7549896240234,90.1755752563477,88.4676742553711,88.9704742431641,5707039,87.7035751342773
2023-10-11,89.3854751586914,90.5027923583984,89.2338409423828,90.3910598754883,3580573,89.1039276123047
2023-10-12,90.5826034545898,90.7741394042969,88.3958511352539,88.8507614135742,3861746,87.5855407714844
2023-10-13,88.8268127441406,88.9624862670898,86.7198715209961,87.2944946289062,4578337,86.0514526367188
2023-10-16,87.7015151977539,88.5235443115234,86.1851577758789,87.1029510498047,5616698,85.8626403808594
2023-10-17,86.7917022705078,88.3399810791016,86.2410202026367,87.8052673339844,4916647,86.5549468994141
2023-10-18,87.0071792602539,87.4541091918945,85.7222671508789,85.8499603271484,6080433,84.6274871826172
2023-10-19,85.9297714233398,87.0710296630859,85.1316833496094,85.3551483154297,5035055,84.1397171020508
2023-10-20,85.1556243896484,85.5865936279297,84.2218704223633,84.6608123779297,9714760,83.4552688598633
2023-10-23,84.9800491333008,86.4325637817383,84.7565841674805,85.1476440429688,7300229,83.9351654052734
2023-10-24,88.6272964477539,91.6919403076172,86.4485244750977,90.6783752441406,15904078,89.3871459960938
2023-10-25,91.2450103759766,91.2450103759766,88.6592178344727,88.7470092773438,8224191,87.4832763671875
2023-10-26,89.2019119262695,89.6408615112305,85.3711090087891,86.8316040039062,9738191,85.5951385498047
2023-10-27,87.1827621459961,87.6616134643555,84.3814849853516,84.8762969970703,6677237,83.6676864624023
2023-10-30,85.81005859375,88.1723861694336,85.7302474975586,87.6376724243164,5611435,86.3897399902344
2023-10-31,87.3982467651367,87.5897827148438,86.2649612426758,86.695930480957,6349452,85.4614028930664
2023-11-01,86.4325637817383,86.4565048217773,84.461296081543,85.5945739746094,12703791,84.3757400512695
2023-11-02,86.8954544067383,87.1747817993164,85.6823654174805,86.0175552368164,9398127,84.7926864624023
2023-11-03,86.632080078125,87.3503570556641,86.2649612426758,86.927375793457,6941620,85.689567565918
2023-11-06,87.2226638793945,89.2897033691406,86.6240997314453,89.2098922729492,6131806,87.9395751953125
2023-11-07,88.8747024536133,90.1276931762695,88.4756546020508,89.2258605957031,5237415,87.9552993774414
2023-11-08,89.5450897216797,91.0215454101562,89.3774948120117,90.861930847168,6065021,89.5680847167969
2023-11-09,91.2609710693359,91.5961685180664,90.1276931762695,90.2553863525391,5786605,88.9701690673828
2023-11-10,90.7661590576172,92.2266540527344,90.3351974487305,91.9952087402344,4382618,90.6852188110352
2023-11-13,91.8914566040039,93.0247421264648,91.5482864379883,92.1947326660156,5753776,90.8819122314453
2023-11-14,92.9768524169922,93.8228225708008,92.2346343994141,93.5754165649414,6007634,92.2429351806641
2023-11-15,93.3439712524414,93.7749404907227,92.3543472290039,92.8172378540039,5245309,91.4955444335938
2023-11-16,93.0486831665039,94.9401473999023,92.8252182006836,94.9241790771484,5825072,93.5724868774414
2023-11-17,95.2354354858398,95.8339996337891,94.9241790771484,95.7142868041992,5186418,94.3513412475586
2023-11-20,95.7142868041992,96.3607330322266,95.4828414916992,95.8260192871094,5190678,94.4614944458008
2023-11-21,95.6105346679688,95.9696731567383,95.0039901733398,95.6823654174805,3506019,94.3198776245117
2023-11-22,95.6903457641602,96.1612167358398,95.2593765258789,95.4509201049805,3773785,94.0917282104492
2023-11-24,95.7541885375977,96.0494842529297,95.514762878418,95.746208190918,1981995,94.3828125
2023-11-27,95.5307235717773,96.0255355834961,95.2274551391602,95.746208190918,3984415,94.3828125
2023-11-28,95.746208190918,95.8579406738281,94.6209106445312,94.8523559570312,4378107,93.5016860961914
2023-11-29,95.3870697021484,95.5307235717773,94.5331192016602,94.8603363037109,3792831,93.5095596313477
2023-11-30,95.0119705200195,97.2386245727539,94.8922576904297,97.2067031860352,10174611,95.822509765625
2023-12-01,97.1268920898438,98.3639297485352,96.9433364868164,97.7653656005859,5668572,96.3732070922852
2023-12-04,97.2146835327148,97.6935348510742,96.695930480957,96.9912185668945,4747116,95.6100921630859
2023-12-05,96.5762176513672,96.7118911743164,95.7621688842773,95.9537124633789,3688206,94.5873641967773
2023-12-06,96.632080078125,97.8292083740234,95.5307235717773,95.6185150146484,3964241,94.256950378418
2023-12-07,95.3711090087891,95.7861099243164,94.3096542358398,95.3551483154297,5064626,93.9973220825195
2023-12-08,95.051872253418,96.4245834350586,94.9561080932617,96.2410202026367,4925418,94.8705825805664
2023-12-11,96.2410202026367,96.4964065551758,95.4828414916992,95.9936141967773,4643869,94.6266860961914
2023-12-12,96.5602569580078,97.749397277832,96.2569808959961,97.621711730957,4664543,96.2316055297852
2023-12-13,97.4700698852539,97.6536331176758,96.1851577758789,96.7118911743164,5506309,95.3347396850586
2023-12-14,96.671989440918,97.6855545043945,95.6903457641602,96.8475646972656,10454155,95.4684753417969
2023-12-15,97.6935348510742,98.6991195678711,97.2306442260742,98.3479614257812,13586279,96.947509765625
2023-12-18,98.6991195678711,98.8347930908203,98.2442169189453,98.675178527832,5206215,97.2700805664062
2023-12-19,98.7230682373047,100.542701721191,98.7230682373047,100.510772705078,5957138,99.0795440673828
2023-12-20,100.10375213623,100.734237670898,98.3399810791016,98.4596939086914,6231921,97.0576553344727
2023-12-21,99.1460494995117,101.396644592285,99.114128112793,101.332801818848,5185165,99.8898544311523
2023-12-22,101.667999267578,102.178771972656,100.70231628418,101.109336853027,4030650,99.6695709228516
2023-12-26,101.197128295898,101.923385620117,101.069435119629,101.731842041016,2480063,100.283218383789
2023-12-27,101.276931762695,102.482040405273,101.237030029297,102.314445495605,3314310,100.920860290527
2023-12-28,102.154830932617,103.112533569336,102.003189086914,102.410217285156,3965494,101.015312194824
2023-12-29,102.346366882324,102.537910461426,101.324821472168,101.859535217285,4441133,100.472152709961
2024-01-02,101.364723205566,102.274543762207,99.9521179199219,100.518753051758,5189425,99.1496276855469
2024-01-03,99.8563461303711,99.936149597168,98.6831588745117,99.0103759765625,4531850,97.6617965698242
2024-01-04,99.2019119262695,100.375099182129,99.0981674194336,99.4892272949219,4364199,98.1341171264648
2024-01-05,99.6807632446289,100.830009460449,99.5450897216797,100.790107727051,4190157,99.4172897338867
2024-01-08,100.734237670898,102.498008728027,99.1300888061523,102.378288269043,6920068,100.983825683594
2024-01-09,101.572227478027,102.777336120605,101.316841125488,102.777336120605,4815028,101.37744140625
2024-01-10,102.713485717773,103.886672973633,102.561851501465,103.511573791504,4571320,102.101684570312
2024-01-11,103.846771240234,103.910614013672,102.003189086914,103.615325927734,5014005,102.20401763916
2024-01-12,104.229850769043,104.389465332031,103.096565246582,103.583396911621,5640380,102.172523498535
2024-01-16,103.112533569336,103.631286621094,101.548286437988,102.130882263184,6314619,100.739791870117
2024-01-17,101.691940307617,102.697525024414,100.710296630859,101.260971069336,5031171,99.881721496582
2024-01-18,101.516357421875,102.689544677734,101.173187255859,102.593772888184,6508082,101.196380615234
2024-01-19,102.713485717773,103.790901184082,101.707901000977,103.599365234375,6154611,102.188278198242
2024-01-22,103.974464416504,105.562652587891,103.958503723145,104.732643127441,10052443,103.306114196777
2024-01-23,101.859535217285,105.251396179199,100.957702636719,103.711090087891,13333800,102.298484802246
2024-01-24,103.96647644043,104.06224822998,100.917793273926,103.695129394531,10785198,102.282722473145
2024-01-25,104.261772155762,105.746208190918,103.503593444824,103.695129394531,6086573,102.282722473145
2024-01-26,104.173980712891,105.538703918457,104.06224822998,104.700721740723,4696495,103.274627685547
2024-01-29,104.868316650391,105.45890045166,103.503593444824,104.628890991211,6126544,103.20378112793
2024-01-30,104.932159423828,107.166801452637,104.724662780762,106.887466430664,7871346,105.431594848633
2024-01-31,106.759773254395,107.318435668945,105.442939758301,105.68236541748,6253472,104.242889404297
2024-02-01,106.16919708252,108.108543395996,105.722267150879,108.068634033203,6190572,106.596664428711
2024-02-02,108.084594726562,109.66480255127,107.773345947266,108.970474243164,6103864,107.486236572266
2024-02-05,108.523544311523,110.646446228027,108.339981079102,109.904228210449,7158013,108.407249450684
2024-02-06,109.88028717041,110.446929931641,109.002395629883,109.800476074219,6026178,108.304916381836
2024-02-07,110.630485534668,110.79808807373,110.079811096191,110.534713745117,5807655,109.029159545898
2024-02-08,110.654426574707,111.316841125488,110.33519744873,110.973663330078,4327110,109.462127685547
2024-02-09,110.941741943359,111.276931762695,110.303268432617,111.1572265625,4324604,109.643188476562
2024-02-12,111.364723205566,112.386276245117,110.853950500488,111.867515563965,4516313,110.343803405762
2024-02-13,111.596168518066,113.160415649414,110.68635559082,113.144454956055,9054930,111.603355407715
2024-02-14,114.126098632812,117.238624572754,113.607345581055,116.919395446777,13116028,115.326881408691
2024-02-15,117.318435668945,118.826812744141,117.150840759277,118.411811828613,8627532,116.798965454102
2024-02-16,118.874702453613,120,118.523544311523,119.042297363281,8616756,117.420852661133
2024-02-20,118.930564880371,119.984039306641,117.972862243652,118.611335754395,7166032,116.99577331543
2024-02-21,118.491622924805,119.225860595703,117.845169067383,118.970474243164,5302571,117.35001373291
2024-02-22,119.592979431152,121.508377075195,119.592979431152,121.04549407959,5753024,119.396774291992
2024-02-23,121.308860778809,122.745414733887,121.237030029297,122.370307922363,7066168,120.703544616699
2024-02-26,122.633682250977,123.846771240234,122.553871154785,123.519554138184,7705449,121.837135314941
2024-02-27,123.695129394531,123.711090087891,122.186752319336,122.897048950195,7300354,121.223106384277
2024-02-28,123.032722473145,125.22745513916,122.761375427246,124.18994140625,7633025,122.498397827148
2024-02-29,124.493217468262,125.442939758301,123.782920837402,125.211494445801,8177329,123.506042480469
2024-03-01,125.299278259277,127.150840759277,125.195533752441,126.616119384766,8698201,124.891532897949
2024-03-04,127.190742492676,129.106140136719,126.560256958008,128.499603271484,8402242,126.749351501465
2024-03-05,128.906631469727,129.409423828125,124.964088439941,125.985633850098,8003663,124.26961517334
2024-03-06,126.975257873535,128.475662231445,126.472465515137,127.294494628906,8198755,125.560661315918
2024-03-07,129.321624755859,133.064651489258,128.946533203125,132.881088256836,14393838,131.071166992188
2024-03-08,135.283325195312,140.311248779297,133.559463500977,134.046295166016,21242234,132.220489501953
2024-03-11,133.351959228516,134.41340637207,130.071823120117,132.928970336914,9338609,131.118362426758
2024-03-12,133.639266967773,133.918594360352,130.830001831055,133.647247314453,6928589,131.826889038086
2024-03-13,132.09098815918,136.51237487793,132.09098815918,135.80207824707,8462887,133.952362060547
2024-03-14,135.873901367188,136.27294921875,132.186752319336,133.080612182617,9460777,131.267974853516
2024-03-15,132.202713012695,136.073425292969,131.596176147461,134.788513183594,13263757,132.952606201172
2024-03-18,134.844375610352,136.27294921875,134.541107177734,135.602554321289,6228788,133.755569458008
2024-03-19,135.522750854492,138.810852050781,134.87629699707,138.435760498047,9360787,136.550201416016
2024-03-20,137.757385253906,139.489227294922,137.278533935547,138.810852050781,7229434,136.920181274414
2024-03-21,139.361526489258,141.300872802734,138.14045715332,140.973663330078,7890893,139.053512573242
2024-03-22,140.70231628418,141.660018920898,139.728652954102,139.784515380859,6842132,137.880569458008
2024-03-25,139.393463134766,140.071823120117,137.901031494141,138.459701538086,6288181,136.573791503906
2024-03-26,138.459701538086,139.704711914062,137.589782714844,138.507583618164,5056983,136.621002197266
2024-03-27,139.680770874023,143.942535400391,139.409423828125,143.750991821289,12606433,141.793014526367
2024-03-28,143.615325927734,143.631286621094,139.130081176758,140.087783813477,12122274,138.1796875
2024-04-01,140.143661499023,140.486831665039,138.116516113281,139.952117919922,7399592,138.045867919922
2024-04-02,140.529998779297,144.509994506836,133.990005493164,136.470001220703,20490400,134.611190795898
2024-04-03,138.149993896484,147.940002441406,138.009994506836,145.619995117188,16208500,143.636566162109
2024-04-04,146.649993896484,151.990005493164,146.210006713867,147.389999389648,11880200,145.382461547852
2024-04-05,148.529998779297,156.470001220703,148.529998779297,156.300003051758,14777900,154.171096801758
2024-04-08,157.470001220703,157.949996948242,153.699996948242,156.520004272461,9588800,154.388092041016
2024-04-09,156.130004882812,157.869995117188,150.929992675781,154.490005493164,8807300,152.385757446289
2024-04-10,151.889999389648,157.789993286133,151.649993896484,156.610000610352,8075400,154.476867675781
2024-04-11,157.070007324219,158.440002441406,154.75,157.679992675781,6063200,155.532287597656
2024-04-12,155.899993896484,156.979995727539,153.029998779297,154.630004882812,6851300,152.795166015625
2024-04-15,157.199996948242,158.690002441406,152.690002441406,153.699996948242,6423700,151.876220703125
2024-04-16,152.699996948242,157.020004272461,152,156.759994506836,6187200,154.899871826172
2024-04-17,158,158.679992675781,153.630004882812,155.669998168945,6519900,153.822830200195
2024-04-18,156.679992675781,158,152.880004882812,152.940002441406,6186600,151.125228881836
2024-04-19,153.449996948242,153.529998779297,146.779998779297,148.059997558594,9566100,146.303131103516
2024-04-22,148.830001831055,151.910003662109,148.830001831055,150.190002441406,7322800,148.407867431641
2024-04-23,157.830001831055,163.649993896484,152.820007324219,162.619995117188,19250900,160.690338134766
2024-04-24,161.869995117188,162.339996337891,155.559997558594,159.190002441406,10416000,157.301071166992
2024-04-25,158.089996337891,161.479995727539,157.119995117188,161.259994506836,5908200,159.346496582031
2024-04-26,161.009994506836,163.369995117188,160.309997558594,162.350006103516,5898000,160.423568725586
2024-04-29,163,166.070007324219,163,164.490005493164,5371700,162.538177490234
2024-04-30,163.559997558594,166.259994506836,161.580001831055,161.820007324219,6723600,159.899856567383
2024-05-01,162.570007324219,163.300003051758,158.820007324219,159.699996948242,4775800,157.804992675781
2024-05-02,161.389999389648,162.820007324219,159.419998168945,162.639999389648,5030400,160.71012878418
2024-05-03,165.300003051758,165.300003051758,162.009994506836,164.110000610352,3968600,162.162673950195
2024-05-06,165.119995117188,167.979995727539,165.029998779297,167.970001220703,4831600,165.97688293457
2024-05-07,167.809997558594,170.800003051758,167.220001220703,168.779998779297,4781800,166.777252197266
2024-05-08,168.100006103516,170.190002441406,168.100006103516,168.860000610352,4878200,166.856323242188
2024-05-09,168.759994506836,169.339996337891,167.130004882812,167.5,4968800,165.512466430664
2024-05-10,167.910003662109,168.740005493164,163.110000610352,163.380004882812,5711300,161.441345214844
2024-05-13,163.080001831055,163.110000610352,158.860000610352,159.5,7768600,157.607376098633
2024-05-14,158.639999389648,160.820007324219,158.029998779297,160,6103500,158.101440429688
2024-05-15,160,163.740005493164,159.229995727539,163.470001220703,7133300,161.530288696289
2024-05-16,163,163.919998168945,161.089996337891,161.119995117188,4283200,159.208145141602
2024-05-17,161.820007324219,161.880004882812,159.100006103516,159.889999389648,5946300,157.992736816406
2024-05-20,159.919998168945,161.419998168945,158.820007324219,159.279998779297,5586800,157.389953613281
2024-05-21,157.940002441406,161.220001220703,157.360000610352,161,5071300,159.089584350586
2024-05-22,160.490005493164,161.740005493164,159.729995727539,160.809997558594,4432200,158.90185546875
2024-05-23,161.990005493164,166.270004272461,161.75,165.259994506836,7411500,163.299026489258
2024-05-24,165.830001831055,169.149993896484,163.850006103516,167.330001831055,5500300,165.344482421875
2024-05-28,167,168.649993896484,165.309997558594,168.559997558594,5749700,166.559860229492
2024-05-29,166.600006103516,167.429992675781,163.389999389648,163.600006103516,4820800,161.658737182617
2024-05-30,163.479995727539,165.020004272461,163.190002441406,164.199996948242,4384400,162.251602172852
2024-05-31,164.289993286133,165.350006103516,160.070007324219,165.139999389648,11704800,163.180450439453
2024-06-03,166.119995117188,166.789993286133,159.029998779297,161.460006713867,5220500,159.544143676758
2024-06-04,161,161.979995727539,158.350006103516,161.380004882812,5598600,159.465072631836
2024-06-05,161.830001831055,162.940002441406,160.520004272461,162.550003051758,4279900,160.621200561523
2024-06-06,162.300003051758,163.169998168945,159.759994506836,160.619995117188,3867300,158.714096069336
2024-06-07,160.699996948242,163.800003051758,160.100006103516,161.919998168945,3341800,159.998657226562
2024-06-10,162,163.899993896484,161.559997558594,162.839996337891,4385200,160.907745361328
2024-06-11,162.029998779297,162.259994506836,159.610000610352,160.360000610352,5106400,158.457153320312
2024-06-12,161.259994506836,162.940002441406,159.179992675781,161.050003051758,5790700,159.138977050781
2024-06-13,160.589996337891,160.630004882812,154.179992675781,155.690002441406,8080900,153.842590332031
2024-06-14,154.220001220703,156.600006103516,153.220001220703,155.880004882812,6247400,154.030349731445
2024-06-17,156.139999389648,167.5,155.449996948242,163.229995727539,9564800,161.29313659668
2024-06-18,163.399993896484,165.190002441406,162.360000610352,164.970001220703,5105300,163.012481689453
2024-06-20,164.970001220703,166.300003051758,163.050003051758,165,4957200,163.042114257812
2024-06-21,164.5,164.919998168945,161.300003051758,164.240005493164,17195200,162.291137695312
2024-06-24,164.100006103516,164.759994506836,159.199996948242,160.539993286133,5519000,158.635025024414
2024-06-25,159.580001831055,163.649993896484,158.419998168945,159.729995727539,6825500,157.834655761719
2024-06-26,158.570007324219,161.020004272461,157.520004272461,160.639999389648,3998000,158.733825683594
2024-06-27,160.800003051758,161.850006103516,159.600006103516,160.5,3339700,158.595520019531
2024-06-28,160.259994506836,161.619995117188,157.899993896484,158.970001220703,8641200,157.08366394043
2024-07-01,160.669998168945,161.399993896484,156.050003051758,158.970001220703,4435100,157.08366394043
2024-07-02,158.820007324219,162.940002441406,158.25,161.449996948242,5247300,159.534240722656
2024-07-03,161.880004882812,164.490005493164,161.539993286133,163,2577300,161.065841674805
2024-07-05,163.240005493164,163.240005493164,159.660003662109,160.5,4668300,158.595520019531
2024-07-08,160.800003051758,163.779998779297,160.649993896484,163.529998779297,3453300,161.589553833008
2024-07-09,163.979995727539,165.580001831055,163.029998779297,163.130004882812,3829900,161.194305419922
2024-07-10,163.149993896484,165.990005493164,162.539993286133,165.699996948242,3904600,163.733795166016
2024-07-11,165.190002441406,165.679992675781,161.789993286133,161.919998168945,4553800,160.269500732422
2024-07-12,161.880004882812,162.300003051758,158.800003051758,159.009994506836,5983400,157.389114379883
2024-07-15,160.600006103516,160.75,158.600006103516,159.559997558594,5383300,157.933547973633
2024-07-16,159.880004882812,163.869995117188,159.649993896484,162.850006103516,6500700,161.190032958984
2024-07-17,161.649993896484,161.949996948242,156.509994506836,156.660003662109,6041200,155.063110351562
2024-07-18,157.369995117188,160.440002441406,156.419998168945,158.789993286133,5274800,157.171371459961
2024-07-19,159.660003662109,160.440002441406,157.619995117188,159.130004882812,5459800,157.507934570312
2024-07-22,159.970001220703,162.940002441406,159.770004272461,162.759994506836,6350500,161.10090637207
2024-07-23,166,177.199996948242,164.619995117188,172,16428000,170.24674987793
2024-07-24,171.5,172.869995117188,162.050003051758,162.300003051758,7335200,160.645629882812
2024-07-25,163.300003051758,168.199996948242,161.919998168945,164.669998168945,8791500,162.991439819336
2024-07-26,167.25,172.619995117188,166.110000610352,169.809997558594,7297700,168.079040527344
2024-07-29,171.25,172.729995727539,168.399993896484,169.869995117188,4886600,168.138412475586
2024-07-30,170.479995727539,174.729995727539,167.270004272461,167.479995727539,5329500,165.772811889648
2024-07-31,170.869995117188,171.75,167.960006713867,170.199996948242,5568800,168.465057373047
2024-08-01,170.75,174.699996948242,168.220001220703,169.75,6112900,168.019683837891
2024-08-02,165.570007324219,167.429992675781,158.360000610352,160.279998779297,8210700,158.646209716797
2024-08-05,152.490005493164,159.899993896484,150.199996948242,158.360000610352,7064800,156.745758056641
2024-08-06,159.929992675781,165.449996948242,159.759994506836,162.270004272461,5056700,160.615905761719
2024-08-07,164.419998168945,166.270004272461,161.570007324219,162.130004882812,4307500,160.477340698242
2024-08-08,164.479995727539,166.330001831055,163.559997558594,165.610000610352,3842700,163.921859741211
2024-08-09,165.449996948242,167.880004882812,164.570007324219,167.130004882812,2770100,165.426376342773
2024-08-12,167.630004882812,168.779998779297,164.619995117188,166.869995117188,3173700,165.169052124023
2024-08-13,167.759994506836,168.630004882812,166.25,167.960006713867,2942400,166.247924804688
2024-08-14,168.5,169.179992675781,165.619995117188,167.949996948242,4456000,166.238037109375
2024-08-15,168.75,170.75,168.220001220703,169.940002441406,4162500,168.207763671875
2024-08-16,170.050003051758,170.330001831055,168.860000610352,169.419998168945,3305600,167.69303894043
2024-08-19,169.610000610352,171,168.020004272461,170.929992675781,4506000,169.187637329102
2024-08-20,170.910003662109,170.910003662109,169.190002441406,169.990005493164,2573900,168.257232666016
2024-08-21,170.100006103516,172.190002441406,169.850006103516,171.199996948242,4102900,169.454879760742
2024-08-22,171.740005493164,171.979995727539,168.770004272461,169.679992675781,2996600,167.950378417969
2024-08-23,170,171.380004882812,168.850006103516,171.220001220703,4058000,169.474685668945
2024-08-26,170.539993286133,171.929992675781,169.580001831055,171.220001220703,3707300,169.474685668945
2024-08-27,170.699996948242,171.5,169.600006103516,170.990005493164,3206000,169.247024536133
2024-08-28,171.199996948242,173.169998168945,170.289993286133,171.869995117188,4578700,170.118026733398
2024-08-29,172.619995117188,175.970001220703,172.490005493164,173.580001831055,4262500,171.810638427734
2024-08-30,173.960006713867,174.820007324219,171.770004272461,174.619995117188,5295600,172.84001159668
2024-09-03,174.190002441406,174.75,163.600006103516,164.210006713867,6099600,162.536148071289
2024-09-04,163.5,166.619995117188,163.399993896484,166.360000610352,4112400,164.66423034668
2024-09-05,164.779998779297,166,162.509994506836,163.850006103516,3144200,162.179794311523
2024-09-06,164.509994506836,166.039993286133,160.589996337891,161.229995727539,3954900,159.586517333984
2024-09-09,163.490005493164,166.380004882812,162.910003662109,165.350006103516,3716000,163.664535522461
2024-09-10,167.449996948242,167.729995727539,164.25,166.979995727539,3473200,165.277893066406
2024-09-11,166.240005493164,166.729995727539,162.229995727539,166.350006103516,4258000,164.654327392578
2024-09-12,166.509994506836,170.970001220703,166.229995727539,169.699996948242,5148500,167.970184326172
2024-09-13,169.410003662109,179.320007324219,169.210006713867,178.279998779297,7360800,176.46272277832
2024-09-16,178.720001220703,181.520004272461,176.259994506836,181.440002441406,6844600,179.590530395508
2024-09-17,181.509994506836,182.429992675781,178.990005493164,180.330001831055,5936900,178.491836547852
2024-09-18,181.199996948242,185.770004272461,180.429992675781,183.550003051758,5686500,181.679016113281
2024-09-19,187.649993896484,187.990005493164,184.279998779297,186.160003662109,5021500,184.262390136719
2024-09-20,185,187.839996337891,184.320007324219,187.429992675781,9895700,185.519439697266
2024-09-23,187.809997558594,189.779998779297,187.399993896484,188.669998168945,3972500,186.746810913086
2024-09-24,188.669998168945,189.800003051758,187,189.660003662109,3648900,187.726699829102
2024-09-25,189.830001831055,190.880004882812,188.199996948242,189.330001831055,3214800,187.400085449219
2024-09-26,189.399993896484,189.550003051758,184.529998779297,184.589996337891,4781500,182.979019165039
2024-09-27,184.169998168945,186.190002441406,183.130004882812,185.380004882812,4452800,183.762145996094
2024-09-30,185.080001831055,188.710006713867,183.089996337891,188.580001831055,5628400,186.934173583984
2024-10-01,187.490005493164,188.220001220703,184.919998168945,186.300003051758,3794000,184.674087524414
2024-10-02,185.570007324219,188.199996948242,184.729995727539,186.440002441406,2879800,184.812850952148
2024-10-03,186.5,186.710006713867,183.699996948242,183.889999389648,3999500,182.285110473633
2024-10-04,186.580001831055,187.160003662109,184.860000610352,187.080001831055,3978300,185.447280883789
2024-10-07,185.940002441406,187.229995727539,184.800003051758,185.960006713867,2514200,184.337036132812
2024-10-08,187.619995117188,189.880004882812,186.559997558594,187.470001220703,3627200,185.833877563477
2024-10-09,186.630004882812,189.419998168945,186.5,189.279998779297,2312600,187.628082275391
2024-10-10,188.149993896484,189.75,187.389999389648,188.119995117188,2300900,186.47819519043
2024-10-11,189.410003662109,191.770004272461,189.059997558594,191.160003662109,2983900,189.491683959961
2024-10-14,191.979995727539,193.929992675781,191.660003662109,192.630004882812,3132900,190.948852539062
2024-10-15,193.850006103516,194.330001831055,189.759994506836,190.570007324219,3824300,188.906845092773
2024-10-16,190.5,192.220001220703,189.919998168945,192.179992675781,2912800,190.502746582031
2024-10-17,194.089996337891,194.800003051758,192.199996948242,192.619995117188,2633300,190.938934326172
2024-10-18,193.100006103516,193.440002441406,191.139999389648,192.610000610352,3075900,190.92903137207
2024-10-21,192.910003662109,194.389999389648,192.020004272461,194.229995727539,4728800,192.534866333008
2024-10-22,184.5,185,175.75,176.660003662109,15636200,175.118225097656
2024-10-23,179.699996948242,184.979995727539,179.619995117188,181.690002441406,9788600,180.10432434082
2024-10-24,181.899993896484,182.210006713867,179.630004882812,179.740005493164,4366800,178.171325683594
2024-10-25,180,181.419998168945,178.300003051758,179.100006103516,3974900,177.536911010742
2024-10-28,179.979995727539,180.580001831055,175.210006713867,175.360000610352,5687400,173.829574584961
2024-10-29,174.559997558594,174.899993896484,172.770004272461,174.050003051758,5219300,172.530990600586
2024-10-30,172.979995727539,176.529998779297,172.509994506836,174.639999389648,3694000,173.115844726562
2024-10-31,172,173.619995117188,170.429992675781,171.779998779297,5177100,170.280807495117
2024-11-01,172.759994506836,175.270004272461,171.589996337891,171.699996948242,3984900,170.201507568359
2024-11-04,172.300003051758,174.679992675781,171.449996948242,171.759994506836,4197400,170.260971069336
2024-11-05,172.360000610352,175.470001220703,171.770004272461,175.259994506836,3607300,173.730422973633
2024-11-06,181.5,182.059997558594,178.5,180.759994506836,5939500,179.182418823242
2024-11-07,181.020004272461,181.020004272461,176.770004272461,178.850006103516,5084200,177.289123535156
2024-11-08,179.649993896484,186.419998168945,179.449996948242,184.809997558594,4676500,183.19709777832
2024-11-11,186.630004882812,187.470001220703,183.699996948242,184.559997558594,3371900,182.949264526367
2024-11-12,185.070007324219,185.699996948242,180.589996337891,182.639999389648,3158000,181.046020507812
2024-11-13,182.949996948242,186.300003051758,182.759994506836,183.559997558594,3934800,181.9580078125
2024-11-14,183,183.800003051758,177.490005493164,178.399993896484,5085600,176.843002319336
2024-11-15,176.75,177.919998168945,175.889999389648,176.929992675781,5302100,175.385833740234
2024-11-18,177,178.570007324219,175.130004882812,177.520004272461,2833800,175.970718383789
2024-11-19,176.5,177.880004882812,175.699996948242,177.559997558594,3216000,176.010345458984
2024-11-20,178.100006103516,178.539993286133,176,177.979995727539,3225400,176.426696777344
2024-11-21,178.410003662109,180.940002441406,177.339996337891,178.699996948242,4532000,177.140411376953
2024-11-22,179.300003051758,181.740005493164,178.779998779297,181.149993896484,3405200,179.569030761719
2024-11-25,182.240005493164,183.699996948242,179.550003051758,180.210006713867,9740700,178.637252807617
2024-11-26,180.869995117188,184.929992675781,180.419998168945,184.600006103516,3918900,182.98893737793
2024-11-27,184.639999389648,184.690002441406,180.440002441406,180.600006103516,2726200,179.023834228516
2024-11-29,181.449996948242,182.970001220703,181.130004882812,182.160003662109,2054700,180.570220947266
2024-12-02,180.800003051758,181.639999389648,179.419998168945,180.440002441406,2817700,178.865234375
2024-12-03,181,182.240005493164,179.910003662109,180.720001220703,2882300,179.142791748047
2024-12-04,180.5,182.899993896484,178,182.649993896484,3713400,181.055923461914
2024-12-05,180.330001831055,180.770004272461,172.710006713867,172.910003662109,7547300,171.400939941406
2024-12-06,173.300003051758,175.830001831055,172.440002441406,175.580001831055,6899600,174.047637939453
2024-12-09,175,176.369995117188,170.770004272461,171.320007324219,6500800,169.824829101562
2024-12-10,171.009994506836,173.160003662109,170.610000610352,171.270004272461,5100300,169.775253295898
2024-12-11,173.169998168945,173.169998168945,167.929992675781,168.639999389648,7606400,167.168228149414
2024-12-12,168.639999389648,169.279998779297,164.449996948242,164.830001831055,7808600,163.391464233398
2024-12-13,165.649993896484,167.869995117188,165.539993286133,166.009994506836,4957100,164.561157226562
2024-12-16,166.320007324219,169.199996948242,165.449996948242,165.789993286133,7436000,164.343078613281
2024-12-17,165.800003051758,166.509994506836,163.529998779297,165.800003051758,4855100,164.353012084961
2024-12-18,166,166.630004882812,159.600006103516,159.949996948242,8059100,158.554046630859
2024-12-19,163.029998779297,165.770004272461,162.179992675781,164.800003051758,6257600,163.361740112305
2024-12-20,163.970001220703,169.080001831055,163.160003662109,168.369995117188,9281500,166.900573730469
2024-12-23,168.119995117188,169.330001831055,166.550003051758,169.020004272461,4127700,167.544906616211
2024-12-24,169.240005493164,171.490005493164,168.850006103516,171.490005493164,2235700,169.99333190918
2024-12-26,171.020004272461,172.669998168945,170.130004882812,172.149993896484,3309700,170.647583007812
2024-12-27,170.720001220703,171.470001220703,168.979995727539,170.080001831055,3188400,168.870315551758
2024-12-30,167.199996948242,169.229995727539,166.009994506836,168.100006103516,4117500,166.904388427734
2024-12-31,168.5,168.550003051758,166.149993896484,166.789993286133,2806900,165.603713989258
2025-01-02,167.919998168945,170.699996948242,167.220001220703,168.589996337891,4148000,167.390914916992
2025-01-03,169.220001220703,172.630004882812,169,171.960006713867,3975500,170.736953735352
2025-01-06,173.149993896484,173.679992675781,171.179992675781,172.449996948242,4980300,171.22346496582
2025-01-07,172.220001220703,173.699996948242,170.779998779297,172.309997558594,6496400,171.084442138672
2025-01-08,172,173.580001831055,170.710006713867,172.889999389648,4527700,171.66032409668
2025-01-10,172.399993896484,173.460006713867,170.740005493164,171.690002441406,5131200,170.468856811523
2025-01-13,169.509994506836,172.520004272461,169,171.570007324219,5610800,170.349731445312
2025-01-14,173.110000610352,177.899993896484,172.399993896484,176.860000610352,6432700,175.602081298828
2025-01-15,179.070007324219,180.880004882812,178.880004882812,180.289993286133,7397000,179.007705688477
2025-01-16,181.679992675781,182.880004882812,178.619995117188,179.740005493164,6144700,178.46159362793
2025-01-17,180.779998779297,183.190002441406,179.960006713867,182.850006103516,5899100,181.549468994141
2025-01-21,184.899993896484,189.320007324219,184.509994506836,187.5,7508400,186.166412353516
2025-01-22,188.080001831055,189.240005493164,186.610000610352,188.360000610352,7457800,187.020294189453
2025-01-23,201.399993896484,207.649993896484,198.100006103516,200.800003051758,14403500,199.371810913086
2025-01-24,202.5,203,195.520004272461,196.75,7835700,195.350616455078
2025-01-27,194.339996337891,196.630004882812,192.740005493164,194.460006713867,7674800,193.076919555664
2025-01-28,195.300003051758,196.550003051758,191.789993286133,194.429992675781,4858800,193.047103881836
2025-01-29,194.929992675781,199.940002441406,194.929992675781,199.100006103516,5595800,197.683929443359
2025-01-30,199.809997558594,205.929992675781,199.479995727539,205.570007324219,6282100,204.107879638672
2025-01-31,205.839996337891,205.869995117188,203.070007324219,203.570007324219,5507800,202.122116088867
2025-02-03,200,204.729995727539,198.970001220703,204.110000610352,4678300,202.658279418945
2025-02-04,202.929992675781,204.539993286133,200.429992675781,202.179992675781,5413800,200.741989135742
2025-02-05,203.880004882812,205.279998779297,201.789993286133,204.580001831055,3239400,203.124923706055
2025-02-06,205,206.100006103516,204.059997558594,206.059997558594,3113200,204.594421386719
2025-02-07,206.479995727539,207.839996337891,204.5,205.279998779297,3954400,203.819961547852
2025-02-10,206.139999389648,206.660003662109,203.399993896484,205.220001220703,3787500,203.760406494141
2025-02-11,205,209.149993896484,204.440002441406,208.820007324219,4110900,207.334777832031
2025-02-12,206.699996948242,211.419998168945,206.139999389648,209.639999389648,4595200,208.148941040039
2025-02-13,211.119995117188,211.300003051758,206.270004272461,208.360000610352,3763300,206.878036499023
2025-02-14,208.660003662109,209.160003662109,204.970001220703,208.270004272461,4268500,206.788681030273
2025-02-18,209.869995117188,212.190002441406,209.320007324219,210.080001831055,4396000,208.585815429688
2025-02-19,209.039993286133,211.779998779297,208.880004882812,210.5,2699100,209.002822875977
2025-02-20,209.729995727539,210.279998779297,207.149993896484,208.740005493164,2969100,207.255355834961
2025-02-21,208.360000610352,209.119995117188,198.440002441406,199.830001831055,5419500,198.408706665039
2025-02-24,202.630004882812,203.25,197.429992675781,198.710006713867,4299100,197.296691894531
2025-02-25,198.979995727539,200.080001831055,194.839996337891,199.270004272461,4121400,197.85270690918
2025-02-26,201.759994506836,204.600006103516,199.990005493164,201.610000610352,3157400,200.176055908203
2025-02-27,204.419998168945,205.470001220703,201.100006103516,201.429992675781,3480200,199.997329711914
2025-02-28,201.949996948242,207.320007324219,201.029998779297,206.979995727539,6117400,205.507858276367
2025-03-03,207.089996337891,208.479995727539,200.809997558594,201.960006713867,5376400,200.523590087891
2025-03-04,198,203.039993286133,193.259994506836,198.770004272461,6164200,197.356246948242
2025-03-05,198.869995117188,204.470001220703,198.690002441406,202.5,6221200,201.059707641602
2025-03-06,199,200.220001220703,195.279998779297,196.050003051758,5621400,194.655609130859
2025-03-07,195.070007324219,195.75,187.679992675781,193.850006103516,7681300,192.471252441406
2025-03-10,189.199996948242,192.210006713867,187.910003662109,192.119995117188,6195000,191.108444213867
2025-03-11,189.929992675781,193.679992675781,188.320007324219,191.720001220703,5356700,190.710556030273
2025-03-12,194.919998168945,197.25,192.429992675781,195,4735000,193.97331237793
2025-03-13,194.550003051758,195.619995117188,191.669998168945,192.419998168945,3837200,191.406890869141
2025-03-14,195.369995117188,197.699996948242,193.600006103516,197.110000610352,3263200,196.072189331055
2025-03-17,197,203.600006103516,196.330001831055,202.029998779297,3733000,200.966262817383
2025-03-18,201.800003051758,201.979995727539,199.520004272461,200.789993286133,3983100,199.732803344727
2025-03-19,201.320007324219,206.820007324219,201.320007324219,205.570007324219,3564000,204.487640380859
2025-03-20,205,206.169998168945,203.110000610352,203.929992675781,3970800,202.856262207031
2025-03-21,202.600006103516,204.309997558594,200.820007324219,204.130004882812,7976300,203.055221557617
2025-03-24,206.919998168945,210.880004882812,205.600006103516,210.229995727539,4043900,209.123107910156
2025-03-25,210.770004272461,212.759994506836,210.25,212.130004882812,4315200,211.013092041016
2025-03-26,212.289993286133,214.210006713867,206.690002441406,207.369995117188,4791100,206.27815246582
2025-03-27,206.360000610352,207.690002441406,202.800003051758,205.880004882812,3301900,204.796005249023
2025-03-28,205.600006103516,206.860000610352,199.589996337891,199.880004882812,5178400,198.827606201172
2025-03-31,197.529998779297,201.570007324219,194.449996948242,200.149993896484,6923100,199.096176147461
2025-04-01,199.559997558594,204.5,198.470001220703,203.789993286133,3854000,202.717010498047
2025-04-02,199.479995727539,202.190002441406,198.429992675781,199.770004272461,6026500,198.718200683594
2025-04-03,189.839996337891,194.149993896484,186.720001220703,187.630004882812,12750500,186.64208984375
2025-04-04,179.679992675781,183.160003662109,165.419998168945,166.809997558594,18167100,165.931716918945
2025-04-07,163.210006713867,175.339996337891,159.360000610352,167.699996948242,18545500,166.817016601562
2025-04-08,176,178.350006103516,166.360000610352,169.369995117188,11903400,168.478225708008
2025-04-09,165.809997558594,189.110000610352,165.699996948242,187.270004272461,12548600,186.283996582031
2025-04-10,181.899993896484,185.410003662109,175.960006713867,181.509994506836,8150900,180.554321289062
2025-04-11,179.009994506836,184.25,175.050003051758,181.669998168945,6491100,180.713485717773
2025-04-14,185.350006103516,187.610000610352,183.830001831055,186,5319100,185.020690917969
2025-04-15,183.880004882812,188.440002441406,182.289993286133,185.669998168945,4999300,184.692413330078
2025-04-16,184.070007324219,185.880004882812,181.279998779297,182.449996948242,5128000,181.489364624023
2025-04-17,183.389999389648,184.240005493164,181.589996337891,181.789993286133,4932000,180.83283996582
2025-04-21,179.289993286133,180.789993286133,176.020004272461,178.350006103516,8501600,177.41096496582
2025-04-22,186.5,190,182.100006103516,189.179992675781,13041000,188.183929443359
2025-04-23,195.940002441406,197.029998779297,192.570007324219,193.679992675781,7235700,192.660217285156
2025-04-24,194.330001831055,197.699996948242,194.050003051758,197.410003662109,5906300,196.37060546875
2025-04-25,198.699996948242,199.990005493164,197.259994506836,198.429992675781,4390600,197.385238647461
2025-04-28,199.5,201.479995727539,198.600006103516,200.860000610352,3416900,199.802429199219
2025-04-29,200.490005493164,202.429992675781,199.649993896484,200.5,3444200,199.4443359375
2025-04-30,198.600006103516,202.029998779297,196.860000610352,201.539993286133,4436300,200.478851318359
2025-05-01,202.25,205.240005493164,200.860000610352,203.610000610352,4687600,202.537963867188
2025-05-02,206.320007324219,208.720001220703,205.559997558594,207.699996948242,3831700,206.606430053711
2025-05-05,206.309997558594,210.520004272461,205.649993896484,208.940002441406,4466500,207.839904785156
2025-05-06,206.020004272461,209.830001831055,205.919998168945,208.600006103516,3169600,207.501693725586
2025-05-07,208.899993896484,210.630004882812,208.220001220703,209.919998168945,3968300,208.814743041992
2025-05-08,211,216.800003051758,210.509994506836,214.490005493164,5870300,213.360687255859
2025-05-09,215.210006713867,216.119995117188,212.729995727539,214.960006713867,3778200,213.828201293945
2025-05-12,219.339996337891,219.979995727539,211.149993896484,218.949996948242,5468000,217.79719543457
2025-05-13,220,223.550003051758,219.300003051758,221.580001831055,7188700,220.413345336914
2025-05-14,222.940002441406,223.350006103516,220.449996948242,223.240005493164,4764700,222.06462097168
2025-05-15,223.449996948242,230.089996337891,223.449996948242,229.380004882812,7207700,228.172286987305
2025-05-16,229.070007324219,232.320007324219,227.589996337891,231.779998779297,4651700,230.559631347656
2025-05-19,229.5,235.869995117188,228.919998168945,235.289993286133,4734400,234.051147460938
2025-05-20,234.160003662109,236.080001831055,233.800003051758,235.259994506836,4311000,234.02131652832
2025-05-21,234.860000610352,237.300003051758,232.660003662109,233.539993286133,4631000,232.310363769531
2025-05-22,231.190002441406,232.449996948242,229.419998168945,230.270004272461,6909400,229.057601928711
2025-05-23,228.839996337891,233.690002441406,228.009994506836,232.789993286133,4234200,231.564331054688
2025-05-27,235.419998168945,242.279998779297,235.100006103516,241.779998779297,7162400,240.50700378418
2025-05-28,241.779998779297,246,241.600006103516,243.669998168945,9570500,242.387023925781
2025-05-29,244.529998779297,244.940002441406,241.490005493164,244.160003662109,5243700,242.874465942383
2025-05-30,243.389999389648,246.860000610352,242.300003051758,245.910003662109,9143000,244.615234375
2025-06-02,245.850006103516,248.100006103516,244.509994506836,247.479995727539,5450800,246.176971435547
2025-06-03,247.5,250.5,244.179992675781,248.869995117188,6456200,247.559661865234
2025-06-04,249.979995727539,253.059997558594,249.720001220703,250.880004882812,5811500,249.559066772461
2025-06-05,252.479995727539,253.009994506836,250.110000610352,251.919998168945,4188200,250.593597412109
2025-06-06,253,257.470001220703,252.070007324219,255.630004882812,5796700,254.284072875977
2025-06-09,254.020004272461,255.320007324219,251.139999389648,251.410003662109,5771600,250.086288452148
2025-06-10,250.779998779297,251.25,239.75,242,11230900,240.725845336914
2025-06-11,242.639999389648,246.960006713867,238.509994506836,245.520004272461,6940800,244.227310180664
2025-06-12,240,243.429992675781,238.679992675781,239.990005493164,8946600,238.726425170898
2025-06-13,235,238,233.699996948242,236.600006103516,7420300,235.354248046875
2025-06-16,237.600006103516,239.940002441406,236.070007324219,236.539993286133,4505600,235.294570922852
2025-06-17,236.729995727539,238.970001220703,234.880004882812,235.75,5720500,234.508728027344
2025-06-18,235.960006713867,239.520004272461,232.240005493164,235.889999389648,7761100,234.648010253906
2025-06-20,239.720001220703,240.800003051758,236.509994506836,239.369995117188,9142100,238.109664916992
2025-06-23,239.240005493164,248.460006713867,238.619995117188,247.809997558594,8052000,246.505249023438
2025-06-24,248.380004882812,249.389999389648,245.570007324219,248.75,5255700,247.440307617188
2025-06-25,250.080001831055,250.990005493164,248.479995727539,249.899993896484,5197400,248.584228515625
2025-06-26,251.179992675781,255.479995727539,250,251,6790300,249.678436279297
2025-06-27,251.850006103516,260.549987792969,251.779998779297,254.509994506836,26988000,253.169967651367
2025-06-30,256.309997558594,257.890014648438,253.869995117188,257.390014648438,8135800,256.034820556641
2025-07-01,255.75,255.75,247.110000610352,249.020004272461,7178300,247.708877563477
2025-07-02,248,249.130004882812,243.660003662109,244.75,6228600,243.461334228516
2025-07-03,245.550003051758,248.699996948242,245,246.880004882812,3089500,245.580139160156
2025-07-07,247.520004272461,249.440002441406,246.479995727539,248.649993896484,5336400,247.702026367188
2025-07-08,248,249.460006713867,243.339996337891,247.050003051758,5994500,246.108123779297
2025-07-09,248.990005493164,251.720001220703,246.820007324219,250.330001831055,5589500,249.375610351562
2025-07-10,250.610000610352,252.679992675781,246.75,252.570007324219,5462500,251.607086181641
2025-07-11,251.5,256.880004882812,251.399993896484,255.419998168945,7867200,254.446212768555
2025-07-14,256.190002441406,262.459991455078,256,262.339996337891,7502200,261.339813232422
2025-07-15,263.920013427734,265.059997558594,261.739990234375,264.670013427734,9392400,263.660980224609
2025-07-16,264,266.859985351562,262.029998779297,266.179992675781,11912900,265.165191650391
2025-07-17,269.799987792969,272.799987792969,258.160003662109,260.279998779297,16260200,259.287658691406
2025-07-18,265.399993896484,269.700012207031,262.559997558594,263.269989013672,8619800,262.266265869141
2025-07-21,263.690002441406,266.25,259.579986572266,262.859985351562,5208500,261.857849121094
2025-07-22,260.730010986328,261.5,254.660003662109,259,4751300,258.012542724609
2025-07-23,260.529998779297,263.730010986328,259.950012207031,263.179992675781,4689800,262.176605224609
2025-07-24,263.559997558594,269.839996337891,263.179992675781,268.010009765625,5206700,266.988220214844
2025-07-25,268.829986572266,272.829986572266,268.260009765625,271.589996337891,4598400,270.554534912109
2025-07-28,273.359985351562,273.440002441406,267.440002441406,270.609985351562,5006400,269.578308105469
2025-07-29,272.730010986328,273.799987792969,269.119995117188,270.309997558594,4125300,269.279449462891
2025-07-30,270.920013427734,273.630004882812,269.510009765625,273.549987792969,4697000,272.507080078125
2025-07-31,273.070007324219,274.940002441406,269.880004882812,271.079986572266,4524000,270.046508789062
2025-08-01,265.529998779297,270.549987792969,261.709991455078,269.380004882812,4416300,268.35302734375
2025-08-04,270.510009765625,276.850006103516,270.220001220703,276.230010986328,3744000,275.176879882812
2025-08-05,276.260009765625,277,268.619995117188,272.119995117188,4000600,271.08251953125
2025-08-06,273.5,275.049987792969,269.910003662109,272.279998779297,3576800,271.241943359375
2025-08-07,271.950012207031,272.869995117188,268.730010986328,272.019989013672,3050400,270.98291015625
2025-08-08,273.579986572266,277.179992675781,272.579986572266,275.010009765625,4467300,273.961547851562
2025-08-11,275.149993896484,276.410003662109,272.549987792969,275.200012207031,3360100,274.150817871094
2025-08-12,276.040008544922,280.540008544922,275.700012207031,279.630004882812,3630100,278.563903808594
2025-08-13,281,281.5,264.079986572266,268.859985351562,7599600,267.8349609375
2025-08-14,272.989990234375,274.160003662109,269.480010986328,269.700012207031,4481700,268.671783447266
2025-08-15,268.920013427734,269.700012207031,265.209991455078,267.850006103516,5203300,266.828826904297
2025-08-18,267.899993896484,269.609985351562,266.510009765625,268.450012207031,2697000,267.426544189453
2025-08-19,266.309997558594,268.959991455078,263.799987792969,265.929992675781,3404900,264.916168212891
2025-08-20,265.459991455078,268.940002441406,263.809997558594,266.440002441406,3854700,265.424194335938
2025-08-21,267.140014648438,271.920013427734,266.140014648438,268.709991455078,3266400,267.685516357422
2025-08-22,269.730010986328,272.350006103516,266.369995117188,266.529998779297,5229300,265.513854980469
2025-08-25,267,271.920013427734,266.559997558594,266.609985351562,4301600,265.593505859375
2025-08-26,267.980010986328,274.700012207031,267.420013427734,273.940002441406,4693500,272.895629882812
2025-08-27,273.700012207031,274.700012207031,272.230010986328,273.350006103516,2705700,272.307861328125
2025-08-28,272.5,276.670013427734,272.130004882812,276,3388100,274.94775390625
2025-08-29,276,276.279998779297,271.640014648438,275.200012207031,5037100,274.150817871094
2025-09-02,273.899993896484,275.579986572266,268.010009765625,275.390014648438,4081200,274.340118408203
2025-09-03,275.910003662109,277.320007324219,273.600006103516,275.929992675781,4120400,274.877990722656
2025-09-04,275.829986572266,282.359985351562,275.829986572266,282.269989013672,4591300,281.19384765625
2025-09-05,282.269989013672,284.410003662109,271.859985351562,279.230010986328,4952600,278.165435791016
2025-09-08,280,282.920013427734,275.489990234375,276.049987792969,5008600,274.997528076172
2025-09-09,275.380004882812,277.079986572266,273.299987792969,276.239990234375,3073600,275.186828613281
2025-09-10,277.549987792969,283.489990234375,276.890014648438,283.410003662109,3206400,282.329467773438
2025-09-11,283.730010986328,286.910003662109,279.589996337891,281.559997558594,4016800,280.486541748047
2025-09-12,281.559997558594,283.529998779297,280.700012207031,281.690002441406,3249700,280.616058349609
2025-09-15,281.989990234375,287.109985351562,281.619995117188,286.779998779297,3716600,285.686645507812
2025-09-16,289.869995117188,294.739990234375,288.839996337891,292.970001220703,5538400,291.853057861328
2025-09-17,292.089996337891,292.709991455078,286.5,289.5,4149600,288.396301269531
2025-09-18,290.709991455078,297.649993896484,290.209991455078,297.089996337891,3977500,295.957336425781
2025-09-19,297.790008544922,303.029998779297,295.359985351562,301.140014648438,9652600,299.991912841797
2025-09-22,300.100006103516,301.149993896484,296.350006103516,301.019989013672,4192800,299.872344970703
2025-09-23,301.649993896484,305.769989013672,301.149993896484,305.630004882812,3637400,304.464813232422
2025-09-24,306.899993896484,307.25,298.790008544922,300.299987792969,5645500,299.155090332031
2025-09-25,298.5,300.239990234375,294.869995117188,297.179992675781,4504500,296.046997070312
2025-09-26,299.929992675781,302,292.75,294.980010986328,3817600,293.855377197266
2025-09-29,296.359985351562,297.929992675781,289.660003662109,293.630004882812,3860800,292.867950439453
2025-09-30,294.709991455078,301.470001220703,293.910003662109,300.820007324219,4112400,300.039306640625
2025-10-01,296.380004882812,302.230010986328,295.029998779297,300.880004882812,3633300,300.099151611328
2025-10-02,302.309997558594,303.440002441406,296.799987792969,299.450012207031,2508200,298.6728515625
2025-10-03,299.459991455078,302.75,295.459991455078,297,2817000,296.229217529297
2025-10-06,295.799987792969,299.290008544922,294.75,298.220001220703,2759800,297.446044921875
2025-10-07,298.070007324219,302.739990234375,297.890014648438,301.739990234375,2578800,300.956878662109
2025-10-08,303.399993896484,304.670013427734,299.589996337891,302.559997558594,2658600,301.774780273438
2025-10-09,302.709991455078,304,296.100006103516,299.350006103516,4292500,298.573120117188
2025-10-10,299,300,291.489990234375,291.489990234375,3380000,290.733489990234
2025-10-13,296,297.579986572266,293.119995117188,297.529998779297,2604100,296.757843017578
2025-10-14,294.839996337891,302.290008544922,292.010009765625,300.079986572266,2516500,299.301208496094
2025-10-15,301.540008544922,304.950012207031,295.720001220703,300.119995117188,2773000,299.341094970703
2025-10-16,301.670013427734,303.049987792969,297.760009765625,299.839996337891,2623100,299.061828613281
2025-10-17,298.170013427734,302.959991455078,297.339996337891,300.140014648438,3949300,299.361053466797
2025-10-20,303.859985351562,305.429992675781,301.670013427734,302.679992675781,5058700,301.894470214844
2025-10-21,307.299987792969,316.529998779297,303.029998779297,306.630004882812,6726600,305.834197998047
2025-10-22,307.600006103516,309,294.799987792969,297.890014648438,5212200,297.116912841797
2025-10-23,299.149993896484,307.089996337891,298.679992675781,306.390014648438,3091000,305.594848632812
2025-10-24,309.190002441406,310.299987792969,303.570007324219,303.869995117188,3586800,303.081390380859
2025-10-27,307.489990234375,313.329986572266,304.5,312.839996337891,4244400,312.028106689453
2025-10-28,312.100006103516,316.670013427734,309.450012207031,309.790008544922,3058100,308.986022949219
2025-10-29,310,315.119995117188,309.019989013672,314.279998779297,3596800,313.46435546875
2025-10-30,310.410003662109,314.839996337891,308.5,310.75,3782000,309.943511962891
2025-10-31,311.739990234375,314.920013427734,307.179992675781,308.950012207031,4023800,308.148193359375
2025-11-03,309.100006103516,311.690002441406,306.279998779297,308.619995117188,3297600,307.819061279297
2025-11-04,305.820007324219,309.230010986328,303.070007324219,304.200012207031,3938200,303.410522460938
2025-11-05,303.450012207031,308.540008544922,302.5,305.109985351562,4711100,304.318145751953
2025-11-06,303.730010986328,308.029998779297,301.440002441406,305.269989013672,3467800,304.477722167969
2025-11-07,304.029998779297,308.920013427734,297.700012207031,307.269989013672,4766500,306.472534179688
2025-11-10,309.940002441406,313.760009765625,308.920013427734,311.940002441406,3716400,311.130462646484
2025-11-11,310.5,312.720001220703,307.049987792969,310.720001220703,2682200,309.913604736328
2025-11-12,310.779998779297,312.450012207031,302,309.019989013672,3884500,308.218017578125
2025-11-13,309.980010986328,311.380004882812,302.579986572266,304.170013427734,4153300,303.380615234375
2025-11-14,300.970001220703,306.799987792969,296.25,304.820007324219,2803300,304.028930664062
2025-11-17,306.820007324219,308.820007324219,298.549987792969,300.130004882812,3076600,299.351104736328
2025-11-18,295.829986572266,301.079986572266,293.75,296.010009765625,4053600,295.241790771484
2025-11-19,295.859985351562,301.670013427734,295.5,300.820007324219,2952600,300.039306640625
2025-11-20,305.399993896484,307.079986572266,290.480010986328,290.619995117188,3733900,289.865783691406
2025-11-21,290.619995117188,291.709991455078,284.040008544922,287.440002441406,5604100,286.694030761719
2025-11-24,289.480010986328,294.820007324219,287.369995117188,294.049987792969,11909200,293.286834716797
2025-11-25,294.489990234375,295.980010986328,286.209991455078,293.440002441406,4693100,292.678436279297
2025-11-26,295.209991455078,298.609985351562,293.459991455078,296.619995117188,4113700,295.850189208984
2025-11-28,297.010009765625,298.679992675781,295.260009765625,298.450012207031,1376400,297.675476074219
2025-12-01,295.75,296.399993896484,288.029998779297,288.450012207031,3756300,287.701416015625
2025-12-02,290.799987792969,292,288.459991455078,289.320007324219,4255800,288.569152832031
2025-12-03,288.040008544922,289.350006103516,284.5,288.489990234375,4059500,287.741271972656
2025-12-04,288.850006103516,294.540008544922,287.660003662109,291.859985351562,4195300,291.1025390625
2025-12-05,291.670013427734,293.279998779297,282.149993896484,283.940002441406,5220300,283.203125
2025-12-08,285,288.839996337891,283.299987792969,287.190002441406,4333200,286.444671630859
2025-12-09,287.200012207031,290.450012207031,284.769989013672,285.309997558594,3553400,284.569549560547
2025-12-10,285.450012207031,285.880004882812,281.309997558594,283.600006103516,5807400,282.863983154297
2025-12-11,282.079986572266,289.359985351562,279.640014648438,288.420013427734,5971500,287.671478271484
2025-12-12,290.929992675781,304.010009765625,290.700012207031,299.809997558594,9381900,299.031921386719
2025-12-15,300,308.059997558594,299.910003662109,300.980010986328,6808600,300.198883056641
2025-12-16,297.660003662109,301.399993896484,296.859985351562,298.730010986328,5271300,297.954742431641
2025-12-17,299.119995117188,301.230010986328,291.619995117188,292.179992675781,3802500,291.421691894531
2025-12-18,296,302.309997558594,295.420013427734,301.690002441406,4495100,300.907043457031
2025-12-19,304.230010986328,308.429992675781,303.640014648438,307.209991455078,8856400,306.412719726562
2025-12-22,309.649993896484,316.399993896484,305.929992675781,314.730010986328,6959900,313.913208007812
2025-12-23,315,317.75,314.160003662109,315.529998779297,2724800,314.711120605469
2025-12-24,315.989990234375,317.160003662109,315.119995117188,316.75,878500,315.927978515625
2025-12-26,316.600006103516,318.059997558594,314.540008544922,315.140014648438,1882300,314.322143554688
2025-12-29,313.339996337891,314,311.25,311.579986572266,2773200,311.126770019531
2025-12-30,311.940002441406,312.929992675781,310.559997558594,311.790008544922,3155100,311.336486816406
2025-12-31,312.140014648438,313.359985351562,307.869995117188,308.029998779297,2555700,307.581939697266
2026-01-02,309.75,320.980010986328,308.660003662109,320.75,4340100,320.283447265625
2026-01-05,323.820007324219,329.429992675781,323.420013427734,324.320007324219,5628200,323.848266601562
2026-01-06,325.920013427734,332.790008544922,321.459991455078,327.540008544922,4324700,327.063568115234
2026-01-07,328.420013427734,330.260009765625,322.950012207031,323.640014648438,4656800,323.169250488281
2026-01-08,330.149993896484,330.149993896484,310.269989013672,314.440002441406,5771700,313.982635498047
2026-01-09,317.109985351562,322.299987792969,315.190002441406,321.589996337891,3508000,321.122222900391
2026-01-12,320.200012207031,324.540008544922,319.410003662109,324.170013427734,4125300,323.698486328125
2026-01-13,325.549987792969,328.089996337891,325,327.230010986328,2783900,326.754028320312
2026-01-14,324.820007324219,326.299987792969,316.359985351562,318.880004882812,3923600,318.416168212891
2026-01-15,320.589996337891,324.450012207031,317.950012207031,319.940002441406,4044900,319.474609375
2026-01-16,321.720001220703,325.549987792969,318.700012207031,325.119995117188,4109700,324.647064208984
2026-01-20,321.75,323.880004882812,309.660003662109,312.339996337891,10372200,311.885681152344
2026-01-21,313.059997558594,320.329986572266,310.660003662109,318.5,9783900,318.036712646484
2026-01-22,305.869995117188,310,294.839996337891,295,13939000,294.570892333984
2026-01-23,297,299.109985351562,290.070007324219,293.869995117188,7780200,293.442535400391
2026-01-26,293,298.730010986328,290.440002441406,295.059997558594,7844800,294.630798339844
2026-01-27,295.510009765625,300.630004882812,294.600006103516,297.470001220703,7452200,297.037292480469
2026-01-28,297,298.269989013672,291.149993896484,292.480010986328,7541300,292.054565429688
2026-01-29,293.299987792969,299.190002441406,290.329986572266,298.859985351562,6149900,298.425262451172
2026-01-30,297,307.600006103516,296.380004882812,306.790008544922,7427800,306.34375
2026-02-02,305.600006103516,309.660003662109,301.019989013672,308.709991455078,6727200,308.260955810547
2026-02-03,309.890014648438,312.429992675781,305.010009765625,309.929992675781,4588100,309.479156494141
2026-02-04,310.010009765625,311.779998779297,302,308.339996337891,6591900,307.891479492188
2026-02-05,306.709991455078,309.230010986328,302.5,306.369995117188,4461900,305.924346923828
2026-02-06,310.690002441406,323.179992675781,310.220001220703,321,5800600,320.533081054688
2026-02-09,321.040008544922,324.489990234375,316.390014648438,316.739990234375,4706400,316.279266357422
2026-02-10,316.940002441406,320.070007324219,315.880004882812,316.329986572266,4610600,315.869842529297
2026-02-11,319.450012207031,321.779998779297,312.760009765625,313.730010986328,5241100,313.273651123047
2026-02-12,317.779998779297,324.880004882812,311.660003662109,312.890014648438,6163900,312.434875488281
2026-02-13,315.220001220703,326.679992675781,313.529998779297,315.410003662109,4393400,314.951202392578
2026-02-17,315,330.399993896484,314.5,327.079986572266,5863600,326.604217529297
2026-02-18,330.350006103516,331.790008544922,326.5,329.579986572266,3988900,329.1005859375
2026-02-19,328.040008544922,335.880004882812,325.570007324219,334.739990234375,4456700,334.253082275391
2026-02-20,338.829986572266,344.299987792969,336.790008544922,343.220001220703,5035400,342.720764160156
2026-02-23,342.149993896484,343.279998779297,337,338.989990234375,5045100,338.496887207031
2026-02-24,337.980010986328,346.799987792969,330.720001220703,345.640014648438,6171900,345.137237548828
2026-02-25,345.609985351562,348.480010986328,338.660003662109,342.890014648438,5030300,342.391235351562
2026-02-26,342.609985351562,343.980010986328,334.809997558594,340.839996337891,4722400,340.344207763672
2026-02-27,340.619995117188,343.799987792969,337.670013427734,342.260009765625,7055100,341.762145996094
2026-03-02,341.450012207031,347.200012207031,335.329986572266,345.739990234375,3981200,345.237091064453
2026-03-03,340.679992675781,341.130004882812,329.079986572266,334.140014648438,5891500,333.653991699219
2026-03-04,336.549987792969,340.25,333.420013427734,339.809997558594,3920400,339.315704345703
2026-03-05,336.579986572266,341.809997558594,320.790008544922,326.989990234375,4825400,326.514343261719
2026-03-06,323.670013427734,324.540008544922,317.609985351562,323.109985351562,4677000,322.639984130859
2026-03-09,319.890014648438,322,310.119995117188,321.929992675781,5740100,321.929992675781
2026-03-10,322.260009765625,331.880004882812,320.549987792969,326.519989013672,4146700,326.519989013672
2026-03-11,324.230010986328,326.200012207031,321.190002441406,325.149993896484,3116000,325.149993896484
2026-03-12,318.640014648438,318.640014648438,301.130004882812,306.700012207031,8007200,306.700012207031
2026-03-13,307.369995117188,309.510009765625,299.049987792969,299.690002441406,5770600,299.690002441406
2026-03-16,303.769989013672,305.700012207031,300.149993896484,304,6327200,304
2026-03-17,305.410003662109,306,299.019989013672,302.089996337891,4787100,302.089996337891
2026-03-18,302.820007324219,304.970001220703,300.179992675781,300.959991455078,3942400,300.959991455078
2026-03-19,296.100006103516,296.239990234375,286.130004882812,291.609985351562,7128700,291.609985351562
2026-03-20,290,293.429992675781,282.290008544922,286.790008544922,10192400,286.790008544922
2026-03-23,296.799987792969,299.829986572266,290.170013427734,291.540008544922,6473800,291.540008544922
2026-03-24,287.709991455078,292.519989013672,285.299987792969,290.630004882812,5028200,290.630004882812
2026-03-25,295.100006103516,297.869995117188,293.089996337891,296.559997558594,4456600,296.559997558594
2026-03-26,291.579986572266,294.019989013672,282.679992675781,285.239990234375,5890800,285.239990234375
2026-03-27,282.989990234375,284.970001220703,280.970001220703,282.809997558594,4161700,282.809997558594
2026-03-30,284.070007324219,284.709991455078,270.790008544922,273.25,8598600,273.25
2026-03-31,277.929992675781,286.489990234375,275.799987792969,283.769989013672,7828800,283.769989013672
2026-04-01,290.209991455078,295.5,289.989990234375,292.679992675781,5242500,292.679992675781
2026-04-02,284.890014648438,289.109985351562,279.309997558594,281.160003662109,5322900,281.160003662109
2026-04-06,280.549987792969,288.790008544922,278.570007324219,288.690002441406,5062800,288.690002441406
2026-04-07,285.5,290.100006103516,283.119995117188,288.600006103516,5280500,288.600006103516
2026-04-08,309.920013427734,313.130004882812,305.299987792969,308.059997558594,6432900,308.059997558594
2026-04-09,306,315.049987792969,304.149993896484,313.019989013672,5470800,313.019989013672
2026-04-10,313.079986572266,313.470001220703,306.420013427734,308.350006103516,3685100,308.350006103516
2026-04-13,306.429992675781,312.149993896484,304.320007324219,311.899993896484,3811500,311.899993896484
2026-04-14,315.010009765625,319.140014648438,313.019989013672,318,3530100,318
2026-04-15,316.440002441406,318.579986572266,311.399993896484,313.929992675781,3993700,313.929992675781
2026-04-16,313.570007324219,313.950012207031,297.859985351562,298.290008544922,7373300,298.290008544922
2026-04-17,310.130004882812,314,303.850006103516,304.130004882812,7733100,304.130004882812
2026-04-20,303.880004882812,305.470001220703,298.410003662109,303.600006103516,5315200,303.600006103516
2026-04-21,293.579986572266,304.299987792969,284.209991455078,286.730010986328,12891500,286.730010986328
2026-04-22,286.649993896484,287.799987792969,268.910003662109,276.290008544922,12777700,276.290008544922
2026-04-23,276.489990234375,282.940002441406,273.359985351562,282.339996337891,8591100,282.339996337891
2026-04-24,280.609985351562,286.130004882812,277.179992675781,284.600006103516,9672300,284.600006103516
2026-04-27,282.809997558594,284.869995117188,280.100006103516,284.559997558594,5213300,284.559997558594
2026-04-28,283.369995117188,289.410003662109,280.549987792969,289.200012207031,8417200,289.200012207031
2026-04-29,287.209991455078,289.940002441406,279.589996337891,283.570007324219,9819400,283.570007324219
2026-04-30,285.010009765625,291.570007324219,284.829986572266,289.929992675781,7603400,289.929992675781
2026-05-01,289.049987792969,291.760009765625,286.239990234375,286.510009765625,3782900,286.510009765625
2026-05-04,286.399993896484,289.839996337891,279.410003662109,280.519989013672,6133100,280.519989013672
2026-05-05,282.480010986328,290.660003662109,281.609985351562,286.679992675781,6401100,286.679992675781
2026-05-06,300.429992675781,308.369995117188,299.859985351562,305.829986572266,9168300,305.829986572266
2026-05-07,308.010009765625,310,301.859985351562,302.630004882812,5477800,302.630004882812
2026-05-08,304.450012207031,305.410003662109,296.829986572266,297.149993896484,3952200,297.149993896484
2026-05-11,296.029998779297,303.070007324219,292.850006103516,300.769989013672,4562000,300.769989013672
2026-05-12,299.720001220703,300.910003662109,293.299987792969,297.450012207031,4393300,297.450012207031
2026-05-13,295.970001220703,298.399993896484,291.309997558594,294.709991455078,4219900,294.709991455078
2026-05-14,295.029998779297,297.850006103516,289.079986572266,291.540008544922,4686200,291.540008544922
2026-05-15,287.489990234375,288.309997558594,281.309997558594,281.529998779297,5022500,281.529998779297
2026-05-18,283.390014648438,287.239990234375,282.040008544922,285.989990234375,4696200,285.989990234375
2026-05-19,284.790008544922,287.420013427734,282.619995117188,285.279998779297,5239400,285.279998779297
2026-05-20,289,300.450012207031,286.179992675781,300.170013427734,6098400,300.170013427734
2026-05-21,298.5,302.880004882812,294.75,301.760009765625,4928300,301.760009765625
2026-05-22,303.25,306.299987792969,300.25,302.839996337891,3502100,302.839996337891
2026-05-26,306.350006103516,314.980010986328,306.350006103516,314.489990234375,5084200,314.489990234375
2026-05-27,314.299987792969,320.480010986328,311.950012207031,317.209991455078,4788100,317.209991455078
2026-05-28,316.769989013672,322.320007324219,314.290008544922,320.820007324219,5022600,320.820007324219
2026-05-29,319.329986572266,325.920013427734,316.579986572266,323.760009765625,9345400,323.760009765625
2026-06-01,321.480010986328,326.399993896484,314.920013427734,324.600006103516,4633500,324.600006103516
2026-06-02,323,325.029998779297,316.660003662109,317.720001220703,4827600,317.720001220703
2026-06-03,313.440002441406,319.549987792969,311,314.640014648438,4127000,314.640014648438
2026-06-04,316.670013427734,329.459991455078,316.25,327.649993896484,4243400,327.649993896484
2026-06-05,326.899993896484,332.489990234375,322.529998779297,328,3951500,328
2026-06-08,329.570007324219,332.019989013672,321.040008544922,322.040008544922,3152100,322.040008544922
2026-06-09,324.649993896484,331.309997558594,320.019989013672,330.440002441406,4825300,330.440002441406
2026-06-10,329.489990234375,330.570007324219,318.25,318.709991455078,3777800,318.709991455078
2026-06-11,320.559997558594,332.920013427734,319.760009765625,332.760009765625,4451200,332.760009765625
2026-06-12,334.559997558594,336.859985351562,328.470001220703,335.299987792969,4377500,335.299987792969
2026-06-15,343.450012207031,348.899993896484,341.959991455078,342.260009765625,5252700,342.260009765625
2026-06-16,344.040008544922,352.880004882812,344.040008544922,351.730010986328,5210300,351.730010986328
2026-06-17,352.109985351562,362.329986572266,350,357.029998779297,5029400,357.029998779297
2026-06-18,362.850006103516,364.700012207031,357.100006103516,357.640014648438,7763400,357.640014648438
2026-06-22,357.640014648438,361.279998779297,354.540008544922,355.119995117188,5426700,355.119995117188
2026-06-23,349.279998779297,359.920013427734,347.769989013672,356.470001220703,4735200,356.470001220703
2026-06-24,356.839996337891,369.25,355.660003662109,365.880004882812,6453700,365.880004882812
2026-06-25,367.649993896484,379.670013427734,366.510009765625,371.359985351562,7591800,371.359985351562
2026-06-26,368.399993896484,371.440002441406,363.820007324219,369,8360900,369
2026-06-29,367.820007324219,376,367.470001220703,373.709991455078,6071500,373.709991455078
2026-06-30,374.609985351562,376.820007324219,368.739990234375,373.730010986328,4684100,373.730010986328
