"Date","GRMN.Open","GRMN.High","GRMN.Low","GRMN.Close","GRMN.Volume","GRMN.Adjusted"
2020-01-02,97.620002746582,98.4700012207031,97.379997253418,98.3399963378906,828000,85.2885818481445
2020-01-03,97.2699966430664,98.1699981689453,97.2699966430664,97.7099990844727,503800,84.7421875
2020-01-06,97.4000015258789,98.0599975585938,96.7600021362305,97.6900024414062,686200,84.7248382568359
2020-01-07,97.75,98.0500030517578,97.2200012207031,97.5400009155273,781200,84.5947570800781
2020-01-08,97.4700012207031,98.0299987792969,96.9599990844727,97,1080000,84.1264038085938
2020-01-09,97.6699981689453,97.7900009155273,96.879997253418,97.4000015258789,750100,84.4733276367188
2020-01-10,97.5299987792969,97.5800018310547,96.4100036621094,96.5,387800,83.6927947998047
2020-01-13,96.9700012207031,97.5999984741211,96.6999969482422,97.5899963378906,559500,84.6381149291992
2020-01-14,97.4000015258789,97.620002746582,96.9100036621094,97.2900009155273,788800,84.3779296875
2020-01-15,97.8199996948242,97.870002746582,96.9599990844727,97.1900024414062,736400,84.2912139892578
2020-01-16,97.75,98.7300033569336,97.6399993896484,98.4700012207031,699800,85.4013366699219
2020-01-17,98.4000015258789,99.2399978637695,98.0599975585938,99.0400009155273,1855000,85.8956680297852
2020-01-21,99.1500015258789,101.150001525879,98.9599990844727,100.589996337891,1115200,87.2399597167969
2020-01-22,100.970001220703,101.309997558594,100.080001831055,100.220001220703,502800,86.9190826416016
2020-01-23,100.110000610352,100.809997558594,99.6399993896484,100.559997558594,500200,87.2139282226562
2020-01-24,100.620002746582,100.970001220703,99.1500015258789,99.5899963378906,423400,86.3726806640625
2020-01-27,98.2600021362305,99.120002746582,97.5100021362305,98.4300003051758,923700,85.3666381835938
2020-01-28,99.7399978637695,102.419998168945,99.0199966430664,101.919998168945,826100,88.3934478759766
2020-01-29,102.349998474121,102.349998474121,100.51000213623,100.529998779297,568100,87.1879348754883
2020-01-30,99.870002746582,100.169998168945,98.1800003051758,99.3199996948242,516500,86.1385269165039
2020-01-31,98.9700012207031,99.1999969482422,96.8399963378906,96.9499969482422,618600,84.0830459594727
2020-02-03,97.5199966430664,98.9100036621094,97.4000015258789,98.120002746582,702700,85.097785949707
2020-02-04,99.2900009155273,99.75,98.7099990844727,98.8499984741211,585300,85.7308807373047
2020-02-05,99.2099990844727,99.9800033569336,97.6999969482422,98.0400009155273,775800,85.0283966064453
2020-02-06,98.4599990844727,98.7300033569336,97.7799987792969,97.8499984741211,615500,84.8636245727539
2020-02-07,97.6699981689453,97.9800033569336,95.9199981689453,96.1999969482422,734400,83.4325790405273
2020-02-10,96.0199966430664,98.0999984741211,95.8499984741211,97.7099990844727,591100,84.7421875
2020-02-11,97.5800018310547,98.2600021362305,97.3899993896484,98.0400009155273,463400,85.0283966064453
2020-02-12,98.0999984741211,99,96.9400024414062,97.8099975585938,391300,84.8289108276367
2020-02-13,97.5500030517578,98.5,97.1999969482422,98.3000030517578,474400,85.2538909912109
2020-02-14,98.1399993896484,98.4499969482422,97.5699996948242,98.1800003051758,373900,85.1498107910156
2020-02-18,98.4400024414062,98.7200012207031,96.8399963378906,97.120002746582,1222700,84.2304992675781
2020-02-19,103.870002746582,105.580001831055,101.779998779297,103.669998168945,2959100,89.9112014770508
2020-02-20,103.5,103.949996948242,98.4100036621094,99.8099975585938,1307800,86.5634994506836
2020-02-21,99.3300018310547,99.620002746582,96.5,96.5800018310547,944000,83.7621459960938
2020-02-24,94.4700012207031,95.6999969482422,92.8199996948242,95.3600006103516,1044300,82.7040786743164
2020-02-25,95.4599990844727,96.5400009155273,91.2300033569336,92,1183700,79.7900085449219
2020-02-26,91.4499969482422,93.5400009155273,90.3199996948242,90.379997253418,970800,78.3850250244141
2020-02-27,89.5899963378906,91.2600021362305,88.5100021362305,89.2799987792969,1346200,77.4310150146484
2020-02-28,87.7300033569336,88.8600006103516,85.4400024414062,88.3899993896484,2043500,76.6591186523438
2020-03-02,90,93.5500030517578,89.4000015258789,93.4700012207031,1475000,81.0649185180664
2020-03-03,93.6100006103516,94.9400024414062,89.3899993896484,90.0699996948242,1399600,78.1161651611328
2020-03-04,91.4300003051758,93.5199966430664,90.0999984741211,93.4100036621094,881600,81.0128936767578
2020-03-05,91.129997253418,91.4400024414062,87.129997253418,89.379997253418,1512800,77.5177383422852
2020-03-06,86.8300018310547,87.9800033569336,84.9599990844727,87.5199966430664,1114700,75.9045639038086
2020-03-09,81.8399963378906,83.6600036621094,79.5599975585938,81.1600036621094,1173800,70.3886489868164
2020-03-10,83.3600006103516,84.7799987792969,81.0299987792969,84.4199981689453,1289400,73.2160034179688
2020-03-11,82.3499984741211,83.0400009155273,79.4700012207031,80.5100021362305,1103500,69.8249282836914
2020-03-12,75.9499969482422,77.8600006103516,72.379997253418,72.879997253418,1602900,63.2075614929199
2020-03-13,75.0699996948242,77.7200012207031,73.25,77.3399963378906,1430200,67.6043853759766
2020-03-16,69,73.5,67.5,70.8499984741211,1940400,61.9313430786133
2020-03-17,71.7300033569336,75.7300033569336,70.6500015258789,73.9300003051758,1600300,64.6236419677734
2020-03-18,70.3899993896484,71.9599990844727,65.620002746582,71.7099990844727,1270500,62.6830863952637
2020-03-19,71.3899993896484,73.5299987792969,68.8399963378906,70.1100006103516,1091200,61.284496307373
2020-03-20,70.8499984741211,70.8499984741211,65.7099990844727,66.0299987792969,1709000,57.7180938720703
2020-03-23,65.9100036621094,65.9100036621094,61.0400009155273,63.6300010681152,1658400,55.6202125549316
2020-03-24,66.6399993896484,70.8099975585938,65.2200012207031,70.370002746582,1219900,61.5117797851562
2020-03-25,70.4499969482422,73.7900009155273,66.4700012207031,71.7099990844727,1551400,62.6830863952637
2020-03-26,72.1600036621094,74.9499969482422,71.0800018310547,74.2300033569336,1469500,64.8858642578125
2020-03-27,72.0400009155273,76.1800003051758,70.2600021362305,73.5299987792969,1260700,64.2739944458008
2020-03-30,73.870002746582,77.2300033569336,72.4100036621094,76.6900024414062,1117700,67.0362014770508
2020-03-31,76.0400009155273,76.9800033569336,74.5699996948242,74.9599990844727,1023300,65.5239868164062
2020-04-01,71.9899978637695,74.4800033569336,70.2099990844727,71.4100036621094,1244300,62.4208602905273
2020-04-02,70.9100036621094,73.6600036621094,70.629997253418,73.4599990844727,1345900,64.2128143310547
2020-04-03,73.3499984741211,74.0999984741211,70.6500015258789,71.5599975585938,1112400,62.5519523620605
2020-04-06,74.3499984741211,76.1800003051758,74.1100006103516,75.4400024414062,1387900,65.9435348510742
2020-04-07,77.5199966430664,78.4800033569336,73.629997253418,74.2300033569336,1484200,64.8858642578125
2020-04-08,74.6900024414062,77.7300033569336,74.0500030517578,77.3600006103516,1106100,67.6218490600586
2020-04-09,78.7699966430664,79.7399978637695,77.6100006103516,78.6500015258789,1327000,68.7494659423828
2020-04-13,78.5699996948242,78.5699996948242,76.8399963378906,77.8199996948242,1060200,68.0239562988281
2020-04-14,79.2200012207031,82.4100036621094,78.9199981689453,81.9899978637695,1030300,71.6690292358398
2020-04-15,79.9400024414062,80.4100036621094,77.6500015258789,77.9300003051758,1090000,68.1201095581055
2020-04-16,78.129997253418,79.0800018310547,77.3199996948242,78.6600036621094,1122200,68.7582168579102
2020-04-17,80.9800033569336,83.25,80.5199966430664,82.1100006103516,2604900,71.77392578125
2020-04-20,81.4100036621094,81.7399978637695,79.5299987792969,80.0500030517578,863600,69.9732513427734
2020-04-21,78.5699996948242,79.4599990844727,77.7300033569336,78.0400009155273,913100,68.2162551879883
2020-04-22,79.5699996948242,79.9499969482422,78.5100021362305,78.9599990844727,622700,69.0204467773438
2020-04-23,78.6699981689453,80.5299987792969,78.6699981689453,79.3000030517578,661300,69.3176651000977
2020-04-24,79.7300033569336,80.3499984741211,78.379997253418,78.9199981689453,719200,68.9854888916016
2020-04-27,78.7799987792969,81.25,78.2900009155273,80.7399978637695,994100,70.5763626098633
2020-04-28,82.2699966430664,83.9700012207031,81.6999969482422,83.4000015258789,1092000,72.9015579223633
2020-04-29,86.0500030517578,87.5,82.6100006103516,82.9100036621094,1778600,72.4732284545898
2020-04-30,82.25,82.3600006103516,79.620002746582,81.1600036621094,1527400,70.943489074707
2020-05-01,79.7399978637695,81.1600036621094,79.2200012207031,79.8099975585938,1089200,69.7634735107422
2020-05-04,79.1100006103516,80.0599975585938,78.7600021362305,79.7200012207031,1029600,69.6847991943359
2020-05-05,80.1800003051758,81.7900009155273,79.9100036621094,80.7600021362305,1014400,70.5938568115234
2020-05-06,81.2900009155273,81.75,78.6399993896484,78.7300033569336,813400,68.8194122314453
2020-05-07,79.2699966430664,80.1800003051758,77.9800033569336,78.0400009155273,950000,68.2162551879883
2020-05-08,79.5,81.4800033569336,78.5100021362305,81.3399963378906,1063900,71.1008529663086
2020-05-11,80.4800033569336,81.7200012207031,80,80.8300018310547,722200,70.6550598144531
2020-05-12,81.0299987792969,81.6800003051758,79.4199981689453,79.4199981689453,643600,69.4225540161133
2020-05-13,78.9800033569336,79.2600021362305,77.0100021362305,78.1699981689453,968900,68.3298950195312
2020-05-14,77.3499984741211,77.6500015258789,76.0199966430664,77.3000030517578,1062800,67.5694274902344
2020-05-15,77.3000030517578,79.3000030517578,76.5100021362305,78.0299987792969,2454700,68.2075271606445
2020-05-18,80.1399993896484,82.3300018310547,79.6399993896484,81.8899993896484,877200,71.5816192626953
2020-05-19,82.0500030517578,83.2099990844727,81.5699996948242,82.0500030517578,960100,71.7214889526367
2020-05-20,82.8199996948242,84.0599975585938,82.4199981689453,83.870002746582,962500,73.3123931884766
2020-05-21,83.870002746582,84.9000015258789,83.5899963378906,84.1999969482422,774100,73.6008377075195
2020-05-22,83.8600006103516,84.4899978637695,83.629997253418,83.8899993896484,688800,73.3298797607422
2020-05-26,85.2099990844727,87.4899978637695,85.2099990844727,86.629997253418,946000,75.7249374389648
2020-05-27,87.5,88.629997253418,86.6500015258789,88.129997253418,1061700,77.0361251831055
2020-05-28,89.5100021362305,91.4300003051758,88.4599990844727,90.9100036621094,2095300,79.4661712646484
2020-05-29,90.6800003051758,91.129997253418,89.6399993896484,90.1699981689453,2731700,78.8193435668945
2020-06-01,90.3899993896484,91.9199981689453,89.8000030517578,90.5400009155273,951200,79.1427536010742
2020-06-02,90.8499984741211,92.5500030517578,90.5,92.4400024414062,1003100,80.8035736083984
2020-06-03,93.4899978637695,96.5100021362305,92.6399993896484,95.7200012207031,1356900,83.6706924438477
2020-06-04,95.379997253418,95.4300003051758,92.870002746582,93.2699966430664,1226700,81.5290832519531
2020-06-05,95.629997253418,97.2799987792969,94.1699981689453,96.5299987792969,1116700,84.3787231445312
2020-06-08,96.620002746582,99.3399963378906,96.620002746582,99.3000030517578,1100200,86.8000411987305
2020-06-09,98.129997253418,98.9100036621094,97.1399993896484,98.129997253418,830000,85.7773132324219
2020-06-10,98.5400009155273,98.5400009155273,96.3300018310547,96.9400024414062,868500,84.7371292114258
2020-06-11,94.7699966430664,94.870002746582,91.3000030517578,91.4199981689453,928200,79.911979675293
2020-06-12,92.629997253418,93.5,90.120002746582,91.6699981689453,627000,80.6687774658203
2020-06-15,91.6999969482422,94.0100021362305,90.5999984741211,93.5699996948242,951400,82.3407592773438
2020-06-16,95.5699996948242,95.9599990844727,92.7799987792969,95.0699996948242,1059000,83.6607360839844
2020-06-17,95.8099975585938,96.5199966430664,94.9800033569336,95.9700012207031,838900,84.4527130126953
2020-06-18,95.2300033569336,95.9800033569336,94.4199981689453,95.1800003051758,729900,83.7575378417969
2020-06-19,96.7399978637695,98.3399963378906,94.8099975585938,98.3399963378906,3615800,86.5383071899414
2020-06-22,97.2300033569336,98.6999969482422,96,97.5299987792969,1463900,85.8255081176758
2020-06-23,98.2099990844727,98.9499969482422,97.7099990844727,97.7300033569336,928700,86.0015335083008
2020-06-24,96.7300033569336,97.2300033569336,94.3099975585938,95.2900009155273,765700,83.8543548583984
2020-06-25,94.7300033569336,96.3199996948242,94.0599975585938,96.2300033569336,591500,84.6815414428711
2020-06-26,96,96.3600006103516,94.379997253418,94.8600006103516,872100,83.475944519043
2020-06-29,94.9000015258789,96.2300033569336,94.5699996948242,96.1500015258789,1559000,84.6111373901367
2020-06-30,96.6699981689453,98.0699996948242,96.1800003051758,97.5,1003500,85.7991256713867
2020-07-01,98.0100021362305,98.6399993896484,97.0400009155273,97.129997253418,780000,85.4735412597656
2020-07-02,98.0599975585938,98.7900009155273,97.1399993896484,97.5299987792969,577700,85.8255081176758
2020-07-06,98.8000030517578,99.4499969482422,98.2099990844727,99.0800018310547,819600,87.1895141601562
2020-07-07,98.0199966430664,99.5500030517578,97.9000015258789,98.7200012207031,580800,86.8727035522461
2020-07-08,99.0299987792969,99.3499984741211,97.3600006103516,98.1800003051758,547900,86.3974990844727
2020-07-09,98.25,98.4899978637695,96.0500030517578,96.9199981689453,758100,85.2887191772461
2020-07-10,96.629997253418,97.1399993896484,95.2699966430664,97.0899963378906,779500,85.4383087158203
2020-07-13,97.75,98.6399993896484,96.3600006103516,96.4899978637695,809900,84.9103164672852
2020-07-14,95.7799987792969,97.9599990844727,95.3300018310547,97.8399963378906,724000,86.0983047485352
2020-07-15,97.8300018310547,99.7900009155273,97.8300018310547,99.4499969482422,785600,87.5150833129883
2020-07-16,99.4000015258789,101.410003662109,99.1900024414062,101.040000915527,1257000,88.9142761230469
2020-07-17,100.900001525879,101,99.129997253418,100.419998168945,1191900,88.3687057495117
2020-07-20,100.400001525879,100.430000305176,99.4499969482422,100.199996948242,648800,88.1750946044922
2020-07-21,100,100.779998779297,99.75,99.8099975585938,693900,87.831901550293
2020-07-22,99.8199996948242,101.459999084473,99.7900009155273,101.349998474121,768800,89.1870727539062
2020-07-23,101.410003662109,102.400001525879,99.5,100.199996948242,687700,88.1750946044922
2020-07-24,97,99.2200012207031,96.1800003051758,96.7399978637695,1806700,85.1303329467773
2020-07-27,94.8399963378906,100.709999084473,94.5100021362305,100.290000915527,1657200,88.2542877197266
2020-07-28,100.650001525879,100.680000305176,98.6699981689453,99.3600006103516,1548100,87.4359130859375
2020-07-29,103.120002746582,103.98999786377,95.0199966430664,98.7799987792969,1807000,86.9255218505859
2020-07-30,97.5800018310547,100.529998779297,97.0899963378906,100.01000213623,1160700,88.0079040527344
2020-07-31,100.01000213623,100.160003662109,97.0800018310547,98.5899963378906,983600,86.75830078125
2020-08-03,99.120002746582,100.519996643066,98.6999969482422,99.9700012207031,951700,87.9726943969727
2020-08-04,99.6999969482422,100.099998474121,99.1800003051758,99.9400024414062,829300,87.9462814331055
2020-08-05,100.389999389648,102.620002746582,100.120002746582,102.360000610352,938800,90.0758743286133
2020-08-06,102.089996337891,102.620002746582,100.980003356934,102.330001831055,592000,90.0494613647461
2020-08-07,102.290000915527,102.480003356934,101.449996948242,101.889999389648,681200,89.6622619628906
2020-08-10,101.779998779297,102.300003051758,101.529998779297,102.110000610352,805500,89.8558883666992
2020-08-11,102.459999084473,103.440002441406,101.309997558594,101.5,871000,89.319091796875
2020-08-12,101.819999694824,103.550003051758,101.430000305176,103.279998779297,619900,90.8854751586914
2020-08-13,103.23999786377,104.910003662109,102.76000213623,104.620002746582,987200,92.0646667480469
2020-08-14,104.430000305176,104.680000305176,103.669998168945,104.279998779297,607900,91.7654571533203
2020-08-17,104.639999389648,104.970001220703,104.050003051758,104.480003356934,558300,91.9414672851562
2020-08-18,104.720001220703,104.720001220703,103.620002746582,104.220001220703,669800,91.7126541137695
2020-08-19,104.599998474121,105.5,103.900001525879,103.98999786377,790600,91.5102462768555
2020-08-20,103.470001220703,103.5,102.300003051758,102.940002441406,607900,90.5862731933594
2020-08-21,102.98999786377,103.129997253418,102.279998779297,102.430000305176,768500,90.1374816894531
2020-08-24,102.860000610352,103.900001525879,102.860000610352,103.639999389648,688800,91.202262878418
2020-08-25,104.470001220703,104.470001220703,103.150001525879,103.639999389648,510900,91.202262878418
2020-08-26,103.819999694824,104.76000213623,103.410003662109,104.669998168945,724400,92.1086502075195
2020-08-27,105.26000213623,105.330001831055,102.430000305176,102.569999694824,845800,90.2606658935547
2020-08-28,103.519996643066,103.870002746582,102.660003662109,103.76000213623,545400,91.3078918457031
2020-08-31,103.620002746582,104.569999694824,103.120002746582,103.610000610352,770100,91.1758880615234
2020-09-01,103.419998168945,104.040000915527,102.75,104,695700,91.5190734863281
2020-09-02,104.480003356934,106,103.599998474121,105.809997558594,772700,93.1118240356445
2020-09-03,105.959999084473,105.98999786377,100.879997253418,101.309997558594,858400,89.1518936157227
2020-09-04,102.309997558594,102.910003662109,100.330001831055,101.730003356934,906300,89.521484375
2020-09-08,100.930000305176,101.110000610352,99.1600036621094,99.3600006103516,883200,87.4359130859375
2020-09-09,100.620002746582,102.050003051758,100.430000305176,101.139999389648,681400,89.0022811889648
2020-09-10,102.099998474121,102.349998474121,98.9199981689453,99.4000015258789,815500,87.4710998535156
2020-09-11,100.389999389648,100.949996948242,99.5800018310547,100.050003051758,657700,88.0430908203125
2020-09-14,100.01000213623,100.150001525879,99.120002746582,99.6999969482422,642700,88.2733001708984
2020-09-15,100.309997558594,101.300003051758,99.8300018310547,99.9800033569336,600300,88.5212020874023
2020-09-16,100.209999084473,100.51000213623,98.2099990844727,98.3899993896484,773900,87.1134338378906
2020-09-17,97.9199981689453,98.8499984741211,96.9700012207031,98.1999969482422,742000,86.9452209472656
2020-09-18,98.4199981689453,99.2399978637695,96.120002746582,96.3300018310547,1403100,85.2895355224609
2020-09-21,95.4400024414062,95.4400024414062,93.2300033569336,94.2600021362305,879000,83.456787109375
2020-09-22,94.0299987792969,95.3899993896484,93.629997253418,95.1399993896484,960000,84.2359237670898
2020-09-23,96.120002746582,96.3099975585938,93.2099990844727,93.4599990844727,826500,82.7484817504883
2020-09-24,93.1800003051758,95.4100036621094,92.1900024414062,92.6800003051758,640400,82.0578689575195
2020-09-25,92.4199981689453,93.870002746582,91.8399963378906,93.5500030517578,536100,82.8281555175781
2020-09-28,94.9100036621094,95.8099975585938,93.9599990844727,95.379997253418,550600,84.4483947753906
2020-09-29,95.5800018310547,95.7799987792969,94.8600006103516,95.0100021362305,487600,84.1208267211914
2020-09-30,95.3399963378906,95.8399963378906,94.370002746582,94.8600006103516,750800,83.9880065917969
2020-10-01,95.7799987792969,95.9300003051758,94.3499984741211,94.6800003051758,627800,83.8286437988281
2020-10-02,93.75,95.75,93.7399978637695,94.9300003051758,501700,84.0499954223633
2020-10-05,95.7399978637695,96.6600036621094,95.5400009155273,96.5400009155273,562900,85.475471496582
2020-10-06,96.5400009155273,97.1800003051758,94.9199981689453,95.1500015258789,581400,84.2447891235352
2020-10-07,95.870002746582,97.1999969482422,95.8000030517578,96.9199981689453,586900,85.811897277832
2020-10-08,97.5100021362305,98.2099990844727,96.9199981689453,98.129997253418,491900,86.8832168579102
2020-10-09,98.4700012207031,99.4499969482422,98.3199996948242,98.8199996948242,539100,87.4941558837891
2020-10-12,99.2699966430664,99.4899978637695,98.7399978637695,99.0699996948242,412300,87.7154846191406
2020-10-13,98.7399978637695,99.3300018310547,98.0199966430664,98.8099975585938,395300,87.4852981567383
2020-10-14,99.0100021362305,99.3399963378906,97.6600036621094,98.4899978637695,440400,87.2019729614258
2020-10-15,97.6999969482422,99.2799987792969,97.3499984741211,99.0299987792969,369400,87.6800765991211
2020-10-16,98.9899978637695,99.879997253418,98.6500015258789,99.120002746582,808000,87.7597808837891
2020-10-19,99.5800018310547,100.339996337891,97.4499969482422,97.7200012207031,468400,86.5202255249023
2020-10-20,98.3300018310547,100.169998168945,97.8499984741211,98.7900009155273,500100,87.4676055908203
2020-10-21,99.0199966430664,99.629997253418,97.5899963378906,98.3899993896484,428500,87.1134338378906
2020-10-22,98.2900009155273,99.5800018310547,98.2900009155273,99.0400009155273,485700,87.6889343261719
2020-10-23,99.6500015258789,100.930000305176,99.0100021362305,100.839996337891,701000,89.2826538085938
2020-10-26,100.029998779297,100.23999786377,98.5800018310547,99.4199981689453,730100,88.025390625
2020-10-27,99.1999969482422,100.160003662109,98.5299987792969,98.6100006103516,575700,87.3082122802734
2020-10-28,100.120002746582,101.669998168945,97.4700012207031,97.5699996948242,1444800,86.3874130249023
2020-10-29,97.5199966430664,102.330001831055,97.5199966430664,100.730003356934,1103600,89.1852569580078
2020-10-30,101.379997253418,105.23999786377,101.230003356934,104.019996643066,1946600,92.0981597900391
2020-11-02,105.089996337891,109.900001525879,105.019996643066,109.889999389648,2065600,97.29541015625
2020-11-03,111.300003051758,111.779998779297,109.410003662109,110.620002746582,1914900,97.9417572021484
2020-11-04,111.120002746582,113.069999694824,110.169998168945,111.26000213623,1159300,98.5084075927734
2020-11-05,112,114.430000305176,111.5,113.269996643066,1725600,100.288040161133
2020-11-06,113.599998474121,116.290000915527,113.209999084473,115.190002441406,1009700,101.987968444824
2020-11-09,120.290000915527,120.419998168945,115.180000305176,115.269996643066,1666300,102.058784484863
2020-11-10,113.940002441406,114.940002441406,113.360000610352,114.180000305176,1200000,101.093727111816
2020-11-11,114.889999389648,115.879997253418,114.180000305176,114.819999694824,713900,101.660377502441
2020-11-12,115.410003662109,115.639999389648,113.25,113.75,634800,100.713020324707
2020-11-13,114.050003051758,115.680000305176,113.790000915527,115.629997253418,595600,102.377532958984
2020-11-16,117.019996643066,117.709999084473,116.150001525879,117.51000213623,862000,104.042091369629
2020-11-17,117.169998168945,117.559997558594,116.569999694824,117.330001831055,606700,103.882720947266
2020-11-18,117.339996337891,117.339996337891,114.26000213623,114.300003051758,818500,101.199981689453
2020-11-19,114.690002441406,115.400001525879,112.819999694824,114.290000915527,571200,101.191123962402
2020-11-20,114.48999786377,115.209999084473,113.5,114.48999786377,653000,101.368186950684
2020-11-23,114.889999389648,115.379997253418,114.069999694824,114.660003662109,578100,101.51872253418
2020-11-24,115.720001220703,117.269996643066,114.599998474121,116.459999084473,676400,103.112419128418
2020-11-25,116.290000915527,116.709999084473,115.069999694824,116.370002746582,678500,103.032737731934
2020-11-27,116.809997558594,118.01000213623,116.379997253418,117.050003051758,399400,103.634811401367
2020-11-30,116.129997253418,117.069999694824,114.309997558594,116.76000213623,1162400,103.378044128418
2020-12-01,117.650001525879,119.98999786377,117.25,119.800003051758,1008800,106.069625854492
2020-12-02,120,120,117.790000915527,118.480003356934,639300,104.900909423828
2020-12-03,118.23999786377,119.599998474121,118.23999786377,119.23999786377,559700,105.573806762695
2020-12-04,119,121.73999786377,118.75,121.339996337891,803700,107.43310546875
2020-12-07,120.699996948242,122.349998474121,120.269996643066,121.300003051758,769500,107.397720336914
2020-12-08,121.25,122.98999786377,120.279998779297,122.849998474121,715600,108.770042419434
2020-12-09,123.550003051758,123.550003051758,117.919998168945,119.449996948242,1245200,105.759735107422
2020-12-10,118.940002441406,119.949996948242,118.01000213623,118.599998474121,623900,105.007148742676
2020-12-11,118.449996948242,119.230003356934,118.040000915527,118.940002441406,559600,105.30818939209
2020-12-14,119.209999084473,119.480003356934,117.209999084473,117.209999084473,723700,104.311424255371
2020-12-15,118.160003662109,119.269996643066,117.589996337891,119.190002441406,561600,106.07356262207
2020-12-16,118.889999389648,119.51000213623,117.720001220703,118.330001831055,686600,105.30818939209
2020-12-17,118.449996948242,119.650001525879,117.620002746582,118.629997253418,822600,105.575164794922
2020-12-18,118.819999694824,119.839996337891,118.459999084473,119.48999786377,2004100,106.340538024902
2020-12-21,118.379997253418,118.5,116.629997253418,118.180000305176,810400,105.174697875977
2020-12-22,118.349998474121,119.459999084473,117.660003662109,119.139999389648,650300,106.02904510498
2020-12-23,119.769996643066,121.370002746582,119.769996643066,120.23999786377,587900,107.00798034668
2020-12-24,120.680000305176,120.680000305176,119.230003356934,120.209999084473,166100,106.981307983398
2020-12-28,120.389999389648,121.529998779297,120.290000915527,120.730003356934,321100,107.44408416748
2020-12-29,121.099998474121,121.480003356934,119,119.379997253418,276700,106.242630004883
2020-12-30,119.540000915527,120.019996643066,118.849998474121,119.519996643066,278100,106.367225646973
2020-12-31,119.190002441406,119.800003051758,118.690002441406,119.660003662109,324300,106.491828918457
2021-01-04,119.790000915527,120.650001525879,117.870002746582,118.800003051758,785000,105.726486206055
2021-01-05,118.129997253418,118.930000305176,117.209999084473,118.559997558594,715600,105.512886047363
2021-01-06,118.690002441406,119.669998168945,117.919998168945,119.480003356934,921200,106.331619262695
2021-01-07,119.769996643066,122.75,119.650001525879,121.559997558594,662900,108.182739257812
2021-01-08,122.440002441406,122.940002441406,120.709999084473,121.980003356934,564100,108.556503295898
2021-01-11,121.389999389648,122.440002441406,120.790000915527,121.230003356934,434800,107.889045715332
2021-01-12,121.330001831055,122.230003356934,120.860000610352,122.019996643066,508800,108.592102050781
2021-01-13,122.220001220703,122.360000610352,120.379997253418,120.790000915527,546200,107.49747467041
2021-01-14,122.040000915527,122.040000915527,120.300003051758,120.879997253418,518100,107.57755279541
2021-01-15,120.430000305176,121.589996337891,119.839996337891,121.01000213623,1004400,107.693283081055
2021-01-19,121.400001525879,123.360000610352,120.680000305176,122.690002441406,687900,109.188385009766
2021-01-20,122.889999389648,125,122.690002441406,123.980003356934,708000,110.336418151855
2021-01-21,124.160003662109,124.629997253418,123.080001831055,123.779998779297,481600,110.15843963623
2021-01-22,123.01000213623,124.139999389648,122.349998474121,123.830001831055,462800,110.202934265137
2021-01-25,123.919998168945,124.809997558594,122.389999389648,123.519996643066,504400,109.927024841309
2021-01-26,123.440002441406,123.5,121.26000213623,121.410003662109,479800,108.049255371094
2021-01-27,120.680000305176,120.680000305176,116.480003356934,117.309997558594,775800,104.400421142578
2021-01-28,117.089996337891,119.379997253418,116.809997558594,117.470001220703,621300,104.542823791504
2021-01-29,117.160003662109,117.160003662109,113.589996337891,114.860000610352,1069500,102.220054626465
2021-02-01,115.199996948242,117.569999694824,115.120002746582,117.360000610352,616200,104.444938659668
2021-02-02,118.410003662109,119.290000915527,117.669998168945,118.870002746582,787400,105.788757324219
2021-02-03,118.550003051758,119.650001525879,118.120002746582,118.940002441406,444000,105.851051330566
2021-02-04,119.5,119.98999786377,118.550003051758,119.269996643066,461200,106.144744873047
2021-02-05,119.870002746582,120.940002441406,119.440002441406,120.330001831055,480300,107.088096618652
2021-02-08,120.360000610352,124.980003356934,119.790000915527,124.139999389648,1218500,110.478820800781
2021-02-09,124.669998168945,127.150001525879,123.209999084473,126.120002746582,1255400,112.240936279297
2021-02-10,127.569999694824,129.259994506836,126.309997558594,128.119995117188,997900,114.02082824707
2021-02-11,128.949996948242,130.360000610352,128.289993286133,129.429992675781,719100,115.186668395996
2021-02-12,130.110000610352,131.399993896484,129.5,130.699996948242,692000,116.316917419434
2021-02-16,131.369995117188,133.429992675781,131.050003051758,132.479995727539,1334800,117.901016235352
2021-02-17,132.199996948242,132.960006713867,128.470001220703,129.509994506836,1583400,115.257865905762
2021-02-18,129.550003051758,131.419998168945,126.73999786377,127.599998474121,1296100,113.558052062988
2021-02-19,128.029998779297,128.910003662109,127.660003662109,128.009994506836,886400,113.922927856445
2021-02-22,127.98999786377,128.220001220703,127.330001831055,127.650001525879,771400,113.602546691895
2021-02-23,126.080001831055,127.099998474121,124.25,126.029998779297,1032300,112.160820007324
2021-02-24,125.48999786377,129.240005493164,125.169998168945,128.449996948242,626800,114.314514160156
2021-02-25,128.240005493164,128.440002441406,123.889999389648,124.339996337891,552400,110.656791687012
2021-02-26,124.169998168945,125.559997558594,123.519996643066,124.019996643066,939800,110.372024536133
2021-03-01,125.190002441406,129.029998779297,125.069999694824,128.270004272461,894200,114.154335021973
2021-03-02,128.350006103516,128.699996948242,126.569999694824,127.01000213623,819300,113.032989501953
2021-03-03,126.580001831055,126.970001220703,123.709999084473,123.819999694824,851100,110.194023132324
2021-03-04,124.51000213623,126.419998168945,117.73999786377,119.860000610352,803400,106.669830322266
2021-03-05,121.160003662109,122.779998779297,117.76000213623,122.419998168945,844500,108.948104858398
2021-03-08,123.26000213623,123.970001220703,121.430000305176,122.519996643066,603700,109.037094116211
2021-03-09,123.5,126.639999389648,122.690002441406,125.230003356934,835400,111.448867797852
2021-03-10,125.940002441406,127.680000305176,125.860000610352,126.889999389648,619600,112.926193237305
2021-03-11,127.800003051758,128.809997558594,127.059997558594,127.720001220703,693400,113.664848327637
2021-03-12,127,127.569999694824,126.589996337891,127.459999084473,499600,113.977813720703
2021-03-15,127.650001525879,128.220001220703,126.860000610352,128.110000610352,519600,114.559074401855
2021-03-16,128.949996948242,129.479995727539,126.669998168945,128.279998779297,695300,114.711090087891
2021-03-17,127.779998779297,127.779998779297,124.660003662109,126.430000305176,658800,113.056777954102
2021-03-18,126.23999786377,126.629997253418,124.889999389648,125.449996948242,540800,112.180435180664
2021-03-19,125.419998168945,126.459999084473,124.099998474121,125.709999084473,1279900,112.412940979004
2021-03-22,126.620002746582,128.029998779297,126.410003662109,127.580001831055,767500,114.08512878418
2021-03-23,127.23999786377,128.309997558594,125.919998168945,126.160003662109,517900,112.815330505371
2021-03-24,127.110000610352,128.100006103516,126.669998168945,126.779998779297,761800,113.369743347168
2021-03-25,126.879997253418,127.599998474121,124.650001525879,127.550003051758,684300,114.058311462402
2021-03-26,126.98999786377,128.449996948242,124.110000610352,128.369995117188,597600,114.791549682617
2021-03-29,127.790000915527,130.229995727539,127.779998779297,129.970001220703,954400,116.222328186035
2021-03-30,129.490005493164,131.050003051758,129.289993286133,130.729995727539,640900,116.901931762695
2021-03-31,131.25,132.25,130.729995727539,131.850006103516,920500,117.903465270996
2021-04-01,132,132.639999389648,130.380004882812,132.509994506836,686100,118.49365234375
2021-04-05,133.149993896484,136.399993896484,132.630004882812,135.929992675781,864600,121.551887512207
2021-04-06,136,137.100006103516,135.259994506836,136.520004272461,661400,122.079498291016
2021-04-07,136.520004272461,136.990005493164,134.779998779297,135.320007324219,632100,121.006439208984
2021-04-08,135.149993896484,135.809997558594,134.470001220703,135.630004882812,643500,121.283645629883
2021-04-09,135.869995117188,137.699996948242,135.5,137.649993896484,464800,123.089973449707
2021-04-12,137.970001220703,138.429992675781,136.759994506836,137.850006103516,414900,123.268814086914
2021-04-13,138.169998168945,138.820007324219,137.029998779297,138.669998168945,486800,124.002075195312
2021-04-14,138.199996948242,139.229995727539,137.229995727539,137.610000610352,456300,123.054206848145
2021-04-15,138.229995727539,138.600006103516,137.570007324219,138.550003051758,444400,123.89476776123
2021-04-16,138.940002441406,141.729995727539,138.940002441406,140.600006103516,1358100,125.727928161621
2021-04-19,140.330001831055,140.679992675781,139.139999389648,140.550003051758,599300,125.683235168457
2021-04-20,140.320007324219,140.720001220703,137.949996948242,138.199996948242,478100,123.581802368164
2021-04-21,138.699996948242,139.389999389648,138.320007324219,139,502900,124.297180175781
2021-04-22,138.899993896484,139.869995117188,138.139999389648,139.160003662109,624100,124.440246582031
2021-04-23,140,141.880004882812,140,141.350006103516,620900,126.398651123047
2021-04-26,142.229995727539,142.490005493164,141.029998779297,141.649993896484,603000,126.666870117188
2021-04-27,141.889999389648,142.940002441406,141.089996337891,141.119995117188,681700,126.192916870117
2021-04-28,138.720001220703,139.289993286133,135.660003662109,137.380004882812,902700,122.848526000977
2021-04-29,138.979995727539,139.899993896484,137.660003662109,138.679992675781,543500,124.011001586914
2021-04-30,138.330001831055,138.389999389648,136.910003662109,137.240005493164,665300,122.723335266113
2021-05-03,138.580001831055,138.669998168945,137.020004272461,137.889999389648,495700,123.304580688477
2021-05-04,137.320007324219,137.580001831055,135.330001831055,137.259994506836,559500,122.741226196289
2021-05-05,138.130004882812,139.75,137.660003662109,139.600006103516,653000,124.833709716797
2021-05-06,139.919998168945,141.399993896484,139.039993286133,141.339996337891,594900,126.389663696289
2021-05-07,141.580001831055,143.759994506836,141.259994506836,143.559997558594,510800,128.374816894531
2021-05-10,143.990005493164,145.199996948242,142.330001831055,142.380004882812,553500,127.319641113281
2021-05-11,139.809997558594,141.869995117188,139.089996337891,140.589996337891,610400,125.718978881836
2021-05-12,139.770004272461,140.539993286133,135.779998779297,136.149993896484,629500,121.748626708984
2021-05-13,136.470001220703,139.199996948242,136.419998168945,138.089996337891,589000,123.483421325684
2021-05-14,139.589996337891,141.270004272461,139.240005493164,140.389999389648,484100,125.540138244629
2021-05-17,139.720001220703,140.970001220703,139.589996337891,140.100006103516,574600,125.280830383301
2021-05-18,140.789993286133,141.610000610352,139.619995117188,140.270004272461,733400,125.432861328125
2021-05-19,138.350006103516,138.820007324219,137.139999389648,138.169998168945,836400,123.554962158203
2021-05-20,139.070007324219,139.820007324219,137.919998168945,139.279998779297,614600,124.547569274902
2021-05-21,139.699996948242,141.389999389648,139.330001831055,139.839996337891,858100,125.048347473145
2021-05-24,140.970001220703,140.970001220703,139.759994506836,139.990005493164,588200,125.182464599609
2021-05-25,141.100006103516,141.889999389648,140.320007324219,140.869995117188,837300,125.969375610352
2021-05-26,141.869995117188,142.580001831055,141.25,141.580001831055,806000,126.604263305664
2021-05-27,142.029998779297,143.449996948242,141.720001220703,142.380004882812,1681300,127.319641113281
2021-05-28,142.839996337891,143.509994506836,142.190002441406,142.240005493164,600700,127.19441986084
2021-06-01,144,144.539993286133,141.919998168945,142.919998168945,803100,127.802520751953
2021-06-02,143.179992675781,143.289993286133,141.169998168945,141.880004882812,850000,126.872512817383
2021-06-03,140.770004272461,142.479995727539,138.970001220703,142.220001220703,761500,127.176582336426
2021-06-04,142.669998168945,143.850006103516,142.119995117188,143.639999389648,505300,128.446380615234
2021-06-07,144.119995117188,145,142.649993896484,143.270004272461,617000,128.115509033203
2021-06-08,144.130004882812,144.130004882812,141.779998779297,142.550003051758,567800,127.471672058105
2021-06-09,143.240005493164,143.240005493164,141.759994506836,142.169998168945,476800,127.131851196289
2021-06-10,142.300003051758,143.270004272461,141.649993896484,142.600006103516,371200,127.516387939453
2021-06-11,143.419998168945,144.759994506836,142.839996337891,144.759994506836,461000,129.447891235352
2021-06-14,143.660003662109,143.990005493164,142.029998779297,142.679992675781,438800,128.181198120117
2021-06-15,142.960006713867,143.699996948242,142.270004272461,143.389999389648,437600,128.81901550293
2021-06-16,143.369995117188,143.369995117188,141.259994506836,141.820007324219,546900,127.408599853516
2021-06-17,141.440002441406,141.759994506836,139.610000610352,141,659200,126.671905517578
2021-06-18,140.199996948242,141.179992675781,138.600006103516,139.539993286133,1046100,125.360298156738
2021-06-21,139.800003051758,142.410003662109,139.800003051758,142.009994506836,559700,127.579277038574
2021-06-22,141.139999389648,142.789993286133,140.130004882812,142.360000610352,642000,127.893699645996
2021-06-23,142.360000610352,142.770004272461,141.259994506836,141.869995117188,698900,127.453498840332
2021-06-24,142.800003051758,143.389999389648,141.990005493164,143.039993286133,412900,128.50456237793
2021-06-25,143.929992675781,144.710006713867,143.789993286133,144.369995117188,450400,129.699462890625
2021-06-28,144.699996948242,144.699996948242,143.660003662109,144.270004272461,676800,129.609619140625
2021-06-29,144.619995117188,145.830001831055,144.529998779297,145.380004882812,399800,130.606857299805
2021-06-30,145.630004882812,145.779998779297,143.910003662109,144.639999389648,529700,129.942001342773
2021-07-01,145.270004272461,146.199996948242,144.410003662109,146.089996337891,518200,131.244674682617
2021-07-02,146.789993286133,147.300003051758,146.220001220703,147,507200,132.062210083008
2021-07-06,147.300003051758,147.339996337891,145.160003662109,146.639999389648,654500,131.738754272461
2021-07-07,146.470001220703,147.990005493164,146.309997558594,147.830001831055,531000,132.807846069336
2021-07-08,145.320007324219,147.449996948242,144.850006103516,146.740005493164,462000,131.828628540039
2021-07-09,147,149.050003051758,147,148.809997558594,524000,133.688278198242
2021-07-12,148.509994506836,149.899993896484,148.270004272461,149.889999389648,393100,134.658554077148
2021-07-13,149.889999389648,149.990005493164,148.800003051758,149.089996337891,324600,133.939804077148
2021-07-14,149.630004882812,149.899993896484,148.509994506836,149.369995117188,451200,134.191375732422
2021-07-15,148.990005493164,149.720001220703,148.169998168945,149.110000610352,405300,133.957794189453
2021-07-16,149.110000610352,149.919998168945,148.669998168945,149.389999389648,650300,134.209335327148
2021-07-19,148.199996948242,148.710006713867,146.610000610352,147.630004882812,547400,132.628189086914
2021-07-20,148.100006103516,150.169998168945,146.910003662109,149.809997558594,550000,134.586669921875
2021-07-21,150.309997558594,152.490005493164,150.050003051758,151.970001220703,511400,136.527160644531
2021-07-22,152.220001220703,152.220001220703,150.449996948242,151.070007324219,312500,135.718612670898
2021-07-23,151.350006103516,154.619995117188,151.149993896484,154.130004882812,435000,138.467651367188
2021-07-26,154.100006103516,154.990005493164,152.839996337891,153.289993286133,403000,137.712997436523
2021-07-27,153.139999389648,153.660003662109,151.080001831055,152.039993286133,615300,136.590026855469
2021-07-28,153.029998779297,156.800003051758,151.619995117188,156.089996337891,1082600,140.228485107422
2021-07-29,157.440002441406,158.350006103516,156.240005493164,157.820007324219,660900,141.782699584961
2021-07-30,157.279998779297,158.800003051758,156.600006103516,157.199996948242,748400,141.225677490234
2021-08-02,156.979995727539,159.410003662109,156.979995727539,157.850006103516,465200,141.809661865234
2021-08-03,158.970001220703,161.059997558594,157.919998168945,160.979995727539,636200,144.621566772461
2021-08-04,161.190002441406,163.199996948242,161.039993286133,162.279998779297,605100,145.789489746094
2021-08-05,163,164.059997558594,162.020004272461,163.889999389648,530300,147.23583984375
2021-08-06,164.300003051758,166.25,164.229995727539,165.729995727539,588700,148.888946533203
2021-08-09,165.509994506836,166.130004882812,163.960006713867,165.460006713867,583000,148.646362304688
2021-08-10,165.899993896484,166.570007324219,165.259994506836,165.660003662109,396600,148.826019287109
2021-08-11,166,168.300003051758,165.100006103516,167.229995727539,576900,150.236450195312
2021-08-12,166.990005493164,167.990005493164,165.339996337891,165.949996948242,554200,149.086517333984
2021-08-13,166.410003662109,167.610000610352,165.910003662109,167.520004272461,299200,150.497009277344
2021-08-16,167.270004272461,169.119995117188,166.800003051758,168.850006103516,462400,151.691848754883
2021-08-17,168.720001220703,168.720001220703,165.850006103516,166.970001220703,419900,150.002883911133
2021-08-18,166.410003662109,167.490005493164,164.550003051758,164.639999389648,475400,147.909683227539
2021-08-19,163.690002441406,166.880004882812,162.440002441406,166.800003051758,504800,149.850173950195
2021-08-20,167.139999389648,171.309997558594,166.929992675781,170.429992675781,802100,153.111282348633
2021-08-23,170.610000610352,172.429992675781,170.429992675781,171.350006103516,437700,153.937789916992
2021-08-24,171.720001220703,173.570007324219,170.75,173.429992675781,545300,155.806427001953
2021-08-25,173.529998779297,175.199996948242,172.330001831055,172.610000610352,816700,155.069717407227
2021-08-26,172.210006713867,173.139999389648,170.5,172.919998168945,567900,155.348236083984
2021-08-27,173.5,176.25,173.5,175.860000610352,619300,157.989517211914
2021-08-30,176.240005493164,178.580001831055,175.559997558594,178.380004882812,506500,160.253463745117
2021-08-31,178.630004882812,178.809997558594,172.619995117188,174.429992675781,924100,156.704788208008
2021-09-01,174.190002441406,176.059997558594,173.009994506836,175.5,610000,157.666076660156
2021-09-02,175.669998168945,176.149993896484,175.149993896484,175.679992675781,583700,157.827819824219
2021-09-03,175.580001831055,176.889999389648,174.610000610352,176.110000610352,653000,158.214111328125
2021-09-07,176.080001831055,176.600006103516,173.360000610352,174.5,607700,156.767684936523
2021-09-08,173.669998168945,174.149993896484,172.75,173.110000610352,630900,155.518966674805
2021-09-09,172.449996948242,174.240005493164,172.240005493164,173.110000610352,506400,155.518966674805
2021-09-10,174.300003051758,174.889999389648,172.490005493164,172.589996337891,440700,155.051803588867
2021-09-13,173.899993896484,174.309997558594,170.050003051758,171.25,828500,153.847930908203
2021-09-14,171.600006103516,172.110000610352,169.050003051758,169.470001220703,606800,152.846862792969
2021-09-15,169.669998168945,169.770004272461,167.449996948242,169.130004882812,741000,152.540161132812
2021-09-16,168.729995727539,169.139999389648,166.779998779297,168.619995117188,658700,152.080215454102
2021-09-17,167.710006713867,168.979995727539,165.869995117188,167.259994506836,1441500,150.853652954102
2021-09-20,165.339996337891,167.210006713867,164,166.979995727539,842600,150.60107421875
2021-09-21,168.240005493164,168.470001220703,166.179992675781,166.300003051758,447300,149.98779296875
2021-09-22,167.5,169.919998168945,167,169.350006103516,787200,152.738586425781
2021-09-23,169.729995727539,172.820007324219,169.360000610352,171.809997558594,670100,154.957275390625
2021-09-24,170.75,173.289993286133,170.100006103516,172.619995117188,534500,155.687850952148
2021-09-27,172.360000610352,172.360000610352,162.279998779297,162.610000610352,1004300,146.659729003906
2021-09-28,161.710006713867,161.759994506836,157.100006103516,158.050003051758,1099100,142.547058105469
2021-09-29,158.740005493164,160.720001220703,157.740005493164,158.009994506836,644400,142.510940551758
2021-09-30,159,160.240005493164,155.220001220703,155.460006713867,886300,140.211074829102
2021-10-01,156.070007324219,156.289993286133,152.490005493164,155.110000610352,549100,139.895416259766
2021-10-04,154.919998168945,155.630004882812,153.639999389648,155.259994506836,893600,140.030670166016
2021-10-05,156,158.039993286133,153.330001831055,157.279998779297,734000,141.852569580078
2021-10-06,155.940002441406,157.369995117188,154.690002441406,156.289993286133,503400,140.959625244141
2021-10-07,157.660003662109,159.580001831055,156.050003051758,156.600006103516,812700,141.239196777344
2021-10-08,157.199996948242,157.199996948242,154.460006713867,155.460006713867,447500,140.211074829102
2021-10-11,155,155.779998779297,153.289993286133,153.559997558594,552400,138.497421264648
2021-10-12,154.089996337891,155.220001220703,153.330001831055,153.839996337891,361700,138.749969482422
2021-10-13,155.199996948242,155.949996948242,154.309997558594,154.770004272461,545600,139.588760375977
2021-10-14,156.070007324219,158.160003662109,156.070007324219,157.25,543000,141.825469970703
2021-10-15,158.869995117188,158.869995117188,155.710006713867,156.130004882812,740500,140.815353393555
2021-10-18,155.589996337891,159.679992675781,155.589996337891,159.399993896484,579300,143.764587402344
2021-10-19,159.919998168945,161,159.070007324219,159.529998779297,546500,143.881851196289
2021-10-20,159.419998168945,162.720001220703,159.309997558594,162.309997558594,707600,146.38916015625
2021-10-21,163.050003051758,164.710006713867,161.479995727539,164,613100,147.913391113281
2021-10-22,164,165.839996337891,163.119995117188,165.149993896484,496100,148.950607299805
2021-10-25,165.119995117188,165.710006713867,163.869995117188,164.059997558594,502900,147.967468261719
2021-10-26,164.809997558594,164.809997558594,159.429992675781,160.300003051758,975800,144.57633972168
2021-10-27,158.589996337891,158.589996337891,145.309997558594,146.210006713867,1802300,131.868423461914
2021-10-28,145.869995117188,147.589996337891,144.240005493164,145.050003051758,1258000,130.822189331055
2021-10-29,144.509994506836,145.229995727539,142.199996948242,143.600006103516,1237400,129.514419555664
2021-11-01,144.479995727539,144.770004272461,140.880004882812,141.330001831055,1033300,127.467094421387
2021-11-02,142.009994506836,145.309997558594,141.639999389648,144.25,1055700,130.100646972656
2021-11-03,144.169998168945,144.600006103516,141.729995727539,143.139999389648,1165300,129.099533081055
2021-11-04,143.360000610352,143.839996337891,142.100006103516,142.699996948242,840300,128.702682495117
2021-11-05,143.649993896484,144.110000610352,140.720001220703,142.179992675781,905900,128.233688354492
2021-11-08,143.039993286133,146.580001831055,143.039993286133,146.460006713867,1105300,132.093887329102
2021-11-09,146.100006103516,148.869995117188,143.970001220703,144.940002441406,706700,130.722946166992
2021-11-10,144.630004882812,144.630004882812,141.929992675781,143.029998779297,593700,129.000305175781
2021-11-11,144.179992675781,144.589996337891,141.929992675781,142.039993286133,591000,128.107406616211
2021-11-12,145.160003662109,145.160003662109,142.100006103516,143.080001831055,500400,129.045425415039
2021-11-15,143.5,145.490005493164,142.839996337891,145.279998779297,610800,131.029632568359
2021-11-16,145.570007324219,147.039993286133,145.199996948242,145.910003662109,821500,131.59782409668
2021-11-17,146.220001220703,146.360000610352,144.039993286133,144.830001831055,602000,130.623748779297
2021-11-18,146.199996948242,146.570007324219,143.570007324219,144.539993286133,881100,130.362213134766
2021-11-19,144.869995117188,145.309997558594,142.25,142.800003051758,1735000,128.792892456055
2021-11-22,142.589996337891,144.520004272461,142.399993896484,142.5,1050000,128.522323608398
2021-11-23,142.5,143.220001220703,141.800003051758,142.779998779297,601900,128.774856567383
2021-11-24,141.869995117188,143.889999389648,140.839996337891,143.110000610352,783000,129.072448730469
2021-11-26,140.020004272461,140.419998168945,138.300003051758,139.389999389648,580500,125.717361450195
2021-11-29,140.5,140.929992675781,138.130004882812,139.240005493164,677700,125.582084655762
2021-11-30,138.639999389648,138.639999389648,132.289993286133,133.539993286133,2161400,120.441146850586
2021-12-01,135.369995117188,137.899993896484,132.229995727539,132.229995727539,1449400,119.259666442871
2021-12-02,132.619995117188,134.669998168945,132.419998168945,134.029998779297,1142200,120.883117675781
2021-12-03,134.130004882812,136.039993286133,133.710006713867,135.059997558594,1188700,121.81209564209
2021-12-06,135.490005493164,136,133.559997558594,134,1421400,120.856063842773
2021-12-07,136,138.789993286133,134.809997558594,137.960006713867,415100,124.427604675293
2021-12-08,136.610000610352,139.490005493164,136.610000610352,138.970001220703,632100,125.338562011719
2021-12-09,139.240005493164,139.240005493164,135.259994506836,135.360000610352,661800,122.082656860352
2021-12-10,137,137.509994506836,135.699996948242,136.110000610352,745200,122.759101867676
2021-12-13,135.589996337891,136.889999389648,134.550003051758,134.690002441406,701100,121.478378295898
2021-12-14,133.199996948242,134.619995117188,133,134.130004882812,1138600,121.578102111816
2021-12-15,134.690002441406,135.619995117188,132.850006103516,135.429992675781,723200,122.756416320801
2021-12-16,135.070007324219,136.630004882812,134.020004272461,134.289993286133,1168400,121.723098754883
2021-12-17,133.809997558594,134.369995117188,132.139999389648,132.229995727539,2104600,119.855888366699
2021-12-20,130.690002441406,130.789993286133,128.029998779297,129.309997558594,989600,117.209136962891
2021-12-21,130.309997558594,133.029998779297,130.309997558594,132.839996337891,739000,120.408782958984
2021-12-22,132.100006103516,134.309997558594,132.100006103516,134.100006103516,553500,121.550888061523
2021-12-23,134.630004882812,135.440002441406,134.369995117188,134.479995727539,390000,121.895332336426
2021-12-27,135,136.070007324219,134.350006103516,135.940002441406,333600,123.218719482422
2021-12-28,136.210006713867,136.770004272461,135.089996337891,135.759994506836,426300,123.055557250977
2021-12-29,135.990005493164,136.690002441406,135.229995727539,136.020004272461,669900,123.291236877441
2021-12-30,136.779998779297,137.789993286133,136.029998779297,136.710006713867,351100,123.916656494141
2021-12-31,136.550003051758,137.009994506836,135.429992675781,136.169998168945,393000,123.427177429199
2022-01-03,136.580001831055,136.960006713867,132.910003662109,133.550003051758,812000,121.052368164062
2022-01-04,134.559997558594,135.309997558594,133.050003051758,133.570007324219,743200,121.070503234863
2022-01-05,136.559997558594,138.25,133.050003051758,133.050003051758,1479600,120.599166870117
2022-01-06,132.839996337891,134.009994506836,131.460006713867,132.779998779297,821600,120.354423522949
2022-01-07,132.5,133.059997558594,130.869995117188,130.949996948242,729600,118.695693969727
2022-01-10,130.039993286133,131.089996337891,128.039993286133,130.050003051758,960900,117.879890441895
2022-01-11,130.270004272461,132.279998779297,129.470001220703,131.779998779297,667400,119.447975158691
2022-01-12,131.539993286133,132.75,131.270004272461,132,738900,119.647415161133
2022-01-13,132.199996948242,132.800003051758,130.899993896484,132.149993896484,885100,119.78337097168
2022-01-14,131.559997558594,132.660003662109,130.210006713867,132.380004882812,1051900,119.991851806641
2022-01-18,131.139999389648,133.600006103516,130.809997558594,132.779998779297,1464300,120.354423522949
2022-01-19,133.320007324219,133.789993286133,131.160003662109,131.229995727539,1118500,118.94947052002
2022-01-20,131.990005493164,131.990005493164,123.199996948242,123.290000915527,1941000,111.752494812012
2022-01-21,122.709999084473,124.379997253418,120.879997253418,121.440002441406,3342300,110.075637817383
2022-01-24,119,123.690002441406,117.970001220703,123.410003662109,1621100,111.861267089844
2022-01-25,121.559997558594,122.779998779297,118.199996948242,121.370002746582,1091600,110.012168884277
2022-01-26,122.940002441406,124.51000213623,119.639999389648,120.519996643066,825800,109.241722106934
2022-01-27,121,122.470001220703,118.110000610352,118.860000610352,686200,107.737037658691
2022-01-28,119.209999084473,121.410003662109,117.709999084473,121.25,881000,109.903396606445
2022-01-31,121.519996643066,124.48999786377,120.900001525879,124.419998168945,926300,112.776741027832
2022-02-01,124.529998779297,125.529998779297,122.610000610352,125.360000610352,630100,113.628768920898
2022-02-02,126.870002746582,128.300003051758,125.860000610352,127.230003356934,1213300,115.323799133301
2022-02-03,126.23999786377,127.830001831055,125.019996643066,125.099998474121,773300,113.393096923828
2022-02-04,124.209999084473,126.360000610352,123.26000213623,124.76000213623,857700,113.084938049316
2022-02-07,124.779998779297,126.459999084473,124.680000305176,125.089996337891,917600,113.384048461914
2022-02-08,125.699996948242,126.660003662109,124.620002746582,126.360000610352,571600,114.535202026367
2022-02-09,127.599998474121,128.809997558594,127.480003356934,128.699996948242,410500,116.656219482422
2022-02-10,126.970001220703,129.070007324219,124.059997558594,124.209999084473,1096700,112.586402893066
2022-02-11,124.440002441406,125.76000213623,122.669998168945,123.230003356934,788600,111.698120117188
2022-02-14,122.75,123.51000213623,120.129997253418,120.76000213623,855100,109.459259033203
2022-02-15,121.959999084473,122.98999786377,118.730003356934,119.879997253418,1671700,108.661605834961
2022-02-16,116.279998779297,121,114.25,119.589996337891,1618000,108.398735046387
2022-02-17,117.559997558594,118.319999694824,112.75,113.319999694824,1778400,102.715492248535
2022-02-18,112.889999389648,115.569999694824,112.040000915527,114.519996643066,1610500,103.803192138672
2022-02-22,114.419998168945,114.650001525879,111.230003356934,111.830001831055,1448900,101.36491394043
2022-02-23,112.220001220703,113.080001831055,109.610000610352,109.790000915527,1243500,99.5158233642578
2022-02-24,106.900001525879,110.440002441406,106.660003662109,110.410003662109,3863600,100.077812194824
2022-02-25,110.319999694824,112.309997558594,109.849998474121,111.830001831055,1905500,101.36491394043
2022-02-28,110,111.26000213623,109.48999786377,110.440002441406,2018900,100.105003356934
2022-03-01,110.129997253418,110.730003356934,109.080001831055,110,2111400,99.706184387207
2022-03-02,110.029998779297,115.209999084473,110,113.910003662109,2971300,103.250282287598
2022-03-03,113.730003356934,114.459999084473,111.5,112.050003051758,1159900,101.564315795898
2022-03-04,110.809997558594,111,109.51000213623,110.569999694824,1052800,100.222839355469
2022-03-07,110,110.209999084473,106.73999786377,108.639999389648,3009800,98.4734497070312
2022-03-08,108.050003051758,111.809997558594,107.779998779297,109.980003356934,1979600,99.6880645751953
2022-03-09,111.830001831055,112.480003356934,109.98999786377,110.720001220703,2000100,100.35880279541
2022-03-10,109.690002441406,111.830001831055,109.040000915527,111.129997253418,1391100,100.730438232422
2022-03-11,111.919998168945,112.309997558594,109.800003051758,109.800003051758,1121400,99.5248947143555
2022-03-14,108.870002746582,109.730003356934,108.209999084473,109.360000610352,1806800,99.7346343994141
2022-03-15,109.639999389648,110.190002441406,108.089996337891,109.690002441406,1753200,100.035606384277
2022-03-16,110.069999694824,111.970001220703,109.800003051758,111.930000305176,857300,102.078468322754
2022-03-17,111.110000610352,116.819999694824,111.01000213623,116.51000213623,2194600,106.255340576172
2022-03-18,119,120.540000915527,118.449996948242,119.610000610352,3346400,109.082489013672
2022-03-21,119.529998779297,120.23999786377,116.129997253418,116.699996948242,1244600,106.428604125977
2022-03-22,117.839996337891,119.269996643066,117.660003662109,118.540000915527,750700,108.10668182373
2022-03-23,117.660003662109,118.849998474121,115.370002746582,115.870002746582,858800,105.671691894531
2022-03-24,116.370002746582,116.889999389648,114.419998168945,116.819999694824,983400,106.538055419922
2022-03-25,117.050003051758,117.48999786377,116.139999389648,116.569999694824,949700,106.31005859375
2022-03-28,116.430000305176,119.099998474121,116.160003662109,118.870002746582,709600,108.407615661621
2022-03-29,120.690002441406,121.73999786377,120.169998168945,121.389999389648,762100,110.705825805664
2022-03-30,121,121.680000305176,119.680000305176,120.290000915527,778400,109.702644348145
2022-03-31,119.879997253418,120.980003356934,118.51000213623,118.610000610352,1024400,108.170509338379
2022-04-01,119.5,120.029998779297,115.5,116.110000610352,1001600,105.890556335449
2022-04-04,116.819999694824,119.209999084473,116.73999786377,118.75,707500,108.298164367676
2022-04-05,118.580001831055,118.669998168945,116.639999389648,117.040000915527,684500,106.738716125488
2022-04-06,115.699996948242,115.970001220703,113.370002746582,114.279998779297,965400,104.221618652344
2022-04-07,113.050003051758,115.870002746582,113.019996643066,115.349998474121,963000,105.197448730469
2022-04-08,115.190002441406,115.669998168945,113.430000305176,114.23999786377,875800,104.185119628906
2022-04-11,114,114.319999694824,111.459999084473,111.73999786377,777100,101.905174255371
2022-04-12,113.129997253418,114.830001831055,111.139999389648,111.819999694824,764200,101.978149414062
2022-04-13,111.75,113.25,111.440002441406,113.069999694824,544600,103.118118286133
2022-04-14,113.430000305176,113.790000915527,111.269996643066,111.309997558594,539000,101.513031005859
2022-04-18,110.589996337891,111.449996948242,109.889999389648,110.569999694824,603400,100.838157653809
2022-04-19,111,113.25,111,113.199996948242,607200,103.236663818359
2022-04-20,114.330001831055,115.339996337891,113.199996948242,114.680000305176,555400,104.586410522461
2022-04-21,116.110000610352,117.199996948242,112.910003662109,113.230003356934,565400,103.264053344727
2022-04-22,112.599998474121,113.230003356934,110,110.5,826100,100.774322509766
2022-04-25,110.139999389648,112.959999084473,109.410003662109,112.809997558594,953600,102.880996704102
2022-04-26,112.559997558594,112.559997558594,109.98999786377,110,1471700,100.318328857422
2022-04-27,109,110.129997253418,107.529998779297,109.5,2377000,99.8623275756836
2022-04-28,109.269996643066,112.26000213623,109.01000213623,110.639999389648,1285500,100.901992797852
2022-04-29,109.779998779297,112.339996337891,109.610000610352,109.73999786377,1388100,100.081199645996
2022-05-02,109.900001525879,112.110000610352,109.610000610352,111.809997558594,1231800,101.968994140625
2022-05-03,111.190002441406,112.639999389648,110.930000305176,111.790000915527,779900,101.95076751709
2022-05-04,111.5,114.389999389648,110,114.199996948242,731800,104.148651123047
2022-05-05,112.410003662109,112.819999694824,107.559997558594,108.75,750100,99.1783447265625
2022-05-06,107.459999084473,108.169998168945,104.709999084473,106.029998779297,709500,96.6977462768555
2022-05-09,104.180000305176,105.5,102.330001831055,102.699996948242,700300,93.6608428955078
2022-05-10,104.349998474121,104.980003356934,99.8300018310547,101.23999786377,832600,92.3293304443359
2022-05-11,100.720001220703,102.849998474121,97.620002746582,97.9499969482422,870300,89.3288955688477
2022-05-12,97.5999984741211,100.290000915527,97.3600006103516,99.4700012207031,759200,90.7151260375977
2022-05-13,100.430000305176,102.389999389648,100.23999786377,101.360000610352,571000,92.4387817382812
2022-05-16,100.519996643066,101.98999786377,99.75,101.269996643066,668800,92.3566970825195
2022-05-17,103.230003356934,104.959999084473,102.26000213623,104.550003051758,793200,95.3480072021484
2022-05-18,103.080001831055,103.400001525879,100.440002441406,101.199996948242,1053400,92.292854309082
2022-05-19,100.889999389648,101.98999786377,100.25,100.779998779297,964500,91.9098205566406
2022-05-20,102.120002746582,102.410003662109,97.4199981689453,100.650001525879,1250500,91.7912673950195
2022-05-23,101.800003051758,101.870002746582,100.01000213623,101.370002746582,579400,92.4478988647461
2022-05-24,100.580001831055,101.139999389648,96.7900009155273,98.9400024414062,1164500,90.2317733764648
2022-05-25,98.4700012207031,100.129997253418,98.4700012207031,99.3399963378906,896300,90.5965576171875
2022-05-26,100.180000305176,103.019996643066,100.180000305176,102.48999786377,566000,93.4692916870117
2022-05-27,103.400001525879,105.589996337891,103.019996643066,105.540000915527,557100,96.2508773803711
2022-05-31,105.139999389648,106.050003051758,103.800003051758,105.620002746582,1837900,96.3238372802734
2022-06-01,106.940002441406,107.120002746582,102.73999786377,103.51000213623,738200,94.3995513916016
2022-06-02,103.5,107.120002746582,103.300003051758,106.98999786377,592600,97.5732421875
2022-06-03,106.01000213623,106.330001831055,104.430000305176,104.809997558594,418800,95.5851211547852
2022-06-06,105.25,105.910003662109,104.089996337891,104.610000610352,570600,95.4027252197266
2022-06-07,103.370002746582,105.879997253418,103.169998168945,105.790000915527,503700,96.478874206543
2022-06-08,105.040000915527,105.26000213623,103.269996643066,103.559997558594,592300,94.4451370239258
2022-06-09,102.849998474121,104.160003662109,101.870002746582,101.879997253418,674900,92.9130020141602
2022-06-10,100.76000213623,100.849998474121,99.1500015258789,99.9300003051758,581100,91.1346282958984
2022-06-13,97.0800018310547,98.5,96.2600021362305,97.5299987792969,925100,88.9458618164062
2022-06-14,97.6999969482422,98.3899993896484,96.3600006103516,96.7200012207031,905900,88.2071533203125
2022-06-15,96.9300003051758,98.370002746582,95.2099990844727,96.9800033569336,874700,88.4442596435547
2022-06-16,94.4400024414062,95.4300003051758,92.5299987792969,92.7799987792969,1189600,85.2556686401367
2022-06-17,93.5699996948242,94.4199981689453,92.629997253418,93.4700012207031,1803500,85.8897247314453
2022-06-21,94.8399963378906,96.1500015258789,94.3499984741211,95.6500015258789,944600,87.892951965332
2022-06-22,94.6500015258789,97.2200012207031,94.6500015258789,96.4800033569336,1072400,88.6556396484375
2022-06-23,96.7600021362305,98.9400024414062,96.5400009155273,98.879997253418,863800,90.8610000610352
2022-06-24,99.0999984741211,100.180000305176,98.5,100.129997253418,1450700,92.0096206665039
2022-06-27,100.019996643066,101.449996948242,99.2200012207031,100.150001525879,796700,92.0279998779297
2022-06-28,100.98999786377,101.849998474121,98.0599975585938,98.1800003051758,711700,90.2177429199219
2022-06-29,98.2300033569336,99.3300018310547,97.1900024414062,99.0299987792969,726100,90.9988250732422
2022-06-30,97.7399978637695,99.1399993896484,96.9400024414062,98.25,739300,90.2820892333984
2022-07-01,98.25,98.9100036621094,96.25,98.4899978637695,749800,90.5026321411133
2022-07-05,97.0699996948242,100.019996643066,96.0400009155273,99.9499969482422,916100,91.8442153930664
2022-07-06,100.930000305176,101.25,99.5199966430664,100.610000610352,655200,92.4506988525391
2022-07-07,101,104.419998168945,100.529998779297,104.019996643066,823500,95.5841369628906
2022-07-08,102.720001220703,103.800003051758,101.819999694824,102.980003356934,1233600,94.6284866333008
2022-07-11,102.629997253418,103.029998779297,100.300003051758,100.599998474121,710100,92.4414978027344
2022-07-12,100.860000610352,102.980003356934,100.139999389648,101.75,870000,93.4982376098633
2022-07-13,100.330001831055,101.360000610352,98.7699966430664,100.199996948242,998500,92.0739517211914
2022-07-14,98.9199981689453,99.370002746582,96.4199981689453,97.9599990844727,1092400,90.0156097412109
2022-07-15,99.6900024414062,100.970001220703,98.4499969482422,99.9000015258789,5253500,91.7982635498047
2022-07-18,100.480003356934,101.110000610352,99.370002746582,99.7699966430664,1211700,91.678825378418
2022-07-19,101.930000305176,103.440002441406,101.330001831055,103.23999786377,895000,94.8674011230469
2022-07-20,103.690002441406,106.879997253418,103.559997558594,106.220001220703,1111200,97.6057434082031
2022-07-21,106.529998779297,107.889999389648,106,107.889999389648,796500,99.1402969360352
2022-07-22,108.319999694824,108.319999694824,104.629997253418,104.949996948242,902400,96.438720703125
2022-07-25,104.790000915527,104.790000915527,102.949996948242,104.080001831055,642100,95.639274597168
2022-07-26,103.069999694824,103.400001525879,101.819999694824,102.5,1242600,94.1874237060547
2022-07-27,93.1800003051758,95.3099975585938,92.3099975585938,93.5599975585938,3358300,85.9724349975586
2022-07-28,93.6600036621094,98.0999984741211,93.6600036621094,98.0400009155273,1722400,90.0891418457031
2022-07-29,98.620002746582,99.7399978637695,96.9599990844727,97.620002746582,1190500,89.7031936645508
2022-08-01,96.6900024414062,98.8000030517578,96.4499969482422,98.2699966430664,826900,90.3004531860352
2022-08-02,98.25,98.8499984741211,96.4300003051758,96.4800033569336,1042700,88.6556396484375
2022-08-03,96.9000015258789,98.2099990844727,96.5,97.8199996948242,831300,89.886962890625
2022-08-04,97.9800033569336,98.3600006103516,97.1699981689453,97.8099975585938,548400,89.8777694702148
2022-08-05,96.75,97.8499984741211,95.870002746582,97.5999984741211,579500,89.6848068237305
2022-08-08,98.3099975585938,100.410003662109,97.9499969482422,98.5500030517578,838100,90.5577697753906
2022-08-09,97.6600036621094,97.879997253418,95.0199966430664,95.120002746582,1022700,87.4059295654297
2022-08-10,97.1900024414062,98.879997253418,96.5899963378906,98.3199996948242,1117000,90.3464202880859
2022-08-11,98.5899963378906,100.26000213623,98.1699981689453,98.6699981689453,1535900,90.6680221557617
2022-08-12,99.6600036621094,100.360000610352,99.120002746582,100.069999694824,705900,91.9544830322266
2022-08-15,99.5199966430664,100.019996643066,98.5199966430664,99.5299987792969,744500,91.4582901000977
2022-08-16,98.7900009155273,100.360000610352,98.7900009155273,99.5899963378906,486300,91.5134124755859
2022-08-17,98.3899993896484,99.4100036621094,97.379997253418,98.6699981689453,641800,90.6680221557617
2022-08-18,98.5599975585938,99.3300018310547,98.5,99.0899963378906,431800,91.0539627075195
2022-08-19,98.6699981689453,98.6699981689453,96.2099990844727,97.129997253418,1078400,89.2529220581055
2022-08-22,95.7300033569336,95.879997253418,94.1600036621094,94.3000030517578,1139800,86.6524353027344
2022-08-23,94.2600021362305,94.9499969482422,93.6100006103516,93.8300018310547,720300,86.2205352783203
2022-08-24,93.9100036621094,94.370002746582,93.1999969482422,93.9000015258789,668400,86.2848587036133
2022-08-25,94.3300018310547,95.1500015258789,93.629997253418,95.1399993896484,584600,87.4243011474609
2022-08-26,95.8199996948242,95.8199996948242,91.4000015258789,91.4499969482422,641900,84.033561706543
2022-08-29,90.5800018310547,91.6699981689453,90.1900024414062,90.5699996948242,558000,83.2249221801758
2022-08-30,91.2900009155273,91.370002746582,89.0100021362305,89.5,873000,82.2416915893555
2022-08-31,89.5100021362305,90.2900009155273,88.3300018310547,88.4899978637695,1304200,81.3136215209961
2022-09-01,88.2699966430664,89.5899963378906,87.629997253418,89.4000015258789,861900,82.1498031616211
2022-09-02,90,90.4000015258789,87.9700012207031,88.5100021362305,639500,81.3319854736328
2022-09-06,88.7099990844727,88.7099990844727,86.7300033569336,87.7900009155273,1022600,80.6703796386719
2022-09-07,87.7799987792969,90.7799987792969,87.7799987792969,90.7300033569336,1320100,83.371940612793
2022-09-08,90,91.1800003051758,89,89.9199981689453,1237400,82.6276321411133
2022-09-09,90.3000030517578,91.2799987792969,90.0299987792969,90.8399963378906,839100,83.4730224609375
2022-09-12,91.5500030517578,93.6500015258789,91.3499984741211,92.9400024414062,1014600,85.402717590332
2022-09-13,90.1800003051758,90.8899993896484,88.4800033569336,88.8000030517578,1284400,81.5984649658203
2022-09-14,88.1699981689453,88.9599990844727,87.5299987792969,88.3499984741211,928300,81.8579025268555
2022-09-15,88.1800003051758,89.2600021362305,86.7699966430664,86.9499969482422,1172500,80.5607757568359
2022-09-16,86.2600021362305,86.5500030517578,85.5899963378906,85.7300033569336,2743700,79.4304122924805
2022-09-19,85.2799987792969,87.3600006103516,85.2399978637695,87.3399963378906,974900,80.9221038818359
2022-09-20,86.2900009155273,86.4400024414062,84.4400024414062,85.4599990844727,1301200,79.1802444458008
2022-09-21,85.7099990844727,87.2900009155273,84.370002746582,84.3899993896484,1028300,78.1888732910156
2022-09-22,83.9400024414062,83.9899978637695,82.6999969482422,82.9400024414062,747100,76.8454284667969
2022-09-23,82.2300033569336,82.8099975585938,81.2600021362305,82.7699966430664,1210900,76.6879272460938
2022-09-26,82.5299987792969,83.7699966430664,82.1999969482422,82.3300018310547,1012600,76.2802581787109
2022-09-27,83.4700012207031,83.620002746582,81,81.6800003051758,898100,75.6780166625977
2022-09-28,82.2099990844727,84.4400024414062,82.0899963378906,83.9000015258789,1484000,77.7348937988281
2022-09-29,82.9000015258789,82.9000015258789,81.4599990844727,81.7699966430664,799100,75.7613983154297
2022-09-30,81.5899963378906,82.6600036621094,80.2200012207031,80.3099975585938,957200,74.40869140625
2022-10-03,80.9499969482422,82.9700012207031,80.4000015258789,82.370002746582,1192200,76.3173065185547
2022-10-04,83.5800018310547,84.3499984741211,82.7600021362305,83.5,1202400,77.3642959594727
2022-10-05,82.2300033569336,83.7600021362305,82.0299987792969,83.1500015258789,705600,77.0399856567383
2022-10-06,83,83.8300018310547,82.3199996948242,82.4700012207031,930200,76.4099655151367
2022-10-07,81.3099975585938,81.4300003051758,79.620002746582,79.6999969482422,1078400,73.8435134887695
2022-10-10,79.9000015258789,80.2099990844727,78.5599975585938,79.5800018310547,904600,73.7323303222656
2022-10-11,79.3199996948242,79.6900024414062,78.1100006103516,78.5,925800,72.731689453125
2022-10-12,78.629997253418,79,78.0299987792969,78.4700012207031,680100,72.7038803100586
2022-10-13,77.2099990844727,81.0100021362305,76.370002746582,80.4300003051758,1185700,74.519889831543
2022-10-14,81.2099990844727,81.6399993896484,79.3300018310547,79.4400024414062,889300,73.6026153564453
2022-10-17,80.9599990844727,82.3300018310547,80.5800018310547,81.7799987792969,1008800,75.7706451416016
2022-10-18,82.8099975585938,83.9000015258789,82.1999969482422,82.9199981689453,901100,76.8268814086914
2022-10-19,81.9700012207031,82.1999969482422,80.4199981689453,81.1999969482422,847000,75.2332916259766
2022-10-20,81.2699966430664,82.0699996948242,80.5800018310547,80.8600006103516,1203000,74.9182662963867
2022-10-21,80.5800018310547,83.0400009155273,80.0400009155273,82.7699966430664,3346100,76.6879272460938
2022-10-24,83.5699996948242,83.5699996948242,81.75,82.6600036621094,1331300,76.5860061645508
2022-10-25,82.8399963378906,84.9499969482422,82.5100021362305,84.8899993896484,1592300,78.6521301269531
2022-10-26,86.379997253418,87.1399993896484,84.0599975585938,84.9199981689453,1712400,78.6799392700195
2022-10-27,85.3300018310547,87,85.1500015258789,85.9400024414062,997200,79.625
2022-10-28,85.7600021362305,88.620002746582,85.5100021362305,88.4899978637695,976800,81.9876098632812
2022-10-31,87.75,88.4300003051758,87.370002746582,88.0400009155273,885700,81.570686340332
2022-11-01,89.1699981689453,89.1699981689453,87.370002746582,87.5699996948242,795400,81.1352233886719
2022-11-02,87.0899963378906,87.8600006103516,84.5100021362305,84.5299987792969,910700,78.3185882568359
2022-11-03,83.629997253418,84.4199981689453,82.5699996948242,84.0199966430664,652700,77.8460540771484
2022-11-04,85.0299987792969,86.5999984741211,84.2600021362305,86.5299987792969,742900,80.171630859375
2022-11-07,87.0100021362305,87.0699996948242,85.4800033569336,86.5800018310547,628200,80.2179565429688
2022-11-08,86.9400024414062,88.3300018310547,85.870002746582,86.8300018310547,815100,80.449592590332
2022-11-09,86.3099975585938,86.870002746582,85.5199966430664,85.5800018310547,511900,79.2914276123047
2022-11-10,89.0999984741211,91.5100021362305,88.9000015258789,91.3099975585938,1000300,84.6003646850586
2022-11-11,91.6399993896484,94.629997253418,91.0899963378906,93.7600021362305,928300,86.8703460693359
2022-11-14,92.9000015258789,93.1800003051758,91.2300033569336,91.2799987792969,795300,84.5725936889648
2022-11-15,92.4100036621094,92.9899978637695,91.3499984741211,92.5299987792969,747000,85.7307510375977
2022-11-16,91.5899963378906,91.8300018310547,90,90.3499984741211,1170200,83.7109298706055
2022-11-17,89,90.8099975585938,88.4000015258789,90.7900009155273,679600,84.1186065673828
2022-11-18,91.9300003051758,92.2200012207031,90.7200012207031,91.0299987792969,854000,84.3409652709961
2022-11-21,90.370002746582,91.3099975585938,89.9599990844727,90.4499969482422,864400,83.803581237793
2022-11-22,90.9800033569336,91.0299987792969,89.8300018310547,90.4800033569336,622700,83.8313827514648
2022-11-23,90.1100006103516,91.3000030517578,90.0599975585938,90.6500015258789,640200,83.988883972168
2022-11-25,91.0599975585938,91.5299987792969,90.9199981689453,91.0800018310547,261900,84.3872756958008
2022-11-28,90.5,90.9599990844727,89.2300033569336,89.6699981689453,621700,83.0808868408203
2022-11-29,89.4199981689453,90.379997253418,89,89.8099975585938,738900,83.2105941772461
2022-11-30,89.9199981689453,92.9899978637695,89.2799987792969,92.9899978637695,2178800,86.1569366455078
2022-12-01,93.5400009155273,94.7300033569336,93.0999984741211,94.3600006103516,1484500,87.4262619018555
2022-12-02,93.129997253418,94.4499969482422,93.129997253418,94.3199996948242,644200,87.3891983032227
2022-12-05,93.6999969482422,94.8000030517578,93.3600006103516,93.9000015258789,815800,87.0000534057617
2022-12-06,93.8899993896484,94.5500030517578,93.120002746582,94.5,1490600,87.5559768676758
2022-12-07,94.2099990844727,94.8899993896484,93.6800003051758,94.3399963378906,1019600,87.4077224731445
2022-12-08,94.4199981689453,95.7200012207031,94.1900024414062,95.6100006103516,725100,88.5844268798828
2022-12-09,95.3000030517578,96.0800018310547,95,95.0299987792969,797900,88.0470428466797
2022-12-12,95.0299987792969,96.370002746582,94.4800033569336,96.3600006103516,760500,89.2793121337891
2022-12-13,99.0899963378906,99.3300018310547,95.9400024414062,96.8600006103516,962300,89.742561340332
2022-12-14,96.0299987792969,97.3499984741211,94.8399963378906,95.7900009155273,876500,89.425163269043
2022-12-15,94.6500015258789,94.6600036621094,92.5400009155273,92.7200012207031,854600,86.5591430664062
2022-12-16,91.6500015258789,92.1900024414062,90.9000015258789,91.1900024414062,1963300,85.1308135986328
2022-12-19,90.6999969482422,91.1600036621094,89.7799987792969,90.3000030517578,700100,84.2999420166016
2022-12-20,89.9300003051758,90.4899978637695,89.4300003051758,90.370002746582,785900,84.3652954101562
2022-12-21,91.2699966430664,92.4400024414062,90.9400024414062,92.0599975585938,713200,85.9429931640625
2022-12-22,91.4000015258789,91.6500015258789,89.25,91.0199966430664,688000,84.9720840454102
2022-12-23,90.9899978637695,91.4300003051758,90.0100021362305,91.2600021362305,477100,85.196159362793
2022-12-27,90.7200012207031,92.0199966430664,90.4000015258789,91.7799987792969,479500,85.6815948486328
2022-12-28,91.7399978637695,92.3600006103516,90.120002746582,90.25,543000,84.2532577514648
2022-12-29,91.1399993896484,93.0800018310547,90.8300018310547,92.8399963378906,501500,86.6711654663086
2022-12-30,91.7600021362305,92.6100006103516,91.3399963378906,92.2900009155273,752800,86.15771484375
2023-01-03,93,94.120002746582,92.5,93.5699996948242,976200,87.3526763916016
2023-01-04,94.6699981689453,96.4800033569336,94.2200012207031,95.5400009155273,930500,89.1917572021484
2023-01-05,94.8899993896484,95.9800033569336,94.1399993896484,95.3199996948242,829900,88.9863815307617
2023-01-06,96.3600006103516,98.8199996948242,95.8899993896484,98.129997253418,819400,91.6096649169922
2023-01-09,99.1800003051758,100.480003356934,98.0599975585938,98.2300033569336,1133300,91.7030334472656
2023-01-10,98.0599975585938,99.25,97.7900009155273,98.9199981689453,776300,92.3471755981445
2023-01-11,99.379997253418,100.180000305176,99.1699981689453,99.9300003051758,747500,93.2900695800781
2023-01-12,100,100,97.870002746582,98.1500015258789,994900,91.6283416748047
2023-01-13,97.0400009155273,98.5100021362305,96.8899993896484,98.2099990844727,1143900,91.6843643188477
2023-01-17,97.9599990844727,98.9499969482422,97.6999969482422,97.7799987792969,1069400,91.2829284667969
2023-01-18,98.2099990844727,99.0899963378906,96.5500030517578,96.629997253418,1014000,90.2093353271484
2023-01-19,95.6800003051758,96.3099975585938,94.7099990844727,95.3399963378906,1225500,89.0050506591797
2023-01-20,95.6900024414062,96.8899993896484,94.7900009155273,96.8499984741211,5530700,90.4147109985352
2023-01-23,96.8399963378906,98.8099975585938,96.2300033569336,98.5100021362305,1075500,91.9644241333008
2023-01-24,98.2399978637695,98.5299987792969,96.8000030517578,98.1600036621094,1129200,91.6376724243164
2023-01-25,97.2099990844727,98.9499969482422,96.629997253418,98.620002746582,763400,92.0671005249023
2023-01-26,99.1600036621094,99.5,97.7699966430664,98.3099975585938,546800,91.7776947021484
2023-01-27,98.2699966430664,99.1500015258789,97.8499984741211,98.6900024414062,753600,92.1324615478516
2023-01-30,97.8399963378906,98.9199981689453,97.2799987792969,97.3600006103516,583600,90.8908309936523
2023-01-31,97.4400024414062,98.879997253418,96.9800033569336,98.879997253418,650800,92.3098526000977
2023-02-01,98.8300018310547,101.459999084473,98.5599975585938,101.110000610352,910000,94.3916778564453
2023-02-02,102.379997253418,104.360000610352,102.110000610352,102.980003356934,1352800,96.1374053955078
2023-02-03,101.930000305176,102.419998168945,100.959999084473,101.540000915527,702100,94.793083190918
2023-02-06,100.23999786377,100.73999786377,98.1999969482422,98.4599990844727,767700,91.9177322387695
2023-02-07,97.879997253418,99.0199966430664,96.9499969482422,98.75,864300,92.1884765625
2023-02-08,97.9400024414062,98.25,96.6399993896484,96.9899978637695,660000,90.5454254150391
2023-02-09,98.75,98.75,95.8399963378906,96.2399978637695,1049300,89.8452606201172
2023-02-10,95.75,96.1999969482422,95.5,95.9100036621094,730500,89.5371780395508
2023-02-13,95.9499969482422,97.7600021362305,95.6999969482422,97.75,688800,91.2549285888672
2023-02-14,97.25,97.9599990844727,96.4000015258789,97.3099975585938,575100,90.8441467285156
2023-02-15,96.4599990844727,98.379997253418,96.25,98.1800003051758,744300,91.6563262939453
2023-02-16,96.8300018310547,98.0999984741211,96.3000030517578,97.1500015258789,566700,90.6947860717773
2023-02-17,96.5999984741211,97.3099975585938,95.7900009155273,97.0100021362305,1213200,90.5640869140625
2023-02-21,95.9000015258789,96.0100021362305,93.2200012207031,93.9599990844727,1618200,87.7167434692383
2023-02-22,96.8899993896484,98.2200012207031,94.6100006103516,97.8000030517578,1619500,91.3016128540039
2023-02-23,98.879997253418,100.949996948242,98.7300033569336,100.900001525879,1403800,94.1956176757812
2023-02-24,99.5699996948242,99.629997253418,97.6399993896484,98.3000030517578,1390800,91.7683868408203
2023-02-27,99.2600021362305,99.5500030517578,97.8899993896484,98.379997253418,955600,91.8430633544922
2023-02-28,97.7900009155273,98.7900009155273,97.7900009155273,98.129997253418,950500,91.6096649169922
2023-03-01,97.7699966430664,98.4899978637695,96.4499969482422,96.75,812400,90.3213653564453
2023-03-02,96.1500015258789,98.3600006103516,96,98.1699981689453,1258000,91.6470184326172
2023-03-03,98.8399963378906,99.3600006103516,98.379997253418,99.2600021362305,933300,92.6645965576172
2023-03-06,99.8300018310547,100.459999084473,98.1699981689453,98.4000015258789,762800,91.8617401123047
2023-03-07,98.5,99.1500015258789,97.9700012207031,98.2799987792969,922600,91.7497100830078
2023-03-08,98.1500015258789,98.5800018310547,97.7099990844727,98.129997253418,907200,91.6096649169922
2023-03-09,98.0899963378906,99.129997253418,96.7099990844727,96.7799987792969,1268800,90.349365234375
2023-03-10,96.9100036621094,96.9100036621094,94.4499969482422,95.0400009155273,725300,88.7249908447266
2023-03-13,93.8600006103516,96.8000030517578,93.5199966430664,95.9300003051758,1210600,89.5558547973633
2023-03-14,96.9499969482422,97.1699981689453,95.4100036621094,97.0299987792969,808700,91.2773590087891
2023-03-15,95.7699966430664,96.6500015258789,94.5,95.8899993896484,776000,90.2049407958984
2023-03-16,95.3300018310547,97.7900009155273,95.0899963378906,97.3099975585938,868100,91.5407562255859
2023-03-17,97.8000030517578,97.8000030517578,95.5500030517578,96.0199966430664,1551500,90.3272323608398
2023-03-20,96.2900009155273,97.6900024414062,96.2900009155273,96.8199996948242,557000,91.0797958374023
2023-03-21,97.620002746582,98.120002746582,96.5800018310547,97.3600006103516,413100,91.5877914428711
2023-03-22,96.9000015258789,97.7699966430664,95.2699966430664,95.3000030517578,649100,89.6499252319336
2023-03-23,96.3499984741211,96.8399963378906,94.4599990844727,95.0899963378906,750000,89.4523620605469
2023-03-24,94.7900009155273,96.0899963378906,94.3300018310547,95.9199981689453,659800,90.2331695556641
2023-03-27,96.4400024414062,97.0599975585938,96.0199966430664,96.4000015258789,999500,90.684700012207
2023-03-28,96.4400024414062,96.9199981689453,96.2300033569336,96.7399978637695,603900,91.0045547485352
2023-03-29,97.9199981689453,98.5,97.4599990844727,98.4499969482422,617100,92.6131591796875
2023-03-30,99.2600021362305,99.3199996948242,98.5199966430664,98.8199996948242,549800,92.9612274169922
2023-03-31,99.4899978637695,101.290000915527,99.3899993896484,100.919998168945,912300,94.9367218017578
2023-04-03,100.879997253418,101.410003662109,100.25,100.720001220703,992400,94.7485885620117
2023-04-04,100.48999786377,100.860000610352,99.5999984741211,100.080001831055,646100,94.1465225219727
2023-04-05,99.75,99.8499984741211,97.870002746582,98.1999969482422,642400,92.3779907226562
2023-04-06,97.9700012207031,98.4599990844727,97.4599990844727,98.0500030517578,562300,92.2368850708008
2023-04-10,97.5299987792969,98.2699966430664,97.1500015258789,98.2600021362305,671800,92.4344253540039
2023-04-11,98.8199996948242,99.3199996948242,98.3099975585938,98.5899963378906,744900,92.7448654174805
2023-04-12,99.5699996948242,99.8300018310547,98.0199966430664,98.2799987792969,785200,92.4532470703125
2023-04-13,98.9100036621094,99.6900024414062,98.7600021362305,99.4499969482422,898000,93.5538787841797
2023-04-14,99.3499984741211,100.629997253418,98.4800033569336,98.8600006103516,656800,92.9988632202148
2023-04-17,99.1900024414062,99.5899963378906,98.4100036621094,99.5299987792969,928000,93.6291351318359
2023-04-18,100.080001831055,100.370002746582,98.870002746582,99.4400024414062,825600,93.5444869995117
2023-04-19,98.9700012207031,99.0500030517578,98.0100021362305,98.1500015258789,648400,92.3309555053711
2023-04-20,97.6999969482422,98.379997253418,97.6699981689453,98.1900024414062,740700,92.3685989379883
2023-04-21,98.5800018310547,98.6999969482422,97.4599990844727,97.7300033569336,891700,91.9358520507812
2023-04-24,97.9300003051758,98.1100006103516,97.0299987792969,97.6999969482422,514300,91.9076461791992
2023-04-25,97.1399993896484,97.6900024414062,95.9599990844727,96.0800018310547,582800,90.383674621582
2023-04-26,95.8899993896484,96.0999984741211,94.8899993896484,95.1999969482422,606900,89.5558547973633
2023-04-27,95.7600021362305,97.129997253418,95.4000015258789,96.9400024414062,748700,91.1927032470703
2023-04-28,96.8199996948242,98.2300033569336,96.7900009155273,98.1699981689453,585700,92.3497695922852
2023-05-01,98,99.120002746582,98,98.3199996948242,915200,92.4908828735352
2023-05-02,97.9300003051758,98.0800018310547,95.7900009155273,97.1699981689453,1028400,91.4090576171875
2023-05-03,96.0400009155273,100.709999084473,96.0400009155273,100.080001831055,1532300,94.1465225219727
2023-05-04,100.23999786377,102.5,99.5599975585938,101.580001831055,1001800,95.5576095581055
2023-05-05,102.559997558594,104.23999786377,102.330001831055,103.779998779297,888500,97.6271743774414
2023-05-08,103.949996948242,104,103.080001831055,103.559997558594,512400,97.4202117919922
2023-05-09,102.949996948242,104.519996643066,102.849998474121,103.959999084473,594400,97.796501159668
2023-05-10,105,105,102.419998168945,103.830001831055,673100,97.6741943359375
2023-05-11,103.879997253418,103.879997253418,102.23999786377,103.559997558594,688600,97.4202117919922
2023-05-12,103.980003356934,104.400001525879,103.040000915527,103.769996643066,440700,97.6177520751953
2023-05-15,103.779998779297,104.599998474121,103.599998474121,103.819999694824,582800,97.6647872924805
2023-05-16,103.01000213623,103.430000305176,102.129997253418,102.680000305176,674100,96.5923843383789
2023-05-17,103.110000610352,103.230003356934,102.339996337891,102.949996948242,620800,96.8463745117188
2023-05-18,103,104.400001525879,102.709999084473,104.26000213623,563800,98.0787200927734
2023-05-19,104.300003051758,104.830001831055,103.76000213623,104,505000,97.8341217041016
2023-05-22,103.900001525879,105.650001525879,103.900001525879,104.819999694824,599200,98.6054992675781
2023-05-23,104.029998779297,105.459999084473,103.790000915527,104.050003051758,736700,97.8811569213867
2023-05-24,103.440002441406,103.650001525879,102.540000915527,102.709999084473,730000,96.62060546875
2023-05-25,103.199996948242,104.059997558594,103,103.639999389648,507900,97.4954681396484
2023-05-26,103.930000305176,104.639999389648,103.639999389648,103.830001831055,689600,97.6741943359375
2023-05-30,104.440002441406,105.669998168945,104.309997558594,105.5,924800,99.2452011108398
2023-05-31,105.139999389648,106.059997558594,103.019996643066,103.150001525879,1969000,97.0345230102539
2023-06-01,103.190002441406,104.069999694824,102.360000610352,103.870002746582,784800,97.7118301391602
2023-06-02,105.220001220703,107.269996643066,105.019996643066,106.470001220703,906600,100.157676696777
2023-06-05,106.199996948242,106.449996948242,105,105.529998779297,539800,99.2734298706055
2023-06-06,105.970001220703,106.470001220703,105.339996337891,105.430000305176,548100,99.1793365478516
2023-06-07,105.180000305176,106.319999694824,104.76000213623,105.940002441406,680000,99.6591186523438
2023-06-08,105.680000305176,105.769996643066,104.860000610352,105.639999389648,651000,99.3768997192383
2023-06-09,105.839996337891,105.980003356934,104.680000305176,105.339996337891,393900,99.0946884155273
2023-06-12,105.110000610352,106.559997558594,104.839996337891,106.360000610352,704600,100.054206848145
2023-06-13,106.419998168945,107.650001525879,105.900001525879,107.569999694824,647900,101.192481994629
2023-06-14,107.73999786377,108.069999694824,105.680000305176,106.550003051758,685800,100.232940673828
2023-06-15,105.860000610352,106.970001220703,105.610000610352,106.150001525879,797100,99.8566665649414
2023-06-16,106.279998779297,106.569999694824,105.589996337891,106,1381400,100.406051635742
2023-06-20,105.180000305176,105.769996643066,104.599998474121,105.419998168945,565200,99.8566513061523
2023-06-21,104.779998779297,105.190002441406,104.019996643066,104.589996337891,744500,99.070442199707
2023-06-22,104.589996337891,104.599998474121,103.160003662109,103.400001525879,511100,97.9432525634766
2023-06-23,102.23999786377,102.660003662109,100.940002441406,101.559997558594,1103600,96.2003707885742
2023-06-26,101.569999694824,102.699996948242,101.569999694824,102.480003356934,540000,97.0718078613281
2023-06-27,102.370002746582,103.660003662109,102.230003356934,103.5,492100,98.0379867553711
2023-06-28,103.059997558594,103.459999084473,102,102.379997253418,619800,96.9770812988281
2023-06-29,102,103.940002441406,101.730003356934,103.599998474121,767900,98.1327056884766
2023-06-30,103.76000213623,104.669998168945,103.550003051758,104.290000915527,910300,98.7862930297852
2023-07-03,104.300003051758,104.379997253418,103.629997253418,103.75,431400,98.2747802734375
2023-07-05,103.180000305176,105.349998474121,102.650001525879,105.25,1217100,99.6956253051758
2023-07-06,104.230003356934,107.669998168945,104.01000213623,107.410003662109,1320100,101.741630554199
2023-07-07,107.400001525879,107.889999389648,104.680000305176,105.029998779297,1345500,99.4872283935547
2023-07-10,105.459999084473,107.279998779297,105.209999084473,106.089996337891,985100,100.491287231445
2023-07-11,106.5,107.190002441406,105.849998474121,107.110000610352,990400,101.457473754883
2023-07-12,108.029998779297,108.230003356934,106.48999786377,106.680000305176,854700,101.050170898438
2023-07-13,106.830001831055,107.809997558594,106.76000213623,107.580001831055,709200,101.902671813965
2023-07-14,107.330001831055,107.330001831055,105.080001831055,106.690002441406,614000,101.059638977051
2023-07-17,106.230003356934,106.849998474121,105.819999694824,106.400001525879,492900,100.784950256348
2023-07-18,106.639999389648,107.919998168945,106.300003051758,107.449996948242,743800,101.779525756836
2023-07-19,107.279998779297,107.709999084473,106.449996948242,107.680000305176,662900,101.997383117676
2023-07-20,107.139999389648,107.839996337891,106.190002441406,106.620002746582,988000,100.99333190918
2023-07-21,107.220001220703,107.519996643066,105.879997253418,105.970001220703,1006900,100.377639770508
2023-07-24,105.769996643066,106.870002746582,105.650001525879,105.870002746582,572700,100.282897949219
2023-07-25,105.76000213623,106.660003662109,105.699996948242,106.48999786377,605300,100.870178222656
2023-07-26,106.339996337891,106.540000915527,105.209999084473,105.620002746582,753700,100.046104431152
2023-07-27,106.26000213623,106.26000213623,105.099998474121,105.180000305176,728700,99.6293182373047
2023-07-28,105.910003662109,105.940002441406,104.650001525879,104.690002441406,1017400,99.1651916503906
2023-07-31,105,105.940002441406,104.440002441406,105.889999389648,980500,100.301849365234
2023-08-01,105.459999084473,106.540000915527,105.269996643066,106.349998474121,1434600,100.737571716309
2023-08-02,105.529998779297,108.480003356934,103.849998474121,107.730003356934,1625700,102.044761657715
2023-08-03,106.970001220703,108.559997558594,106.279998779297,106.319999694824,1181300,100.70915222168
2023-08-04,106.180000305176,107.620002746582,105.680000305176,106.129997253418,636400,100.529182434082
2023-08-07,106.699996948242,106.809997558594,105.910003662109,106.120002746582,595300,100.519721984863
2023-08-08,106.01000213623,106.389999389648,104.519996643066,104.919998168945,760500,99.3830337524414
2023-08-09,104.76000213623,105.139999389648,103.639999389648,104.480003356934,545300,98.9662628173828
2023-08-10,104.860000610352,105.309997558594,103.26000213623,103.790000915527,537700,98.3126754760742
2023-08-11,103.379997253418,103.779998779297,102.949996948242,103.51000213623,479800,98.0474472045898
2023-08-14,103.120002746582,104.230003356934,103.120002746582,104.019996643066,529000,98.5305328369141
2023-08-15,103.400001525879,103.540000915527,102.370002746582,102.980003356934,529500,97.5454254150391
2023-08-16,102.860000610352,103.629997253418,102.300003051758,102.319999694824,416900,96.9202499389648
2023-08-17,102.5,103.23999786377,101.430000305176,101.790000915527,541700,96.4182205200195
2023-08-18,101.01000213623,101.900001525879,100.709999084473,101.550003051758,547200,96.1908950805664
2023-08-21,101.620002746582,102.110000610352,101.290000915527,101.699996948242,452200,96.3329849243164
2023-08-22,101.900001525879,103.139999389648,101.599998474121,102.690002441406,541900,97.2707214355469
2023-08-23,103.029998779297,104.319999694824,102.870002746582,103.360000610352,711500,97.9053573608398
2023-08-24,103.300003051758,104.040000915527,102.309997558594,102.319999694824,468400,96.9202499389648
2023-08-25,102.580001831055,103.830001831055,102.190002441406,103.349998474121,455400,97.8959045410156
2023-08-28,103.629997253418,105.069999694824,103.629997253418,104.680000305176,493300,99.1557083129883
2023-08-29,104.610000610352,105.660003662109,104.360000610352,105.5,592800,99.9324340820312
2023-08-30,105.339996337891,106.959999084473,105.23999786377,105.849998474121,581100,100.263961791992
2023-08-31,106,106.959999084473,105.849998474121,106.019996643066,1026700,100.424995422363
2023-09-01,106.809997558594,106.809997558594,105.150001525879,106.040000915527,754500,100.443939208984
2023-09-05,105.709999084473,105.910003662109,104.519996643066,104.919998168945,651700,99.3830337524414
2023-09-06,104.660003662109,105.150001525879,103.360000610352,103.660003662109,858200,98.1895370483398
2023-09-07,102.930000305176,103.300003051758,101.809997558594,102.730003356934,914800,97.3086242675781
2023-09-08,102.959999084473,103.5,102.569999694824,102.769996643066,637900,97.3465042114258
2023-09-11,102.970001220703,105.589996337891,102.800003051758,105.559997558594,958800,99.9892730712891
2023-09-12,105.069999694824,105.809997558594,104.650001525879,105.629997253418,573600,100.055564880371
2023-09-13,105.769996643066,106.629997253418,105.23999786377,106.480003356934,821600,100.860717773438
2023-09-14,106.440002441406,106.819999694824,105.690002441406,106.569999694824,611800,101.642807006836
2023-09-15,106.139999389648,106.860000610352,105.800003051758,106.120002746582,1226500,101.213623046875
2023-09-18,106.379997253418,107.5,106.120002746582,107.050003051758,795600,102.100608825684
2023-09-19,106.76000213623,107.279998779297,105.449996948242,106.430000305176,630800,101.50927734375
2023-09-20,106.690002441406,108,106.620002746582,106.779998779297,539000,101.84309387207
2023-09-21,106.599998474121,106.599998474121,105.040000915527,105.040000915527,814000,100.183540344238
2023-09-22,105.279998779297,106.629997253418,105.089996337891,105.309997558594,423800,100.441062927246
2023-09-25,105.050003051758,105.639999389648,104.849998474121,105.400001525879,617000,100.526901245117
2023-09-26,104.959999084473,104.970001220703,103.180000305176,103.230003356934,665000,98.4572296142578
2023-09-27,103.849998474121,103.900001525879,102.650001525879,103.230003356934,525100,98.4572296142578
2023-09-28,103.25,105.379997253418,103.180000305176,105.150001525879,626500,100.288459777832
2023-09-29,106.319999694824,106.400001525879,104.800003051758,105.199996948242,616700,100.336143493652
2023-10-02,104.650001525879,105.089996337891,103.230003356934,103.51000213623,842800,98.7242813110352
2023-10-03,103.209999084473,104.01000213623,103.080001831055,103.51000213623,458900,98.7242813110352
2023-10-04,103.720001220703,104.440002441406,102.870002746582,104.099998474121,678600,99.2870101928711
2023-10-05,103.980003356934,104.870002746582,103.349998474121,104.589996337891,593000,99.7543411254883
2023-10-06,104.139999389648,106.470001220703,103.580001831055,106.129997253418,653700,101.22314453125
2023-10-09,105.830001831055,107.349998474121,105.410003662109,107.169998168945,483600,102.215057373047
2023-10-10,107.970001220703,109.620002746582,107.650001525879,107.809997558594,935100,102.825477600098
2023-10-11,108.080001831055,108.889999389648,107.940002441406,108.730003356934,473200,103.702934265137
2023-10-12,108.870002746582,109.230003356934,107.099998474121,107.589996337891,511700,102.61563873291
2023-10-13,107.389999389648,107.860000610352,106.680000305176,106.98999786377,541000,102.043380737305
2023-10-16,107.779998779297,108.290000915527,107.379997253418,107.849998474121,551800,102.863624572754
2023-10-17,106.959999084473,107.980003356934,105.930000305176,106.830001831055,564400,101.890785217285
2023-10-18,105.959999084473,106.160003662109,105.019996643066,105.059997558594,521200,100.202621459961
2023-10-19,105,105.76000213623,104.180000305176,104.330001831055,5e+05,99.5063781738281
2023-10-20,104.629997253418,104.629997253418,102.699996948242,103.279998779297,595400,98.5049285888672
2023-10-23,102.949996948242,103.150001525879,101.910003662109,101.980003356934,647000,97.265022277832
2023-10-24,102.379997253418,102.870002746582,101.610000610352,102.339996337891,704500,97.6083755493164
2023-10-25,101.919998168945,102.370002746582,101.279998779297,101.73999786377,632800,97.0361251831055
2023-10-26,101.720001220703,102.330001831055,100.809997558594,100.860000610352,776800,96.1967926025391
2023-10-27,100.680000305176,101.25,99.6100006103516,99.7099990844727,603600,95.0999755859375
2023-10-30,100.449996948242,101.680000305176,99.9899978637695,101.279998779297,856700,96.5973815917969
2023-10-31,101.48999786377,102.809997558594,101.48999786377,102.529998779297,833400,97.7895736694336
2023-11-01,106.680000305176,115.319999694824,106.5,113.529998779297,2697400,108.28101348877
2023-11-02,114.459999084473,114.790000915527,112.01000213623,114.449996948242,1163700,109.158485412598
2023-11-03,114.98999786377,116.459999084473,114.930000305176,115.610000610352,750500,110.264846801758
2023-11-06,115.5,116.349998474121,115.349998474121,116.290000915527,613000,110.91340637207
2023-11-07,116.290000915527,116.449996948242,114.48999786377,114.699996948242,833200,109.396911621094
2023-11-08,115.089996337891,116.379997253418,114.76000213623,116.080001831055,789200,110.713119506836
2023-11-09,116.389999389648,116.389999389648,115.339996337891,115.360000610352,482100,110.026397705078
2023-11-10,116,116.639999389648,115.529998779297,116.620002746582,458300,111.228141784668
2023-11-13,116.449996948242,116.879997253418,116.01000213623,116.480003356934,563000,111.094619750977
2023-11-14,117.300003051758,119.580001831055,117.300003051758,118.930000305176,662200,113.431343078613
2023-11-15,118.930000305176,120.25,118.819999694824,118.839996337891,589900,113.345489501953
2023-11-16,118.51000213623,119.470001220703,118.51000213623,119.129997253418,506900,113.622085571289
2023-11-17,119.669998168945,119.860000610352,119.190002441406,119.51000213623,1453100,113.984527587891
2023-11-20,119.26000213623,120.400001525879,118.790000915527,120.069999694824,449000,114.518646240234
2023-11-21,119.910003662109,120.519996643066,119.269996643066,119.319999694824,1065900,113.803314208984
2023-11-22,120.019996643066,120.870002746582,119.75,120.370002746582,499200,114.80477142334
2023-11-24,120.279998779297,121.269996643066,120.279998779297,121.029998779297,254400,115.434257507324
2023-11-27,121.029998779297,121.930000305176,120.769996643066,121.470001220703,659700,115.853897094727
2023-11-28,121.580001831055,122.269996643066,121.089996337891,121.389999389648,823200,115.777618408203
2023-11-29,121.650001525879,122.190002441406,120.959999084473,121,559900,115.405639648438
2023-11-30,121.139999389648,122.5,120.970001220703,122.23999786377,1653500,116.588310241699
2023-12-01,122.040000915527,123.720001220703,121.699996948242,123.639999389648,575000,117.92359161377
2023-12-04,122.970001220703,124.529998779297,122.339996337891,124.180000305176,1106200,118.438606262207
2023-12-05,123.769996643066,124.629997253418,123.25,124.180000305176,720600,118.438606262207
2023-12-06,124.660003662109,125.98999786377,124.099998474121,125.080001831055,932600,119.297012329102
2023-12-07,125.059997558594,125.400001525879,123.980003356934,124.389999389648,630300,118.638916015625
2023-12-08,124.470001220703,124.919998168945,124.139999389648,124.589996337891,644600,118.829643249512
2023-12-11,124.419998168945,125.690002441406,124.080001831055,125.199996948242,616400,119.411437988281
2023-12-12,125.139999389648,125.900001525879,124.690002441406,125.529998779297,610600,119.726188659668
2023-12-13,125.879997253418,126.98999786377,124.730003356934,126.889999389648,962000,121.023307800293
2023-12-14,126.830001831055,126.830001831055,124.970001220703,125.599998474121,960600,120.486129760742
2023-12-15,125.599998474121,126.639999389648,125.150001525879,126.129997253418,3125400,120.99454498291
2023-12-18,125.449996948242,126.51000213623,125.059997558594,126.459999084473,582300,121.31111907959
2023-12-19,126.470001220703,127.419998168945,126.470001220703,127.040000915527,659000,121.86750793457
2023-12-20,126.75,128.119995117188,126.01000213623,126.050003051758,623500,120.91780090332
2023-12-21,126.980003356934,127.449996948242,126.470001220703,127.419998168945,486200,122.232032775879
2023-12-22,127.400001525879,128.800003051758,127.389999389648,128.059997558594,730100,122.84595489502
2023-12-26,127.849998474121,129.059997558594,127.769996643066,128.910003662109,488000,123.661361694336
2023-12-27,129,129.320007324219,128.339996337891,128.669998168945,443300,123.431137084961
2023-12-28,128.539993286133,129.059997558594,128.25,128.759994506836,440100,123.517456054688
2023-12-29,128.399993896484,128.949996948242,128.080001831055,128.539993286133,622300,123.306419372559
2024-01-02,127.550003051758,128.600006103516,126.029998779297,126.559997558594,1023300,121.407035827637
2024-01-03,125.550003051758,125.98999786377,123.940002441406,124.150001525879,728100,119.095161437988
2024-01-04,123.940002441406,124.699996948242,123.75,123.809997558594,660900,118.769004821777
2024-01-05,123.779998779297,124.360000610352,122.639999389648,122.849998474121,864600,117.848091125488
2024-01-08,122.059997558594,123.190002441406,121.720001220703,123.019996643066,795200,118.011169433594
2024-01-09,122.199996948242,122.519996643066,121.319999694824,121.879997253418,934700,116.917587280273
2024-01-10,122.669998168945,123.459999084473,122.349998474121,123.25,567200,118.231803894043
2024-01-11,123.25,123.550003051758,121.980003356934,123.180000305176,621400,118.164649963379
2024-01-12,124.199996948242,124.290000915527,123.370002746582,123.849998474121,521000,118.807373046875
2024-01-16,123.199996948242,123.76000213623,122.51000213623,123.589996337891,703600,118.557960510254
2024-01-17,122.980003356934,123.639999389648,122.73999786377,123.370002746582,699200,118.34691619873
2024-01-18,124.080001831055,124.580001831055,123.139999389648,124.279998779297,612800,119.219863891602
2024-01-19,124.730003356934,126.019996643066,124.5,125.480003356934,1334300,120.37100982666
2024-01-22,126.050003051758,127.360000610352,126.050003051758,126.709999084473,658900,121.550926208496
2024-01-23,126.459999084473,127.25,125.889999389648,127.050003051758,745200,121.877090454102
2024-01-24,127.730003356934,127.730003356934,125.019996643066,125.110000610352,632500,120.016067504883
2024-01-25,124.800003051758,125.51000213623,124.150001525879,125.040000915527,675200,119.948936462402
2024-01-26,125.389999389648,125.75,124.379997253418,124.73999786377,488100,119.6611328125
2024-01-29,124.379997253418,125.209999084473,123.730003356934,125.190002441406,459400,120.092819213867
2024-01-30,123.980003356934,124.040000915527,121.73999786377,121.860000610352,1038900,116.898406982422
2024-01-31,121.860000610352,121.860000610352,119.300003051758,119.48999786377,935900,114.624908447266
2024-02-01,120.040000915527,121.029998779297,119.150001525879,121.01000213623,708400,116.083015441895
2024-02-02,119.970001220703,120.940002441406,119.269996643066,120.410003662109,722000,115.507446289062
2024-02-05,119.519996643066,120.809997558594,119.309997558594,119.879997253418,734400,114.999008178711
2024-02-06,120.180000305176,121.930000305176,120.059997558594,121.809997558594,570100,116.850440979004
2024-02-07,121.809997558594,122.220001220703,121,121.730003356934,708100,116.77368927002
2024-02-08,122.040000915527,122.459999084473,120.860000610352,122.319999694824,596200,117.339668273926
2024-02-09,122.269996643066,123.699996948242,121.900001525879,123.269996643066,599500,118.250991821289
2024-02-12,123.269996643066,123.930000305176,122.959999084473,123.620002746582,714000,118.58674621582
2024-02-13,121.889999389648,121.889999389648,120.059997558594,121.120002746582,538800,116.188529968262
2024-02-14,121.779998779297,122.889999389648,120.730003356934,122.830001831055,723700,117.828910827637
2024-02-15,122.970001220703,124.040000915527,122.889999389648,123.959999084473,644700,118.912895202637
2024-02-16,123.629997253418,123.779998779297,122.099998474121,122.199996948242,1602400,117.224555969238
2024-02-20,121.610000610352,123.459999084473,121.199996948242,122.75,1233300,117.752166748047
2024-02-21,129.990005493164,137.869995117188,128.889999389648,133.580001831055,2561000,128.141220092773
2024-02-22,134.770004272461,134.770004272461,131.199996948242,133.940002441406,2101500,128.486572265625
2024-02-23,134.639999389648,135.720001220703,133.610000610352,135.509994506836,1236800,129.992645263672
2024-02-26,134.940002441406,135.490005493164,133.160003662109,135.220001220703,1352300,129.714447021484
2024-02-27,134.990005493164,135.339996337891,134.009994506836,134.690002441406,936400,129.206008911133
2024-02-28,134.110000610352,139.490005493164,134.110000610352,137.300003051758,1809500,131.709762573242
2024-02-29,137.399993896484,138.059997558594,136.25,137.350006103516,1627500,131.757736206055
2024-03-01,137,138.389999389648,136.789993286133,137.429992675781,927600,131.834457397461
2024-03-04,137.059997558594,140.460006713867,137,139.669998168945,1281500,133.983261108398
2024-03-05,139.529998779297,140.229995727539,138.300003051758,140.089996337891,1149200,134.386169433594
2024-03-06,140.639999389648,141.779998779297,139.529998779297,139.949996948242,999900,134.251861572266
2024-03-07,140.5,141.649993896484,139.770004272461,141.429992675781,917900,135.671585083008
2024-03-08,141.470001220703,142.729995727539,141.059997558594,141.940002441406,832100,136.160842895508
2024-03-11,141.630004882812,146.669998168945,141.600006103516,145.990005493164,2714400,140.045944213867
2024-03-12,146.080001831055,148.889999389648,145.320007324219,148.449996948242,1625600,142.405746459961
2024-03-13,149,149.419998168945,148.089996337891,148.350006103516,925500,142.309844970703
2024-03-14,148.029998779297,148.880004882812,146.449996948242,147.029998779297,985700,141.741073608398
2024-03-15,145.809997558594,147.289993286133,145.320007324219,145.75,3466200,140.507095336914
2024-03-18,146.199996948242,146.869995117188,145.809997558594,146.009994506836,586100,140.757720947266
2024-03-19,146.300003051758,146.759994506836,145.440002441406,146.479995727539,747500,141.210830688477
2024-03-20,146.320007324219,146.889999389648,145.449996948242,146.679992675781,746700,141.403656005859
2024-03-21,146.75,148.5,146.520004272461,148.139999389648,628400,142.811141967773
2024-03-22,147.869995117188,148.259994506836,146.910003662109,147.289993286133,977300,141.991683959961
2024-03-25,146.949996948242,147.850006103516,146.449996948242,146.679992675781,520700,141.403656005859
2024-03-26,146.520004272461,147.789993286133,146.520004272461,147.399993896484,676000,142.097763061523
2024-03-27,147.960006713867,148.179992675781,146.910003662109,147.979995727539,709500,142.65690612793
2024-03-28,148.440002441406,149.539993286133,148.050003051758,148.869995117188,859600,143.514877319336
2024-04-01,148.529998779297,148.910003662109,147.229995727539,147.360000610352,625700,142.059173583984
2024-04-02,147.160003662109,147.160003662109,145.199996948242,145.740005493164,737600,140.497482299805
2024-04-03,145.970001220703,146.630004882812,145.820007324219,146.039993286133,549500,140.786682128906
2024-04-04,147.009994506836,147.330001831055,144.839996337891,144.899993896484,552800,139.687683105469
2024-04-05,145.389999389648,147.710006713867,145.220001220703,147.529998779297,603400,142.223083496094
2024-04-08,147.910003662109,149.419998168945,147.820007324219,149,818600,143.640213012695
2024-04-09,149.289993286133,149.5,147.580001831055,148.380004882812,537200,143.042510986328
2024-04-10,146.830001831055,147.220001220703,145.389999389648,145.960006713867,637300,140.709579467773
2024-04-11,146.460006713867,146.990005493164,145.809997558594,146.080001831055,509800,140.825225830078
2024-04-12,144.899993896484,145.389999389648,142.669998168945,143.110000610352,740000,137.962066650391
2024-04-15,144.289993286133,144.880004882812,140.919998168945,141.639999389648,9e+05,136.544967651367
2024-04-16,141.729995727539,143.089996337891,141,142.190002441406,833900,137.075164794922
2024-04-17,142.75,143.229995727539,140.190002441406,141.070007324219,757700,135.995452880859
2024-04-18,141.5,141.970001220703,140.160003662109,140.720001220703,828200,135.658050537109
2024-04-19,141.059997558594,141.779998779297,138.860000610352,139.520004272461,2924100,134.501220703125
2024-04-22,140.619995117188,141.869995117188,139.649993896484,141.020004272461,933200,135.947250366211
2024-04-23,140.979995727539,143.070007324219,140.979995727539,142.509994506836,788100,137.383666992188
2024-04-24,142.75,143.479995727539,142.199996948242,142.789993286133,612600,137.653579711914
2024-04-25,141.860000610352,143.289993286133,140.460006713867,143.029998779297,528200,137.884948730469
2024-04-26,142.990005493164,144.320007324219,142.990005493164,143.449996948242,625300,138.289825439453
2024-04-29,142.850006103516,145.210006713867,142.850006103516,145.179992675781,788500,139.957580566406
2024-04-30,145.089996337891,146.240005493164,144.410003662109,144.470001220703,1185300,139.273147583008
2024-05-01,153.25,164.729995727539,151,163.419998168945,2765300,157.541488647461
2024-05-02,164,165.929992675781,162.940002441406,165.330001831055,1361100,159.382781982422
2024-05-03,165.789993286133,166.440002441406,164.169998168945,165.970001220703,972900,159.999771118164
2024-05-06,167.130004882812,167.899993896484,165.820007324219,167.880004882812,827900,161.841064453125
2024-05-07,167.949996948242,170.869995117188,167.199996948242,169.960006713867,878600,163.846237182617
2024-05-08,169.360000610352,170.160003662109,169.029998779297,169.960006713867,542400,163.846237182617
2024-05-09,170.160003662109,170.160003662109,168.449996948242,169.300003051758,552500,163.209991455078
2024-05-10,169.589996337891,169.699996948242,168.240005493164,168.929992675781,737200,162.853286743164
2024-05-13,169.169998168945,169.820007324219,168.800003051758,169.360000610352,369800,163.267837524414
2024-05-14,169.449996948242,170.770004272461,169.059997558594,169.910003662109,506600,163.79801940918
2024-05-15,170.270004272461,171.100006103516,170.110000610352,170.550003051758,597000,164.414993286133
2024-05-16,170.820007324219,171.240005493164,169.949996948242,169.979995727539,526800,163.865493774414
2024-05-17,170.580001831055,171.470001220703,169.5,170.940002441406,525800,164.790939331055
2024-05-20,171,171.639999389648,169.669998168945,170.190002441406,529800,164.067993164062
2024-05-21,170.139999389648,170.979995727539,169.490005493164,170.729995727539,510100,164.588531494141
2024-05-22,167.399993896484,169.089996337891,161.100006103516,162.059997558594,1321500,156.230392456055
2024-05-23,162.270004272461,163.389999389648,160.809997558594,162.729995727539,890100,156.876312255859
2024-05-24,163.729995727539,164.410003662109,162.539993286133,163.809997558594,541600,157.917449951172
2024-05-28,162.919998168945,163.339996337891,161.860000610352,162.399993896484,704900,156.558212280273
2024-05-29,161.479995727539,162.990005493164,161.080001831055,161.660003662109,471100,155.844772338867
2024-05-30,162.479995727539,164.949996948242,161.820007324219,162.770004272461,778900,156.91487121582
2024-05-31,162.679992675781,163.860000610352,161.449996948242,163.850006103516,1398400,157.956039428711
2024-06-03,163.309997558594,164,162.529998779297,163.199996948242,624000,157.329406738281
2024-06-04,162.720001220703,164.220001220703,162.669998168945,163.029998779297,528700,157.16552734375
2024-06-05,163.449996948242,164.160003662109,162.690002441406,164,506600,158.100616455078
2024-06-06,164.270004272461,166.059997558594,163.389999389648,163.910003662109,390200,158.013870239258
2024-06-07,163.300003051758,164.589996337891,163.050003051758,163.259994506836,324300,157.387222290039
2024-06-10,162.899993896484,163,161.039993286133,162.619995117188,527100,156.770248413086
2024-06-11,161.990005493164,162,160.199996948242,161.520004272461,870800,155.709823608398
2024-06-12,163.089996337891,165.470001220703,162.860000610352,164.190002441406,588300,158.283782958984
2024-06-13,164.009994506836,164.889999389648,160.550003051758,161.929992675781,809600,156.105087280273
2024-06-14,160.520004272461,161.119995117188,158.669998168945,159.529998779297,561600,153.791427612305
2024-06-17,158.899993896484,160.850006103516,158.380004882812,160.300003051758,605200,155.263671875
2024-06-18,160.5,161.070007324219,159.539993286133,160.720001220703,501500,155.670455932617
2024-06-20,160.369995117188,161.380004882812,159.199996948242,159.960006713867,539800,154.934356689453
2024-06-21,160.300003051758,161.470001220703,159.279998779297,161.449996948242,1329100,156.377532958984
2024-06-24,161.529998779297,163.490005493164,161.160003662109,162.289993286133,423800,157.191131591797
2024-06-25,161.929992675781,162.190002441406,159.880004882812,160.309997558594,395800,155.273330688477
2024-06-26,160.179992675781,161.460006713867,159.720001220703,161.160003662109,609400,156.096649169922
2024-06-27,161.169998168945,162.059997558594,160.600006103516,162.009994506836,476700,156.919921875
2024-06-28,161.889999389648,163.949996948242,161.410003662109,162.919998168945,1139700,157.801361083984
2024-07-01,163,164.369995117188,161.070007324219,161.100006103516,754500,156.038558959961
2024-07-02,160.729995727539,161.910003662109,160.289993286133,161.490005493164,808000,156.416290283203
2024-07-03,160.970001220703,161.419998168945,158.899993896484,161.149993896484,442600,156.086975097656
2024-07-05,161.509994506836,162.210006713867,160.089996337891,161.929992675781,819200,156.842468261719
2024-07-08,162.639999389648,163.339996337891,160.940002441406,161.529998779297,545900,156.455001831055
2024-07-09,161.539993286133,162.850006103516,161.029998779297,161.490005493164,744300,156.416290283203
2024-07-10,162.800003051758,163.509994506836,161.509994506836,163.449996948242,614000,158.314682006836
2024-07-11,163.800003051758,167.199996948242,163.800003051758,166.759994506836,857900,161.520690917969
2024-07-12,167.5,170.669998168945,167.5,168.800003051758,734200,163.496612548828
2024-07-15,169.059997558594,170.839996337891,168.309997558594,170.119995117188,900800,164.775131225586
2024-07-16,171,173.949996948242,170.460006713867,173.740005493164,661100,168.281402587891
2024-07-17,173.740005493164,174.509994506836,172.580001831055,173,611500,167.564666748047
2024-07-18,172.5,175.009994506836,170.190002441406,171.080001831055,826000,165.704971313477
2024-07-19,171.080001831055,171.779998779297,169.199996948242,170.070007324219,666700,164.726715087891
2024-07-22,170.380004882812,172.809997558594,170.369995117188,172.729995727539,532500,167.303131103516
2024-07-23,172.759994506836,172.979995727539,171.800003051758,172.100006103516,341000,166.692932128906
2024-07-24,172.600006103516,174.449996948242,171.580001831055,172.839996337891,912900,167.40966796875
2024-07-25,172.910003662109,175.240005493164,171.75,173.399993896484,560600,167.952102661133
2024-07-26,174.539993286133,178.509994506836,173.789993286133,177.940002441406,1059500,172.349426269531
2024-07-29,177.940002441406,178.160003662109,176.369995117188,176.559997558594,758500,171.012802124023
2024-07-30,178.429992675781,179.759994506836,177.179992675781,179.339996337891,1211400,173.705459594727
2024-07-31,175.449996948242,177.190002441406,169.589996337891,171.25,1939300,165.86962890625
2024-08-01,171.929992675781,174.080001831055,169.869995117188,171.059997558594,1159200,165.685623168945
2024-08-02,169.330001831055,170.289993286133,166.009994506836,168.520004272461,943900,163.225387573242
2024-08-05,163.639999389648,164,160.710006713867,161.630004882812,1269800,156.551879882812
2024-08-06,161.639999389648,165.889999389648,160.809997558594,164.710006713867,860700,159.535110473633
2024-08-07,165.429992675781,165.880004882812,161.559997558594,162.350006103516,838700,157.249252319336
2024-08-08,162.350006103516,167.410003662109,161.449996948242,167.119995117188,571600,161.869384765625
2024-08-09,167.009994506836,168.490005493164,166.630004882812,167.419998168945,524800,162.159973144531
2024-08-12,167.419998168945,169.059997558594,165.880004882812,168.559997558594,834500,163.26416015625
2024-08-13,168.350006103516,170.020004272461,167.190002441406,169.660003662109,538800,164.32958984375
2024-08-14,169.660003662109,170.050003051758,168.220001220703,170,531900,164.658920288086
2024-08-15,171.300003051758,171.509994506836,169.839996337891,170.820007324219,727200,165.453140258789
2024-08-16,170.949996948242,172.080001831055,170.479995727539,172.059997558594,728200,166.654190063477
2024-08-19,172.589996337891,175.929992675781,172.589996337891,175.910003662109,612200,170.383224487305
2024-08-20,176.119995117188,177.369995117188,175.600006103516,176.479995727539,528600,170.935317993164
2024-08-21,177.490005493164,179,177.110000610352,178.460006713867,976400,172.853118896484
2024-08-22,178.630004882812,179.589996337891,177.509994506836,177.649993896484,542900,172.068542480469
2024-08-23,178.259994506836,180.399993896484,178.050003051758,179.759994506836,529600,174.112274169922
2024-08-26,180.009994506836,181.259994506836,178.949996948242,179.529998779297,624400,173.889495849609
2024-08-27,179.729995727539,180.710006713867,178.690002441406,180.649993896484,353000,174.974304199219
2024-08-28,180.699996948242,182.360000610352,179.059997558594,180.080001831055,498800,174.42219543457
2024-08-29,180.550003051758,183.220001220703,179.759994506836,180.649993896484,648100,174.974304199219
2024-08-30,181.360000610352,183.880004882812,180.669998168945,183.289993286133,1180200,177.531372070312
2024-09-03,183.089996337891,183.830001831055,178.589996337891,180.100006103516,1209700,174.441604614258
2024-09-04,179.990005493164,181.449996948242,179.350006103516,180.929992675781,721300,175.245498657227
2024-09-05,181.220001220703,181.619995117188,179.419998168945,180.779998779297,713800,175.100204467773
2024-09-06,180.910003662109,182.259994506836,179.210006713867,180.169998168945,627700,174.509399414062
2024-09-09,180.970001220703,184.419998168945,180.029998779297,182.940002441406,659300,177.192337036133
2024-09-10,183.070007324219,183.119995117188,179.419998168945,180.440002441406,584300,174.770874023438
2024-09-11,180.300003051758,183.050003051758,177.330001831055,182.740005493164,724100,176.998641967773
2024-09-12,182.080001831055,183.100006103516,180.770004272461,182.759994506836,580400,177.018005371094
2024-09-13,173.220001220703,174.649993896484,168.179992675781,172.679992675781,2016800,167.943862915039
2024-09-16,173.449996948242,174.039993286133,171.600006103516,172.619995117188,798000,167.885528564453
2024-09-17,172.619995117188,174.080001831055,171.419998168945,171.580001831055,790700,166.874084472656
2024-09-18,171.880004882812,172.589996337891,169.270004272461,169.869995117188,975300,165.210983276367
2024-09-19,172.139999389648,173,170.809997558594,171.759994506836,891700,167.04914855957
2024-09-20,170,171.759994506836,169.259994506836,171,1447100,166.309997558594
2024-09-23,172,175.970001220703,171.600006103516,175.809997558594,1014900,170.988037109375
2024-09-24,175,175.850006103516,173.789993286133,175.809997558594,685000,170.988037109375
2024-09-25,175.410003662109,175.839996337891,172.429992675781,173.149993896484,611400,168.401000976562
2024-09-26,173.850006103516,175.179992675781,173.279998779297,174.830001831055,475500,170.034957885742
2024-09-27,174.289993286133,175.770004272461,173.639999389648,173.990005493164,800300,169.217971801758
2024-09-30,174.270004272461,176.149993896484,173.350006103516,176.029998779297,1172400,171.202026367188
2024-10-01,176.139999389648,176.360000610352,172.690002441406,172.729995727539,602300,167.992523193359
2024-10-02,172.699996948242,174.589996337891,171.539993286133,172.050003051758,603000,167.331192016602
2024-10-03,171.190002441406,171.880004882812,168.559997558594,169.130004882812,791000,164.491287231445
2024-10-04,170.529998779297,170.940002441406,167.919998168945,170.029998779297,660300,165.366592407227
2024-10-07,164,165,160.940002441406,163.130004882812,1238800,158.655838012695
2024-10-08,164.460006713867,165.130004882812,163.660003662109,164.630004882812,821900,160.114715576172
2024-10-09,164.630004882812,165.410003662109,163.699996948242,165.309997558594,704300,160.776031494141
2024-10-10,164.410003662109,165.979995727539,163.100006103516,165.699996948242,644500,161.155334472656
2024-10-11,165.899993896484,166.800003051758,165.529998779297,165.889999389648,531600,161.340118408203
2024-10-14,166.210006713867,168.559997558594,166.100006103516,167.960006713867,586600,163.353363037109
2024-10-15,167.699996948242,168.710006713867,166.360000610352,166.839996337891,857800,162.264068603516
2024-10-16,166.869995117188,167.919998168945,166.869995117188,167.100006103516,434400,162.516937255859
2024-10-17,168.029998779297,168.699996948242,166.320007324219,166.520004272461,518400,161.952850341797
2024-10-18,168.229995727539,168.789993286133,166.399993896484,167.580001831055,741000,162.983779907227
2024-10-21,166.929992675781,167.800003051758,166.320007324219,166.470001220703,463600,161.904251098633
2024-10-22,165.210006713867,165.320007324219,162.570007324219,163,827800,158.529388427734
2024-10-23,162.320007324219,162.710006713867,160.949996948242,161.580001831055,707900,157.148330688477
2024-10-24,163.089996337891,163.740005493164,161.279998779297,161.929992675781,969900,157.488754272461
2024-10-25,161.970001220703,163.279998779297,161.970001220703,162.300003051758,757500,157.848602294922
2024-10-28,163.210006713867,166.389999389648,163.110000610352,166.289993286133,950600,161.72917175293
2024-10-29,164.559997558594,167.889999389648,164.009994506836,166.270004272461,1378100,161.709701538086
2024-10-30,186.100006103516,207.220001220703,186.100006103516,204.919998168945,3031900,199.299652099609
2024-10-31,204.5,204.800003051758,197.949996948242,198.350006103516,2064600,192.909851074219
2024-11-01,198.779998779297,201.059997558594,196.309997558594,198.179992675781,1708200,192.744506835938
2024-11-04,197.070007324219,200.880004882812,196.389999389648,200.240005493164,937000,194.748001098633
2024-11-05,200.479995727539,204.839996337891,200.339996337891,204.229995727539,1189200,198.628570556641
2024-11-06,207.059997558594,210.330001831055,205.419998168945,209.669998168945,1079000,203.919372558594
2024-11-07,210.139999389648,212.279998779297,209.529998779297,210.339996337891,903300,204.570999145508
2024-11-08,210.919998168945,214.619995117188,210.449996948242,212.720001220703,1143300,206.885726928711
2024-11-11,213,214.830001831055,211.970001220703,212.559997558594,807500,206.730102539062
2024-11-12,212.229995727539,214.039993286133,211.949996948242,213.580001831055,1160700,207.722122192383
2024-11-13,214.029998779297,214.529998779297,212.830001831055,212.979995727539,788600,207.138595581055
2024-11-14,213.919998168945,215.550003051758,211.169998168945,211.369995117188,1037100,205.57275390625
2024-11-15,210.369995117188,211.75,208.160003662109,208.429992675781,691200,202.71337890625
2024-11-18,208.600006103516,211.009994506836,208.080001831055,209.270004272461,938800,203.530334472656
2024-11-19,207.279998779297,209.300003051758,206.610000610352,207.369995117188,745800,201.68244934082
2024-11-20,206.240005493164,207.130004882812,204.160003662109,205.589996337891,855600,199.951293945312
2024-11-21,207.539993286133,210.059997558594,207.139999389648,209.110000610352,577300,203.374755859375
2024-11-22,209.339996337891,211.270004272461,209.279998779297,210.330001831055,776400,204.561294555664
2024-11-25,212.289993286133,216.440002441406,212.119995117188,214.520004272461,1721800,208.636352539062
2024-11-26,214.5,215.479995727539,210.75,212.850006103516,1160600,207.012161254883
2024-11-27,213.75,215.110000610352,211.029998779297,212.089996337891,602100,206.272994995117
2024-11-29,212.029998779297,213.229995727539,211.779998779297,212.600006103516,394800,206.769012451172
2024-12-02,213.800003051758,215.149993896484,213.220001220703,213.460006713867,903100,207.605438232422
2024-12-03,213.869995117188,214.5,211.199996948242,212.449996948242,461700,206.623107910156
2024-12-04,212.309997558594,215.990005493164,211.550003051758,215.770004272461,706700,209.852066040039
2024-12-05,215.830001831055,217.759994506836,215.779998779297,216.589996337891,958100,210.64958190918
2024-12-06,217.729995727539,219.539993286133,216.809997558594,218.580001831055,661100,212.585006713867
2024-12-09,217.690002441406,220.5,216.100006103516,219.330001831055,846700,213.314437866211
2024-12-10,219.5,220.779998779297,216.5,219.210006713867,1093000,213.197708129883
2024-12-11,220.75,222.970001220703,220.380004882812,220.770004272461,864400,214.714920043945
2024-12-12,219.820007324219,219.830001831055,215.669998168945,215.970001220703,605700,210.046600341797
2024-12-13,216.039993286133,216.25,214.460006713867,215.399993896484,731700,210.222259521484
2024-12-16,215.300003051758,220.410003662109,214.460006713867,214.619995117188,723800,209.461013793945
2024-12-17,213.860000610352,213.860000610352,209.740005493164,210.889999389648,867600,205.820663452148
2024-12-18,210.889999389648,210.889999389648,206.149993896484,206.229995727539,884000,201.272659301758
2024-12-19,207,208.690002441406,204.460006713867,205.419998168945,733400,200.482147216797
2024-12-20,205.419998168945,210.039993286133,203.690002441406,208.990005493164,2545400,203.966339111328
2024-12-23,207.649993896484,210.009994506836,206.5,209.300003051758,527300,204.26887512207
2024-12-24,210.190002441406,211.070007324219,208.979995727539,211.020004272461,223000,205.947540283203
2024-12-26,209.880004882812,211.779998779297,209.100006103516,210.669998168945,839000,205.60595703125
2024-12-27,209.690002441406,211.520004272461,208.190002441406,209.360000610352,670700,204.327438354492
2024-12-30,207.029998779297,208.5,205.259994506836,207.460006713867,428200,202.473114013672
2024-12-31,207.690002441406,208.179992675781,206.080001831055,206.259994506836,496100,201.301940917969
2025-01-02,207.789993286133,208.289993286133,203.300003051758,204.550003051758,831500,199.633071899414
2025-01-03,205.529998779297,207.350006103516,204.509994506836,207.149993896484,623400,202.170562744141
2025-01-06,208.75,210.479995727539,206.899993896484,207.830001831055,643400,202.834228515625
2025-01-07,208,211.5,207.580001831055,208.550003051758,596000,203.536911010742
2025-01-08,208.020004272461,211.630004882812,207.75,211.389999389648,675800,206.308654785156
2025-01-10,209,210.070007324219,206.75,209.160003662109,742300,204.132263183594
2025-01-13,206.320007324219,208.559997558594,205.259994506836,208.440002441406,719000,203.429565429688
2025-01-14,209.669998168945,213.240005493164,209.669998168945,212.270004272461,779200,207.167495727539
2025-01-15,215.5,216.550003051758,212.800003051758,213.449996948242,700900,208.319137573242
2025-01-16,214.580001831055,215.440002441406,212.889999389648,214.559997558594,511200,209.402450561523
2025-01-17,216.020004272461,216.830001831055,214.600006103516,215.699996948242,746900,210.515060424805
2025-01-21,215.889999389648,218.369995117188,215.699996948242,217.820007324219,663800,212.584091186523
2025-01-22,217.910003662109,219,215.289993286133,216.199996948242,502300,211.003021240234
2025-01-23,216.160003662109,216.160003662109,212.160003662109,215.580001831055,790700,210.397933959961
2025-01-24,214.850006103516,215.350006103516,213.660003662109,214.229995727539,499500,209.080368041992
2025-01-27,214.589996337891,215.800003051758,213.119995117188,214.910003662109,696500,209.744049072266
2025-01-28,215.910003662109,220.529998779297,214.460006713867,217.779998779297,864300,212.545074462891
2025-01-29,218.479995727539,218.479995727539,212.880004882812,214.339996337891,714700,209.187744140625
2025-01-30,214.210006713867,218.419998168945,213.240005493164,217.039993286133,650400,211.822830200195
2025-01-31,217.039993286133,219.720001220703,215.399993896484,215.850006103516,622100,210.66145324707
2025-02-03,211.960006713867,216.350006103516,208.490005493164,215.490005493164,1008600,210.310089111328
2025-02-04,216.210006713867,218.660003662109,215.75,218.220001220703,589600,212.974456787109
2025-02-05,219.089996337891,220.520004272461,216.300003051758,218.850006103516,522600,213.589340209961
2025-02-06,219.929992675781,220,216.580001831055,219.779998779297,581300,214.496948242188
2025-02-07,219.529998779297,223.330001831055,216.940002441406,217.669998168945,623800,212.437683105469
2025-02-10,218.25,219.490005493164,213.880004882812,215.729995727539,913400,210.544311523438
2025-02-11,215.630004882812,215.75,209.800003051758,211.570007324219,860800,206.484313964844
2025-02-12,208.020004272461,211.160003662109,201.630004882812,209.630004882812,953000,204.590957641602
2025-02-13,210.300003051758,210.509994506836,206.839996337891,210.229995727539,784900,205.176528930664
2025-02-14,211.119995117188,213.729995727539,209.320007324219,212.619995117188,892200,207.509078979492
2025-02-18,213.5,215.020004272461,209.699996948242,214.779998779297,1358500,209.617141723633
2025-02-19,238,246.5,229.330001831055,241.929992675781,3142800,236.114532470703
2025-02-20,239.080001831055,240.639999389648,226.25,229.009994506836,1635300,223.505096435547
2025-02-21,229.899993896484,230.139999389648,222.449996948242,224.710006713867,1072600,219.308456420898
2025-02-24,226.679992675781,229,222.429992675781,222.809997558594,842100,217.454147338867
2025-02-25,223.080001831055,226.720001220703,222.25,226.039993286133,1030100,220.606491088867
2025-02-26,225,228.610000610352,224.229995727539,226.919998168945,773300,221.46533203125
2025-02-27,227.570007324219,229.940002441406,223.809997558594,224.059997558594,884600,218.674087524414
2025-02-28,225.059997558594,229.490005493164,224.229995727539,228.929992675781,1207400,223.427017211914
2025-03-03,228,231.440002441406,224.619995117188,226.220001220703,1050900,220.782180786133
2025-03-04,225.089996337891,225.570007324219,216.860000610352,220.119995117188,1142300,214.828811645508
2025-03-05,220.309997558594,225.089996337891,220.229995727539,224.809997558594,791200,219.406051635742
2025-03-06,223.190002441406,227.300003051758,221.610000610352,221.910003662109,811200,216.575759887695
2025-03-07,219.860000610352,220.520004272461,210.160003662109,219.339996337891,1082700,214.06755065918
2025-03-10,215.240005493164,219.389999389648,212.589996337891,215.320007324219,937900,210.144180297852
2025-03-11,216.220001220703,220.160003662109,212.860000610352,213.210006713867,952800,208.084884643555
2025-03-12,216.309997558594,217.949996948242,212.919998168945,215.610000610352,814800,210.427185058594
2025-03-13,214.059997558594,215.949996948242,208.210006713867,209.369995117188,1058600,204.337203979492
2025-03-14,210.509994506836,214.259994506836,210.509994506836,213.899993896484,916300,209.5087890625
2025-03-17,212.690002441406,212.979995727539,205.720001220703,212.440002441406,1376600,208.07878112793
2025-03-18,211.610000610352,211.910003662109,204.800003051758,206.630004882812,1239400,202.388076782227
2025-03-19,207.330001831055,210.479995727539,205.699996948242,208.770004272461,1088700,204.484115600586
2025-03-20,207.449996948242,211.220001220703,207.399993896484,208.710006713867,1093400,204.425369262695
2025-03-21,206.869995117188,210.339996337891,204.639999389648,210.190002441406,4656100,205.874969482422
2025-03-24,213.440002441406,215.320007324219,211.820007324219,214.470001220703,901900,210.067108154297
2025-03-25,214.779998779297,219.179992675781,213.820007324219,218.570007324219,1079300,214.082962036133
2025-03-26,218.139999389648,219.899993896484,216.789993286133,216.830001831055,781600,212.378646850586
2025-03-27,215.630004882812,218.5,214.360000610352,216.960006713867,736800,212.505996704102
2025-03-28,216.139999389648,217.889999389648,212.419998168945,213.660003662109,608500,209.273742675781
2025-03-31,212.940002441406,218.539993286133,212.389999389648,217.130004882812,1059000,212.672485351562
2025-04-01,216.149993896484,219.5,213.309997558594,217.570007324219,900100,213.103485107422
2025-04-02,214.25,219.119995117188,213.740005493164,218.070007324219,911300,213.593185424805
2025-04-03,189.240005493164,191,181.919998168945,185.339996337891,2810000,181.535125732422
2025-04-04,179.520004272461,183.130004882812,175.110000610352,178.460006713867,2506500,174.796371459961
2025-04-07,174.210006713867,186.949996948242,169.259994506836,180.860000610352,1646200,177.147094726562
2025-04-08,186.529998779297,187.820007324219,170.080001831055,173.630004882812,1791000,170.065505981445
2025-04-09,170.020004272461,195.820007324219,170,192.710006713867,2155200,188.753845214844
2025-04-10,188.550003051758,190.190002441406,181.369995117188,186.830001831055,1061200,182.994537353516
2025-04-11,185.440002441406,190.679992675781,184.059997558594,189.779998779297,701000,185.883972167969
2025-04-14,194.619995117188,195.119995117188,190.940002441406,192.100006103516,820200,188.156341552734
2025-04-15,191.580001831055,194.080001831055,190.990005493164,192.309997558594,579400,188.362030029297
2025-04-16,190.690002441406,192.990005493164,186.509994506836,188.960006713867,749100,185.080810546875
2025-04-17,191.860000610352,191.919998168945,188.429992675781,190.610000610352,804200,186.696929931641
2025-04-21,187.119995117188,188.639999389648,183.75,186.830001831055,627700,182.994537353516
2025-04-22,190,192.259994506836,188.770004272461,191.410003662109,747400,187.480514526367
2025-04-23,196.449996948242,200,192.899993896484,193.830001831055,817500,189.850830078125
2025-04-24,195.059997558594,199.449996948242,193.75,199.110000610352,686600,195.022430419922
2025-04-25,199.080001831055,199.360000610352,196.830001831055,198.960006713867,561200,194.875534057617
2025-04-28,199.289993286133,201.630004882812,198.059997558594,200.630004882812,837300,196.51123046875
2025-04-29,201.139999389648,204.820007324219,200.080001831055,204.100006103516,1249900,199.90998840332
2025-04-30,185.979995727539,191.460006713867,178.740005493164,186.869995117188,2913400,183.033721923828
2025-05-01,185.899993896484,189.5,183.639999389648,186.779998779297,1019600,182.945571899414
2025-05-02,189.669998168945,193.440002441406,188.610000610352,191.779998779297,826600,187.842895507812
2025-05-05,189.759994506836,190.990005493164,188.300003051758,190.149993896484,875500,186.246368408203
2025-05-06,188.110000610352,189.529998779297,185.690002441406,187.139999389648,759800,183.298156738281
2025-05-07,187,188.800003051758,184.470001220703,188.259994506836,928400,184.395172119141
2025-05-08,190,192.779998779297,189.699996948242,190.410003662109,978000,186.501052856445
2025-05-09,191.389999389648,194.580001831055,189.580001831055,191.429992675781,544600,187.500091552734
2025-05-12,201.559997558594,202.839996337891,196.550003051758,197.979995727539,791600,193.915649414062
2025-05-13,199,201.520004272461,198.559997558594,200.440002441406,815000,196.325149536133
2025-05-14,199.639999389648,201.419998168945,199.240005493164,200.580001831055,634400,196.462265014648
2025-05-15,199.720001220703,202.630004882812,199.720001220703,201.919998168945,745300,197.77473449707
2025-05-16,202.720001220703,205.360000610352,201.460006713867,205.279998779297,697100,201.06575012207
2025-05-19,202.190002441406,205.520004272461,202.190002441406,204.899993896484,524700,200.693588256836
2025-05-20,203.660003662109,204.940002441406,203.009994506836,203.759994506836,714000,199.57698059082
2025-05-21,202.089996337891,204.740005493164,200.25,200.740005493164,720600,196.618988037109
2025-05-22,199.850006103516,202.820007324219,199.490005493164,201.580001831055,730400,197.44172668457
2025-05-23,197.550003051758,201.990005493164,197.550003051758,200.589996337891,535900,196.472045898438
2025-05-27,204,205.509994506836,201.649993896484,205.509994506836,730800,201.291046142578
2025-05-28,205.380004882812,205.380004882812,201.710006713867,201.929992675781,780200,197.784545898438
2025-05-29,203.580001831055,203.699996948242,200.850006103516,202.839996337891,586400,198.675857543945
2025-05-30,201.580001831055,203.199996948242,198.190002441406,202.970001220703,2404200,198.80322265625
2025-06-02,202.559997558594,202.970001220703,199.259994506836,202.949996948242,663100,198.783599853516
2025-06-03,201.990005493164,205.240005493164,201.759994506836,204.5,779600,200.301788330078
2025-06-04,205.940002441406,206.589996337891,204.410003662109,204.949996948242,465700,200.742553710938
2025-06-05,205.220001220703,207.380004882812,204.399993896484,205.479995727539,634300,201.261642456055
2025-06-06,206.720001220703,207.850006103516,205.610000610352,207.449996948242,750700,203.191223144531
2025-06-09,208.419998168945,209.259994506836,207.070007324219,208.289993286133,1183700,204.013961791992
2025-06-10,208.520004272461,210.199996948242,208.199996948242,210.119995117188,683500,205.806411743164
2025-06-11,210.550003051758,211.559997558594,208.889999389648,209.130004882812,926900,204.83674621582
2025-06-12,208.399993896484,209.630004882812,207.649993896484,208.389999389648,693300,204.111923217773
2025-06-13,205.369995117188,206.179992675781,200.889999389648,201.320007324219,838400,197.187088012695
2025-06-16,202.220001220703,204.309997558594,201,203.919998168945,849600,200.630599975586
2025-06-17,201.789993286133,202.699996948242,197.460006713867,197.779998779297,935200,194.589645385742
2025-06-18,198.639999389648,200.419998168945,197.360000610352,198.300003051758,795700,195.101257324219
2025-06-20,198.399993896484,200.759994506836,198.309997558594,200.009994506836,2155400,196.783676147461
2025-06-23,198.960006713867,201.919998168945,198.050003051758,201.740005493164,871300,198.485778808594
2025-06-24,204.240005493164,205.820007324219,202.710006713867,205.080001831055,919100,201.771896362305
2025-06-25,206.25,206.25,202.669998168945,203.539993286133,650300,200.256729125977
2025-06-26,203.550003051758,206.059997558594,203.050003051758,205.149993896484,781700,201.840759277344
2025-06-27,205,209.470001220703,204.440002441406,208.360000610352,1109900,204.998977661133
2025-06-30,207.369995117188,209.279998779297,206.300003051758,208.720001220703,1212400,205.353179931641
2025-07-01,207.240005493164,213.479995727539,206.029998779297,211.130004882812,1047900,207.724304199219
2025-07-02,210.550003051758,213.470001220703,209.460006713867,213.389999389648,676800,209.947830200195
2025-07-03,214.169998168945,216.369995117188,214.039993286133,214.770004272461,496800,211.305603027344
2025-07-07,215.009994506836,216.889999389648,213.610000610352,214.429992675781,917400,210.971054077148
2025-07-08,214.419998168945,215.770004272461,212.910003662109,213.410003662109,798900,209.967514038086
2025-07-09,214.699996948242,217.639999389648,213.949996948242,217.110000610352,1063700,213.607849121094
2025-07-10,216.850006103516,220.139999389648,216.490005493164,217.800003051758,768300,214.286712646484
2025-07-11,216.190002441406,216.979995727539,214.080001831055,215.919998168945,652100,212.437026977539
2025-07-14,216.089996337891,217.410003662109,215.160003662109,217.410003662109,540200,213.90299987793
2025-07-15,217.960006713867,217.960006713867,215.699996948242,216.139999389648,513400,212.653472900391
2025-07-16,216.949996948242,220.919998168945,214.910003662109,220.800003051758,829100,217.238327026367
2025-07-17,220.419998168945,225.619995117188,220.289993286133,225.399993896484,874600,221.764099121094
2025-07-18,226.139999389648,228.410003662109,225.119995117188,227.889999389648,807700,224.213958740234
2025-07-21,227.679992675781,228.860000610352,226.149993896484,226.149993896484,770900,222.501998901367
2025-07-22,226.369995117188,227.899993896484,225.419998168945,227.710006713867,591200,224.036865234375
2025-07-23,229,232.110000610352,228.889999389648,232,555600,228.257659912109
2025-07-24,231.860000610352,232.360000610352,230.25,231.710006713867,591300,227.97233581543
2025-07-25,234.199996948242,235.910003662109,232.309997558594,235.630004882812,596700,231.829116821289
2025-07-28,236.830001831055,237.639999389648,234.740005493164,236.360000610352,742200,232.547332763672
2025-07-29,237.220001220703,239.470001220703,236.080001831055,239.300003051758,1134200,235.439895629883
2025-07-30,240.479995727539,242.470001220703,219.910003662109,221.490005493164,2778400,217.917175292969
2025-07-31,219.449996948242,222.309997558594,217.570007324219,218.759994506836,1274700,215.231216430664
2025-08-01,217.380004882812,218.860000610352,214.440002441406,218.729995727539,1324500,215.201705932617
2025-08-04,220.130004882812,225.720001220703,219.339996337891,225.529998779297,725300,221.892013549805
2025-08-05,226.729995727539,228.550003051758,224.960006713867,228.25,876900,224.568130493164
2025-08-06,229.610000610352,231.649993896484,227.639999389648,230.080001831055,847600,226.368621826172
2025-08-07,233.279998779297,234.160003662109,226.039993286133,228.960006713867,849800,225.266693115234
2025-08-08,231.25,234.130004882812,230.179992675781,232.380004882812,631000,228.63151550293
2025-08-11,232.419998168945,233.179992675781,228.289993286133,228.990005493164,765900,225.296203613281
2025-08-12,229.880004882812,233.139999389648,228.679992675781,232.949996948242,587200,229.192321777344
2025-08-13,234,236.740005493164,233.199996948242,236.580001831055,768100,232.763763427734
2025-08-14,235.550003051758,237.039993286133,234.570007324219,235.059997558594,671100,231.268295288086
2025-08-15,235.929992675781,235.929992675781,232.039993286133,232.339996337891,633800,228.592147827148
2025-08-18,232.300003051758,232.669998168945,231.160003662109,232.600006103516,465700,228.84797668457
2025-08-19,231.970001220703,234.580001831055,231.309997558594,233.449996948242,864200,229.684265136719
2025-08-20,232.720001220703,233.929992675781,229.289993286133,230.149993896484,608000,226.437484741211
2025-08-21,228.770004272461,230.270004272461,226.929992675781,229.589996337891,576000,225.886520385742
2025-08-22,231.259994506836,236.550003051758,229.830001831055,235.919998168945,498800,232.11442565918
2025-08-25,236.029998779297,236.029998779297,232.619995117188,232.720001220703,532500,228.966049194336
2025-08-26,232.710006713867,233.309997558594,231.479995727539,232.600006103516,1224500,228.84797668457
2025-08-27,231.490005493164,235.899993896484,231.490005493164,235.529998779297,602500,231.730697631836
2025-08-28,236.429992675781,241.800003051758,235.820007324219,241.050003051758,1653100,237.161666870117
2025-08-29,241.070007324219,243,240.490005493164,241.820007324219,1246400,237.919250488281
2025-09-02,237.699996948242,239.660003662109,231.740005493164,234.289993286133,1259200,230.510696411133
2025-09-03,234.240005493164,238.089996337891,233.419998168945,236.910003662109,907200,233.088470458984
2025-09-04,238.190002441406,240.970001220703,236.529998779297,237.660003662109,965600,233.826370239258
2025-09-05,238.479995727539,239.910003662109,235.710006713867,237.389999389648,871900,233.560699462891
2025-09-08,237.710006713867,240.509994506836,236.470001220703,239.509994506836,919400,235.646499633789
2025-09-09,239.009994506836,239.009994506836,237.330001831055,238.5,547500,234.652801513672
2025-09-10,238.330001831055,239,235.320007324219,235.960006713867,853000,232.153778076172
2025-09-11,237.410003662109,241.839996337891,237.270004272461,241.179992675781,728800,237.289566040039
2025-09-12,239.130004882812,240.580001831055,237.710006713867,238.080001831055,528600,235.116943359375
2025-09-15,238.809997558594,239.75,235.440002441406,235.830001831055,696400,232.894958496094
2025-09-16,234.839996337891,237.199996948242,233.779998779297,236.669998168945,797200,233.724502563477
2025-09-17,238,238.330001831055,233.020004272461,234.179992675781,622700,231.265487670898
2025-09-18,235.740005493164,238.309997558594,234,237.25,921000,234.297286987305
2025-09-19,238.279998779297,238.529998779297,234.759994506836,235.119995117188,2865600,232.193801879883
2025-09-22,234.679992675781,236.759994506836,233.759994506836,236.380004882812,869400,233.438125610352
2025-09-23,236.050003051758,239.330001831055,235.289993286133,237.389999389648,587300,234.435531616211
2025-09-24,237.229995727539,238.119995117188,235.460006713867,236.440002441406,569100,233.497375488281
2025-09-25,236,237.289993286133,235,236.699996948242,536000,233.754119873047
2025-09-26,238,240.770004272461,237.559997558594,240.479995727539,469000,237.487075805664
2025-09-29,242.479995727539,245.649993896484,241.75,245.529998779297,759200,242.474243164062
2025-09-30,244.910003662109,246.649993896484,243.25,246.220001220703,752800,243.155654907227
2025-10-01,247.649993896484,255.619995117188,246.509994506836,255.179992675781,1456100,252.004119873047
2025-10-02,254.089996337891,258.420013427734,254.089996337891,257.739990234375,825700,254.532257080078
2025-10-03,257.739990234375,258.510009765625,256.149993896484,257.059997558594,617600,253.860717773438
2025-10-06,257.119995117188,259.839996337891,256.130004882812,257.640014648438,694900,254.433532714844
2025-10-07,257.730010986328,259.869995117188,254.5,256.320007324219,569100,253.129943847656
2025-10-08,256.299987792969,260.579986572266,255.559997558594,259.769989013672,580700,256.536987304688
2025-10-09,261.399993896484,261.690002441406,255.630004882812,256.5,556500,253.307708740234
2025-10-10,258.049987792969,258.049987792969,248.029998779297,248.029998779297,828900,244.943115234375
2025-10-13,250.800003051758,252.050003051758,249.100006103516,251.339996337891,505500,248.2119140625
2025-10-14,248.449996948242,252.509994506836,247.5,249.330001831055,672700,246.226928710938
2025-10-15,250.649993896484,253.919998168945,248.539993286133,249.429992675781,551800,246.32568359375
2025-10-16,250.380004882812,251.050003051758,246.029998779297,246.740005493164,454900,243.669189453125
2025-10-17,246.490005493164,249.869995117188,244.970001220703,248.990005493164,610600,245.891189575195
2025-10-20,250.009994506836,252.130004882812,249.130004882812,249.130004882812,439900,246.029434204102
2025-10-21,249.25,252.089996337891,248.539993286133,251.339996337891,465100,248.2119140625
2025-10-22,251.639999389648,253.580001831055,247.419998168945,247.550003051758,779500,244.469100952148
2025-10-23,248.929992675781,251.419998168945,248.889999389648,250.169998168945,480200,247.05647277832
2025-10-24,252.970001220703,252.970001220703,249.940002441406,250.449996948242,559000,247.332992553711
2025-10-27,252.369995117188,253.940002441406,251.410003662109,251.419998168945,603600,248.290939331055
2025-10-28,250.009994506836,250.619995117188,244.889999389648,248.089996337891,1123900,245.002365112305
2025-10-29,220.669998168945,227.289993286133,213.360000610352,219.610000610352,2976100,216.876831054688
2025-10-30,219.160003662109,224.970001220703,214.910003662109,214.970001220703,1401200,212.294570922852
2025-10-31,214.899993896484,216.059997558594,212.369995117188,213.940002441406,1268600,211.277389526367
2025-11-03,213.559997558594,213.559997558594,209.619995117188,210.539993286133,1056000,207.919692993164
2025-11-04,208.970001220703,209.080001831055,203.630004882812,205.449996948242,1541200,202.89306640625
2025-11-05,203.639999389648,205.490005493164,200.639999389648,205.479995727539,1366700,202.922668457031
2025-11-06,205.190002441406,206.449996948242,201.929992675781,203.979995727539,894600,201.441345214844
2025-11-07,203.75,203.75,198.199996948242,201.160003662109,1138500,198.656433105469
2025-11-10,202.289993286133,204.25,201.259994506836,202.729995727539,903400,200.206893920898
2025-11-11,203.089996337891,203.539993286133,198.460006713867,199.660003662109,822400,197.175109863281
2025-11-12,200.279998779297,202.360000610352,198.240005493164,198.610000610352,1228400,196.13818359375
2025-11-13,199.449996948242,199.949996948242,194.720001220703,195.059997558594,1139700,192.632354736328
2025-11-14,194.100006103516,195.990005493164,192.600006103516,194.130004882812,1575900,191.713943481445
2025-11-17,193,193.789993286133,188.839996337891,189.800003051758,1305900,187.437835693359
2025-11-18,189.419998168945,191.479995727539,187.529998779297,189.850006103516,1149300,187.487213134766
2025-11-19,189.5,190.949996948242,188.490005493164,189.619995117188,804900,187.260070800781
2025-11-20,193.119995117188,194.270004272461,186.669998168945,187.100006103516,833600,184.771423339844
2025-11-21,188.619995117188,193.229995727539,187.509994506836,192.229995727539,1517200,189.83757019043
2025-11-24,192.710006713867,193.699996948242,191.429992675781,192.399993896484,2234400,190.005462646484
2025-11-25,193.460006713867,194.5,191.440002441406,192.929992675781,971300,190.528869628906
2025-11-26,192.839996337891,195.25,192.600006103516,194.789993286133,818400,192.365737915039
2025-11-28,194.759994506836,196.130004882812,194.080001831055,195.320007324219,393400,192.889129638672
2025-12-01,193.919998168945,198.429992675781,193.270004272461,196.880004882812,1077200,194.429718017578
2025-12-02,197.470001220703,198.5,196.139999389648,197.179992675781,1229000,194.725967407227
2025-12-03,200.759994506836,201.190002441406,198.300003051758,199.460006713867,954200,196.977615356445
2025-12-04,199.970001220703,205.470001220703,199,202.089996337891,1392300,199.57487487793
2025-12-05,202,204.479995727539,201.059997558594,203.589996337891,999800,201.056198120117
2025-12-08,203,203.279998779297,200.899993896484,201.270004272461,720900,198.765075683594
2025-12-09,201.270004272461,203.979995727539,201.110000610352,202.240005493164,462500,199.723007202148
2025-12-10,202.089996337891,211.429992675781,202.089996337891,210.279998779297,1102700,207.662933349609
2025-12-11,211.210006713867,211.740005493164,208.75,210.789993286133,913400,208.166595458984
2025-12-12,210.690002441406,211,207.259994506836,208.360000610352,995300,206.649154663086
2025-12-15,208.389999389648,209.619995117188,206.679992675781,207.229995727539,1480700,205.528442382812
2025-12-16,206.710006713867,207.699996948242,205.009994506836,207.039993286133,1474200,205.339981079102
2025-12-17,205.570007324219,209.5,201.259994506836,201.470001220703,1125400,199.815734863281
2025-12-18,202.350006103516,204.710006713867,201.360000610352,202.199996948242,1247800,200.539733886719
2025-12-19,202.270004272461,203.25,200.529998779297,201.619995117188,3346900,199.964492797852
2025-12-22,203.559997558594,205.820007324219,202.779998779297,205.800003051758,861800,204.11018371582
2025-12-23,204.770004272461,206.240005493164,203.149993896484,203.220001220703,619400,201.551361083984
2025-12-24,203.020004272461,205.770004272461,202.600006103516,205,288500,203.316757202148
2025-12-26,204.899993896484,205.770004272461,203.990005493164,205.509994506836,415400,203.822555541992
2025-12-29,205,206.410003662109,205,205.600006103516,498700,203.911834716797
2025-12-30,205.410003662109,205.710006713867,204.550003051758,205.089996337891,464900,203.406005859375
2025-12-31,204.899993896484,204.899993896484,202.5,202.850006103516,675500,201.184417724609
2026-01-02,203.669998168945,204.550003051758,199.199996948242,202.440002441406,915300,200.777770996094
2026-01-05,201.470001220703,206.070007324219,201.470001220703,203.759994506836,946200,202.086929321289
2026-01-06,205.570007324219,209.910003662109,204.570007324219,209.350006103516,807700,207.63102722168
2026-01-07,210,211.270004272461,208.089996337891,210.679992675781,992100,208.950103759766
2026-01-08,209,214.229995727539,208.619995117188,213.460006713867,1068200,211.707290649414
2026-01-09,214.190002441406,214.320007324219,210.880004882812,212.25,626100,210.507217407227
2026-01-12,211.240005493164,212.330001831055,208.979995727539,211.490005493164,770300,209.753463745117
2026-01-13,211.970001220703,214.330001831055,211.190002441406,213.910003662109,591500,212.153579711914
2026-01-14,213.570007324219,213.570007324219,209.589996337891,211.520004272461,954100,209.783203125
2026-01-15,211.820007324219,213.289993286133,210.240005493164,212.600006103516,794900,210.854354858398
2026-01-16,213.740005493164,214.460006713867,211.429992675781,211.800003051758,792900,210.060913085938
2026-01-20,205.070007324219,206.619995117188,200.399993896484,200.729995727539,1335900,199.081802368164
2026-01-21,202.100006103516,206.300003051758,201.179992675781,204.570007324219,1288100,202.890274047852
2026-01-22,206,207.759994506836,204.479995727539,206.119995117188,1098600,204.427551269531
2026-01-23,205.199996948242,208.649993896484,205.080001831055,206.169998168945,863800,204.477142333984
2026-01-26,206.699996948242,208.490005493164,205.600006103516,206.919998168945,1093800,205.220977783203
2026-01-27,206.809997558594,208.679992675781,200.580001831055,204.800003051758,857300,203.118392944336
2026-01-28,204.929992675781,206.729995727539,203.889999389648,204.479995727539,495500,202.801010131836
2026-01-29,204.779998779297,205.199996948242,200.5,204.649993896484,990400,202.969604492188
2026-01-30,202.410003662109,203.369995117188,201.139999389648,201.639999389648,866100,199.984329223633
2026-02-02,201.5,207.429992675781,201.5,206.919998168945,786100,205.220977783203
2026-02-03,204.899993896484,206.25,198.270004272461,201.220001220703,1460600,199.567794799805
2026-02-04,198.839996337891,206.740005493164,198.339996337891,205.259994506836,1309100,203.574615478516
2026-02-05,205.240005493164,205.429992675781,197.610000610352,198.690002441406,1249800,197.058563232422
2026-02-06,200.539993286133,202.520004272461,198.740005493164,202.330001831055,718900,200.668670654297
2026-02-09,201.740005493164,206.139999389648,201.740005493164,206.029998779297,634200,204.338287353516
2026-02-10,206.479995727539,210.380004882812,206.479995727539,208.410003662109,756800,206.698760986328
2026-02-11,208.410003662109,209.020004272461,204.339996337891,206.580001831055,680300,204.883773803711
2026-02-12,207.020004272461,208.020004272461,201.190002441406,203.220001220703,1110200,201.551361083984
2026-02-13,205.020004272461,216.339996337891,204.429992675781,214.740005493164,1556700,212.976776123047
2026-02-17,216.720001220703,220.949996948242,212.610000610352,216.979995727539,1849500,215.198379516602
2026-02-18,251.190002441406,256.799987792969,236.190002441406,237.460006713867,3050200,235.510223388672
2026-02-19,242.449996948242,249.899993896484,235.970001220703,239.800003051758,1887600,237.831008911133
2026-02-20,240.899993896484,248.949996948242,239.220001220703,248.899993896484,1515200,246.85627746582
2026-02-23,247,250.190002441406,245.789993286133,247.100006103516,901700,245.071075439453
2026-02-24,247.169998168945,253.429992675781,245.839996337891,251.490005493164,848000,249.425018310547
2026-02-25,251.830001831055,252.330001831055,246.309997558594,251.990005493164,869100,249.920913696289
2026-02-26,250.639999389648,254.270004272461,245.880004882812,254.160003662109,929100,252.073089599609
2026-02-27,251.279998779297,255,250.529998779297,252.830001831055,1704900,250.754013061523
2026-03-02,248.759994506836,255.899993896484,246.259994506836,255.160003662109,741300,253.064880371094
2026-03-03,248.509994506836,252.320007324219,243.460006713867,250.690002441406,1523000,248.631591796875
2026-03-04,252.020004272461,253.110000610352,248.210006713867,251.179992675781,1051500,249.117553710938
2026-03-05,248.889999389648,250.199996948242,237.990005493164,240.169998168945,866500,238.197967529297
2026-03-06,236.699996948242,243.960006713867,233.639999389648,243.479995727539,1012500,241.48078918457
2026-03-09,240.139999389648,244.190002441406,236.449996948242,242.630004882812,881000,240.637771606445
2026-03-10,241.809997558594,245,238.089996337891,241.339996337891,703900,239.358352661133
2026-03-11,241.410003662109,241.410003662109,233.910003662109,236.089996337891,857900,234.151473999023
2026-03-12,232.479995727539,239.240005493164,230.830001831055,235.729995727539,8e+05,233.794418334961
2026-03-13,236.889999389648,238.919998168945,232.630004882812,233.520004272461,424100,232.490203857422
2026-03-16,234,238.110000610352,233.580001831055,234.830001831055,684300,233.794418334961
2026-03-17,237.229995727539,238.470001220703,234.339996337891,235.100006103516,528500,234.063232421875
2026-03-18,232.740005493164,233.889999389648,231.199996948242,231.600006103516,501600,230.578674316406
2026-03-19,229.899993896484,236.729995727539,229.100006103516,235.110000610352,1052700,234.073181152344
2026-03-20,234.880004882812,234.880004882812,230.679992675781,232.360000610352,1376400,231.335311889648
2026-03-23,237.360000610352,240.380004882812,235.490005493164,238.710006713867,810300,237.657318115234
2026-03-24,235.350006103516,241.389999389648,234.070007324219,241.110000610352,608400,240.046722412109
2026-03-25,244.970001220703,245.830001831055,242.360000610352,244.779998779297,536600,243.700546264648
2026-03-26,243,245.009994506836,236.029998779297,236.070007324219,755700,235.028961181641
2026-03-27,233.550003051758,234.199996948242,229.169998168945,230.160003662109,690200,229.14501953125
2026-03-30,233.190002441406,233.330001831055,225.369995117188,226,807900,225.003356933594
2026-03-31,230,234.139999389648,225.539993286133,232.009994506836,789100,230.986846923828
2026-04-01,232.320007324219,237.919998168945,231.770004272461,237.570007324219,737900,236.522338867188
2026-04-02,233.710006713867,241.970001220703,232.839996337891,237.649993896484,410400,236.601974487305
2026-04-06,238.300003051758,243.529998779297,237.899993896484,242.789993286133,408100,241.719314575195
2026-04-07,241.139999389648,241.860000610352,236.210006713867,241.270004272461,1026500,240.206024169922
2026-04-08,250.220001220703,253.399993896484,248.899993896484,252.789993286133,973200,251.675216674805
2026-04-09,251.759994506836,259.070007324219,251.539993286133,256.529998779297,783800,255.398727416992
2026-04-10,257.399993896484,257.739990234375,254.979995727539,256.890014648438,711400,255.75715637207
2026-04-13,255.710006713867,262.589996337891,255.139999389648,261.570007324219,629300,260.41650390625
2026-04-14,262,265.209991455078,261.519989013672,264.480010986328,792100,263.313690185547
2026-04-15,264.420013427734,266.470001220703,263.730010986328,265.839996337891,830200,264.667663574219
2026-04-16,265.529998779297,267.25,263.519989013672,264.359985351562,823700,263.194183349609
2026-04-17,267.369995117188,273.320007324219,266.489990234375,267.420013427734,956500,266.24072265625
2026-04-20,266.070007324219,268.109985351562,266.070007324219,267.519989013672,519300,266.340240478516
2026-04-21,267.5,269.760009765625,265.369995117188,265.489990234375,578700,264.319213867188
2026-04-22,267.920013427734,268.630004882812,264.480010986328,266.589996337891,567000,265.414367675781
2026-04-23,267,269.160003662109,259.739990234375,260.799987792969,714100,259.649871826172
2026-04-24,260.989990234375,261.140014648438,256.859985351562,259.390014648438,761100,258.246124267578
2026-04-27,259.029998779297,259.619995117188,255.639999389648,257.329986572266,832400,256.195190429688
2026-04-28,257.450012207031,258.980010986328,247.240005493164,247.809997558594,1095900,246.717178344727
2026-04-29,241.899993896484,254.970001220703,240.889999389648,253.080001831055,1389700,251.963943481445
2026-04-30,249.279998779297,252.279998779297,246.490005493164,251.139999389648,760700,250.032501220703
2026-05-01,252.639999389648,252.639999389648,241.110000610352,242.419998168945,716600,241.350952148438
2026-05-04,242.830001831055,245.130004882812,236.740005493164,238.600006103516,624900,237.547805786133
2026-05-05,239.630004882812,239.630004882812,234.610000610352,234.639999389648,940800,233.605255126953
2026-05-06,237.990005493164,243.649993896484,237.929992675781,242.820007324219,829300,241.74919128418
2026-05-07,242.979995727539,247.080001831055,239.669998168945,241.899993896484,988100,240.833236694336
2026-05-08,243.059997558594,244,239.970001220703,240.089996337891,483000,239.031219482422
2026-05-11,240.860000610352,244.369995117188,240.860000610352,242.380004882812,1105300,241.311126708984
2026-05-12,244.529998779297,245.490005493164,235.080001831055,236.970001220703,490400,235.924987792969
2026-05-13,236.470001220703,238,231.589996337891,232.020004272461,914500,230.996810913086
2026-05-14,233.399993896484,235.009994506836,230.289993286133,234.429992675781,614900,233.396179199219
2026-05-15,229.820007324219,231.880004882812,225.679992675781,225.75,791700,224.754455566406
2026-05-18,225.869995117188,228.330001831055,225,226.889999389648,729000,225.889434814453
2026-05-19,224.960006713867,230.440002441406,224.539993286133,228.690002441406,774700,227.681503295898
2026-05-20,228.570007324219,237.479995727539,226.960006713867,237.470001220703,948500,236.422775268555
2026-05-21,235.729995727539,240.880004882812,235,239.779998779297,770800,238.722595214844
2026-05-22,240.889999389648,242.779998779297,239.470001220703,240.710006713867,494600,239.648498535156
2026-05-26,242.080001831055,242.100006103516,237.669998168945,238.529998779297,636400,237.478103637695
2026-05-27,238.889999389648,241.860000610352,237.619995117188,237.970001220703,964700,236.92057800293
2026-05-28,235.169998168945,237.360000610352,232.229995727539,236.350006103516,764200,235.307723999023
2026-05-29,235.929992675781,240.389999389648,233.570007324219,233.919998168945,1874200,232.888427734375
2026-06-01,232.970001220703,238.190002441406,229.880004882812,236.800003051758,771900,235.755737304688
2026-06-02,236.279998779297,241.119995117188,235.949996948242,241.029998779297,663200,239.967071533203
2026-06-03,240.470001220703,242.190002441406,236.369995117188,237.940002441406,551300,236.890701293945
2026-06-04,239.580001831055,242.919998168945,237.729995727539,241.960006713867,554800,240.892990112305
2026-06-05,239.460006713867,241.100006103516,235.449996948242,236.570007324219,581400,235.526748657227
2026-06-08,236.690002441406,238.759994506836,235.110000610352,235.229995727539,428400,234.192657470703
2026-06-09,236.089996337891,241.429992675781,233.800003051758,237.850006103516,456700,236.80110168457
2026-06-10,237.360000610352,237.970001220703,231.570007324219,231.720001220703,648100,230.698135375977
2026-06-11,232.559997558594,238.800003051758,231.619995117188,238.580001831055,547600,237.527893066406
2026-06-12,240,240.449996948242,236.5,238.100006103516,466500,237.050003051758
2026-06-15,239.449996948242,242.360000610352,238.089996337891,238.169998168945,877500,238.169998168945
2026-06-16,239.460006713867,240.699996948242,234.350006103516,234.960006713867,790400,234.960006713867
2026-06-17,233.399993896484,239.119995117188,230.860000610352,231.889999389648,1000200,231.889999389648
2026-06-18,233.690002441406,236.710006713867,232.210006713867,234.199996948242,2310700,234.199996948242
2026-06-22,233.399993896484,237.350006103516,232.110000610352,236.339996337891,1073300,236.339996337891
2026-06-23,235.979995727539,237.940002441406,232.470001220703,236.410003662109,1322400,236.410003662109
2026-06-24,238.490005493164,250.339996337891,237,240.020004272461,1149500,240.020004272461
2026-06-25,241.910003662109,245.440002441406,233.860000610352,235.410003662109,987200,235.410003662109
2026-06-26,233.830001831055,235,228.509994506836,232.509994506836,1630800,232.509994506836
2026-06-29,234.660003662109,236.940002441406,232.600006103516,233.759994506836,1008800,233.759994506836
2026-06-30,232.979995727539,238.479995727539,231.369995117188,237.539993286133,954000,237.539993286133
